,date,rating,review_text,is_elite,useful_count,funny_count,cool_count,user_name,language
1017,2013-05-08 18:55:44+00:00,4,"I'm a huge fan of ABC Kitchen, so I couldn't wait to try Jean Georges's new place. The atmosphere is awesome. It's like the dark, super sexy version of ABC Kitchen. Alright now let me break this down!

Drinks: Expensive, obviously. Comes with the territory. I tried the banana rhubarb daquiri (when in Rome, right?). Wouldn't recommend it. The banana gave a weird grainy texture that wasn't appealing. Grapefruit margarita was eh. 

So here are the dishes we ordered...

1) Snap pea guacamole-Freaking awesome! Can't go wrong. 
2) Fluke-Probably my favorite thing I tried. The puffed rice was a great contrast to the fish. Get it!
3) Jamon Iberico-Ok, if you like prosciutto, this is like the best prosciutto you've ever tasted times 100. Salty deliciousness. 
4) Ancho chile paste atop fried calamari- Wasn't a fan of this at all. The chili paste overpowered the calamari and had this thick consistency. I felt like I was eating Marmite. We sent it back. 
5) Fish tacos-A fish taco is a fish taco is a fish taco, ya know? But this one is reeeeally delicious. 
6) Ribs in Chimichurri sauce- Meat cooked to perfection, so yummy. 
7) Arroz con pollo- I'm just not a heavy creamy sauce kind of person, so this didn't appeal to me. But if you're into that, it's probably worth a try. 

For dessert we ordered the passion fruit sundae and flan. O-M-G. Ok, I have a major sweet tooth anyway, but loooooved these. 

To top it off, the service was impeccable. The waiters were so friendly and very attentive. Even though we sent back the calamari, without asking our waiter returned with a shrimp dish he thought we'd like. Oh, and we met Jean Georges! It was a great night and I would definitely return. Check it out :)",False,8,3,4,Gabrielle B.,en
1016,2013-05-23 19:12:31+00:00,3,"We were sad to see Pipa go but up for trying its replacement! 

Wednesday night after work and the restaurant was packed. We got the last two spots at the communal table at the bar. There was some confusion at the host table and then with what waiter was helping us as about five different ones stopped by, but I'll give them the benefit of the doubt that they'll clean up their act after a few weeks on the job.

Sitting down, you start to get the feeling that a bridal shower threw up in there. Pink doily table mats, cute pink bread dishes from Grandma's china cabinet, flowers & pastel colors on the menus. Perfect bridal shower set-up. Weird for regular dinner/drinks.

I do like, however, how they opened up the kitchen, compared to Pipa's wall that separated the cooks from the customers. 

Food was fantastic. Try:
- spring pea guac - Matt got it right on the money - this is a game-changer
- raw fluke - so light & delicate & delicious
- shrimp with banana - how creative?! Great pairing.

Service was just OK. One of our servers, Matty, was great and lovely to talk to, the other kept stealing my wines by the glass menu away from me. 

And I was pretty disappointed with the wine list. Although I did like that there are several wines 'on tap' - they were all pretty horrible. Flat...boring...table wines. And the two roses I tried off the list were both so super sweet and not fresh & refreshing as a rose should be. I turned both of those away and decided on what I thought would be an easy like - the albarino - but even that glass was just OK. Common Jean....

We'll be back because we're Pipa veterans and the local is great for after work drinks...but can we get rid of all the pink shit everywhere???",False,0,0,0,Megan T.,en
1015,2013-05-24 18:15:33+00:00,4,"Love, love, love this place!

The guacamole is first rate, arroz con pollo is the best I ever had!

Food is pretty close to perfect, restaurant is sexy as hell, staff incredibly sweet, and the music is fantastic!

Only slight negative, the tenderloin was a tad too salty!",False,0,0,0,J T.,en
1014,2013-06-01 04:21:38+00:00,5,"I did like ABC Kitchen, but don't quite get the hype about it. For the new ABC Cocina though, which is getting major hype as well, I totally get it. This was an amazing meal and every single thing I tasted was incredibly good.

Even though they're on OpenTable, it says they don't have any tables for the next 31 days, which seems wrong, but I was too lazy to call, and just figured I would chance it and show up early in hopes of getting a table. I got there at 6 PM, and they already had no tables other than the choice of two communal tables up front, or outside seating in the 90 degree heat. I happily accepted a seat at one of the communal tables to enjoy the cool, nice, dark atmosphere of the very hip-feeling restaurant.

After the waiter explained that we should get 2-3 dishes per person, I clearly figured we needed at least 7 things for the two of us since I always eat way more than most humans. He looked shocked and told us it was A LOT of food, but I just brushed him off since I knew better and so we commenced with the delicious feast:

- Spring Pea Guacamole ($11).
Amazing. Some of the best, most interesting guacamole I've ever had. I've never seen it riddled with so much stuff, and the copious amounts of peas were delicious and refreshing. Along with this, the warm, crispy chips also happened to be excellent. We happily accepted more chips when they offered, since there was a very generous portion of guac to eat it all with.

- Patatas Bravas ($8)
These are always great, but it was all about the sauce here - that rosemary aioli is amazing.

- Gooey Spicy Ham and Cheese Fritters ($10)
Five little balls of pure deliciousness. These were really great. I tasted mostly cheese and not much ham, but I still don't have any complaints since they were so good.

- Savory Glazed Short Rib Tacos ($14)
Best tacos in my life. Seriously, so good. These were piping hot, with a very thin and chewy tortilla and a generous amount of buttery soft short rib. I could have easily eaten 10 more of these.

- Chipotle Chicken Tacos ($12)
These were also amazing, and almost as good as the short ribs. This only makes me really itch to come back to try the several other tacos still remaining on the menu.

- Beef Tenderloin Burnt Ends ($18)
This was delicious, but maybe not quite as satisfying as the other dishes. This was on the higher end of prices, and it consisted of just six little cubes of beef. Those cubes happened to be extremely good, but after the variety of flavors going on in the other dishes, it just wasn't as interesting.

- Arroz Con Pollo ($19)
This was probably my favorite dish of the night and it was extremely satisfying as well. For this place, it was a very healthy portion of rice, along with a great deal of chicken. This one was well worth the price tag.

Anticipating the shock from the waiter and the shame of it all, I still asked for the dessert menu after we easily cleaned the plates for all seven of these dishes. Dessert is usually my favorite part of the meal, but although very good, the dessert here didn't blow me away like the rest of the food did. I still really did love the Warm Vanilla Fritters and the Soft and Crunchy Almond Cake ($8 each), but they just weren't on the same level as the amazing food that preceded them. That chocolate pudding with the fritters was exceptionally good.

I can't wait to come back to eat through the rest of the large, varied, and guaranteed to be delicious menu. I might even consider getting some vegetables, as our waiter suggested and we ignored this time. I also must try every single other taco on the menu. I'll be back soon and early before it gets way too tough to get a seat here.",True,16,9,12,Mike C.,en
1013,2013-06-02 03:00:43+00:00,5,"This place deserves five stars. Amazing food and service is exceptional. We had:

Spring Pea Guacamole - I wanted to submerge myself in a bathtub full of this and eat my way out. THAT GOOD. 

Pulled Pork Tacos --  Amazing. I had to pause and take a moment after each bite just to savor it. Waitress also said the short-rib tacos are exceptional, which I will try next time. 

Chicken empanadas - Also great. But we hadn't recovered from the other dishes to fully appreciate it. 

Spring Vegetable Salad - light, refreshing, tangy, perfect mix of vegetables and manchego. I loved it. 

Sauteed flowering greens -- like a kale salad. Wasn't that bad, but compared to everything else, the least spectacular. 

DO IT. MAKE IT HAPPEN. IT'S WORTH IT. WORD.",False,1,1,0,Laurie K.,en
1012,2013-06-03 03:58:28+00:00,4,"A unique find as we were on route to Rosa Mexicana. The place looked chic and appealing from a far so we ventured in. The ambiance was very nice and eclectic. The dim lights the white and grey shades with exposed finishes was a unique mix I had not experienced before. We arrived just around 7 and were greeted by three hostesses. Since we did not have reservations we sat at one of the communal tables.

Here were our selections from each area of the menu:

Table Snacks- Warm marinated olives, poblano and mint pesto 
I love olives so these hit the spot!

Masa and Tortilla- chipotle chicken tacos, grilled jalapeno salsa 
These very delectable. The chicken had a great deal of flavor and the tacos melted in our mouth. 

Golden & Crispy-peekytoe crab and corn fritters, with chipotle mayo 
These were good, but the chipotle mayo made it better. That sauce can make ANYTHING taste good I swear!

Rice- Arroz con pollo, crackling skin and lemon zest 
This thing was so large I knew we would not be able to finish it. I think this was my least favorite dish out of our selections.

Dessert-warm vanilla fritters Mexican chocolate

Cocktail of choice:passion fruit white sangria  Carafe style 44 was really yummy it reminded me of a Mimosa more than a Sangria, but satisfying nonetheless. Enough for us to get two rounds each so well worth it.

Plus we got complimentary bread which filled me up beyond belief,  but it was all delicious. I plan to go back quite often and try something new every time.",True,2,0,1,Sheri S.,en
1011,2013-06-06 01:18:58+00:00,4,fun dinner great food. ordere 6-7 small plates. saw patrick stewart eating dinner near us. crowded and fun atmosphere,False,0,0,0,angelo a.,en
1010,2013-06-06 19:44:49+00:00,4,"Definitely met my expectations - which were high. The food was great, very similar to ABC Kitchen. The only reason why it gets  4/5 is that the wait is actually pretty ridic. Great seeing JG in the flesh though! Here is the quick and dirty:

Ambiance - for those of you who have been to Pipa, this is EXTREMELY similar. The decor is a little different (no mirrors on the wall everywhere or chandaleirs hanging) but the set up is pretty much the same (high table near bar). I would say that ABC Cocina does look a little less crowded than Pipa and it wasn't as loud as Pipa is (I don't enjoy super loud places - so this was a HUGE plus for me).

Service- We had one server at the bar (not the bartender, but just a server dude) who was awesome. Then our regular server at the table was also great but nothing to write home about. He didn't explain dishes which is a ""minus"" in my eyes but he was friendly and the service overall was speedy without being pushy. At the moment, reservations are pretty hard to get since its new so my group of 4 decided to walk in. They told us 45 minutes, which we expected, and had a few drinks at the bar. The actual wait ended up being an hour and a half (!!). A friend of mine had a reservation the night before and still waited 30 minutes. HUGE MINUS. But what can you do? This is the hot spot right now. I'd imagine in a year or so it won't be as crazy?

It is pretty pricey (comparable to ABC Kitchen) - also to be expected. I hate to keep comparing it to Pipa but I personally think Pipa does a better job at tapas and prices were great (If you can't tell, I miss Pipa). ABC Cocina, however, is NOT Pipa and therefor do not expect traditional tapas. The menu is more similar to ABC Kitchen (in price and type)

Food - I would say 75% of the items we ordered (and we got a lot) are definitely memorable. The other 25% ehh. Some of the items we got that I would recommend:
Sweet Pea Guac (an obvious must), Fluke with green chili dressing (not so obvious, but is legit), chicken tacos, pork tacos, arroz con lobster (i have no idea if this was the actual name or not).

Things that I didn't think are anything special: Sea bass, Mushroom tacos, some item with jam on the top (this is the one thing I'd say DONT get).


Bottom line - go here, enjoy, then realize that ABC Kitchen is ACTUALLY where its at.",False,0,0,0,S G.,en
1009,2013-06-09 14:44:22+00:00,2,"I think the Webster dictionary definition for disappointment should be ABC Cocina.  Quite simply, the hype over this place is completely unmerited.  While it's a cool space, the food is solidly mediocre.  For example, the lauded spring pea guacamole was a generic guacamole with peas.  I was expecting some mind blowing experience because everyone spoke so highly about it and I was totally underwhelmed.  Perhaps, some of these people have never had guacamole before and their first time was quite memorable?  Guacamole aside, with each dish, hopefully ""it gets better.""  Alas, it never really did.  It takes a lot for me to turn down dessert and I had absolutely no desire to even glance at the dessert menu.  That alone should speak volumes about this restaurant.

On top of overly priced OK food, the service was painfully slow.  It took over 20 minutes to get our first round of (mediocre) drinks.  We had to request clean plates multiple times which was fairly frustrating.  

As a fan of ABC Kitchen, while I don't think it's the best restaurant in NYC,  I feel that it is much better than ABC Cocina.  I had high hopes for this place and they were totally quashed.  Perhaps it will get better at some point down the line but I will definitely not be rushing back on my own dime.",False,3,1,0,Julie M.,en
1008,2013-06-12 03:46:19+00:00,4,"This place would get 5 stars if the service was better. Overview: made to wait despite the open tables and many spots at the communal table.  I think the purpose was to get us to buy a drink first.  Ambience was good. Cool light fixtures, busy at 9:30pm on a Monday night. The food: excellent. Try the pea soup, the mushrooms, the asparagus, 
Skip the lobster rice dish. Too much rice, not enough lobster. And way too salty.  Skip the seabass-- the prune flavored sauce was overpowering.",False,0,0,0,Laura S.,en
1007,2013-06-13 01:35:50+00:00,4,"Came here for my friend's birthday dinner with really high expectations.  The ambiance and service delivered but the food (besides the popsicles) did not stack up to ABC kitchen.  The pea guac was promised to be a ""game-changer"" by a fellow yelper, but that was clearly an exaggeration.  It came with approx 8 chips (not nearly enough to eat the guac) and when we asked for more, we were charged for them on the bill!  The civiche and tacos were good but expensive for their size.  Highlight was definitely the seasonal popsicles and our awesome server.",False,0,0,0,Katie W.,en
1006,2013-06-13 14:16:55+00:00,1,"Very disappointed.  NYC is in desperate need of a decent Mex/Latin restaurant and this ain't it.  Dishes lacked focus, ie various assertive flavors were running amok and my taste-buds were overwhelmed by undisciplined over-salting.  Maybe it's a ploy to get us to drink up; but their cocktails were sugary and uninspired.  The wine list was less horrible and this one time i was there with my brother, he and I downed a bottle of 2008 domus aurea cabernet to wash down the terribly salty stuff.  and btw, i always order the jamon iberico when i see it on a menu but what we got tasted rancid!!  blech.  The scenery is easy on the eyes though... ;-)",False,1,0,0,Jay K.,en
1005,2013-06-14 22:15:31+00:00,5,"Immediately upon entering the expansive space, you can feel the out and out warmth. Perhaps it's the dark unadorned wood, the bustling semi-open kitchen replete with fresh seafood, or the sporadic perfectly placed minimalistic light installations. Or maybe, it can simply be chalked up to the convivial din of conversation, clinking glasses, and notes of sheer enjoyment emanating from the packed house. In essence, it's like meeting ABC Kitchen's flirty, sultry (and dimly lit) Latin sister.

You would have absolutely no idea that Pipa once held court here as numerous tables have been pulled out to give the room an almost transcendental airy feel; somehow, rustic intimacy is married with, well, space. (And lots of it.) Sascha and I were lucky enough to arrive just as several couples were leaving, and we were more than happy to sit at the communal tables bordering the bar--in fact, I think we would opt to sit there even if given the choice to sit elsewhere, as it provided a great vantage point on the entire space. (Plus it allowed us to look at--and lust over--every single dish that others were ordering).

Though slightly longer and with a robust set of margarita offerings, the cocktail list is very similar to ABC Kitchen's with bright, seasonally-charged drinks made for easy drinking. We, however looked no further than the red hibiscus sangria, which was absolutely outstanding--not too sweet, packed with hearty infused chunks of apples and oranges and was perfectly wine-forward without being the least bit cloying. We munched on fried chick peas and in-house-made focaccia while we attempted to rein in our desire to throw in the veritable menu towel and just ask for one of everything--yes, the menu, is that appealing.

Conceptually similar to ABC Kitchen's 'meant-to-be-shared' format, plates range from snacks to small/mid-sized plates to larger, more hearty dishes. All corners of earth, land and sea are more than covered with a number of lightly prepped vegetable and fish dishes, tacos, insane rice preparations, charcuterie and wood-burning grill-fired meat dishes. We began with their charcuterie board with house-cured cornichons and the fluke with green chili dressing and puffed rice. The fluke was out of this world and a definite must--the brightness of the fresh fish along with the slight back-of-the-tongue kick of the chili were a pleasure to eat, especially with the welcome inclusion of the rice's crunchy consistency--an added value to be sure.

We went for the shrimp with sizzling garlic and chili oil next and were equally as impressed--this dish is so often mediocre in Latin restaurants, but this one, served in a mini skillet, was spot on. The shrimp were plump and tender, and the garlic: potent--we happily dipped our remaining bread in the oil--and voila, instant garlic bread.
We then sampled the spring vegetable salad with manchego and herbs to get a little cheese and vegetable fix--this light dish was the perfect accompaniment to the moor-ish short rib tacos, served with frizzled onions and spicy chipotle. We struggled to decide between their multiple taco-takes (chicken, pulled pork...) but loved these little guys; again, Jean-Georges knows how to compose a rounded dish and the amalgam of tender meat with the slight doughiness of the shell and the crunch of the fried onion made for the perfect bite and awesome mouth-feel.

The grilled miatake mushrooms with goat cheese fresno pepper vinaigrette were roasted on the grill and paired excellently with the salmon, a dish that was as springtime fresh as you could hope for, with fragrant romesco, baby clams and a light, bright shaved fennel salad. Flavor profiles of both of these dishes were well-rounded and multi-faceted without being over-complicated, which we definitely appreciated.
Finally, though I'm embarrassed to admit it, I insisted that we try the cheeseburger, served with mole and crispy pickle chips--I am SO happy I did...It was unreal. 

Ingredient quality aside, I was extremely impressed with the smoky undertones of the meat along with how successful (and just plain delicious) the out-of-the-box mole and pickle duo was. While in my head I was already planning my return trip the moment I walked in, (future plans definitely include the roasted maine lobster rice and their take on mussels), I would come back for this burger alone. 

No meal, even those that leave you loosening your belt or looking for someone to roll you out the door, is complete without at least a bite of something sweet. The popsicles will definitely be a big hit in the summer months but we opted for the cocoa-dusted fritters. They were surprisingly light, chocolatey and just enough to give us that touch of welcome sweetness without throwing us (even further) over the edge.",False,0,0,0,Victoria G.,en
1004,2013-06-18 22:27:11+00:00,5,"This tapas type restaurant is a real treat.  We ordered several appetizers, not a large portion, but a tasting type treat!  We had a shrimp dish (don't remember the name) that was out of this world.  We had about 10 dishes (it ain't cheap),but it was a taster's delight.  We had a taco dish that was very memorable.  We also had a meatball dish that was very tasty  I will have to ask my wife about the other dishes and revise this review.  But if you are looking to have a full stuffed dinner, this is not for you.  This is for those who want to experience a treat with varied dishes that your palate will savor.  A night to remember!",False,0,0,0,Philip R.,en
1003,2013-06-29 21:22:43+00:00,4,"Loved this place!! Friendly staff, good service, lovely decor and delicious food with loads of flavor. 
Started with the jalapeño margarita (yum, especially the basil salt around the rim). Complimentary chickpeas are a tasty little snack to start. Raw shaved fluke was very good, fresh, light. Guacamole with peas was one of my favorite dishes of the night - SO good! love guacamole and am pretty picky but this might be one of the best I've ever had. Crab fritters were fine but nothing to write home about. Pulled pork tacos - delicious!! My other fav of the evening. So much flavor, melted in your mouth. A bit messy but that's part of the fun. Fish tacos were also good but I thought they had a bit too much of the spicy sauce - overwhelmed the other flavors. Lastly, I love salted caramel - it's one I my favorite things in this world. Therefore the salted caramel flan was a no brainer. Unfortunately I could have done without it. Very underwhelming. 

I will definitely be back to try other menu items that caught my eye (there were many!)....but the guac and pork tacos very well might be a constant on my list.",False,0,0,0,Reba M.,en
1002,2013-07-03 02:17:13+00:00,4,"Neighboring its sister restaurant ABC kitchen, this tapas-like latin inspired restaurant by jean george and co serves some good eats.  The decor is similar to that of ABC kitchen.  Dont be intimidated by open table when the next available reservation is 1 month away, We were able to snag a table for 2 as soon as they opened at 530pm on a weekday, I would say it does start to get crowded at around 630pm, so anytime before that you have a decent shot at getting a table without a significant wait time.  As for the drinks I ordered the basil jalapeno margarita, it was delicious, just wish it was bigger.  As for the food, we ordered the famed pea guacamole, as well as shrimp in chili oil, patatas, fish tacos, the beef tenderloin in chimchurri sauce, and finally for dessert we ordered the passion fruit sundae.  Everything was good, prices were reasonable, but still on the higher end for tapas food.  The food is on par with casa mono, and definitely better then empellon cocina.  Its style isnt authentic tapas, but I still liked it.  I cant wait to try out more dishes.  They just need to open up lunch so I can sneak in during my days off.

Having said all this, I still prefer ABC kitchen's cuisine.",False,0,0,0,Michael L.,en
1001,2013-07-03 12:56:25+00:00,3,"I did have some very tasty dishes (the sugar snap pea salad, the sweet pea empanadas - though these were shockingly spicy, the chorizo). The oysters were oysters, nothing special about the accoutrement. I thought the fish tacos were unpleasantly sweet and the crunchy calamari was nothing special.

I came without a reservation, arriving a few minutes ahead of my other party. I am well-aware of the 'no seating without full party' rule at restaurants, and I'm fine with it, except when I'm looking directly at the communal table where I know they'll seat us and it's completely empty (and will still be empty when my other party arrives five minutes later). The service was on and off - occasionally very friendly and attentive, other times very pushy, and sometimes absent. It was clear that they wanted us to eat as quickly as possible and free up our two seats. Within five minutes of being seated, our waitress came three times to ask if we were ready to order. At the end of the meal, she took the receipt before I had even signed it (and other waiters were very obviously eying our receipt to see if it had been signed). Not to mention, a random couple hovered over us and directly asked if we would be leaving soon. Gross. 

Pretty place, fine enough food, but didn't make me feel very welcome or relaxed. Not coming back.",False,1,0,0,Kristina C.,en
1000,2013-07-08 23:28:22+00:00,4,"I enjoyed this meal A LOT.  That being said, my boyfriend did not like his own two meat choices and loved all my vegetarian choices.  He claims: fish tacos (lack flavor) and chicken empanadas (too doughy).  However, we both love the sweat pea gaucamole like all others on this and the cheese fondue was great- garlic was definitely in the cheese with sides of chorizo, mushrooms, asparagus and warm corn tortillas.  I loved my mushroom and kale tacos with mole sauce, they were most definitely fresh.  The drinks are up there in price but I enjoyed both my jalapeno margarita with basil salt and mojito.  The dessert of the ""impossible"" flan was just all right- a good dessert for those who are not all about their sweet tooth.  I wish the service was more attentive, though, as it took a while to get our orders in throughout our meal.

**Call the restaurant to make a ressie- opentable seems off.",False,0,0,0,Namrata A.,en
999,2013-07-09 11:09:38+00:00,4,"Went here on Friday night and we were really happy and satisfied by the time we left. The wait wasn't long (thank you July 4th wkend) which was what we were worried about. To start it off I had the passion fruit sangria. It was really dissapointing, tasted nothing like passion fruit at all. For $14 you would expect much better!  I moved onto the Malbec on tap which was awesome. For appetizer we shared the calamari which was very different. Don't expect a huge pile of friedness but a simple plate of perfectly crisp calamari with ancho chilis which were softened into something resembling blackberry jam. It was very different and oddly good. We had 3 different types of tacos for our main. Crispy fish,  short rib and the BLT taco. All were delicious! We would have liked the thick chunks of bacon to have been a little bit more crispy but that was our only complaint. To end the meal we had a passion fruit sundae which was amazing. I love passion fruit more than anything and I would go back just for this!",False,0,0,0,Christine S.,en
998,2013-07-09 11:38:39+00:00,4,"Excellent: short rib tacos...best thing I've tasted in a while. The bravas, ham croquettes, arroz con pollo are also very good. I think the burned ends are over-hyped. Great moisture but the green sauce could be better matched to the meat. The wait staff was friendly and attentive. My theory is if a restaurant is crowded, the food must be great. ABC Cocina was PACKED on a July 4th weekend, and you know how dead NYC can be July 4th weekend. Definitely coming back particularly for those short rib tacos!",True,0,0,0,Sheryl W.,en
997,2013-07-11 14:46:17+00:00,3,"they say pictures are worth a thousand words, or 100 instagram likes ( or like 50 if your me). 

Unfortunately for abc cocina, the pictures were better than the actual food. but it wasn't like it was bad, or even not good, it just didn't blow my mind. but in all fairness, it takes a lot to blow someones mind these days, specifically mine. i cant remember the last time my mind was actually blown, it may have been by a lobster roll. lots of factors played in to that though which is a story for another time. 

after weeks of not being able to get a decent resso at this place, i finally decided to try my luck at cocina by picking a week night and going early- in fact, I walked right in on a tuesday at 6:15 pm. they save the outdoor seating for first come first serve and some bar seating so if its a nice night, head over early and you should be good to go. fair warning, by 6:30 every single table and bar seat was taken. 

disclaimer : if you loved PIPA ( rest in peace), this place will feel like dejavu. 

dont get me wrong, jean georges knows what he is doing in the kitchen, or should i be authentic here so i dont confuse anyone and say cocina. 

we started with the passion fruit sangria. lesson learned, i am not a passion fruit person. first up was the spring pea guac. honestly, guac is guac is guac.  this one had some peas on it, which i am into. next was the fluke. this dish was good. good not great. i liked the sauce and crispy rice touch but i expected more, honestly. next we had the sizzling shrimp  - again-good, not great. shrimp in a chili oil with garlic is hard to mess up but  i actually will commend the chef on serving the shrimp perfectly cooked-so kudos there. 

in honor of taco tuesday being not only a saying i enjoy but actually something i have participated in in my life, we got 2 different kinds. the short rib tacos were the star of the meal and the crispy fish tacos left me saying meh. on paper, the crispy fish tacos sounded like they would be amazing, but in my mouth i just cannot say the same. 

finally, we got the arroz con pollo. this rice and chicken dish was really good, but if you have ever been to miami/know someone cuban/like cuban food, you will be wishing for yellow rice and more spice. either way, we finished it, so it couldnt have been that bad. 

we got a jalapeno basil margarita next, which honestly was great. it makes me feel like an alcoholic giving such props to a drink but they did it right. 

we finished our meal with the rice pudding, recommended by our waiter. it had this white chocolate glaze on it and some raspberrys and was really good. it was really good, not great. rice to riches, dont worry, you are still the leader in the rice pudding game. 

overall, i probably will go back to cocina because there are things on the menu left to try, its a great scene with beautiful people and is a beautiful restaurant,  but if it was between abc kitchen and abc cocina, id go kitchen all day.",False,0,0,0,Brooke S.,en
996,2013-07-16 16:20:14+00:00,3,"Being a fan of new foodstuffs in New York City is like a sport, but not the friendly, handshake-at-the-end sort of sporting activity. Food crazes in these parts are more like the ancient Roman gladiator-type sports where victory is achieved only if your opponent ends up dying at your feet in front of thousands of rabid spectators. Take these fucking cronuts for example... it's a whole other level of gustatory mania. And like the cronut, when ABC Kitchen opens a new Mexican-themed restaurant and Google translates ""kitchen"" to ""cocina""... you better be ready for combat. 

From the first Yelp review, first blog post from Grubstreet, etc..., ABC Cocina's reservation book was filled. Of course this is despite the fact there are over 3,500 other restaurants to eat at in Manhattan alone... but from the way some of these destinations get swarmed like locust, you'd think the only places to grab a bite in this city are ABC Cocina, Lafayette and Spotted Pig. But is all that hype worth it? Does making a reservation weeks in advance with no chance of an instinctual four top being available on a Monday night really pay off ? Sometimes yes, sometimes no... and in this case, it was somewhere in the middle. 

I was lucky enough to be in the right place at the right time to snag a seat at the bar where they happen to serve the full dinner menu. Score! But it was like Black Friday at Wal Mart nabbing that seat, and my date and I surely felt like wounded prey as other patrons jockeyed for position behind our bar stools in the event we had a single muscle spasm that might indicate we're grabbing our check. If we hadn't found that opportunity to sit down, our wait would have exceeded two hours.

On the food/drink side of things, it was just fine - nothing to send my taste buds into a conniption fit or anything. We shared the spring pea guacamole (a great starter), ham and cheese croquettes (probably wouldn't order again), the mushroom and kale tacos (eh... didn't blow my socks off), and the BLT taco (awesome - my favorite bite of the night). I also got a tiny house margarita ($13) and my lady opted for the white sangria ($14). It's Manhattan so there's no real sticker shock on the drink price, but it's worth mentioning. 

In the end, ABC Cocina is the food version of a pair of Beats headphones. It's a hot look, so there's no sign of slowing down anytime soon. But have you ever tried on a pair of Beats? I promise there are better headphones on the market.

Beats:headphones :: ABC Cocina:Mexican food

Save that analogy and you'll be sure to save some greenbacks, friendo.",False,18,22,12,Ruggy J.,en
995,2013-07-16 20:41:56+00:00,3,"We arrived for dinner at an elderly hour of 5:16p (yes we were those people waiting for a restaurant was open) for the first dinner service. Obviously, no wait and would recommend getting in that early because streams of people arrived a few min after us and they were told to wait. 

For two, we ordered: 
Spring Pea Guacamole: This was so much guac, and really interesting texture with the whole peas 
Raw Shaved Fluke: Good, but not outstanding. Prob wouldn't order this again. 
Shrimp with sizzling garlic and chili oil: The waitress gave us spoons to get the soup with this dish. And by soup, did she mean the CHILI OIL? No heart attacks peas. 
Savory Glazed Short Rib Tacos: By far, best thing we had on the menu. And, i don't even like short ribs. 
Slowly Cooked Halibut: The stew was great. It was really light so great for the summer. Fish was cooked well / consistently. 

Side note - i guess spring peas are in season? 

Portions aren't on the small side so there's plenty to go around.
Service was OK. A lot of their dishes come with sauces so wish they came around more often to change plates. We had to ask a few times.",False,0,0,0,Joanie K.,en
994,2013-07-16 21:02:38+00:00,4,"There is a lot to like about ABC Cocina. The food, for one, is inspired, fresh, and downright tasty. The smart wine list also provides several very gently priced bottles of mostly Spanish wines, along with a cocktail list using seasonal garden ingredients much like what you'd expect from the ABC Kitchen offshoot. The décor is also eclectic and fun, a mashup of jewel-toned chandelier lighting and funky industrial furniture. As much as I am in love with ABC Cocina (almost as much as I am swoon with ABC Kitchen) after visiting twice so far, there are a few things that still warrant improvement. As with any new restaurant though, I'm willing to bet that the kinks in service and overall FOH communications will be smoothed out in time.

Because I have visited on two occasions, I have been able to try many things on their current menu. Standouts include the spring pea guacamole from the ""table snacks"" section of the menu, which is served with warm crunchy tortilla chips. While I'm all about the strong flavors of lime, jalapeno and cilantro in my guacamole, the spring pea used here adds a sweetness and delicacy that's hard to dismiss. I enjoyed the spring pea guacamole so much that we ordered it during both my visits. Now let me just say that this guacamole should not be compared to authentic Mexican guacamole, because it's truly a different animal. In fact, I wouldn't compare any dishes served here to traditional Spanish tapas, as flavors can be all over the map - but hey, ain't nothing wrong with that.

Moving down the menu, to the ""light & bright"" section, dishes I've enjoyed include the snap pea salad, raw shaved fluke, and mezcal cured salmon. The green chili dressing and crispy puffed rice and herbs really add brightness and texture, elevating the simple fluke to a level that's pretty hard to achieve with such a underrated white fish. The mezcal cured salmon is great in its own right, an elegant composition of slightly smoky salmon complemented by cucumber yogurt relish, dill and potato chip flakes. Eaten together, the components taste eerily similar to a deconstructed bagel with lox and cream cheese, albeit a very healthy one. Once you're done with being all ""light & bright,"" the ""golden & crispy"" section of the menu offers up several fried goodies such as the peekytoe crab and corn fritters, and gooey ham and cheese fritters. I personally didn't care for either fritter enough to eat more than one, but that's just because I don't think you need to deep fry an amazing ingredient to impart any flavor; but I'm sure most people come from another church when it comes to deep frying. As for the ""masa & tortillas"" section of the menu, I found all of the tacos and empanadas to be quite delicious. The glazed short rib taco is a definite must-order, hunks of short ribs beautifully caramelized with a slightly sweet and savory glaze all jazzed up with habanero relish and frizzled onions. The chipotle chicken tacos are great as well, a little leaner than the short rib but just as flavorful, topped with a fruity grilled jalapeno salsa. The spiced chicken empanadas may not be a must-order, mostly due to the slightly doughy crust, but good enough anyway when dipped in the herbed yogurt sauce. While most of the dishes here are small plates meant to be shared, you can still find some bigger plates in the ""wood burning grill"" and ""rice"" sections of the menu. I really liked the maitake mushrooms with goat cheese and fresno pepper vinaigrette, as well as the beef tenderloin 'burnt ends' served with a bright chimichurri sauce. I would have never thought to pair earthy maitake mushrooms with tangy goat cheese, but found it to be quite tasty in a strange way. The 'burnt ends' are truly in a class all its own, morsels of tender, beefy gloriousness that made a believer out of me - typically a non-red meat eater. Their take on the arroz con pollo is amazing as well, a generous portion of perfectly seasoned rice studded with huge tender thigh pieces and crunchy crackling skin and lemon. I'm not normally a big fan of rice either, but found the arroz con pollo terribly hard to resist. I know, I know - no beef and no rice, what the fuck is wrong with me, right?

Since the food here lends itself so well to wine and cocktails, and well, just a load of alcohol and a fucking good time, I'm also glad that the wine list is reasonably priced. Whether it's the bottles of Rioja we put away, or a carafe of the Sauvignon Blanc they have on tap, or a dangerously easy-drinking gin and coconut water cocktail served in a martini glass - you're guaranteed to leave here happy. Drunk, and full, and very happy.",False,2,1,1,Cecilia Z.,en
993,2013-07-17 16:51:32+00:00,3,"Debated giving this place 4 stars, but decided it is not quite there yet. I cam here for a birthday lunch with my mom and got the spring pea guac, the shrimp with sizzling garlic, the fluke and fish tacos.

The guac and the fluke were both very good, but I was not impressed with the shrimp. Something was just off, possibly undercooked, and the flavors did not add up. The fish tacos were good, but not mindblowing.

The restaurant is beautiful and the service is friendly. The waitress brought out flan with ""Happy Birthday"" written on the plate, which was a very nice touch.

Note: I attempted to make a lunch reservation here a few weeks ago via OpenTable and only 2:30 p.m. came up. I called to check if there was anything earlier, and they were able to give me a 12pm. The restaurant was very open at this time and there were a lot of tables available...not sure what's going on with OpenTable, but definitely call to double check. The lunch menu is also more limited than the dinner menu.",False,2,0,1,Nikki A.,en
992,2013-07-21 15:48:49+00:00,3,"Very pretty restaurant and super popular. By 5:45pm, the only tables available for walk-ins were the communal table in front and the outside tables (95 degree heat, I think not!) We chose the communal table and ordered a bunch of plates to share. 

My favorites of the night were the patatas bravas (perfect cubes of fluffy potatoes with a crisp exterior served with a creamy and tangy sauce), the crab and corn fritters (it WAS corn fritter day so I had to order it!), and the short rib tacos. The dessert flan was also quite nice with the hint of salted caramel on the crust. 

The burnt ends were overpriced and nothing special and the shrimp was interesting but not something I would try again. There were bananas and almonds in the shrimp dish, but neither really complemented the flavors of the shrimp.

Overall, the restaurant though pretty and hip, was good for one visit, but I don't think I need to return. Glad I tried it once though!",False,0,0,0,Cynthia M.,en
991,2013-07-22 19:15:21+00:00,3,"Was here for brunch this weekend. Very excited to have scored a reservation but now wish we had hunkered down and dealt with a wait at ABC Kitchen instead. The service was average (forgot our guacamole and brought it after our entrees had been cleared... thanks?) and the food was fine. I had the huevos rancheros and my companions had the fluke tacos and cinammon pancakes. All were fine but nothing to write home about and the price tags on them were fairly hefty. The pancakes were the worst value IMO with two measly 'cakes and nothing on the side. I'm down for splurging on brunch, but give me something to work with! 

Would consider returning but will probably wait until the kinks have been ironed out.",False,1,0,0,Elizabeth H.,en
990,2013-07-23 15:54:03+00:00,3,"The early buzz on abc cocina had been mixed but that didn't prevent it from being one of the most popular new restaurants in town. There never seemed to be reservations available. When we finally spoke with someone, she shared that there were some tables that were first come, first serve (communal tables and high tops). We thought that was probably our best bet and ventured out around their opening time of 5:30pm.

When we arrived, we were immediately seated at a table in the dining area. It wasn't one of the high top tables or the communal table but we figured it was probably due to us eating so early. The restaurant is dark and modern - a good date spot - with a mix of tables, booths, a bar on the left when you walk in and an open kitchen. We enjoyed the ambiance but it was early and the restaurant was only about half full. As our meal came to an end and the restaurant started to fill up, it was definitely a bit loud. So, a great date spot if you're OK having to talk over other tables a bit. Some of the tables are very close to one another so it's hard not to hear what the table next to you is saying.

The menu was divided into raw bar, table snacks, light & bright, golden & crispy, masa & tortillas, wood burning grill and rice. Due to the mixed reviews, we decided not to over order and chose 5 items from different sections of the menu.

After ordering we were presented with some spiced chickpeas. They were fried to a golden brown and had a great crunch to them. They were still warm and were a great little snack to start off the meal. Additionally, we were given two types of bread and some olive oil. On each table, there was also a small bottle of orange liquid. When we asked our server about it, he shared that it was housemade habanero hot sauce and that it was good with all of the dishes, even the bread. He also informed us that if it was too spicy they have a jalapeño version they can bring out as well. Adam and I love spice so we enjoyed the habanero hot sauce; though, we also felt it wasn't too spicy for most people to handle.

We started with the sweet pea guacamole since everyone had been raving about it. We really enjoyed this and thought it deserved the buzz that it has been getting. The sweet peas were a perfect addition to the guacamole and gave the guacamole an added sweetness that was very enjoyable. It was a twist on a classic that brought to mind bright, sunny spring days. The cool guacamole and the freshly fried tortilla chips were addicting. The fresh peas and sunflower seeds added a pop and crunch to the guacamole that was unexpected but fantastic. 

The fluke was very fresh and went well with the green chili dressing. The crunchy rice added a textural contrast that was needed. All the components were good, but it wasn't amazing. We both thought this dish was OK. 

We had decided on trying one of the tacos and thought pulled pork would be a good choice. Each order comes with two tacos and with prices starting at $5/taco (ours were $6/taco) we wanted to see how they compared with the amazing (and cheaper!) tacos fromthe Red Hook Ball Fields and our favorite place in Manhattan (Tehuizingo!). It was evident that the tortillas were freshly made but each taco only came with one tortilla. Traditionally, tacos come with two tortillas but we didn't really mind as the tortillas were pretty hefty and didn't break apart even with all of the filling. Though, for $6, I sort of wanted that extra tortilla! The pulled pork was well seasoned and juicy with the pickled onion complementing the meat well. I thought it was a good taco, but for an almost 200% markup I don't think we will be coming back for the tacos.

We were then served grilled Maitake mushrooms that were swimming in a fresno pepper vinaigrette with a dollop of goat cheese in the middle. There was definitely way too much cheese for the amount of mushrooms that were provided and we ended up leaving about half the cheese on the plate. The vinaigrette was slightly tangy and worked well with the savory, meaty mushrooms. Again, something that was enjoyable but not amazing.

I had read some good reviews on the Arroz con pollo and decided to order it since we felt we needed something a bit heavier since we ordered mostly lighter dishes. The arroz con pollo was definitely a heftier portion than the previous dishes and contained large chunks of chicken and crispy skin. The chicken was flavorful and incredibly juicy. The crispy skin added some much needed texture to the dish. I found the rice slightly overcooked. With all of the other components of this dish working so well together, it was disappointing that the rice was so mushy.

We would definitely come back for the sweet pea guacamole (or maybe I'll just make it at home) but the other dishes were mostly misses. With all of the buzz and difficulty in getting a table, we had high expectations; unfortunately, we felt that abc cocina didn't live up to them.",False,0,0,0,Vivian C.,en
989,2013-07-25 15:57:50+00:00,5,"Yes, it's the hot new restaurant and impossible to score a table and all that.  I met friends there early (at 5:30) for cocktails and snacks and didn't have a problem.  The service was great for us and the food is just delicious.  Super fresh and very flavorful.  Standouts included the sweet pea guacamole, the crispy fish tacos, and the beef tips in chimichurri sauce.  Oh and the ""impossible"" flan.",False,0,0,0,Bill A.,en
988,2013-07-25 18:09:56+00:00,3,"I went last night for an early dinner with a friend and we didn't even have a reservation! We were greeted by a wonderful staff, and although we couldn't understand a word our waiter said, he was personable, knowledgeable about the menu (I think) and always checked in on us throughout the meal. We sat at the communal tables and ordered the following:

Sweet Pea Guac
Sizzling Shrimp with Garlic & Chili Oil
Fish Tacos
Ham and Cheese Fritters

Everything was great, but most dishes were very, very spicy! I would definitely go back for round two and order the guac, but I would try some new dishes that have less of a kick. If you like spice - this place is fantastic!!

This is a great spot for: after work drinks, date night, dinner with friends, and its up there on the trendy meter.",False,0,0,0,Jordana G.,en
987,2013-07-28 12:47:43+00:00,2,"I gave predecessor Pipa 5 stars and frequented it often for its great food and Sangria. Was hoping that if they saw room for upgrades I couldn't wait to try it out
First, drinks. Pipa offered a great sangria at $34 for a giant pitcher that filled 6-8 large glasses
Excited to hear they were keeping some menu items, including the sangria, I was shocked to see that the pitcher was replaced by a small carafe serving 3-4 regular sized wine glasses but costing an astonishing $42. I opted for a glass to check it out and while it was still tasty was not as good at the predecessor and more than double the price.(side note if you are looking for a good red sangria Rosa Mexicana at Columbus circle makes a great red sangria which comes in a mini pitcher of 2+ glasses for $14. Also Alta is quite good)  -- My date got the mojito which she enjoyed
As for good I was just not that impressed.
The seasonal vegetable platter with dipping sauces was just okay. Vegetables were fresh, sauces mediocre and for $14 a bit overpriced
Next came the spicy sweet corn which was quite good but was delivered standalone instead of with other dishes. Again for a small coffee cup sized portion this item should cost much less than $11
The gooey spicy ham and cheese fritters were tasty but for me quite rich. This would be good for sharing as one is enough (serving comes with five)
The tacos come two per order and price in the $12-14 range. The pulled pork and brisket themselves were good but the toppings such as the pickles onions (pickled way too sweet) and the fried onions (bland) left much to be desired. Even the soft taco lacked any flavor
I was hoping the chorizo would be just as good as I remembered at pipa but unfortunately they were never even delivered to our table
Service started off well but once the food started arriving we did not see our waitress for 20+ minutes to let her know we were missing an item
By the time she arrived our table was already fully cleared. When telling her that we did not receive the last item and to not charge us for it she immediately went to talk to the kitchen
However when she returned it was for a quick drop off of the check and we did not see her again or receive any apology or farewell greeting",False,0,0,0,Mitch C.,en
986,2013-07-28 17:47:08+00:00,5,"The newly established sister restaurant to ABC Kitchen is a showcase of vibrant, chic fine dining infused with a large dose of Latin flavor. It retained a lot of the elements that made it's predecessor, Pipa Tapas Bar, so popular and it could not be a better complement to the ABC experience.

The new brunch menu is very similar to Cocina's dinner menu minus a few selections. Popular items including the sweet pea guacamole (with tortillas) and griddled fish tacos are there. Brunch also adds creative versions of huevos rancheros and eggs benedict that are worth trying. The drinks menu is extensive, and the cocktails pack quite a punch. 

Opentable reservations are almost fully booked for the next 30 days, but if you can get one for either brunch or dinner, ABC Cocina is an experience that you can put near the top of your to-try list!",True,6,0,3,Nelson W.,en
985,2013-07-29 13:32:52+00:00,3,"So I think the word on the street is that ABC Cocina is good, but not as good as ABC Kitchen. I think that is the understatement of 2013 (along with perhaps ""Amanda Bynes is just going through a tough time right now"" and ""the NY Post enjoys writing Anthony Weiner headlines""). Opentable had completely open availability for brunch 2 days in advance, so I was easily able to get a table for 4.
 
I went with a few girl friends, and you know how that goes, everybody shares some things, has a bite of everything, so it was good I got to try a decent amount of food. Everyone talks about the spring pea guacamole, and I was definitely a fan. I don't really like peas all that much, but it had a great texture, and even distribution of flavors. The tortilla chips that come with it are fantastic, warmed out of the oven, and almost chewy. The fluke crudo was nice, with a bright acidic dressing. The mixed greens empanadas were just ok, but the tomato jam on the side was great.

For my main course, I had the grilled fish tacos and also the crab/corn fritters. The fritters sounded amazing on paper, but the flavor wasn't there. Nothing popped. The grilled fish tacos were very good, with a spicy mayo, cabbage slaw, thinly sliced pear, and nicely cooked fish. The tortilla was exceptional.

The service, however, was horrendous. Our waiter was absentee for the first 30 minutes of our meal. Everything came out at a different time, but it didn't seem intentional like tapas joints, nor was it explained to us this way. Our table did a shared appetizers + individual entree format, so our meal timing should have reflected that. The worst offense though was that they forgot my friend's main course. After all our snacking and sharing plates, she was full, so she told them to forget it, but it's still ridiculous. I can't see coming back here; I'd rather go back to ABC Kitchen.",False,3,1,0,Meghan A.,en
984,2013-07-30 14:57:40+00:00,5,"This was my first time dining at Cocina. I have been the Jean Georges ABC Kitchen and loved it so decided this was a must. Being new, ABC Cocina is super hard to get a reservation. However, I went, put my name in and got a seat at the bar. The staff is wonderful here and we had a great server/bartender named Leo. We waited about 40 minutes which was not bad because we were able to have drinks at the bar. My boyfriend and I shared several dishes. Everything we had was amazing. My favorite was the thinly sliced fluke, prepared almost like a ceviche. Absolutely amazing. We also had the heirloom tomato salad (perfect mixture of vinegar, onion, and tomato), halibut (super light with a nice glazing sauce on top), shisheto peppers (perfectly cooked and not too spicy) and lobster rice. The lobster rice was my second favorite. Whole, large chunks of lobster mixed with brown rice that was spiced to perfection. To end the evening, Leo gave us a complimentary coconut pure and coconut water drink. It was served in a small glass and was the perfect way to end the meal. All in all, definitely try ABC Cocina and don't be discouraged that you cannot get a reservation. Go a bit earlier than normal and wait it out at the bar.",False,0,0,0,Jenny W.,en
983,2013-08-01 15:20:46+00:00,4,"This restaurant is fantastic. I'm surprised by the mediocre reviews on this.  I think it's probably a function of an evolving menu.   Some of of the items here are average and thus the reviews make sense. 

However, if you get the right items, I would recommend this place for its impeccable service, quality bar options and well above average Food Menu.  

These are my favorite items on the menu in ascending order.

-Pea Soup - simple, elegant, flavorful.
-sauteed mushroom tacos with mole, kale and lime - divinely delicious
-Fish taco - high quality seafood seasoned well
-Spicy Chicken Empanada - outstanding.  with they had a baked version, but they are small enough that it's not too bad for you.
-Spring Vegetables over brown rice - AMAZING Even meat lovers will occasionally go vegetarian for this one.

.....

And the best item, perhaps the best item I've had in NYC in the last 3 months: 

-Beef Tenderloin ""burnt ends"" in chimichurri sauce.  You only get 6 pieces of this unbelievable steak. But it's enough.",False,0,0,0,Anand A.,en
982,2013-08-04 19:06:23+00:00,4,"The ABC family of restaurants is taking over the block, and I'm ecstatic about it. ABC Cocina is the perfect complement to the already fantastic kitchen one block south - same amazing decor and great service, but with new wave Latin cooking. Delicioso. Everything is tapas style and we had: heirloom tomato salad, mezcal cured salmon on yogurt sauce, fluke ceviche, field green empanadas with tomato jam, fish tacos, sweet pea guacamole, and fresh berries with muscat wine ice. Loved it all. The beefsteaks in the tomato salad were some of the best tomatoes I've had since Italy. The sweet peas in the guac gave that perfect twist to the old clasico. Both the salmon and the fluke were perfect summer apps. And the habanero salsa on the side was a marvelous combination for the tacos and the empanadas. The albarino at $50 was exactly the right wine to wash it all down. Nailed it.",False,0,0,0,Vanni P.,en
981,2013-08-04 19:35:47+00:00,3,"I'd give it 3.5 stars and definitely go back to try it again.

We sat outside at 6pm on the day the NYT review came out, and miraculously got a table for 6 no problem. The wait staff were great about accommodating everyone and 2 small children (plus a stroller), so bonus points for that. 

On the drink side, I got the basil jalapeno margarita and was not a fan. So much so I didn't drink it. My brother thought it was ok, but no one asked me why my glass was still full at the end of the night. 

On the food:
-Sweet pea guacamole was outstanding. Lots to share, fresh and warm tortilla chips - yum!
-Mushroom tacos - also phenomenal. Highly recommend.
-Grilled fish tacos - boring as can be. The aioli was spicy, but the fish itself didn't taste like it had any seasoning on it an the tortilla was dry. My brother had gotten the fried tacos a couple days earlier and said those were great. Lesson learned. Don't try to be healthy.
-Veggie and rice bowl - awesome. So good my 1-year old nephew ate almost all of it himself. 
-Sizzling shrimp - also great. Well cooked and great flavors. 
-Corn - also quite good. 
-Crab and corn fritters - just a lot of fried. 
-Patatas bravas - so good, and the combination of the two sauces was outstanding. 
-Others had the beef tenderloin tips and short rib tacos which they said were great. 

In sum, skip the cocktails, or maybe next time I'll speak up and say mine sucked and ask for a different one. Ask for recommendations (they recommended the arroz con pollo, but said it would take awhile, and we had small kids). And give them a few weeks to work out the kinks. And get in the door again.",False,0,0,0,Caryn M.,en
980,2013-08-05 02:05:32+00:00,4,"Really liked this restaurant overall and would recommend it, ideally for a date, and for sharing.

Loved the pea salad, the pea guacamole. Everything else was solid, nothing was bad.

Was much better than ABC Kitchen.",False,0,0,0,Anderson D.,en
979,2013-08-05 07:09:15+00:00,5,"This restaurant has quickly become my new favorite restaurant in NYC. The spring pea guacamole was the perfect start to my meal at ABC Cocina. I can also recommend the crab and corn fritters, fish tacos, beef tenderloin in chimichurri sauce as well as the arroz con pollo. However, the best dish of the night was definitely the short rib tacos. The short ribs in the taco were so flavorful and tender/juicy in addition to being complemented with just the perfect amount of crunch from the crispy onion topping. Moreover, the service and atmosphere of the restaurant are everything you could ask for and more.",False,0,0,0,Carson L.,en
978,2013-08-07 13:12:41+00:00,4,"I read a couple bad reviews of ABC Cocina, which is surprising because I really liked it! The food was delicious and wasn't really that expensive (multiple bottles of wine on the menu for $30) considering it's a Jean-Georges restaurant. My only complaint is that it's LOUD, but so are many big NYC restaurants.",False,0,0,0,Phil G.,en
977,2013-08-08 13:37:13+00:00,2,"Can you spell overhyped and overpriced? I knew you could. That's exactly what it is. Overpriced and overhyped. But hey, it is a perfect place to take an impressionable bright eyed and bushy tailed college girl to make her panties drop.",False,1,2,0,Alex Y.,en
976,2013-08-10 14:29:30+00:00,4,"Cocktail list is unique with many regionally appropriate mixtures.  A great way to start the evening.  All the hype about the guacamole is true.  The sweet peas mixed with just the right amount of spice and big chunks of avocado make this the perfect start.  We then moved on to the ""light & bright"" section of the menu and really enjoyed the mezcal cured salmon as well as the sweet corn with cotija cheese & lime.  And as promised they were both light & bright.  Next came the glazed short rib taco.  Probably one of the best tacos I've ever had.  We finished with the roasted Maine lobster rice which was a perfect finish.  While the desserts looked great we were too full to indulge.  
The staff was top notch and we had the added bonus of having both Jean-Georges and his son Cedric in the house as well as numerous celeb sitings.",False,2,0,1,Cathy A.,en
975,2013-08-12 21:12:28+00:00,5,"I may have had a unique experience here, but my party loved ABC Cocina. We were seated immediately in a prime outdoors spot on a Saturday night. Service was a bit obnoxious (very attentive, but a little snooty). Luckily, the food was great. We particularly loved the fish tacos, pulled pork tacos, and short rib tacos. Guacamole was good, but nothing unique.",False,0,0,0,Karen A.,en
974,2013-08-13 03:47:20+00:00,3,"A weak 3 stars. okay at best. Food was good but nothing worth craving or going back for. With that said everything thing we had was good. Started with guacamole, then moved onto tomato salad, crab and corn fritters, shrimp in sizzling garlic, sea bass, burnt ends, matiake mushrooms. Stand out dish was burnt ends.  Cocktail menu was okay. Not impressed with any of the margaritas. 

I know review is harsh but nothing would bring me back here. 

Service was good (we were dining on Sunday at 9pm so no problem with reservations). Space is beautiful. But wish it was still Pipa!",False,0,0,0,Kim O.,en
973,2013-08-13 21:00:25+00:00,5,"We dined here on Sunday. The food was delicious and the wine list selective. We were seated outside at table number 84 since the weather was warm. We had the tacos-delicious, guacamole-tasty and almond cake as desert. Loved loved the food. But most importantly we loved our server Kayla, who singlehandedly made out experience and unforgettable one. Thank you Kayla:)",False,0,0,0,Gulce A.,en
972,2013-08-14 21:21:06+00:00,4,"As a big fan of ABC Kitchen, I'd been waiting to come to its (Spanish/Mexican/Latino?)  cousin next door.  My friend and I grabbed drinks and dove into the spring pea guacamole (deserving of it's rave reviews on yelp and elsewhere). 

After a solid thumbs up from Pete Wells, I went for the market vegetables and brown rice...This was not so much a trust in Pete Wells, but in Dan Kluger's ability to transform simple vegetables into something divine (see the mushroom and egg pizza at ABC Kitchen).  This was definitely a standout dish-- the vegetables were perfectly cooked, with enough crisp and flavor to hold their own with the salsa verde (tasted more like a chimichurri sauce to me but definitely NOT complaining!).  My friend had the mushroom tacos with kale and mole, also tasty but my dish was definitely the better of the two.  

I'll be back...Dan Kluger has a magic way with vegetables that never fails to disappoint.",False,1,1,2,Kristina C.,en
971,2013-08-16 00:45:51+00:00,3,"The food, cocktails and atmosphere are what makes is restaurant while the service leaves something to be desired.  We were seated at 11:15 pm after having a 10:30 res, luckily our strawberry capirinhas were delicious and held us over, all the hype about the pea guacamole is accurate and if you like peas I'd also recommend the pea salad.  The fluke appetizer was overpriced and skimpy. My dining mates thoroughly enjoyed the short rib tacos.  Would go back but do think the service needs a major upgrade.  Our waitress was veryyyyy slow and difficult to get a old of which definitely put a damper on our meal.",False,0,0,0,Lauren S.,en
970,2013-08-17 00:04:34+00:00,5,"Amazing.  Absolutely amazing.  

Almost everything on ABC Cocina's menu is amazing.  The paella is the best dish and all the tacos are tasty.  There really isn't much more to say - you can't go wrong, just order anything.

It's hard to get a table, so don't go starving.  You can order from the menu at the bar , but not at the counters facing the sidewalk, so if you can, get a seat at the main bar. 

And if you're starving, check the back bar at ABC Kitchen - you can often get a seat there and enjoy the most delicious crab toast while you wait for your table at ABC Cocina.",True,0,0,0,Holly E.,en
969,2013-08-17 03:20:24+00:00,5,"There aren't words to describe how incredible this restaurant is.

Food:  We got a bunch of things and split them.  I'm more a seafood person, but my best friend is not, so we ended up with the following (mind you, I'm describing the difference between great and divine, as everything was delish!)
-sweet pea guacamole - don't be fooled, this is actual guac with avocado and a sweet pea garnish, and the chips are deep fried.  Tasty but filling so pace yourself :P
-short rib taco - this was the crowning accomplishment of the meal.  Short rib was subtley spiced so it had big flavor, and was melt-in-your-mouth tender
-sweet corn - 'twas fresh.  another win by Jean Georges
-chorizo - it was really good, but as I told our handsome waiter, we do it a lot better in Goa, so of course, I wasn't blow away here.

Service: did I mention a handsome waiter?  The service once we were seated was impeccable - water glasses full, very polite and friendly ppl, and perfect at giving recommendations, suggestive but not domineering.  Only slightly sketchy were the people at reception - we walked in without a reservation to a restaurant that was pretty empty (at ~7:30 PM).  We were told we'd have to wait 1 hour for a seat, so we took 2 at the communal table by the bar, and then immediately were offered menus, food, etc...so no 1 hour wait.  I guess that counts for a win.

Ambience: this place is stunning - and not in a grandiose way.  Its eclectic, it looks like something out of Anastasia - a ruined and let lovely palace.  Very versatile for a variety of audience - your parents, your s.o., a birthday party...",False,0,0,0,Gabi R.,en
968,2013-08-17 17:20:36+00:00,5,"The Jean Georges Vongerichten empire has expanded to the other side of ABC Home, and boy what a welcome addition ABC Cocina.  I think a lot of folks / reviewers are huge fans of ABC Kitchen, which is Cocina's sister restaurant on the south side of the Broadway block. 

Taking over the former digs of Pipa, ABC Cocina is the ultimate in shared plate heaven.  Like ABC Kitchen, Cocina focuses on local/ seasonal with a more Spanish/ Latin twist (Kitchen is more new American fare). Decor is beautiful and skews towards more eclectic than the mid century modern farmhouse at ABC Kitchen. 

Reservations are apparently impossible to get, but my friend and I showed up at 545PM and they were more than willing to accommodate.  Favorites on the menu were the sweat pea guacamole and the fish tacos.  My only comme ci comme sa disappointment was the chorizo.",True,0,0,0,Gloria F.,en
967,2013-08-19 02:30:09+00:00,3,"I've only been to one other Jean Georges restaurant in Vancouver, and I really enjoyed it.  So I was excited to try this space. Unfortunately, it really was just an average experience overall.

For spending about $80 per person, I didn't think anything really stood out.  The recommended guacamole with peas was good - but the peas didn't really add much to me.  Tacos were tasty, but for $13 or so for two, I could have gotten better tacos elsewhere.  Rice dish was average.  The best dishes for me were the steak dish and the fritters for dessert.  There are three types of sangrias, of which we had the hibiscus and the watermelon - both were delicious, but the watermelon was the favorite.  

Reservations are tough to come by now, so I'm glad to have experienced it.  But I wasn't a fan.",False,0,0,0,Ernest S.,en
966,2013-08-19 19:52:25+00:00,5,"I went to ABC Cocina for dinner last Saturday and had one of the most UNREAL dining experiences. Every single thing we had from our first drink to our last taco was delicious, imaginative, and perfect in every way. 

The ambiance of the restaurant is beautiful. The interior is adorned with exposed brick walls and unique hanging sparkling lights that are evocative of an underwater scene. 

Our waiter was a super sweet and funny guy who was very attentive. 

The Dirty Martini was the best one I've ever tasted (I know I may have said this before but I really mean it this time) - it really met all of the criteria on my Dirty Martini mental checklist (glass size, ounces, degree of dirtiness, temperature) - my sis and I took one sip and looked at each other and exclaimed that they were perfect. 

The food was incredible! We had the following, all of which are must-try's in my book:
-Sweet pea guacamole
-Shrimp with sizzling garlic and chili oil
-Sweat pea empanadas with chili yogurt 
-Chipotle chicken tacos
-Savory glazed short rub tacos
-Maitake mushrooms with goat cheese 

We were too full for dessert but I'd be surprised if those aren't amazing as well. There's always next time!",False,11,6,13,Pia S.,en
965,2013-08-21 17:48:05+00:00,5,"It's true
The food really is that yummy and the service is just right.  Try the raw fish appetizer, the rice dishes and the fish tacos.  It doesn't matter how long it takes you to get a reservation.  Just go.  Decor is cool and the prices are fair.
Be good to your buds!",False,0,0,0,Boston F.,en
964,2013-08-23 16:56:13+00:00,2,"Have to compare with PIPA.. First of all, I dont like the interior change in ABC Cocina.
Its like PIPA without cozy feeling. And food.
Portion is small and tastes ok... so have to rate this place two stars.
And waitresses kept disturbing and after finishing main dishes, tried to make me leave.",False,0,0,0,Kei M.,en
963,2013-08-27 20:54:20+00:00,4,"OMG this restaurant is SO good.  I loved it.  Still love ABC Kitchen but this is just a really great, different spin on it.  I went with a friend and we split:

Sweet pea guacamole (just normal guacamole and it's delish).  The salsa it comes with is incredible.

Pepper and potato empanadas with lemon yogurt - good but wouldn't get again

Fish tacos - would absolutely get again

Tomato Salad - again, would definitely order again

Crab and corn fritter - wanted to order again immediately after finishing

Then I had the huevos rancheros and my friend had the salmon.  We were both so stuffed at that point, but still loved our entrees.

Service was amazing.  Space was awesome.  I just wish it was easier to get a reservation.",False,0,0,1,Leslie S.,en
962,2013-08-29 17:53:21+00:00,4,"It's definitely not on the same level as ABC Kitchen, but I still had a very enjoyable meal here. Nothing was particularly mind-blowing, but most everything were really good.

sweet pea guacamole: yes, it's delicious. no, it''s not going to change your life. guacamole is always awesome, and their addictions to it just makes it even better. it's refreshing, it's delicious, but in the end, it's just guacamole.
raw shaved fluke: flavors were good but not very memorable
short ribs taco: very mediocre to me. 
grilled skuna bay salmon: I'm not usually a huge fan of cooked salmon but this was really, really good. the flavors were amazing.
arroz con pollo: chicken was juicy, rice was flavorful, also very filling. great dish to order to complement everything else and to make sure you don't leave hungry. actually, this made me so full I didn't even have room for dessert and I almost always  have room for dessert.

Aside from the short ribs taco, everything else I had I would definitely order again, so that's a success in my book.",False,0,0,0,Krystal F.,en
961,2013-08-30 04:09:17+00:00,4,"Sooooo good. I really do miss Pipa and their expansive display of chandeliers with pricetags dangling in our faces, but ABC didn't disappoint. Great food, good service, nice new decor...no complaint here.

What we ordered:
1.Peekytoe crab and corn fritters: ow...excellent!
2.Crispy fish taco: yum.
3.Arroz con pollo with cracklings: OMG....GET IT. I LOVE IT. Buttery, tasty rice with  bits of tender chicken, finish with a nice crunch. Mm.
4.Beef Tenderloin: super tender and juicy. The green sauce is great!
5.Dessert: for some reason, can't remember what we ordered, but recall us enjoying it...........

The cocktail needs a lil work, but wine was delicious. Would love to go back and try more food.",False,0,0,0,Huong V.,en
960,2013-08-30 21:18:33+00:00,4,"Came here for brunch, and was not disappointed.

Ordered the guacamole as a starter. I always appreciate warmed chips and the guac was just the right consistency and the portion was fairly large. They will also bring more chips without even needing to ask. Subtle plus, but very much appreciated.

Ordered the burger, which did not come with fries, which is one of my pet peeves. However, the burger was definitely one of the better burgers I've had in the city. It had kind of a southwest flavor to it that was subtle but definitely delicious. I will also say, it is a very large burger, so it might have been fine that I didn't get fries with it. I also managed to try the coconut pancakes, which were just the right amount of sweetness and a very unique flavor for pancakes. 

The decor of place is pretty nice, and although I think it's strange to have 4 different people greet you at the door, they were all very polite and friendly, so I can't complain about that. The waiter on the other hand, was a bit slow and kind of surprised when we asked for more water. He came back very promptly, but I wasn't sure why he was surprised that we asked for a water refill. Service overall was on the slow side, but it wasn't enough to ruin the experience, so we'll let it slide.

Prices aren't great, but that's to be expected with Jean-Georges Restaurants. that being said, this is probably the one restaurant that won't break the bank when you eat here. You know everything is pretty high quality, so for the most part, it's worth the extra few dollars. Not to mention I had an OpenTable dining check to use, so that definitely helped.

In all, you should come here for the atmosphere and the high attention to quality in the food.",False,6,0,2,Eric J.,en
959,2013-09-01 19:00:41+00:00,5,"We just happened to be in the hood looking for a bite of dinner and came across ABC, which we'd been wanting to try. Being Saturday night there was naturally an hour wait, so we bellied up to the bar and were instantly impressed by the prompt, courteous service in spite of the crowd. Two basil jalapeno margaritas and strawberry caipirinhas later, we were ushered to a nice corner table where we could enjoy a full view of the decor, a wonderful eye-candy mix of modern and antique. We'd started with an order of the guacamole at the bar, which was actually some of the best we've had in town. To this we added the marinated olives, patatas bravas and the pulled pork tacos. All of it was delicious; decent portions which still left us room for dessert. We opted for the salted caramel flan and white chocolate rice pudding; between the two, I'd recommend the flan. Overall, it was a delightful evening accented by first-class service throughout. Would highly recommend!",False,0,0,0,Summer M.,en
958,2013-09-03 22:06:53+00:00,5,"I have been wanting to try this place since it opened a few months ago. It was well worth the wait. My friend and I had a 5:30pm reservation on Labor Day. That was the only time that was open (and also when the restaurant opened for dinner). We ordered the tomato salad, squash salad, potatoes, chicken taco, and roasted vegetables rice. For the 2 of us, it was more than enough. Every dish really blew me away--the flavors were just incredible. I think this is one of those rare restaurants where every single part of it was a highlight.

Great work, Jean Georges.",False,1,1,1,Tiffany Y.,en
957,2013-09-05 20:08:29+00:00,4,"Had a great experience at ABC Cocina last night! The decor/look of the restaurant is very rustic chic. We had 9:30p reservations and had to wait about 10 minutes to be seated which wasn't bad. The waiter was super friendly/nice and helped me pick gluten free options. My friends are not GF but our waiter was able to accommodate me and make alterations to certain dishes so I could eat them. Surprisingly our small plates actually started arriving before our cocktails. I assume the bar was a little backed up so that would be my only small complaint but the food definitely made up for it!

We had:

1.) Patatas Bravas: Small but delicious, may want to order a few of these if you have a large party.
2.) Fluke: I didn't try it but my friends were raving. 
3.) Sweet Corn with cheese and lime: My favorite! So good!
4.) Sea Bass: Flaky & white - It was pretty good, but not amazing. 
5.) Chicken Chipotle Tacos: Delish!
6.) Short Rib Tacos: AMAZING! Must get.
7.) Beef Tenderloin with chimichuri: Soo good and tender.
8.) Fritters: My friends loved them - chocolate mousse it came with was excellent too.
9.) White bean rice pudding: Only thing I didn't like - was not very fresh or creamy. 

Overall excellent dining experience and will be back!",False,0,0,0,R K.,en
956,2013-09-07 23:02:09+00:00,3,"I love Jean George's and have been to ABC Kitchen. Loved it, and when this opened I had to try it, especially when it's tapas. Came here on a friday night and was able to get a seat right away outside. It was a nice summer night too. I was hoping to love this place, but the food is mediocre and pretty pricey.

Sweet Corn with cheese and lime - corn and cheese worked well together
Shrimp with chili oil - Did not have much taste to it
Short rib tacos - Good, but short rib was a little tough
Beef tenderloin - Beef was also a little rough but the chimichurri was yummy
Chorizo sausage - One of my favorites, tasty and the pickled radish worked well with it
White chocolate rice pudding - So good!",False,1,0,1,Christine T.,en
955,2013-09-08 13:32:13+00:00,4,"The guacamole with sunflower seeds was excellent, as was the salsa - very flavorful.  The pulled pork tacos were amazing - pickled strawberries on top!!!  The arroz con pollo didn't live up to the hype, but not terrible.  Overall, very good, with a good vibe in the space.",False,0,0,0,Michelle A.,en
954,2013-09-08 23:26:27+00:00,5,"The decor and goods at ABC home is part fairytale and part hipster cave.  The feel of ABC Cocina is similar.  Came here on a Friday night and was told there was a 45 minute to 1 hour wait.  It ended up being more like 10-15 when the host sat us, but I think it helped that my husband and I were looking particularly cute (come here looking extra adorable, ok?). 

I ordered a mocktail (pina colada) and it was the most grown-up tasting pina colada I have ever had.  It was subtly sweet and just pretty refreshing in every way.  My husband enjoyed two glasses of wine with his dinner (an expensive $14-$16 each).

Ordered the patatas bravas (crispy, with a delicious aioli, but small), mushroom tacos (really delicious meaty mushrooms with a smokey sauce, in a corn tortilla), maitake mushrooms from the grill (charred mushroom goodness in a pool of tangy sauce and cheese), and the spring vegetable and rice dish (roasted vegetables with rice in a light pesto-like sauce). They also gave us bread and a fragrant olive oil dip, as well as some roasted paprika chickpeas.   Everything was really simple and simply delicious.

We were sadly a bit too full to order dessert, but all the more to look forward to next time.",False,1,0,0,G L.,en
953,2013-09-12 18:41:00+00:00,4,"I just saw that someone described this as a ""fairy tale hipster cave"" and decided to quote because you really can't do better than that. The furnishings are truly incredible and you'll want to buy everything you see (subsequently you can run over to ABC Carpet and do just that!)

I ordered the passion fruit white sangria to start and I could have had an entire pitcher to myself--amazing.

For brunch I ordered the huevos rancheros and a side of the patatas bravas. Both were simply delicious.

I took a star off for two things: Price and Service

While our server was friendly, she was incredibly slow. There seemed to be plenty of servers and runners present--but none available to wait on us. That made me a tad annoyed especially considering my second point--price. While NYC is an expensive city by nature, brunch is still the one meal I struggle to pay top dollar for. They're just eggs, people, eggs and potatoes. Simple enough. 

Overall, a really wonderful dining experience just know that you'll pay for the atmosphere and fancy plating.",False,3,0,0,Bethany P.,en
952,2013-09-17 19:36:18+00:00,3,NO Wi-Fi ? weaksause - The food ordered was mostly tapa stylish meals w/ minor spicyness one every dish had.,False,1,1,1,K ..,en
951,2013-09-19 16:14:45+00:00,2,Will not give a table to one person even if the restaurant is empty as it was when I stopped by. Attitude of the staff is pretentious. Would expect better service given the options available in the area,False,1,0,0,V K.,en
950,2013-09-26 04:58:50+00:00,5,"Stop what you are doing and go here for dinner.   I was in NYC for only one night and my husband picked ABC Cocina for our dinner together in the Big Apple.  

You walk in and the room is dimmed but there are sexy, creative, fantasy lighting all around the restaurant.  My particular favorite were the lights that looked like floating bubbles.  If you get a closer look at the ceiling, you will notice that seashells were infused in the cement.  It's like the designer of the place said ""Give me Hipster-Little-Mermaid-On-Land-With-Cool-Lights.""  

We went to the bar and had some vino before dinner.  I was just in awe of everything and dazzled by the little simplicities.  Staff is friendly - both hosts, bar & waitstaff.  We had a pretty steady sampling of the food on the menu.  I am not sure if it changes seasonally or not, but everything we had was perfect.  I am someone who loves to eat good food and can safely say this may have been one of the best meals in front of me my whole life.

We enjoyed:
*Market Salad with Manchego Cheese
*Shrimp in ""Diablo Agua"" with Bananas and Almonds
*Short Rib Tacos
*Vegetable Empanadas with Tomato Jam 
*Guacamole with a spicy tomato salsa
*Passion fruit sorbet

Everything was so good and our waitress was incredibly helpful.  We often put our fate in her hands if we were torn between items and asked ""what is some of the staff's favorite?"" and took a chance there.  Don't be afraid to do that, they were on the money each time.  Go there, eat.  Why are you still reading this? Didn't I say stop what you were doing and eat there?",False,5,3,5,Kat G.,en
949,2013-09-26 20:24:48+00:00,2,"Eh.  It's good.  It's certainly not bad.  Just not as good as Pipa, which has been in that space for years and years.  I thought ABC Cocina would just be a rebranding and they were planning on keeping most of the Pipa menu.  It's really at the end of the day, just mexican food and I like Dos Caminos better.  Doesn't come close to ABC Kitchen.  

The wine and the service were excellent so kudos on those.  The food was just good..  Nothing overly memorable or special (and we ordered all of our servers must have recommendations), guac, tacos, raw bar, rice dishes.  Meh.  Don't believe the hype.",False,0,0,0,Heather B.,en
948,2013-10-01 22:48:48+00:00,3,"Had a nice lunch. The food was good but the service could use some help. The food was flavorful, creative and delicious.",False,0,0,0,Elizabeth R.,en
947,2013-10-02 19:14:47+00:00,3,The food was good but not what expected base on the other reviews. I will recommend the pull-pork tacos. We felt rushed by the waitress as she come over constantly that we were not even able to have a conversation without being interrupted.,False,0,0,0,Steven W.,en
946,2013-10-03 17:22:26+00:00,5,"Ok this is by far my favorite restaurant in NYC.  The food is unbelieveable.  I can't pick one meal, I was determined to try them all, but they keep changing the menu on me.  Everything is so fresh and the service is almost too good.  At no time are you ever without a drink or food.",False,0,0,0,Christine M.,en
945,2013-10-04 04:05:39+00:00,5,"Great small plates, fast service, good wine list,  charming wait staff -- what more could one ask for?",False,0,0,0,Bruce J.,en
944,2013-10-04 21:28:07+00:00,3,"The space is cool, definitely trendy and all, but the service is horrendous and while the food was flavourful, it was not memorable.

Meh.",False,0,0,0,B B.,en
943,2013-10-10 15:46:57+00:00,5,Its a tapas restaurant with attentive services and stiff drinks.  They pay special attention to detail as they have strong customer service.  This was my first time there as I will definitely eat here when I'm in the Flatiron district.  This is definitely a must to go at least once.,False,0,0,0,Tom L.,en
942,2013-10-11 01:50:16+00:00,4,"Yes, it's good. Yes, it's hip. Yes, the drinks are fun and flirty. Yes, the servers are all painfully good=looking. Yes, this is a place that will fill you with equal parts envy and awe. You'll want your house to look like this...or at least you'll want at least one item from this restaurant in your house. Yes, the food is yummy. Yes, I was satisfied.

But....

I just like ABC Kitchen better. And, though i didn't want to I was comparing them, somewhat shamelessly. ABC Kitchen is just so perfect. And yes, this place is awesome. It just doesn't win out head to head against the original ABC restaurant..

Would I go back?

Oh, totally. But, can I go to ABC Kitchen a few times first?",False,1,1,1,Shira R.,en
941,2013-10-11 22:25:49+00:00,5,"This place is popular for a reason. We were lucky to get a table while I was in town. Service was friendly and wonderful. We had dirty martinis and they went down reallllllly easy. 

Love the decor. It's fun, eclectic but still classy. 

Food - it's tapas style and we tried a bunch of items. I'm trying to figure out what which one was my favorite.

Between the three of us girls we had sweet pea guacamole, shrimp with sizzling garlic and chili oil, sweet pea empanadas with chili yogurt , chipotle chicken tacos, savory glazed short rib tacos, and maitake mushrooms with goat cheese. It was all so so so good but I think my favorite might have been the short rib tacos - YUMMY!!!!

I am really hoping to go back to celebrate by birthday when I'm there in November and take my folks with me. 

It's HARD to get a table though!",False,0,0,0,Dalia M.,en
940,2013-10-12 16:55:42+00:00,3,"For the difficulty getting a reservation, I was expecting a lot more.  Don't get me wrong the food was really good but there are better options with no crazy wait to get a table or the need to win the lottery to get a reservation.  For drinks the snappin hard cider was delicious. 
We got a complimentary guacamole (not the snap pea sort as that is out of season) because we waited almost 30 minutes for our reserved table.  I love when restaurants do that btw.
I would skip the guacamole in the future as is wasn't anything special.
We had the fondue, arroz con pollo, and beef tenderloins.  I liked the beef but my gf really liked it.  We both agreed the fondue was also good, but by far the best was the arroz con pollo.  I've never had chicken so tender in my life. 
For dessert I had the vanilla fritters which were also good. 
Decor of the restaurant was also really nice.  

Overall I agree with some other reviewers that abc kitchen is better.",False,0,0,0,Jason P.,en
939,2013-10-15 14:35:55+00:00,2,"Heard this place was amazing so just had to try it! Luckily, it was relatively quiet at the time we walked in, although it quickly filled up.
First off, the setting is beautiful and yes, it is just the way you would like to decorate your home if you had a lot of money. Absolutely loved the decor.
Secondly, the service was great and the waiter was very attentive.
The problem I actually had was with the food, specifically with the amount of SALT in some of the dishes. First, my friend and I shared the guacamole with sungold tomato salsa and warm crunchy tortillas. The guac was good (not spectacular), but the tortillas were so salty I couldn't eat them at all. The other dish that was unbelievably packed with sodium was maitake mushrooms with goat cheese, fresno pepper vinaigrette. The mushrooms are so good on their own - I don't know why anyone would ever put salt on that dish. The other two dishes we shared were good and a bit spicy - the florida white shrimp in ""agua diablo"", banana and almonds and the chipotle chicken tacos, grilled jalapeno salsa.
Finally, for dessert, we had the warm vanilla fritters which were very tasty but cold.
Overall, I was just not super impressed and if I ever go back there, I would ask them not to add salt to my dishes.",False,1,0,0,Katherine E.,en
938,2013-10-16 00:45:58+00:00,3,Don't bother... to get a reservation is a nightmare... listening to that awful recording .. only to find out that they are ALWAYS fully booked... really... they never have any cancellations???... finally got in... not worth all the aggravation   Plenty of other great NYC restaurants without the hassle,False,0,0,0,Donna D.,en
937,2013-10-19 17:21:56+00:00,5,"Absolutely Beautifully Crafted! May I say more?

From the decor to the food, everything at ABC Cocina is pretty much amazing. 
Since it's such a hot spot, it's usually difficult getting seated as a walk-in. However, we gave it a shot and scored something right away. Outdoor dining on a beautiful fall night, why not?

My boyfriend and I ordered the snap pea guacamole, brussel sprout salad, patatas bravas, short rib tacos (his order, not mine) and a bottle of sparkling wine. Everything was delicious to say the least. 

- The sweet pea guacamole was a great starter. It was a nice change of pace from traditional guacamole. You should definitely order it if you're a guacamole/avocado lover like me. 

- The brussel sprout salad was delicious. It was light, yet very satisfying. Oh, and it's a seasonal item too (i'm all about that)! 

- The patatas bravas....heaven in your mouth.

- Last but not least, the short rib tacos. My boyfriend seemed to enjoy them. His reaction to the waiter...priceless.

With its whimsical, ultra hip atmosphere and its divinely delicious food, ABC Cocina is the perfect spot to spoil your taste buds.

Well done, Jean Georges!",False,3,1,1,Ericka S.,en
936,2013-10-23 01:37:29+00:00,5,"JG strikes again with an amazing replacement for Pipa.

While I can't say it beats ABC Kitchen - really nothing does - eating at ABC Cocina is going to become a regular occurrence for me.  Beautiful decor, quick service, relatively reasonable prices (for fabulous food) and variety.

You'll have to wait a few minutes - it's always hoppin - but the short rib tacos are well worth the wait.  Might have been the best bite of anything I've ever tasted.  The green beans in romesco are flavorful and healthy, and the guacamole is absolutely necessary, garnished with seasonal seeds like sweet peas. Shrimp Agua Diablo is super, super spicy, but infused with bananas and almonds to cool it down.  Mushrooms and goat cheese and the gooey ham and cheese fritters are obviously on the unhealthy side, but good for sharing and balance out the light seafood and veggie dishes.",False,2,1,3,Emily R.,en
935,2013-10-24 16:02:47+00:00,3,"After waiting weeks and weeks for a normal reservation time, I was finally able to score a table on a Wednesday at 6:30 for a party of 4.

The décor is very similar to that of ABC Kitchen....maybe a little more rustic. 

I started with the Red Hibiscus Sangria which was very fruity, but not very floral. It was still delicious. We were served an array of breads with a spicy orange dipping sauce and oil. There was also a bowl of roasted chickpeas on the table. These were amazing, they tasted like fritos!

The dishes are served tapas-style. Unfortunately nothing really wow-ed me. Most of the items were too spicy. I like spicy but the heat was overpowering all the flavors. 

We shared:

Guacamole (basic, ironically the 1 dish that lacked any spiciness, note: this was not the snap pea guac that everyone on Yelp was raving about, I guess that was a seasonal item)
Patatas Bravas (good, but not great)
Ham and Cheese Fritters  (I don't see why a fried ball of meat and cheese should be spicier than a jalapeno)
Shrimp with sizzling garlic and chili oil (pretty good, but again there were balls of chili that burned my friends' mouth)
Short Rib Tacos (best savory dish)
Grilled Maitake Mushrooms with goat cheese, fresno pepper vinaigrette (these were too mushy)
Stewed Chicken with sweet onions, spicy tomatoes, and crispy rice (a weird smoky flavor)
Beef Tenderloin ""Burnt Ends"" And Chimichurri Sauce Shrimp (I realize these are supposed to be ""burnt"" but the char taste was too much)
Tres leches (this was delicious, it was topped with a tangy cream that offset the sweetness of the cake very well)

Overall disappointed in ABC Cocina. I've been to better Jean-Georges restaurants, including ABC Kitchen. Not to mention the ridiculous wait to get reservations.",True,0,0,0,Michelle B.,en
934,2013-10-29 14:24:28+00:00,5,"This place is so popular for a reason. Food excellent, service excellent starting with the hostess onwards. We had the short rib tacos, the fish tacos, the mussels (these were only ok), the shrimp and a few drinks. Flavorful food in a fun environment. Also, surprised to see they were accommodating families with a few kids - so I may be back sooner than expected with toddler in tote.",False,0,0,0,Nisha S.,en
933,2013-10-29 18:52:52+00:00,5,"Absolutely delicious food!  I had the grilled fish tacos the first time I went, and I keep going back for them!  All of the other dishes I've tasted have been great, too...shredded Brussels sprouts, Cuban sandwich, chicken and cabbage salad...yum!  The decor is very interesting and fitting for it's locale - attached to ABC.  It gets a bit loud when the restaurant is full as there really aren't any soft surfaces to absorb sound.  As long as you know this going in,  you'll be fine.",False,0,0,1,Ali S.,en
932,2013-10-30 18:46:48+00:00,4,"I heart JVG. ABC Kitchen is one of my fav restaurants in nYC so I was very excited to try ABC Cocina. So far I've been here for brunch twice and both were great experiences. 

On my first visit, we ordered the raw shaved fluke, baby calamari stuffed with chorizo, crispy fish tacos and chicken tacos. For drinks I decided to pass on the alchy and instead got a rosemary and lime cooler per the waiter's recommendation. Everything was delicious but the crispy fish tacos were out of this world. I loved that pickled cabbages were used to bring out the citrus flavor instead of the usual lime juice. My second fav was the raw shaved fluke which also had a slight citrus/acidic taste. The chicken tacos were next on the list. The chicken was moist and this is a great alternative for anyone who doesn't eat seafood, but if you eat fish, then go for the fish tacos. I would probably not recommend the baby calamari stuffed with chorizo because there were only 3 pieces of baby calamari in our dish. Too many chickpeas and not enough of the other goodies.I would also caution against ordering the rosemary and lime cooler if you're getting the fluke or the fish tacos because I felt there was a bit too much acidity in the meal. I blame this on my ordering and not the restaurant though.

The next time I went, my friends and I got the fish tacos (of course), crab fritters, the pancakes and the french toast. We were big fans of the french toast, but thought the pancakes were good but not spectacular. They did come with a delish raspberry sauce that we all enjoyed. Overall, I think ABC Cocina does savory better than sweet for brunch. I'm working on coming back to try the dinner menu soon!",False,2,1,1,Julie L.,en
931,2013-11-04 19:22:53+00:00,4,"For lunch, we had the shrimp, chorizo-stuffed calamari, mushroom tacos, and fish tacos (grilled). We also had the mango iced tea and the homemade ginger soda. Everything was seasoned perfectly, cooked just right, and presented quite beautifully. Although each plate is a bit pricy given the volume of food that actually comes out on the plate, I have absolutely no complaints and made another reservation to return this week. That being said, I wouldn't make this my go-to place anytime soon. I think it's better to come with a mid-sized group so you can each try a bunch of different plates. The fish taco is one of the best I've had. The fish was a bigger portion than I had expected, and it was cooked so well and complemented by the slaw. If you knocked $5 off each item's price, this would definitely be 5 stars for me.",False,0,0,0,Christine L.,en
930,2013-11-04 19:36:33+00:00,5,Empinadas with Tomato Jam and the Crab and Corn Fritters. So Dank...,False,0,0,0,Glenn M.,en
929,2013-11-06 16:16:39+00:00,5,"I loved my meal at ABC Cocina, it is really busy for lunch but not in an annoying way.  The food was great with great options, we had an awesome salad, chicken soup and grilled cod.  The portions are on the small side and expensive but really excellent quality.  You can taste the freshness. Excellent service.  Everything was top notch, great for a client lunch.",False,1,1,1,Alice E.,en
928,2013-11-06 17:25:11+00:00,1,"the only investment in this restaurant was done by marketing.i want to know how they were able to gain any good reviews at all. once i arrived and was seated, the food they served me was incredibly horrible. the water they served in bottles had a strong smell of chlorine. when i asked if they filtered the water, the waiter said, ""they triple filtered the water."" what does that even mean?  of course they would say that to avoid any conflict. the waiters were arrogant. most of the customers in the restaurant were tourists, who were very anxious because they made reservations long before and when they arrived they could not get seated on time. it is really absurd that they are able to get so many good reviews because of a famous chef who was not even there. the owner, paulette cole, which apparently runs abc carpet & home, is better off running the carpet business. abc cocina should be closed because it's bringing a bad reputation to the food industry in nyc. my rating is 1 star. had there been an option for 0 stars, i would have chosen that rating. it's absoutely terrible.",False,0,0,0,James W.,en
927,2013-11-11 22:53:36+00:00,5,"+++
- Service (waiter is friendly knowledgeable about menu and makes great recs)
- Service (drop a crumb, and someone is there to clean it up)
- Glazed short rib taco

++
- Arroz con pollo
- When we were there, there was a corn and cheese dish, that is apparently not on the menu anymore...U guys seriously missed out

+
- Re-eat value. (We got another two meals from our deceptively hearty meals)
- Guacamole
- Flan for dessert
- Pina colada tasted straight from the islands

- 
- Ability to get reservation, although that's the fault to them being the hottest show in town",True,0,0,0,renje g.,en
926,2013-11-12 23:29:09+00:00,5,"Wonderful dining experience! Food was fantastic! Best Iberico ham I've ever had. Same goes for the fresh oysters. The arroz con pollo with the chicken cracklings was also to die for. Our waiter was extremely helpful and friendly. No snobby service in this place, not to mention the restaurant was beautiful.",False,0,0,0,S M.,en
925,2013-11-13 18:47:05+00:00,5,"Like the ""mother "" place next block 
Fantastic atmosphere , great food .",True,2,1,1,Tsvika K.,en
924,2013-11-13 19:22:53+00:00,5,"Love the food, love the vibe, and love the service.  My gf and I went here on an anniversary and we were treated like royalty.
I love the housemade sodas and she loved her margaritas, as well.
Make a reservation and go!",False,0,0,0,Lacy T.,en
923,2013-11-16 05:19:53+00:00,5,"Great food/service/ ambient! 
It's hard to strike me but this place did !
Go and have fun !",False,2,1,1,Lior M.,en
922,2013-11-16 14:32:16+00:00,5,"Great ambiance, music and food- fun place for groups too!",False,0,0,0,Marla N.,en
921,2013-11-17 02:06:35+00:00,1,"*one star was in regards to service at the bar* not the food*
Well... Sadly I have been let down by a place I loved. Bartender was the worst I have ever had. I am in the business so I know how bias these reviews are, but really girlfriend? Your shunning me and ignoring me when I am trying to order 16 dollar drinks? You are in customer service whether you like me or not. I have been in your shoes.. So I know it's tough...but come on, I am so nice and the easiest customer you will have tonight... Why do this to me? I wanted to enjoy my 200 dollar meal for two... And look at you... With the worst attitude ever... Blatantly Ignoring me for no reason, texting on the job. Wow. Disappointment can not even begin to describe this night. Thanks for ruining one of my favorites. I have had the best service here when sitting a table and even the hostesses were great and patient.  Everyone else has been great. Food is great as well. Waitress at our table this evening...great.",False,1,2,0,Tyler G.,en
920,2013-11-18 03:04:59+00:00,4,"I was lucky enough to sneak in here on a Thursday evening. It's Jean-Georges, so I knew I was I was in for some great dishes, along with a hefty wait. Good thing abc Cocina is attached to an amazing store that looks like every girls' dream home. That's right, ABC Carpet and Home is steps away for your visual pleasure (and eventual heartbreak when you realize you probably can't afford 80% of the beautiful goods). No worries, you're about to embark upon a great Spanish inspired meal that exceeds the preconceived ideas of mediocre tapas restaurants you hold from 5 years ago. 

 I loved the creativity of the cooking...the roasted curried cauliflower with raisins was delicious and well spiced. The fish combined the with the favors of tomato, saffron, and onion was surprisingly spicy and balanced. Everything we shared was well thought and the menu was so ample, I even had a hard time deciding what to order. The drink menu is equally creative, rounding out the menu with local spirits  (like a fig old fashioned with widow jane rye) and seasonal beverages. The small plates were perfectly sized for sharing, and four were enough to feed two of us ladies comfortably.",False,3,3,3,Erica J.,en
919,2013-11-18 22:48:42+00:00,4,"ABC Kitchen being my tried and try favorite restaurant in NYC, I jumped on the chance to try ABC Cocina when my mom was in town the other weekend.  I brought two of my friends along for brunch (2:30pm was the only available time on that Sunday) and we murdered the menu.  We tried SO many things:
Guacamole with Sungold tomato salsa and warm crunchy tortilla chips - the guacamole was surprisingly spicy and the chips were nice and hot.  Delicious.

Jamon Iberico de Bellota - Iberico ham has been a favorite dish of mine since spending most of a summer traipsing through Spain.  Anytime I can find it in America, which isn't often, I always order it.  Even when it is stupid expensive.  I'm just a ""nut"" for this nutty ham.

Raw shaved brussel sprout salad - eh boring

Gooey spicy ham and cheese fritters - these were so crunchy and salty and cheesy... mmm.

Sweet market pepper and potato empanadas with lemon yogurt - too potatoey

Field green empanadas and tomato jam - These empanadas were much better!  The tomato jam was just sweet enough.

Arroz con pollo, crackling skin and lemon zest - we were completely stuffed by the time this showed up so lucky little ole me stole it home as a leftover.  It was just as good the next day as I'm assuming it would've been that day.

We ordered the flan for dessert based on a friend's recommendation and I have to say it.was.terrible.  I hate flan.  I still hate flan.

Torrentes with lime and rosemary cocktail - This is quite possibly the best cocktail I have ever had.  It was refreshing and tangy and even a little spicy.  I would go back JUST for this drink.",False,1,1,1,Laura H.,en
918,2013-11-22 06:04:07+00:00,1,"I think they need to change the hostess at the  front desk , taking reservations. It wasn't the first time dhe has been rude. It's been the fourth time. She is absolutely ill mannered. I am a jean George's fan! I love the food at jean George's and am frequent at  trump tower . I would like to go back to abc however the hostess is what will keep me or my friends to refrain from ABC cucina . I'm going to tweet about it too .dhe has no sense if customer service whatsoever.",False,2,0,0,Shriya B.,en
917,2013-11-22 15:30:48+00:00,1,"The food is great! The only reason people will not return to this place is because of the hostess. She is so rude!! How is she even in the hospitality industry. She should be banned. When I walked in with my friend , she took down the name and said the table will be available in 1/2 an hour. When I go back after half hour of hanging out at the compact overcrowded bar, she tells me ""my server did set a table for you , Couldn't you make it. "" She had randomly taken my name off the list. Then she says it ll be 45 mins more. My friend after 30 minutes goes to her to ask, she still says much arrogantly that it ll be about 45 minutes more. I thought that was ridiculous. Misinformation all the time. We are still at the bar , when someone next to us leaves and we reach out for the chair the bar tender tells us somebody else is gonna sit there.what happened to the first come first serve?  So we wait for the other side table to be cleaned up. It's still not cleaned and someone else comes and takes the place! When we ask the bartender says its first come first serve! It was turning out to be ridiculous. When we confronted the hostess again she unapologetically and arrogantly says she ll see what she can do. She finally gets us a place at the community table. No apology whatsoever. I wouldn't go there until they have the same hostess.and so will my friends. My friend is a food blogger, I'm sure she is going to give them a deserved review",False,0,0,0,Peter M.,en
916,2013-12-04 16:10:45+00:00,5,"The folks at ABC, special shout out to the incredible Dan Kluger, have done it again. 

I walked into ABC Kitchen at 10pm on a week night and it was packed! I couldn't believe it, especially right after a holiday when the rest of the city was pretty quiet. 

The space is very cool. It's whimsical and sophisticated, just as you'd expect for a space in ABC Carpet & Home. 

The drink list is pretty intriguing. I started with a sparkling concord grape cocktail with a lemon twist and was very pleased. My fiance loved his margarita. 

We had the market green empanadas with tomato jam to start. Yum. Who knew market greens could pack such flavor?! The sizzling garlic shrimp was wonderful. It had a strong kick and you could really taste the garlic, which I loved. 

Short rib tacos were my least favorite dish of the night but they were still pretty good, especially when I added some of the incredible hot sauce they have at the table. 

Ham and cheese fritters come with the most delectable aioli. It's thick, creamy, spicy and sweet all at once. 

My favorite of the night? The arroz con pollo. This was a knockout. The rice was so moist with huge chunks of seasoned chicken and chicken skin. We practically licked the bowl clean. 

I also tried a glass of their Malbec on tap. I had never seen wine on tap and was very intrigued. It delivered and for only $10 a glass. 

This is a wonderful new addition to New York, from atmosphere to food to service. Definitely check it out if you are able to get a reservation!",False,17,10,16,Brittany F.,en
915,2013-12-05 20:25:20+00:00,3,"Everything here was fantastic. Even the drinks were unique and delicious. My only issue, and I can't imagine that I am the only one, is that the portions are beyond tiny. Not even normal tapas style tiny, but probably the smallest portions for the price I have ever seen. My breakfast was basically 2 eggs in tomato sauce. I was starving afterward. And I am a small person.
Maybe this is how all of NY stays thin. Pay a fortune for no food, and stay hungry!
I also have no issue spending money on small plates, as this is the style of so many restaurants, but this place takes it to a new level of absurdity. 
Would I come back if my pay check went up 10 fold? Yes. Otherwise, probably not.",False,1,1,1,Ana Luiza G.,en
914,2013-12-06 20:26:24+00:00,5,"This was by far my best meal during my recent trip to NYC. The setting is beautiful, the staff is friendly, and the food is terrific. 

It seemed as though every new plate brought out had us saying, ""this is the best xx I've ever had."" Fill in the xx with chicken tacos, guacamole, octopus, etc. Try things you've never had, and keep the plates coming. 

I highly recommend the jalapeno  and basil cocktail to rinse it all down.",False,0,0,0,Derrick Q.,en
913,2013-12-09 20:16:57+00:00,5,"I love this place! We ordered a whole plethora of items, everything was amazing from beginning to end. I cannot wait to return and I will be recommending this place to my friends, business associates, etc.... went there the night before thanksgiving and luckily were sat immediately. The space is beautiful and the staff is great. Very pleased",False,0,0,0,Lola Emery D.,en
912,2013-12-14 19:53:41+00:00,4,"Pretty sure when a place is well hyped, you're usually in for a letdown. But this place is still pretty exciting to me and i'd love to go back and try out the rest of the menu. 

Came in for late lunch (2 people) on a Friday, with no reservation, and we were seated almost immediately at this communal table. 

Ordered the guac with grapefruit salsa, cured salmon plate, mushrooms with goat cheese, and fried fish tacos. Plates looked tiny but it was more than enough for the two of us (granted, we were two small girls). 

The food wasn't mind blowing by any means but it was unique, tasty and seemed carefully thought out. I loved the sunflower seeds and sprouts in the guac as well as the grapefruit salsa on the side. 

The house habanero hot sauce is amazing, we tried seeing if we could purchase it for ourselves. Its just fiery enough with an almost sweet / fruitiness that kind of matches its bright yellow color. I kind of want to go back just for that. I recommend you put it on everything (but just a tiny amount!)",False,1,0,0,An N.,en
911,2013-12-15 22:44:56+00:00,4,"The charred octopus, grilled fish taco, basil tequila and mango tequila drinks were outstanding",False,0,0,0,Melissa C.,en
910,2013-12-22 00:37:08+00:00,4,"the old space of pipas...Jean Georges has decided to go Latin style and took over the old space to open up the much anticipated ABC Cocina.  

The decor is as much as you would expect, as it draws similarities from ABC Kitchen and sourced from ABC Carpet.  

Since we had such a large party, we did a fixed menu... everything was pretty tasty... the greens were fresh, the tacos were hearty...and mix of dishes that is a mix of traditional, modern and fusion (tuna tartare, sea bass, spicy glazed ribs and tuna tartare) but everything was spot on...  Also, there was SO MUCH FOOD... i couldn't eat anymore after a few major courses...

the restaurant was beautiful no doubt.  from the decor, to the lighting.. it was just all simply magical.  it's the type of leisurely restaurant that you can spend hours in because it just has a special intimate feel to it.",False,4,2,2,Brittany H.,en
909,2013-12-22 17:49:05+00:00,5,"Desperately tried to get a dinner reservation one if the 3 nights we were in New York. Had no luck so thought we would try to walk in for lunch given the menu was pretty much the exact same as dinner. 

Arrived around 1 pm on a Sunday, no wait at the large communal high top table which worked out perfectly. 

We could have easily ordered everything on the menu but given we had to choose went with:

Calamari stuffed with chorizo... amazing 

Cheeseburger w/ mole & pickled... I was craving an awesome burger and wasn't too sure about ordering it given all the amazing options. The server highly recommended and it was heaven! Gooey delicious & perfectly cooked. 

Tuna burger... sushi grade tuna, a really tasty, fresh, perfectly cooked burger... 

Patatas bravas... wouldn't say they were super standouts, but a perfect side to the burgers and really tasty aioli.

Fantastic cocktails - and wine on tap was pretty good too. Definitely would love to see more restaurants offer this.

Overall it wasn't a cheap brunch but so worth it. Next time I'm definitely going to try for dinner and come really hungry.",False,0,0,0,Lesley N.,en
908,2013-12-23 05:15:39+00:00,5,"The service was great -  not too intrusive,  but always present when we wanted.  The drinks were good,  but on the pricey side.  The food was where this place stands out.  Seasonal guacamole was excellent (and I'm from texas).  The short rib tacos were so tender and flavorful.  Arroz con polls was positively sinful and so delicious for something that sounds simple but was definitely elevated with the crispy skin crumbled on top.  Seasonal brussels sprouts side and sea bass were also awesome.  Overall a spectacular and enjoyable meal.  I will be back!",False,0,0,0,Stephanie H.,en
907,2013-12-26 00:46:16+00:00,4,"Amazing food. Get the guac and chick peas!!!! Love the drinks here too, worth waiting here....walk in!",False,0,0,0,Karina A.,en
906,2013-12-26 05:31:13+00:00,3,"First time I came here was a few weeks after it opened in spring... It was for sangria and snacks.  We sat outside and it was just ok.  The decor is really nice... and the service was ok, but it wasn't overwhelming.  Had friends in town this weekend and decided to give it another shot.  Being allergic to avocado... this place gives me issues bc everything is guac/avocado-related!!!! Arrrgggh!!!! I mentioned this to my adorable server and he quickly recommended the pork sandwich.  Well-done, sir!!!  The Berkshire Pork Sandwich (I think that's what it was called? Maybe I'm making it up) was delightful.  Sadly, the chipotle chicken tacos had been my first choice, but the salsa mix in it had included avocado.  Boo.  However, glad that the pork sammy saved the day!!!  
Also ordered the white sangria.  It's a bit bizarre. Not gonna lie.  It claims to be a pear sangria... but it's TOTALLY peach and mango. Odd.  
I'm a bigger fan of ABC Kitchen, but for brunch, this certainly had some interesting dishes and it's just such a pretty space.  I'm a sucker for a cool layout... what can I say?",False,0,0,0,Barbara D.,en
905,2013-12-26 20:40:39+00:00,4,"I'm late on writing a Review, but this place deserves one. It is fantastic! Despite the long wait to get a seat ( even on my bf's birthday :( ) It was worth it. Go-To spot",False,0,0,0,Brittany A.,en
904,2013-12-29 15:45:11+00:00,2,"In the gorgeous glam garage space that formerly housed Pipa, I looked forward to trying Jean-Georges' latin venture but was unfortunately disappointed.  We dropped nearly $100 on lunch for two and I found only one dish to be memorable- the sweet pea guacamole ($14), though I'd just as soon have Rosa's version of guac a few blocks away.   The baby calamari stuffed with chorizo, celery root, chickpeas, and basil ($14) was tasteless without any detectable spice, and the sautéed mushroom tacos, mole, kale and lime ($11) were likewise lackluster and only notable for how unappetizingly tart they were.  The baguette in the roasted pig sandwich with red watercress and marinated radishes ($18) was so soaked through with oil that we abandoned our attempt to finish it when we were only half-way done.  I think we sampled one or two other dishes but they were so easily forgettable they're already forgotten. If I'm going to eat a a Jean-Georges' restaurant, for the time being I'll stick with Nougatine.",False,3,1,1,Jason N.,en
903,2013-12-30 09:35:10+00:00,4,"Ryan was our server. One of the nicest server in new york ever, out of all my trips that I have been here. Made every food sound edible and delicious that made me water for more. Regarding food, garlic shrimp was so-so and the aroz con pollo was not the best (it was just chicken rissoto). Food wise, not the highlight of nyc, but service definitely was. Still pretty good to eat here though! Also, do try the guacamole.",False,0,0,0,Kris S.,en
902,2013-12-30 18:06:09+00:00,5,"I can't say enough good things about this place. I planned a birthday dinner here for a party of 13 - so this was a large party reservation, and for this they offer a prix fixe menu. I had requested in advance some complicated billing arrangement also, where I wanted a portion of the bill to ""secretly"" be put on my personal card, so that everyone else dining could pay a lower price for a pretty over-the-top meal. I asked that this be done without mention during or after the dinner.

The night of the dinner, everything was impeccable. The food...just wow. We had something like 17 courses of food and I don't even know if I could choose a favorite. Our server was a rockstar too. I had even expressed some concern about the portions maybe being too small (this was based on some snacks that came out to the table at the beginning, and I think I jumped the gun on my worries here), but she made sure to  add an extra plate or two of each course that followed, at no extra charge. She just wanted to make sure everyone was leaving full and happy, which was my goal too. 

When dessert came out, she had remembered that it was a birthday, and of course, delivered a dessert with a birthday candle, as I had requested.

When it was time for the check, I whispered to my server about the odd billing arrangement I had requested in advance - just to make sure it had been communicated to her. She politely cut me off and said ""don't worry, it's been taken care of"", and smiled. 

The staff and food at ABC Cocina is among the best I've experienced in New York. This was a really great birthday party dinner, and I highly recommend it - whether for a table of 2 or a table of 20. You won't regret a visit here - everyone loved it!",False,1,0,1,Kane A.,en
901,2013-12-31 04:30:55+00:00,4,"Used to love ABC Kitchen, but stuck on this since it opened. The Mushroom tacos are a umami classic.  It's a beautiful room and as you would expect, they do some pretty fabulous margaritas.",False,0,0,0,Ken W.,en
900,2014-01-02 01:55:21+00:00,4,"We ate here for a late lunch (we made reservations ahead of time) a couple of days back and I must say I'm glad we did. After eating at the original ABC Kitchen a few months back I kept ABC Cucina on my radar. The decor is very rustic and similar to the original. This is a tapas restaurant and you should order everything to share. We ordered 9 dishes (2 orders of the ham and cheese balls - which should be a must for every trip here) which we split between the 4 of us - it was the perfect amount of food for a late lunch as we skipped desert.  Some standouts were the grilled octopus, fish tacos and arroz con pollo. The warm hot toddy was very delicious and great for a cold weather day!",False,1,0,0,Joe S.,en
899,2014-01-02 14:36:30+00:00,3,"We just visited the bar to meet a friend for a drink.  It looks like a cozy place to eat but only drinks were on the menu for us this evening.  It might be easier to get the bartenders attention if you're actually sitting AT the bar but from anywhere else, it's quite an effort.  Wear a lighted hat or bring a sign with you to get their attention - otherwise you'll be ignored.  Drinks are pretty standard fare and over priced but that's to be expected.",False,0,0,0,Toni F.,en
898,2014-01-03 01:06:30+00:00,4,"Have been back a few times and have been greeted by better/proper service (and equally lovely food). Lesson: they might be open late but don't go after 10:30 if you want proper service. Also, pro-tip: full menu available at the bar.",False,0,0,0,Noah B.,en
897,2014-01-03 21:07:43+00:00,5,"We came here for lunch and thought everything was absolutely delicious. We had the shaved Brussel sprout salad, the grilled maitake mushrooms with goat cheese, the gooey spicy ham and cheese fritters, the fish tacos, and the market vegetables. The mushrooms were outstanding - different from any dish I've ever eaten! The fish tacos were packed with flavor and the fish literally melts in your mouth. 

The restaurant would be perfect for date night or for a large group; however, we came here with three people and that worked as well! I will go back very soon!!",False,0,0,0,Alicia S.,en
896,2014-01-03 21:24:47+00:00,4,Ambience is perfect and the food combinations are excellent. It's not often that I visit a restaurant and are surprised by the flavor combinations - but abc cocina did it! I'll be back next time I'm in the city.,False,0,0,0,Linn L.,en
895,2014-01-11 02:38:56+00:00,5,"I have to say that I was initially nervous coming here after reading mixed reviews about the food at this restaurant. I was all set out to be disappointed, but low and behold I was impressed. 

I came here for a little celebratory brunch with a few friends, and everything that we ordered was delicious. I two small plates. One order of Shrimp with Sizzling Garlic and Chili Oil. This dish was absolute perfection, for people who like Sichuan food or spicy food in general, this kind of dish is for you. The garlic was crispy adding a nice contextual contrast, while the chili oil was so flavorful. The shrimp was so tender and sweet. I also got the Sauteed Mushroom Tacos. The Mushrooms were rich, meaty, and cooked to juicy tender perfection. The mole sauce and the kale added nicely as well. 

One of my companions ordered the Crunchy Mexican Spiced French Toast. GET THIS! This was such delicious french toast that I found myself sneaking little bites. The french was custardy and soft on the inside, and crispy griddled perfection on the outside. The roasted apples were soft and plump. YUM!

Another companion ordered the Eggs Benedict, but said that everything but the eggs was cold. As in the tortilla and fixings, so our waitress was kind and gracious enough to apologize and take it off our bill without our asking. 

I plan on returning, soon hopefully.",False,2,0,0,Melanie T.,en
894,2014-01-15 18:19:33+00:00,3,"Sadly, disappointed. I was super excited to finally get a chance to try out abc cocina. The quality was good as expected but the food lacked innovation and taste. Their patas bravas was not as good as boqueria or tia pol. Their shaved brussel sprouts salad was supposed to be one of the popular dishes but it wasn't that special and was very common to many other places. . The tacos was ok. I'm not sure if I'd come back since there are better tapas restaurants in nyc without the hefty price tag",False,1,2,1,Jasmine K.,en
893,2014-01-21 03:05:41+00:00,3,"ABC Cocina is definitely a better place to be seen in than ABC Kitchen.  You walk in to very cool space with very cool people sitting in the space that has a very eclectic lighting scheme.  Obviously you can buy everything you see next door.  Reservations are a must.

The family came together for a meet and greet and had a very nice meal in a very cozy corner table.  We had an assortment of apps and brunch items.  The four drinks did take a fair amount of time to make their way from the bar to the table.  The bloody marys were satisfactory, but hardly as exciting as the other drinks on the menu.  The blood orange belini was an improvement over a regular mimosa, but still lacked the sparkle.  

I think the apps stole the show.  The guacamole is seasonal.  During winter it has a grapefruit salsa to accompany it.  Good chips and a generous amount to satisfy four people.  The fresh citrus fruit zinged up the creamy green produce mixed together as the guacamole.   The calamari is not like regular calamari rings (fried or in sauteed garlic).  You get two squids with the heads served separately on the plate stuffed with a full sausage.  A tasty snack.  The combination of squid, sausage and sauce was very nice.  

I had the huevos rancheros for my main.  It was pretty lacking.  They could have done much more with it.  Two eggs sitting in a red sauce on a tortilla lacks the creativity one would expect here.  Everything has a twist, except the huevos.  I would expect this at some bodega in the East Village.  They were very flavorful, but pretty average.  The fish tacos were a much better choice.  They sat on a bed of sauce and slaw.  Tasty little morsels.  

I enjoyed my passion fruit sorbet for dessert.  It came with two scoops sitting on a gelatin.  One was strictly passion fruit sorbet and the other was some vanilla ice cream with maybe a hint of passion fruit in it.  Espresso was also very tasty.

The waitress did her job well.  The host and hostess along with the man who took our coats were very pleasant and cheery.  

I am always very critical with star chefs and this place was no different.  The concept of having this at ABC Home is a great idea and it is a nice experience to eat here.  The food was pretty good, but not five stars.  I would come because it is a fun place to gather with fun food attached.  Reservations are a must after seeing many people get turned away.",False,5,2,3,Peter K.,en
892,2014-01-22 23:21:50+00:00,3,"After many a year of walking past this spot, we landed on it as our choice for Christmas Day lunch. The room is beautiful, busy, elegant. If you have ever had a love affair with ABC Carpet in the same building, then you will love the sleek design and finishings inspired by the store.

Billing itself as Latin inspired (never really understand this term) there the menu certainly has a nod or three to Central and South America, though you will also find beautifully Japanese inspired dishes equally well prepared.

We went for the fixed Christmas Day tasting menu, and were treated to a yellow tail tuna that melted in the mouth, an amazing eye filet steak, and the height of luxurious simplicity in three amazing lobster tacos. Desert, well not the highlight.

Overall a very beautiful place.

It is pricey, moreso than I would expect for somewhere that has a very laid back vibe, and deserts that are not, well, memorable.

Would love to return and try the tapas menu for sure.",False,1,0,0,Paul D.,en
891,2014-01-22 23:52:52+00:00,4,"Solid brunch spot, with both traditional brunch items and unexpected treats, plus interesting brunch cocktails. We loved having the little table by the window that was almost like being on a stage, so cute!",False,3,0,0,Alden W.,en
890,2014-01-23 23:01:18+00:00,5,Love this place. The food is absolutely delicious. There were three of us so we got five plates to share which was perfect for us. My favorite by far was the brussel sprouts and the maitake mushrooms. The decor is modern and loft like. We had a really great time. I will definitely go back.,False,0,0,0,J D.,en
889,2014-01-25 15:25:59+00:00,3,"My husband and I went to ABC Cocina for a Friday dinner.  I had pretty high hopes beforehand based on the good things I heard about this place. The deco and ambience of the restaurant is impeccable. However, we found the food to be a bit underwhelming and very overpriced. Portions are small (as warned by the waitress) and food is not that impressive given the price.  

We started with the guacamole, which was very fresh but on the other hand hardly worth the $15 price tag. We also got the roasted cauliflower, which wasn't bad, but again with very small portion for the price. The fish tacos were pretty good---I loved the cabbage pickle on the top. The short rib tacos were a bit too salty to my taste and again probably not worth $20.  We also got grilled octopus--I liked the small potatoes that came with it more than the octopus itself. The shrimp with sizzling garlic and chili oil was actually very good, with the shrimp very fresh and the texture tender and juicy.  

Overall, I think if the food were 30% cheaper I would give a four-star rating, but given the price tag, the restaurant needs to try harder to impress me.",False,1,0,0,Xiao Z.,en
888,2014-01-27 01:58:34+00:00,5,"I picked the place based off a review in New York magazine. My boyfriend is vegetarian so it's important for us to have great options and this place delivered. We had the guacamole, sweet potato empanadas, mushroom tacos, and a maitake mushroom dish in an amazing smokey sauce. I also had the pork tacos. It was all so delicious. We sat at the bar. The bartender, Leo, was super friendly and treated us well. His ""Peyton Manning'hatton"" that he created was ""dooope"" per my boyfriend. (fyi Leo is from Boulder like me and it's superbowl week ha) He had 2 it was good. I would recommend this place to all my friends.",False,0,0,0,Candice S.,en
887,2014-01-27 14:58:55+00:00,4,"Tapas

Seared Tuna

Short Rib Tacos

Arroz con Pollo

Charred Octopus


Dolci

Flan

Rice Pudding

Another JG restaurant that lived up to its hype.  Stars of the night were for sure the Short Rib Tacos ($10/taco are well worth the flavor that these bad boys PUNCH!) and the Arroz con Pollo which had a perfect balance of flavor and acidity.

Very unique ambiance as none of the chairs or tables or lighting fixtures match which is why it is so unique.  Service was also very good.

I wll be back

Buon Appetito",False,1,0,0,Marco M.,en
886,2014-01-31 00:43:10+00:00,3,"went for sunday brunch.

place was POPPIN.
girls everywhere.
ambience was doing it- nice chandeliers, high ceilings, crazy light bulbs & shit.
felt like we were having brunch with Dracula. 

got a blood mary, good but too much horse radish.
champagne speciality drinks are nothing special & very sweet.
gin & coconut did me good.

we got a few small dishes

pass on the sweet chili shrimp. too much chili & garlic. 
stuffed octopus was a bit rubbery, but is decent at best.
grilled mitake mushroom is murder. melt in your mouth.
saved the day.

waitress was ultra nice.
great vibe.
food is pleasant to look at but so far isn't blowing my mind.

regardless will definitely give this place another shot.",False,2,2,2,Rommo R.,en
885,2014-01-31 10:45:41+00:00,4,"My wife and I arrived early and had a couple of cocktails in the bar. They were really good!

Service was very professional and fast. Food was good but maybe not great.

The ambience is really cool and there is a lot of people, since the restaurants is very big. And that is maybe the thing I have a slight problem with. The restaurant is too big for my liking and it becomes slightly impersonal.

But I would definitely go back",False,0,0,0,Jacob C.,en
884,2014-02-02 16:48:26+00:00,4,"If you are looking for a restaurant with the highest female to male ratio, this is it!
My husband also read somewhere that ABC Cocina was voted best place for female business lunches. 
I would say this is incredibly accurate! 
I was absolutely obsessed with the decor. I've seen this industrialist hipster lux style so many places, but none done so well as here! Barnacles on the wall, loved! The lighting and most everything you see in the restaurant down to the silverware is actually for sale in ABC Home. 
The guacamole with grapefruit chunks was divine, great combo.
Arroz con pollo with lemon zest is pretty basic, delicious nonetheless. 
Tres Leches was very good!
Nice portion sizes, loves atmosphere...definitely go!!",False,4,2,4,Rachel B.,en
883,2014-02-11 23:15:04+00:00,4,"Finally made it to ABC Cocina on a Saturday night. While the food and the atmosphere were both great, I was most impressed by the incredible level of service. When I arrived at the hostess stand a few minutes late and without my date, I was welcomed into the dining room and seated with a cocktail menu to wait for him. Our waiter was very attentive throughout our evening, advising me on which dishes to avoid because i do not like spicy food, and even removing a dish from our bill because it was too spicy to eat. 
Having been to Jean Georges more upscale restaurants, I got the sense that the people at ABC Cocina are trained to the same hospitality standards. I had a great time there and cannot wait to come back for brunch.",False,1,0,1,Tricia K.,en
882,2014-02-13 01:17:02+00:00,5,"Absolutely wonderful meal. Is it my favorite restaurant? No. Would I go again? Eagerly.

Went for a birthday and it was the perfect spot. Attentive service, glamorous ambiance, and innovative dishes. We had the guacamole (amazing), griddled fish tacos, short rib tacos, patatas bravas, and ham and cheese fritters. The meal ended with an herbed blueberry popsicle (good but overpriced) and caramel flan (fabulous). Drinks were good but small.

Highly recommend- and look for reservations about a month out from desired dining date.",False,1,0,0,Sarah G.,en
881,2014-02-14 15:33:34+00:00,4,"Abc cocina review

2/12/2014
Went to ABC Cocina last night. Arrived 15-20 minutes early and still had to wait until 9:15 for a 9 pm reservation on a Wednesday night. Coat check was very gracious about the large roller bag I had on person. The bar is accommodating with transferring your tab to a cars that has the reservation name with no hassle. Order two basil jalapeño margaritas. They were probably the low point of the evening. The basil rim tasted old and rancid. They would have done better muddling the basil into the drink and then doing a different kind of rim. Apparently this is their most popular drink.

Once seated at the banquette we ordered a 31 dollar bottle of Rioja which was very light. Perfect since we ended up ordering a light meal of vegetables mad seafood. The table was set uniquely with a small dark pic flower ( perhaps a carnation ), dish rag style napkins (which would have been perfect had we ordered the tacos), depression glass bread plates ( which seemed to serve no purpose since I neither saw bread and most things were tapa style in which we had another small dish to use for the food. 

We started with an order of the guacamole which came with a citrus salsa that my companion found bitter, I was hoping the would have had the spring pea guacamole but it is obviously out of season for that. For the most part we took recommendations from our server who had excellent taste. It was a little difficult to hear her because the notice level is quite high. There was definitely a scene sort of atmosphere, average age of the patrons was probably between 25-35. Not as many couples as two women or large groups. 

After the guacamole we had the shaved Brussels sprouts salad with Shepard basket cheese and Marconi almonds. The was tasty but could have used a little dressing or fat (oil or pork product maybe) just a little too bright within not enough depth. Even some citrus would have been welcome. Next came my second favorite dish of the evening, the roasted cauliflower with raisins, cilantro and chilies. Not greasy with just the hint of a spicy cheese or aioli (not like on the menu) the cauliflower had a wonderful texture between creamy and crisp. Next came the shrimp with sizzling garlic and chili oil. Much better than the traditional gambas al aljillo you typically get. Much less grease but lightly breaded. I didn't love the flavor but my companion really enjoyed them.

The last two dishes were also in the top three, roasted beets with pimeton, sherry and herbs and maitake mushrooms with goat cheese and Fresno pepper vinaigrette. The beets would have been a little better had they not been chilled. My favorite of the evening though were the mushrooms. Meaty and savory with a tart finish from the pepper sauce and the goat cheese. I could have eaten a whole dish myself but it was the most generous dish apart from the guacamole. If I can find  some of these mushrooms this will be high on my recreate list.

We ended the evening with a glass of sherry and a glass of port. It is unlikely we would return but it was a pleasant meal.",False,0,0,0,Mel P.,en
880,2014-02-16 03:43:34+00:00,4,So glad to see this place open.  I do miss Pipa but glad to see some of the similar menu items.  Great drinks and tapas.,False,1,0,0,Kristy H.,en
879,2014-02-16 18:18:41+00:00,4,"Everything was great, tasy, and wow, super cocktails and sangria to start, we didn't have to wait, seated nicely, nice waitress BUT the noise was so loud we could not talk at all, the environment was so hip and we're in our 60s and felt out of place and the prices ended up being high for the portions, but it was delicious; doubt we'll return cuz of noise, but good.",False,1,1,1,Barbara B.,en
878,2014-02-17 19:53:53+00:00,4,"The service food and staff attitude in this restaurant are great.  Leo the bartender has a great manner and service level. Been here 4 times.  
Better than the attached restaurant - the Kitchen - with service and attitude. 

Thanks.",False,1,0,0,Bill E.,en
877,2014-02-18 14:38:53+00:00,5,Delicious food and great service. Love the atmosphere.,False,1,1,0,laila h.,en
876,2014-02-19 12:13:32+00:00,5,"Loved this place.  Great food, drinks, service and decor.  A great place to go before a fun night out.  

We started with the shrimp with sizzling garlic and chili oil.  It was amazing.  Make sure you order enough for your table.  Very tasty and spicy.  Next came the fish tacos which were outstanding.  Finally, we had the beef tenderloin with the chimchurri sauce which was great.  

Unfortunately that's all the dishes we had as we weren't overly hungry.  I look forward to our next visit when we can try more dishes.",False,2,0,0,David M.,en
875,2014-02-20 15:55:12+00:00,4,"While I went here on an awkward/horrible date, I loved the food and vibe of the restaurant! My date ordered a bunch of small plates - beets, mushrooms, sardines, guac with chips. I know you are thinking ...wth?! I was skeptical too, but I didn't really have a choice as my date assumed I would eat anything he ordered. And as a broke girl living in NYC, I stayed to see what ABC Cocina has to offer. Surprisingly, all the dishes were REALLY good. It has a very hip vibe and a great second date spot. I say second because this meal was expensive and you do not want to waste money on a horrible first date.",False,0,2,0,Alyssa D.,en
874,2014-02-20 16:26:54+00:00,2,"There was huge anticipation on my end. I had tried to go so many times but unsuccessfully to eat here. The bar is always jammed and reservations are super hard to come by. I always suggest this place when I am in the hood in case there is a last minute cancellation or room at the bar. Anyhow, we went on Tuesday. I was amazed that it was half empty but excited to finally eat here. We sat at the bar. Ordered 4 dishes and 2 glasses of wine. The food was mediocre at best. SO spicy that you couldn't taste any of the flavours. We had to eat bread after bread slices just to try to cool down. By the 3rd dish (fish tacos), everything tasted the same. I was super disappointed. Plus, there was some random paper/plastic thing in my drink and the bar tender didn't even bother to comp us or offer anything for the gross thing in my drink. She did offer to replace it in fairness but nothing extra. The 2 stars are because despite the bad food and drink incident, the staff in general was welcoming and nice. I think they were just excited to see people in the resto.",False,0,0,0,suzy d.,en
873,2014-02-20 19:28:26+00:00,5,"Went there for lunch, we asked the waiter to bring stuff without knowing and that was amazing, fihs taco, shrimp, guacamole, cob.....everything was just delicious!",False,1,0,0,Alex P.,en
872,2014-02-24 18:35:54+00:00,1,Everything is great at this restaurant except the FOOD. The food tasted just like Rosa Mexicano 1 block over. The service and cocktails were great. Unfortunately that's it.,False,0,0,0,David P.,en
871,2014-03-03 01:34:59+00:00,5,"Luv luv luv this place.   My new go-to place for any special occasion or if I want to have a fun time out.  I have been there several times over the last few months.  My favourite items on the menu are the guacamole, lobster tacos, patatas bravos, coconut pancakes, and all of the sangrias.",False,0,0,0,Suz I.,en
870,2014-03-05 21:36:53+00:00,4,"My husband and I find ourselves craving the food from ABC Cocina constantly, and love to bring out-of-towners to check it out because it's so much of what people imagine NYC to be - awesome decor, trendy staff, and top-notch cuisine.  The only reason I was hesitant to give 5 stars is because the cocktails, though phenomenal, are quite pricey for their size.  On the menu the cocktail prices seem average for NYC, but the glasses served are extremely small.  

Check out our Food Happy Dance blog entry for more details and photos of the fabulous plates:  http://foodhappydance.blogspot.com/2013/10/abc-cocina.html.",False,0,0,0,Melissa H.,en
869,2014-03-06 15:39:41+00:00,5,"Greatest service. Most inventive pan Latin food. Not straight Mexican but still the mex is legit. 
I love this place.",False,0,0,0,Doug J.,en
868,2014-03-07 14:23:17+00:00,4,"Came here the week after going to ABC Kitchen and loved it just as much!!

I loved my drinks - the Spicy Jalapeno Marg and Passion Fruit Marg. Highly recommend these. My friend got the Hibiscus Sangria, which she liked, but did mention it was fairly sweet.

Our favorite dish of the evening was the FLUKE -- SO GOOD! Everything else was really delicious and we'd recommend: Arroz con Pollo, Grilled Mushroom with Goat Cheese and the Short Rib tacos. 

To us, the drinks were super pricey ($15-18), and we'd probably come back, but limit it to the food so we don't go broke",False,0,0,0,Ting C.,en
867,2014-03-10 14:15:52+00:00,2,"I was very disappointed with my meal at ABC Cocina.  The physical environment is beautiful and trendy.  The whole experience is a scene-y and fun.  The cocktails were weak and underwhelming.  I had a grapefruit margarita which wasn't very grapefruity and small.  The traditional margarita was a little better but not very strong.  Considering the drinks were $15 bucks I would have liked a little more liquor in my drink. 
The food is mediocre and way over priced.  We ordered many of our waitress' recommendations.  The fluke was overly limed and small.  The brussel sprout salad was fine, but I could have made it at home.  The grilled shitaki and goat cheese were good but again I could have made this exact dish at home for 1/4 the price. The short rib tacos were ok and I liked the crunchy onion rings on top, but it didn't make a lasting impression.  
Having eaten at several Jean Georges restaurants, I was disappointed.  The focus here is not on creating high quality interesting food.  It seems more important to everyone to see and be seen.  Ill take my money elsewhere.",False,1,0,0,Ashley A.,en
866,2014-03-11 02:22:16+00:00,4,"I'm unashamedly a Taco Bell fan and I survived college eating Taqueria y Fonda (MoHi pride http://www.yelp.com/biz/taqueria-y-fonda-la-mexicana-new-york-2).  In both locations, you could probably stuff yourself for under $10, so I should theoretically hate a restaurant that serves overpriced latin food by a Michelin-starred French chef?

Against all logic, I love this place.

The tacos were delicious and much bigger than the ones at the other trendy latin food restaurants (I'm glaring at you La Cenita).  The pork tacos were amazing as were the chicken tacos, but beware the short rib tacos, which could be amazing or entirely too fatty depending on the cut of meat.  

But while these tacos were good, the arroz con pollo was the star. Maybe I'm a sucker for fried things, but the crackling skin completely made this dish.  The chicken was tender and juicy, and the lemon zest did wonders to tie all the flavors together, but it was those pieces of crackling skin I was looking forward to in ever bite.  However, as good as the dish is, the portion is deceivingly large so definitely split it.

Atmosphere-wise, this is chick central.  The chandeliers, cutesy decorations and seating makes it a great place to go with a group of your girlfriends.  I think the restaurant has also discovered this as when we went, there was an abundance of cute waiters who were very friendly (to the delight of one of my friends).  I wonder if the restaurant has ever seen a situation a la SATC/Samantha Jones...",True,0,1,1,Alisa L.,en
865,2014-03-11 02:44:56+00:00,3,"This Place is a good date spot if you can get a seat at the bar. Decor and the layout was cool, an open raw bar added a nice touch to it. Food was ok, not bad but not mind blowing either. Overall, a good experience. I'll probably come back because I liked the decor a lot.",False,0,0,0,Jaime A.,en
864,2014-03-12 05:59:26+00:00,5,"This is my first time at the ABC Cocina.  Last visit to NY we ate at the ABC Kitchen.  Both places were excellent.  Slightly different menu but both did not disappoint as far as creative choices.  I read the reviews (some not favorable) but chose this restaurant to treat my sisters to lunch.  We asked our server what she recommended and she was most helpful.  The french toast we had delivered to the table last and it served as a dessert (sort of) and it was sooooo good.  The mushrooms were so tasty, as was the guacamole/chips/salsa, ahi burger (done just right), and the fish tacos with aioli.  Our server said the choices were meant to be shared (which we did), that way we all got to try everything.",False,0,0,0,Bonnie M.,en
863,2014-03-12 15:10:21+00:00,4,"Jean-Georges Vongerichten's latest restaurant took advantage of the location and name of his well-established ABC Kitchen, a strategy that's met with much success. After its opening earlier this summer, it was almost impossible to find a dinner reservation (especially one at a reasonable hour), but within due time, ABC Cocina began offering brunch. When I spotted an available slot on a Saturday afternoon, I immediately reserved it for a group of four. Thus, I found myself heading to Union Square a few weeks later, an area that I've become increasingly familiar with.

Housed in the same building as ABC Kitchen, ABC Cocina has clearly borrowed more than just a name from the latter. The decor has the same whimsical, eclectic element, yet still manages to be elegant; the atmosphere is energetic and lively; and the approach to food maintains its focus on organic, locally-sourced, and seasonal ingredients. Unlike ABC Kitchen, however, ABC Cocina's menu features items that are distinctively influenced by Spanish and Latin flavors. Dishes are meant to be shared, so we ordered a variety of plates for our group.

Guacamole: Earlier in the season, the sweet pea guacamole had been the highlight of the menu, but by the time we made it in, it was no longer available. Instead, the guacamole we ordered came with a sprinkling of sunflower seeds and microgreens, and was served with a side of sungold tomato salsa and plenty of tortilla chips. The guacamole was fresh with just enough acidity, and there was plenty of texture and crunch from all the elements.

Crispy Fish Tacos: The fish can either be crispy (fried) or grilled, but our server recommended the former. It was a recommendation that we were glad to take, however, as these were some pretty delicious soft shell tacos. There are two servings per order, and each comes with a lightly fried piece of fish topped off with a cabbage-chili slaw and a creamy chipotle aoili to add some flavor and spice.

Patatas Bravas: A side dish that's found at almost any Spanish restaurant, ABC Cocina's version comes with a ""spicy tangy sauce"" that bears strong resemblance to the one found on the fish tacos and a thick rosemary aioli. The potatoes were served piping hot and had a perfectly crispy exterior, and were well-seasoned

Cuban Sandwich: A good sandwich is an underrated thing, but the cubano here balances the bread (two slices of not-too-thick, not-too-thin lightly buttered cuban bread) and the filling (layers of ham, roasted turkey, and fairmount cheese) almost perfectly. It has plenty of texture and just the right amount of crunch, and the flavors are a tried and true combination. I wish the pickles had been incorporated into the sandwich, though, instead of served on the side, but it's one of the better cubanos you'll find in the city.

Huevos Rancheros: Two lightly fried sunnyside-up eggs are served on top of several corn tortillas and covered with a thick salsa. This is not a dish I typically order, as it's one of the more simplistic brunch dishes on any menu. The tortillas were a little too grainy for my liking and the salsa needed a little more spice and tomato flavor. Probably not a dish I would order again, especially as it's fairly difficult to share with any number of people.

tl;dr - ABC Cocina serves up a variety of quality dishes that skew heavily towards Spanish and Latin American flavors. While the options are pretty solid across the board, there are some that outshine others. Get a reservation for brunch if the availabilities during the evening are nonexistent; it's worth at least one trip to try it for yourself.",False,9,2,3,Lori L.,en
862,2014-03-13 16:15:13+00:00,2,Over the past 15 years I have eaten at all of Vongerichten's restaurants (except for JoJo) and loved all of them. This one was a letdown.  All the food we sampled was mediocre. Seems to be more for the scene than for the food. Someone should explain the chef how to make a decent fish taco -- the one they have there is just awful.,False,0,0,0,Jojo T.,en
861,2014-03-13 19:42:19+00:00,5,"Came here with a friend after my GMAT class. I looooved it. such a cute atmosphere, and a lot of really good-looking people (yeah, I like that type of stuff). The food was delicious, too, which always hellps!",False,0,0,0,Genevieve D.,en
860,2014-03-17 03:11:42+00:00,5,"Lived up to the hype.  Great dishes including the shrimp with garlic, crispy fish tacos and best of all the short rib tacos.  Flawless service with a killer atmosphere. A definite winner.",False,0,0,0,John O.,en
859,2014-03-17 04:02:49+00:00,4,"When we couldn't get brunch reservations at ABC Kitchen, we opted for Jean-Georges Vongerichten's Latin version at ABC Cocina. According to one of our dining partners, he felt that this was a better meal than he had at ABC Kitchen. 

There's so much to love about brunch here. 

First let's talk about the coffee. They serve it in these fantastic mugs (that my roommate ended up buying at the store...) AND the mugs are accompanied by the most ADORABLE tiny beakers filled with milk. Unfortunately, you may need to chase down a server to get more milk because they're so small but since they're SO cute, who cares? So there's that. I debated getting a cocktail but coffee was far more important. 

Between the 3 of us, we had: 
-cheese board with marconas
-shaved brussels sprouts salad with cheese and marconas
-grilled maitakes and goat cheese
-shrimp with garlic & chili oil
-ham and cheese fritters
-crunchy mexican spiced french toast with roasted apples
-crispy fish tacos
-bravas

Everything was quite good. I mean you can't go wrong with cheese. Ever. (Life rule #1, really.) Fried potatoes - obviously delicious. Sizzling shrimp with garlic and chilies? Wonderful. Those fish tacos? Must get the fish crispy -- at the server's recommendation and she definitely didn't steer us wrong. 

The French toast came last and we sort of treated it as our dessert instead of actually ordering dessert. We were stuffed by this point but we still trudged along. And it was good. So so good. 

Our server was wonderful - she was fun and energetic and she was having a great hair day (she also appreciated us complimenting her about it several times...haha). Coffees and waters were consistently refilled and plates were cleared and refreshed throughout without ever feeling like we were being rushed. 

The decor is fun- exposed brick walls (there was a mini buddha tucked in the wall by our table) and the lighting is gush-worthy. Really interesting light fixtures and cozy seating. I loved it all.

Overall, this was a really great brunch with some really great people. I'd come back here in a heartbeat.",False,4,1,1,Alicia G.,en
858,2014-03-18 21:46:10+00:00,2,"Not worth the money. Mussels did not have enough sauce, therefore no dipping of the bread (the best part about mussels!) and bland mussels in general, plus the were served in a large flat bowl so the got cold quickly. Ribs were just ok. Had a few other in memorable tapas - too many other options in the city for better value. I say skip this one.",False,0,1,0,Danielle W.,en
857,2014-03-19 02:56:36+00:00,4,Great atmosphere. Convenient location for post-soul cycle brunching. The cocktails are delicious! Totally obsessed with the mezcal salmon dish. Reservations are necessary however there is communal seating that fills up fast. Everything I've tried here has been delicious. Tried my friends pancakes and they were everything! So worth it. Highly recommend!,False,0,0,0,Kara D.,en
856,2014-03-25 02:58:06+00:00,4,Arroz con pollo is a must! Place was okay but some of the dishes are hit or miss.,False,0,0,0,Sarah A.,en
855,2014-03-25 14:03:26+00:00,5,"This is my happy place.  Wonderful service, visually interesting (part industrial, part vintage, part country chic) and glowing ambiance.
Now for the food, here are my loves:
Sauteed Mushroom Tacos.  The addition of kale was delightful.
Crispy Fish Tacos.  Perfectly crispy battered fish with some kind of tangy aioli sauce.  I don't even eat fish normally and this is my exception (along with the fishburger at Hillstone).
Cheese Fondue.  Salty, creamy deliciousness.
Tres Leches.  Indulgent ending to a great meal.

Go. Now.",False,0,0,0,Kerry T.,en
854,2014-03-25 15:18:30+00:00,5,"ABC Cocina is so amazing. Everything is seasoned to perfection, fresh, delicious, interesting and different.
I think i like it even more than ABC Kitchen.
Yes, its a hyped restaurant, but its sooooo worth it!
The scene and decor are beautiful, but the food is hands down the star in here.
Charred Octopus is a must, Arroz con pollo is unbelievably yummy, Seabass is great, tacos are all THE BEST. Patatas bravas, etc etc.
Desserts are really good too, the passion fruit sundae is delicious, and the almond cake too. The flan is out of this world.

Can't find any negative thing to say, service is great and prices are okay in nyc standars. 60 u$s per person.

All in all, i think its my favorite restaurant in nyc right now. 
THE. BEST.",False,1,1,1,Delfinne G.,en
853,2014-03-28 01:31:55+00:00,4,"We came by on a Saturday evening at 7pm, and much to our surprise only had to wait a few minutes for a table. The space is beautiful, and somehow feels bigger and more open than Pipa (the previous restaurant in this location). FYI - you can't order food at the counters along the window and by the bar, only at the tables. We sat at a high two top, but there are also communal tables where they seem to place walk-ins. Food is served tapas style but the portions are all pretty reasonably sized. Flavors are a combination of Spanish and Latin American, with a farm to table feel, much like ABC Kitchen. Everything was super flavorful.  Favorites included the raw shaved brussels sprouts salad, mexcal cured salmon, short rib tacos, and the maitake mushrooms with goat cheese. Next time I'd skip the roasted lobster rice which sounded much better than what it actually was.  

Our waiter was really friendly, attentive and helpful in suggesting his favorites. If you can't get a reservation, best bet is to walk in on the earlier side and grab a drink while you wait.",False,2,0,0,Nicole D.,en
852,2014-03-29 18:23:34+00:00,4,"My friend and I arrived around 8:30 on a Saturday knowing that we would be waiting for a while. The decor has been brightened up a lot since it was Pipa, and everything looks very sleek and beautiful. 

We waited for about an hour and a half, so we had a chance to heavily sample the cocktail menu. 

Mezcal and mango margarita - this one was our favorite. I love mezcal, and the mango was a great complement and did not overpower the drink.

Basil jalapeno margarita - This one was great, but a little too sweet for me.

Classic margarita - Loved this one, it was perfectly mixed and not too sweet.

Guacamole - I really liked the grapefruit salsa that came with it. It was spicy and was great when mixed into the guacamole. The chips were also delicious.

Pork tacos - these were delicious and the pork was cooked perfectly.

Black sea bass - this was our favorite. The fish was tender and perfectly marinated.

Patatas bravas - these were good, but nothing amazing. Same as any patatas bravas at other tapas places.

Warm vanilla fritters - these were great, but we felt the food we had for dinner was way better than the dessert.

I would definitely go back to try more of the menu!",False,0,0,0,Carolina N.,en
851,2014-04-04 23:30:27+00:00,1,"Great place, great service, however the food  barely reaches the standards of mexican fast food.",False,0,1,0,Elie L.,en
850,2014-04-06 18:32:07+00:00,4,"I've been here a few times now and while at times it's hard to get a reservation it is well worth it. 

(1) Raw shaved fluke with green chili: dressing is delicious and refreshing. Probably one of my favorite dishes.
(2) Guacamole: A great starter dish with microgreens adorned on the top. Also has a spicy kick to it.
(3) Tacos: I have tried all the tacos here and although they are all great. I have to say my favorite are the pork tacos.
(4) Beef tenderloin: A really great dish the beef was perfect and the chimichurri sauce is delicious!
(5) Shrimp with sizzling garlic and chili oil: Felt like this tasted a bit too asian for my taste.
(6) Maitake mushrooms with goat cheese: This was my least favorite dish. Although the mushrooms were great, I felt like it didn't work very well with the goat cheese and sauce.

The drinks are good but a bit pricey... $15+. The ambiance here is eclectic and hip and the restaurant is very lively. A great date spot! I knocked off a star because the food presentation was nothing impressive, maybe it's part of the ""casual"" feel.",False,0,0,0,Alex V.,en
849,2014-04-07 21:42:25+00:00,4,"The food here is really delicious. I came here for brunch with a big group of friends. The guacamole with grapefruit salsa was amazing. Then, I had the fish sandwich, which was also really good. House rose and sangri carafes made all of us happy!

The only thing was that our waitress was a little bit slow. But I would love to come back here.",False,0,0,0,Austin H.,en
848,2014-04-08 04:35:56+00:00,3,"Yum! Fish tacos and grilled octopus were incredible. Mushroom tacos were good but bit too salty. Potatas bravas super crispy w savory sauce. The maitake mushrooms and goat cheese was great but found a long blonde hair wrapped in it (we're all brunettes). They were really nice about replacing the dish and took it off the bill. Overall, food is great. Where Cocina missteps is in the service. When asking for favorites the server generically said ""everything's good"" and that it's too hard to choose.  With a little more prodding she picked two, but we didn't try either. Our waitress was switched out halfway thru. The new waitress brought dessert menus before we reminded her that we had ordered more (I think it was forgotten about and added only once we reminded her).  The service just didn't feel personal or cohesive. Expect to spend at least $75/pp if you want a fair sampling and a drink. We left satiated but by no means full.",False,0,0,0,Jenna S.,en
847,2014-04-14 14:49:21+00:00,4,"I went there for brunch and I had a good time.
The place is very beautiful and conveniently located in Union Square.
Service is very good.
Menu offers very diverse choices.
Advised by the waiter we ordered two small dishes and one brunch item each, but that was way too much and we only ate half of our brunch dishes.
Food was good but not amazing, a little overpriced.
All in all it's a nice restaurant and I would probably go back with friends visiting the city.",False,0,0,0,Ergodyne T.,en
846,2014-04-17 20:45:18+00:00,4,"Came here after finding a 1 hour and 45 minute wait at ABC Kitchen, so we thought we'd give it a try. The food was amazing and the waiter was both cute and attentive. I had my doubts about the spring pea guacamole, since I am not really a fan of peas, but this was great. The only thing holding back ABC Cocina from receiving 5 stars is the noise level in the restaurant - it made catching up with a friend challenging. That said, I will definitely come back, albeit at a less busy time.",False,0,0,0,J M.,en
845,2014-04-19 18:50:22+00:00,4,"Amazing all the way around!! 

Hostesses were gracious. Our server was ok. Service overall great. The menu is fantastic. Food was amazing!",False,0,0,0,Fuudcritic C.,en
844,2014-04-22 19:57:27+00:00,3,"This restaurant is connected to the ABC Store and offers a moderately priced, casual alternative to ABC Kitchen. The restaurant is very large, with plenty of seating for groups and twos. The plates are innovative and well executed, but small portions. The short rib and fish tacos were fantastic, as well as the fresh guacamole.

The interior is soft and interesting--think high ceilings, low, warm lighting, and unique accents and wall decor, all very much aligned with the soft, sensual style of the store.

The crowd skews much older, with lots of suits. Forget the frills and focus on the creative menu and good feels.",False,0,0,0,Jennie W.,en
843,2014-04-23 20:44:34+00:00,3,"Place is aighttttt at best... We had the sweet pea guac (good), Fluke (sick), and the 
Beef slider taco (mehhhhh).",False,0,0,0,Papi G.,en
842,2014-04-29 14:13:46+00:00,3,"Came here twice and had two totally different experiences.  Dinner -- amazing.  Food incredibly tasty.  Brunch -- meh.  Food really bland.  Sangria was fantastic though, as was the guacamole.  Would stick to the non-brunch menu for outstanding items.",False,0,0,0,P S.,en
841,2014-05-01 13:37:03+00:00,4,"ABC Cochina, is one of many Jean-Georges restaurants in the city. It is an experience certainly worth noting. The food, atmosphere, and service can be described as artsy and industrial. For those who want a special, finer dining experience, consider ABC Cochina on your list. Connected but separated to the ABC Kitchen. The interior of ABC Cochina emanates a unique blend of personality and character. A concrete pillars, overhanging light fixtures, provides a very industrial yet sophisticated and casual environment for any sort of meetup. 

The four of us made a reservation here for a Thursday evening. The restaurant was full and pleasantly packed that night. Our seating arrangement made at a wide, table across from the main bar was perhaps one of the best seats in the house. 

We started off with the sangria strong but still quite tasteful and refreshing. Certainly, it was not as sweet as I had anticipated and more on the tarty side. The guacamole turned out to be an excellent starter. The subtle hints of sweetness contrast to the complex levels of flavor not expected of guacamole.  It clearly demonstrated an influence of modern Mexican cuisine. The Short rib tacos were very delicate, flavorful, and cooked to perfection. A savory dish settled on top of a sauce base, the addition of soy sauce marinated with perfection, again, aroused an unexpected flavor. It was the subtle hints of spice and soft texture of the meat that made the food so much more interesting. An anticipation was being built with each and every bite. What I immediately noted of all these dishes though was the artful, creative, and careful presentation. There was a clear attention to detail that made our meals all the more appetizing and appealing.

ABC Cocina did not disappoint.  Its a splendid addition to the many JG restaurants in NYC.",False,2,0,0,Eric Y.,en
840,2014-05-04 02:29:49+00:00,3,I miss Pipa! Service was great but i wasn't impressed by the food.,False,0,0,0,Iryna D.,en
839,2014-05-08 17:12:32+00:00,5,"Loved this place!  Went here with my boyfriend for dinner & drinks and while it is a bit pricey ($44 for a pitcher of sangria), it is money well-spent.  Our waiter was so sweet and gave us a ton of recommendations - all of which were great!  The short rib tacos were delicious, as were the patatas bravas, spicy shrimp and croquettes.  Highly recommend this to anyone who wants a fun date night spot or a night out with their gf's!",False,0,0,0,Jess C.,en
838,2014-05-08 20:58:13+00:00,5,"I cannot begin to rave enough about my experience at ABC Cocina.

We walked in on a Wednesday night and waited for a table. The bartender who helped us while we were waiting was knowledgeable and allowed us to sample a sip of wine before choosing our glass, something that i always appreciate. When we were seated, our waitress proved to be knowledgeable about every single dish, and was a huge help to us in our ordering. I loved that she told us what would go well together and really recommended things for us based on our pallets; additionally, she didn't force us to over order, as some waiters and waitresses tend to do.

Every dish was cooked to perfection. We had the shrimp with sizzling garlic and chili oil (AMAZING - best dish on the menu by far) the spring pea empanadas (the weakest of the group, but still wonderful), the short rib tacos with frizzled onions (wonderful), the maitake mushrooms with goat cheese (worth getting since you'll never be able to make mushrooms like this at home) and the spring vegetables with brown rice (this is not a rice dish - this is an experience of a garden medley).  

Everything was cooked to perfection, timed perfectly, and a joy to eat. I've never been happier to pay for a meal.",False,2,0,0,Erica G.,en
837,2014-05-10 15:37:09+00:00,5,"Abc cocina is a hipster cave with some serious yumminess. In a nutshell, it never disappoints.

Bf and I walked in around 11:30 and got seated immediately. It's a beautiful day out, so we chose the outdoor seating.

As for food, we ordered the usual. I felt like trying a new drink today hence tried the spicy basil jalapeño margarita... IT WAS AMAZING!!!

The right level of spiciness to pump you up for a delish brunch and also plenty of refreshing flavors to savor.

Big fan! It's a must try drink here!!",False,1,0,0,Stephilosopher Z.,en
836,2014-05-12 00:48:19+00:00,3,"My fiancé and I came in on Mother's Day around 1pm for brunch without reservation. To our surprise, there was a table available and we were seated immediately. However, It took quite some time for our server to come over with the menu. And when he did, he didn't seemed too interested in us. He hurriedly explained the menu and scrambled away. 

Although our server suggested ordering 5-7 plates for the two of us (which I thought sounded a bit ridiculous), we decided on one small, one large, and one masa/rice plate. 

Small - fluke - we counted 7-8 fresh sashimi pieces swimming their chili lime sauce - light and refreshing - perfect way to start a meal! 

Large - tuna burger - tuna was blend and the jalapeño aioli was one dimensional - straight salty. Thank goodness for the habanero sauce at the table. The sesame bun was perfectly toasted tho! 

Rice - arroz con pollo - their signature dish - large enough to serve 3-4 people, thank goodness we stopped at 3 plates because we were stuffed! This was definitely the best dish- the chicken was tender and juicy, the rice was creamy and perfectly seasoned. With a squeeze of lemon and splash of habanero sauce, it was money! Definitely well worth the price! 

I didn't recall our server ever come back to check on us. They did have other servers/busboys come back refilling water. Not sure if we were supposed to get a bread basket too but we did notice every table around us received one. 

Overall 3.5 stars but with meh service = deserves a round down.",True,0,0,1,Wing C.,en
835,2014-05-13 17:07:58+00:00,4,"Apart from being seated late, my dinner here was wonderful.  

Service - I went here for a friend's birthday with a group of 10 and the staff was amazing.  Our food flowed at a great speed and our drinks were refilled right on time.  No complaints.

Food - We started with the spring pea guac and the shaved fluke.  Great flavors in both.  We then moved to the pork and short rib tacos.  Both were good, but the pork was better.  We also had the patatas bravas and a rice dish.  These weren't bad, but not revolutionary.  There was also grilled octopus.  That's a favorite of mine in general and I usually order from any menu that crosses my path, and this one did not disappoint.  By the time we reached dessert, I could barely take a bite from the vanilla fritters, but I was sure glad I did!

Ambiance - The décor here is on point.  The different lighting fixtures really set the tone.",False,0,0,0,Marina M.,en
834,2014-05-21 12:50:30+00:00,3,"I have now been to the restaurant several times and have decided I probably wont be returning. It is a very beautiful establishment, but most of the items are simply ""okay"" with a select few dishes that stand out. So for example, my friend and I had about six tapas-- only really enjoyed two. The service definitely is non existent. No one treated us in a rude manner-- but no one returned to our table to make sure we were content.",False,0,0,0,Daniel W.,en
833,2014-05-21 13:22:11+00:00,4,"I liked ABC Kitchen, so I was excited to try the new restaurant by Jean-Georges. Food was okay - nothing blew me out of the water. EXCEPT FOR THE GUAC. 

MUST ORDER: Spring Pea Guacamole 

It is by far the best tasting guac I've ever had in my entire life. It's salty with a kick to it and the peas do a great job balancing the flavors. and the tortillas that come with it is just fantastic. perfectly cooked with the right amount of crunch. you just have to try it.

the dish was so good I honestly don't remember what else I ordered. Other dishes were just 3/5 for the amount of hype around a Jean Georges restaurant, but the guac should have it's own rating system. That's why they get a 4/5

service was nice too. we walked in without a reservation and they managed to find us a seat. waiters are friendly, but their recommended portions are kinda off.",False,2,1,0,Brad P.,en
832,2014-05-23 15:15:19+00:00,5,"Okay, how this place only has like 190 review is beyond me. This and ABC Kitchen are both of my favorite restaurants in the city- the decor, the food, the ambiance, everything. 

so ABC cocina has a more Spanish twist on the food (as implied by the name). its also a open kitchen style, which means food gets served as they get made. 

I've only been here for brunch, so cant vouch for the dinner, but its blown me out of the water almost every time. the first time i came here i was so incredibly hungover, and usually when im that hungover i dont like to eat any solid food, but everything that was served was so good i actually couldn't help but devour everything. some must try food items here:

- guac and chips. I know it seems so standard and something you can get anywhere else-- but NO. seriously, when i looked around me it looked like every single table had a order of this so i figured i couldn't go wrong with this order. i love avocados and this totally lived up to my expectations. SO fresh, and the flavors were so balanced. ugh. i wish i could just pick up the guac and chips here whenever. 

- shrimp with sizzling garlic and chili oil. you better not come to ABC cocina and walk away without ordering this. again, not to be underestimated at all. the chili oil is absolutely fantasticccc. dip some warm bread in there and youre basically in brunch heaven (even for someone like me, who hate salty foods as a first meal of the day). 

i would totally come back to try more of the stuff on the menu- everything here is delicious (tacos are great-- kinda small in portion, though) but the two dishes mentioned above are just out of this world.",False,1,1,0,Katherine W.,en
831,2014-05-26 00:38:07+00:00,5,"Fantastic food and whimsical NYC ambience. The setting and decor of the place is charming and trendy. Great place to people watch and enjoy tapas-style American/Latin fusion food at its best.

We had the Spring Pea guacamole (brilliant) and the grilled maitake mushrooms with goat cheese. The Arroz con Pollo was perfection with the crispy chicken skin and buttery indulgent spiced rice.

Will be back.",False,0,0,0,Janssen W.,en
830,2014-05-26 01:33:36+00:00,5,"Spacious dining room (with outside seating) and beautiful decor. 

House made sodas - prefer ginger lime (sweeter) to rosemary lime. 

Get the guac - flavorful with a little spicy kick, warm chips. Pickles are yummy from meat board, fluke had good flavor and was fresh, asparagus salad well dressed. 

Spicy beef empanadas had good filling and crust with just enough spicy, salsa compliments perfectly. Mushroom tacos had pronounced mole flavor and chicken tacos were delish with fried chicken skin. Arroz con pollo although lacks some spice complexity has good chicken flavor and crispy chicken skin adds texture. 

Service is pleasant and efficient.",False,0,0,0,Thy L.,en
829,2014-05-27 20:36:50+00:00,2,"A disappointment. I've now been 3 times and each visit was pretty awful.
 
Cocktails: horrendous. Either overly sweet or totally acidic with no sugar element. Food was barely better than mid-range Chili's or similar right-off-the-freeway Ameri-Latin fare. Spring pea guac was bland and uninteresting and not terribly fresh-tasting for something touted as aggressively seasonal, tacos were greasy and oversalted/underseasoned and octopus was oily and average -- orange grease on wilted mixed greens with some fried potato nubbin. Nothing I tried was actually good.

The service is also really phony and hyper and disingenuous. Total amateur night. You almost expect them to say, ""Hi! I'm Brittnee, and I'll be your server."" They walk you through the ""concept"" in a condescending way, as though small plates is such a revolutionary paradigm shift. And a friend ordered the cheese plate -- the lame, amateurish waitress explained that we should look at it as a cheese flight, and then proceeded to tell us the order in which we should sample the cheese. I mean, there were only THREE cheeses. Not to mention the fact that they were the most humdrum, pedestrian cheeses ever (something like blue, manchego and brie). Yeah -- thanks for the tip, Brittnee.

ABC is obviously a brand that carries a lot of weight with people willing to overlook subpar quality and annoyingly clumsy service in a very loud (but not buzzy in a compelling way) and suburban-looking room.",False,0,0,0,Willa C.,en
828,2014-05-29 03:53:23+00:00,4,"KenScale: 8.0/10

It's been around a year since my list visit to ABC Cocina. I've been meaning to re-visit the restaurant and try other dishes but obviously New York dining scene is so hectic that I always kept updating the list of new restaurants to visit (it didn't help that ABC Cocina is still a hot spot in NYC where getting a reservation can be pretty difficult). I finally was able to visit again and really liked everything that I ordered.

Florida white shrimp in ""agua diablo,"" banana and almonds was a pretty unique dish with ingredients that somehow worked pretty well, I liked the spicy kick combined with the sweet flavor of banana. Spring pea empanadas with green chili yogurt was pretty tasty, as was sautéed mushroom tacos with cashews, mole, kale and lime. While both looked like typical Mexican staples, their flavors were anything but, especially the mushroom tacos that I wish I could get more of. Black sea bass marinated with tamarind and thyme showcased the breadth of global influences infused in restaurants of Jean-Georges Vongerichten, with a hint of Asian flavor that worked very well. While I wish the rice was a little but more on the crispy side, arroz con pollo with crackling skin and lemon zest was a hearty dish that I kept eating no matter how full I was. For dessert, I had popsicles with hibiscus, caramel apple and chocolate coconut flavor. I didn't realize how delicious popsicles could be, and was a huge fan of all three flavors.

The restaurant is still one of the more popular places for young crowds, with sexy décor and vibe that is ideal for casual dinners or dates. The restaurant has a full bar with a variety of wine and cocktail selections, but with the summer approaching, I highly recommend sangria (definitely one of the better ones in the city). When a star chef like Jean-Georges opens up multiple restaurants, there's always that risk of declining standard that can haunt an individual restaurant. I'm happy to report that ABC Cocina, one of the hottest tickets last year in the NY dining scene, is still going strong with outstanding dishes.",True,0,0,0,Ken S.,en
827,2014-05-29 21:32:36+00:00,5,"One of my favorite restaurants for both brunch + dinner. Highlight of both meals was the chipotle chicken tacos (perfect level of crunch and spice), followed closely by pea guacamole, beef empanadas and crab fritters. The chicken rice was the only thing that was not my fave, was a tad too sweet for me (but it does allude to the sweetness in the description to be fair).",False,0,0,0,Sabrina H.,en
826,2014-05-30 13:39:02+00:00,4,"We came to ABC Cocina for lunch on a weekday.  There is a prix fixe lunch menu but we decided to just order a few plates and share everything.  We ordered 4 plates for 2 people but we actually would have been fine with just the first 3 small plates!  The food was on the heavy side and very filling!  A surprise for a JG restaurant!

mezcal cured salmon, cucumber-yogurt relish and golden potato flakes 
- so fresh and delicious, I definitely recommend!

charred octopus, crispy potatoes, paprika and herbs 
- amazing and they don't skimp on the octopus!  very filling

patatas bravas, spicy-tangy sauce and rosemary aioli
- classic tapas dish and so good here, the potatoes were the most perfect level of cripsy

huevos rancheros, farm eggs, fresh corn tortillas 
- not so amazing and did not need to order this as we were full from the first 3 plates

Overall, really delicious and perhaps the small plates are better than the mains.  In addition, I really liked the atmosphere and decorations with chandeliers.",True,3,0,1,Lissa B.,en
825,2014-06-02 01:11:30+00:00,5,Absolutely amazing experience. The service was great and the food was spectacular! My only suggestion for the servers is to refill your drink after they take it. I had to ask 4x to get a refill of ice tea. We had a spicier dish and my mouth was on fire. Other than that I wouldn't hesitate on coming back this restaurant. The ambiance is great for a lunch with a group of girls or even a date!! Very cute!,False,0,0,0,Amber L.,en
824,2014-06-02 16:54:31+00:00,5,"This is absolutely one of my favorite places in NYC. The food is to die for- full of flavor, the staff- so helpful and friendly, and the decor / ambience is beautiful! Highly recommend it- only difficult part is getting a table!",False,0,0,0,Indu K.,en
823,2014-06-02 20:38:04+00:00,3,"This place is absolutely stunning. I think it is worth going here just for the decor and the atmosphere. However, the food and the prices do not match up. You're really paying for the stunning decor and good (not excellent) food.

I tried:

Cured meat board- nothing special
Patatas bravas - roasted potatoes with aoili... nothing more than that
Short rib tacos - my favorite item

Service is fine.",False,1,1,1,Andrea Z.,en
822,2014-06-03 22:32:47+00:00,4,"I came here for Brunch on a Sunday with my friend.  I was very excited to try ABC Cocina, and the food did not disappoint.  We had a reservation and were seated right away.  However, we didn't get service for a while... probably close to 10 minutes, which I thought was a little strange.  When our server did come over, she was very friendly and very knowledgeable about the menu which made up for the wait time.  Service overall was kind of slow, though.  Took a while to get drinks; and because everything is meant to be shared, they bring out one plate of food at a time.  The decor of this place is awesome.  My friend and I kept pointing out the interesting pieces on the walls and we really liked the light fixtures.  

Okay, on to the food... We started off with the mezcal cured salmon with cucumber-yogurt relish and potato flakes. SO GOOD!  The salmon itself was delicious and the cucumber-yogurt was perfect.  It also had a slight kick to it, which was interesting and complimented the coolness of the yogurt perfectly.  Next, we had the crispy fish tacos with aioli and cabbage, which were delicious.  These were really spicy- a little spicier than I was expecting, but still really good.  The sweetness of the cabbage went really well with the spice and the fish was cooked perfectly.  My friend had the crunchy mexican spiced french toast with mangos, which she really enjoyed.  It was crunchy on the outside and really moist on the inside.  The mangos went really well with it.  I'm not a huge fan of sweets for a meal, so I had the huevos rancheros.  So, so good!  The black bean avocado salsa they are served with was so delicious that I probably could have eaten that alone.  I also really enjoyed my grapefruit margarita- it went well with all the spice.

Prices are a bit higher than average, but you really do get what you pay for.  The food is absolutely delicious and you can tell there is a lot of thought and care that go into the way it is prepared.  I definitely plan to stop in for dinner and would love to return for brunch.",False,0,0,0,Kristina D.,en
821,2014-06-04 06:16:21+00:00,4,"Perfect place for a Friday evening! 
I live in San Diego, so I get lots of guacamole to eat in the heart of Old Town Avenue, but the guacamole I had at ABC was very different. The flavors melted in my mouth! 
All the dishes we ordered were delicious, but my favorite was the black sea bass marinated with tamarind and thyme. It was not too tangy, the fish was not chewy or smelly, felt fresh. I also loved the chipotle chicken tacos...surprisingly they were much better than the local tacos I get in San Diego! 
Service was great, not too nosy, not too pushy. We got our space and food came out at the right time. Drinks were good too, but the food was better!
Overall a great place! (oh yeah always make reservations!)",False,0,0,0,Trupti K.,en
820,2014-06-07 15:25:51+00:00,5,"Had an absolutely top experience there yesterday. Surprisingly enough we got seated right away, rare on NYC and JGV other restaurants.

Had Oyster, tuna sashimi, calamari, beet salad, grilled mushroom and chicken taco and everything was perfect.

The Jalapeño and Basil Margarita was delicious.",False,0,0,0,Mikael O.,en
819,2014-06-10 06:07:38+00:00,5,What a fabulous restaurant! The seasonal menu is superb.. all of the tacos are worth trying. The housemade habanero sauce is outstanding I wish I could take it home. The drinks are fabulous and the service.. couldn't get any better. I absolutely love coming into Cocina!,False,0,0,0,Grier M.,en
818,2014-06-11 20:35:59+00:00,3,"Walked in on a Thursday at 7, and there were ~7 seats open at the communal table. The downside of the communal table is you can't help but hear the other people pretty clearly. The two men across from us started hitting on the two women to the left of us. Somehow their conversation turned to Viagra/cialis #middleagedproblems?

Unfortunately, we weren't really hungry and didn't explore much of the menu. Wasn't in the mood for guac (I can't believe I just wrote those words), so didn't try the oft lauded spring pea guac. Started off with the jamon iberico, which was fattier than usual. The beef and celery root empanadas were good, though they came out lukewarm. I was disappointed by the maitake mushrooms. I didn't realize it would literally be three pieces of mushrooms with a glob of cheese in the middle. The desserts didn't look appetizing so we ended up going to Shake Shack for a concrete haha.

Decent service, cute/sceney atmosphere. Wasn't too impressed with what we ordered, but wouldn't argue against coming back.",False,1,0,1,Eva W.,en
817,2014-06-11 22:38:42+00:00,3,"Although still worth the time, it's not that special and the Mexican-blend of dishes wasn't that great to eat. It's especially harsh when ABC Kitchen is right across the street and with better offerings.",False,0,0,0,Dan M.,en
816,2014-06-13 19:45:37+00:00,2,"I never write any reviews but I was so disappointed when I went here last night that well here I am. 

I give them two stars because of the decor and ambiance, and some dishes like the patatas bravas and chimichurri steak were very good. 

Service however was terrible, the waitress and manager were borderline rude. The salmon, tacos and empanadas were beyond spicy we couldn't even taste the flavors anymore. It was almost painful and ruined our taste for the other dishes we ordered after that. I pointed out to the waitress that those dishes were way too spicy to enjoy, and she didn't offer to take them back or replace them, which I would think would be the correct thing to do. She could've also warned us they'd be that spicy. Anyway, we let that go and after that my friend accidentally spilled his drink on his plate. The waitress helped us clean it up and I asked her if she could replace his dish since he had barely tasted it. She came back and gave him a clean dish with nothing on it, and a menu for him to order something new. I got up and to speak to the manager to explain the situation, very nicely, I wasn't complaining as it was our fault we spilled the drink. She however pointed out to me he spilled the drink so it was our fault. I almost laughed out loud. Even McDonalds replaces your drink when you spill it. Accidents happen, and I'm sure a nice restaurant like this could afford to replace our dish, specially since we had ordered so many other plates and drinks. They obviously don't know a thing about customer service and don't care about making our dining experience pleasant. I would not go back, it's not worth it, and there are far better places that treat their customers with more courtesy.",False,1,0,0,Nicole V.,en
815,2014-06-13 20:18:12+00:00,5,"Amazing Decor, Exceptional Service, Delicious tapas. 

Had the following items
Cheese Plate w/ almonds - only wish they gave you more cheese
Guacamole with Spring Peas - So creamy with a distinct brightness from the peas
Grilled Beet Salad - honestly didn't realize you could grill beets to such a buttery consistency. Amazing.
Fish Tacos - best tortillas I think I've ever had, and I've lived in California for 15+ years!
Arroz con Pollo - This was the only dish that wasn't all that I expected. It was very tasty, don't get me wrong, but just didn't live up to my expectations. Also, our server was great and warned us that it would take the longest (35-45min) and be the largest dish. I guess I expected the extra time to infuse more flavor. 

I would have liked to give it 4.5 stars because here's a couple reasons why it wasn't perfect.

First, We had a great bottle of sparkling rose that is generally only offered by the glass so took a bit of wrangling to find out the price. 
Second, it's quite loud. We were there on a Monday night so wouldn't have expected it to be so noisy. I guess it's pretty popular.

All in all, I'd definitely go back to try more. The menu is quite extensive and I love eating tapa style with my friends with good wine and great conversation.",False,0,0,0,Chantelle R.,en
814,2014-06-16 02:18:51+00:00,5,"It you want to treat yourself, head to ABC Cocina.  The ambiance and decor is beautiful and makes me want to come back over and over again.  I think this place holds a special place in my heart since I was there when they received their new york times review and the whole place went crazy.  They served free champagne and placed ""Celebration"" by Casey and the Sunshine Band over the speakers.  I feel like I'm a good luck charm for this place.",False,0,0,0,Minerva M.,en
813,2014-06-17 21:15:27+00:00,4,"My wife took the family here for brunch on Father's Day this past Sunday. Here's the scoop.

The best part of our meal was the appetizers. We ordered a maitake mushroom dish with goat cheese that was outrageously delicious. We also ordered salmon in a spicy yogurt and cucumber sauce that was pretty good.

For the entrees we ordered fish tacos - which were just ok - and one of my favorite breakfast dishes, huevos rancheros.

I was really looking forward to the huevos rancheros. Unfortunately, the dish I had at ABC Cocina was very subpar. Usually this dish is served with cheese and warm beans. Instead, ABC Cocina's version was an egg dish similar to shakshuka with a small bowl of a cold bean salsa on the side. The combination was weird and it didn't work. 

However, our waiter gave us a complementary side of mushroom and kale tacos. This free dish was really good and a pleasant surprise.

I was very tempted to give this restaurant 3 stars because the main dishes were so mediocre, especially considering the price. However, the decor was really cool and the staff was very nice. Furthermore, the free mushroom tacos were a nice treat. Therefore, I am grudgingly rating it 4 stars.

We will probably return to ABC Cocina again at some point but we will order differently.",False,0,0,0,Steve K.,en
812,2014-06-18 14:43:45+00:00,5,Love this place! Great ambiance and service.  The whole experience was enjoyable.,False,0,0,0,Tatyana D.,en
811,2014-06-19 00:41:19+00:00,2,"This doesn't compare to Jean Georges' ABC KITCHEN. Henrik the ""assistant"" was amazing, our waiter - not so much. 
They forgot one of our dishes and charged us for something we didn't order. 
The food, extremely spicy. Beware.",False,0,0,1,Dean S.,en
810,2014-06-19 17:07:57+00:00,4,"Just ate here for the third time in a month!! so good! Their food and service are literally perfection, Really fun experience!",False,0,0,0,Henri C.,en
809,2014-06-23 16:53:35+00:00,2,"Slow service, extremely spicy food, 3/4 full $15 drinks.  This restaurant serves a small plates menu that comes out in the order which they are prepared, however when you get a side of rice served as the last course 10 minutes after everything else it's pretty disappointing.  While the decor and atmosphere were very nice and the reason for my two star rating, the food and drinks were definitely overpriced and really nothing special.",False,0,0,0,M M.,en
808,2014-06-27 01:02:36+00:00,5,"The short rib tacos are IMO the best dish ever -- like grandma used to make, if she were Polish by way of Mexico.  Grapefruit margarita, guacamole, mezcal cured salmon (fabulous -- comes from same lineage as the SRT's).  Arroz con pollo to die for.  Don't know what warm vanilla fritters have to do with this theme but I wasn't at all sorry I ordered them, not in the least.  And the churros.  And, and, and . . .",False,0,1,0,Robert C.,en
807,2014-06-27 04:06:13+00:00,3,"Had a very big reservation mix up which soured the mood. Was originally supposed to eat at ABC kitchen but was instead dumped at ABC cocina last moment, where my friend and I had to sit outside in the freezing cold while there was the world's largest police chase going on for about an hour. The food was really good though. We particularly enjoyed the chicken onion stew. The octopus was horrible. If you love yourself, don't order the octopus. Why 3 stars then? The host at ABC cocina (not kitchen) was plain awful. I don't are how big your fake smile is. You are awful to the point of rude.",False,0,0,0,Lucy C.,en
806,2014-07-01 06:23:55+00:00,5,"I loved everything about this place. The chips and guac are wonderful--among the best I've ever tried. Every plate is packed with carefully chosen flavors, but not overwhelmed. The empanadas, the chipotle chicken tacos, the chorizo, the sugar snap pea salad--all wonderful as well.",False,0,0,0,Nicole S.,en
805,2014-07-02 14:13:24+00:00,4,"There is magic in the air, created by decor (dreamy purple walls with seashells and glass bottles) and unique spices, loved the guacamole with fresh peas, maitake mushrooms, was less impressed by the octopus salas, perhaps due to being sploiled by the char-grilled Turkish versions of the dish. The mango and hibiscus sangrias were very flavorful, ended up combining the two and making our own cocktail. In my opinion ABC Kitchen wins the food category, Cocina takes the dreaminess, JoJo is the place for reminiscing over dessert in an townhouse of memories. Cannot wait to explore the rest of Jean - Georges' creations, each restaurant has been a treasure so far",False,0,0,0,Nana K.,en
804,2014-07-04 04:28:46+00:00,2,"So overrated!

Nothing we ordered was worth writing about. That mediocre. Some of the dishes were incredibly salty. 

Too bad, I really was looking forward to this place. Will never go back.

BUT! I did spot a celebrity, and I guess that's all a restaurant like this is good for.

NOTE: I do love ABC Kitchen. Incomparable.",False,0,0,0,Anita O.,en
803,2014-07-10 01:23:55+00:00,4,"I am in love with ABC Kitchen so I naturally believe that ABC Cocina is going to deliver. You do have to try a little harder to find this restaurant first because it is literally hidden by the ABC Kitchen! It has a nice open design with funky pipes on the ceiling and beautiful people dining here. 

I was here for the food of course and I didn't know it was tapas style Latin fusion cuisine. Nevertheless, I was happy with my food choices. We got their Guacamole with peas and it was filling and fresh because the peas add a unique flavor to it. In addition, their sausage stuffed octopus with chickpeas are spicy and tasty. For entree, I had the Blackened Fish Taco and it is amazing. It comes in two and they are deep fried so you should be getting some nice calories there. If you wish to eat healthy, you can go for the grilled version. My dear friend had their coconut banana pancakes and that was absolutely amazing too. She can't even finish the whole thing.",True,1,0,0,Athena C.,en
802,2014-07-10 21:05:22+00:00,3,"Over-rated. I love ABC Kitchen, but ABC Cocina is not a patch on it - food is ok, but you can get similar food in other decent restaurants and service that is actually worth the price too.",False,0,0,0,S B.,en
801,2014-07-10 22:14:23+00:00,4,"Really an interesting menu and unique space.  Our New York attitude server bought down the rating at least 1 star, she was kind of a jerk.  We came in for lunch and asked her questions about the tapas menu and we got vague answers with attitude.  In the end I order the cubana sandwich and my wife ordered the mushroom tacos, tacos were stellar, Cuban was fair at best.

We see no reason to rush back",False,0,0,0,Andy K.,en
800,2014-07-11 13:21:05+00:00,3,"Maybe I've been hanging out almost exclusively in bk for too long, but as my friend nicely put it- you walk into this place and feel like a f*ing troll. Very sceney.  Manhattan young wheelers and dealers and models sceney. I can appreciate the decor- which is in line with ABC's (the furniture store) aesthetic- shabby chic/glam. But combined with the loud clubby music and the crowd, the place pretty much feels like sceney club. Overall, the food, drinks and service are good, but none of it justifies the prices. 

The highlights were the sweet pea guac (the added slightly crunchy texture and subtle sweetness of the sweet peas is a nice deviation from the traditional guac), the crispy fish tacos and the short rib tacos. The tacos (minus all the toppings) were on par with some of my favorite local joints. My main complaint with these particular ones (other than the 15 to 30 bucks for 2 tacos price tag) is that there's just too much stuff going on. The fish tacos, for instance, came with a spicy aioli, cabbage chili pickles and cilantro- the toppings were each fairly potent and together overpower the fish. Keeping it simpler would've allowed fuller appreciation of the fish. 

The arroz con pollo is definitely worth getting if you're looking for something heartier and if you love rice. The moist rice was soaked in the delicious sauciness of the chicken and was definitely the best part of this dish. The chicken itself unfortunately was more inconsistent- while ABC is generous with the amount of chicken, some pieces were more tender/dry than others. The ""crackling"" skin was frankly a bit dry and hard. I was originally anticipating something between what we got and the skin on a nice rotisserie chicken.

The charred octopus literally came with like 5 small pieces of octopus and some small wedges of potato. The combo of the charring and the vinegarette they used weren't my favorite. Something to skip in my opinion.",True,0,0,0,Jen H.,en
799,2014-07-11 17:21:46+00:00,4,The food is always SO fresh and flavorful!! I love the tapas style because you have the opportunity to order a handful of authentic Spanish dishes!!! The Basil Trimmed Margaritas are my favorite. Also a perfect spot for a fun & festive date! I don't think I could ever get tired of this place.,False,0,0,0,Yvonne G.,en
798,2014-07-13 21:50:04+00:00,3,"3.5 Stars

I was very much looking forward to my experience here given that I made a res over the phone exactly a month in advance (impossible to get a res via opentable). The restaurant is very pretty inside with little lights hanging from the ceiling. If you don't like spicy food, don't come here. I felt that almost every single thing we ate here was pretty spicy! Here were some notable dishes that I would eat again:
-Guac
-Griddled Fish tacos
-Chipotle Chicken Tacos

Items I would skip:
-Grilled Maine Lobster 
-Black Sea Bass
-Octopus

For the dessert, both the warm vanilla fritters and the tres leches cake were both just okay. I am a huge fan of the chef Jean-Georges and would say his restaurant Nougatine is on a whole different playing field and is one of my favorite restaurants in the city. ABC Cocina was decent but not incredible.",False,2,0,0,Leslie H.,en
797,2014-07-14 11:37:07+00:00,3,"The food here is good, it really is.  The caveat here, in my mind, is that when you pay what you're paying, you expect a dash more of something on the plate.  I once ordered their pulled pork sandwich and, despite its small size, it was the only thing on this massive plate in front of me - awkwardly imbalanced.  

The tacos were fantastic (better than that sandwich!), but again, it felt a bit on the light side.  Not that a light lunch is bad, it's just not what you go pay $20 for.

The margaritas here are also pretty solid.  There's really no going wrong with grabbing a couple of those along with your skimpy, pricey sandwich.  Try at least once, I'd say.  This is not the hottest lunch spot for the budget conscious by any means.",False,2,0,1,Marcus Z.,en
796,2014-07-14 18:24:00+00:00,5,"Went to ABC Kitchen for my birthday dinner and fell in love! The food, the service, the ambiance, everything about this place was great! 
We order a bunch of plates and shared everything among the 3 of us. Some of my most favorite dishes were the shrimp with garlic and chili oil, the calamari, the fish tacos and finally the short rib tacos (most favorite plate!).

This place is amazing and can't wait to plan my next dinner trip to ABC Cocina!",False,0,0,0,Mary D.,en
795,2014-07-16 19:32:39+00:00,5,"I was visiting here from SF, and it was fantastic! Sat by the window, enjoyed people watching and eating great food! The bbq ribs and lobster rice dishes were to die for!! Honestly, my friend and I probably ordered more than we could handle, but just thinking of being  able to eat the leftovers later was even better! Drinks were yummy too - the ""yellow card"" in honor of the world cup was delicious! Try it if they still offer it!",False,0,0,0,Noriko J.,en
794,2014-07-17 15:18:27+00:00,4,"I like the concept of tapas hence like to explore all these places.
We ordered the fluke with green chili dressing which was surprisingly good. Then we ordered the crab fritters I really liked this. The sizzling shrimp this was great too. Octopus - this was ok, not great. Short rib tacos - you won't find it any special if you live in California. 
Finally for dessert we got the tres leches cake- again I've had better tres leches elsewhere.
The ambience was very different it had these pretty chandeliers and lighting and then this abandoned factory warehouse look both going  at the same time.
Service was good.
We paid ninety five dollars plus tax which made it over hundred.",False,2,1,1,Amrita G.,en
793,2014-07-19 18:15:58+00:00,4,"Came here for a farewell dinner with two of our good friends leaving NYC for Cali. Getting reservations was a bit of a pain (you have to give your cc number), and also surprising once we showed up Sunday night and realized that half the restaurant was empty! 

The four of us shared the tapas style dishes: We started with the fresh guacamole, which had a surprising kick to it and one of the salads. Arroz con pollo was the heftiest dish and delicious. I loved the short rib tacos, but at only 2 tacos an order, felt a bit steep in price. The charred octopus was so, so good and I'd definitely recommend it!

We finished up the meal with the soft and crunchy almond cake.

Delicious meal, and very nice ambiance and service.",True,0,0,0,Tiffany L.,en
792,2014-07-19 19:50:21+00:00,4,"Innovative menu that tastes great,  thanks to the superior quality of ingredients.  Tad fancy,  and the prices reflect that. 

We enjoyed the Latino/ Spanish twist on NYC brunch favorites.  Tapas style portions mean you can order 4 odd dishes for a table of two. Delicate flavors,  low cal cooking,  plenty of vegetarian options. We loved the sweet pea guacamole,  pastry basket,  the chicken-rice (Arroz con Pollo) and eggs benedict. 

Lovely ambience.  ABC store's design sensibility makes this restaurant very good looking!  Nice warm service too.",False,0,0,0,Ruchika K.,en
791,2014-07-19 22:47:03+00:00,2,"Food was great. Unfortunately, it's one of those places that they request that you place the entire order at once. But, that also means that your are going to be in and out (even with 8 courses) in 45 minutes. Despite our waiter's statement that some of the dishes take 45 minutes to cook...  #notworthyourmoney @servicedisaster",False,0,0,0,J D.,en
790,2014-07-20 00:08:36+00:00,2,"2.5 stars

I wasn't impressed whatsoever with both the food and the service. 

First, my beer had a hair in it, so I asked the server to bring back a new one and she did without any argument. However, when someone's hair is in a customer's food, the least you can do is APOLOGIZE! That's disgusting. Second, all the food we ordered was mediocre; they're all very tolerable dishes, but nothing wowed my taste buds. Out of all the things we ordered: sweet pea guacamole, fluke with green chili dressing, patatas bravas, crab fitters, fish tacos, there was nothing that made me want to come back for more. 

I would say if you do want to come to ABC Cocina, come with low expectations then maybe you'll be satisfied with your meal and overall experience.",False,0,0,0,Delia H.,en
789,2014-07-21 18:19:15+00:00,4,"Is it worth the hype?  Absolutely, positively yes!

Most importantly, I have to say that their drinks are very strong.  They are delicious and pricey, certainly, but, very strong!  So you are getting every penny's worth for the high price tag.  I ordered the Strawberry Fields as I was waiting for my friend.  Delicious, expensive at $14, and strong.  At dinner, we ordered a carafe of the mango sunrise sangria.  Unbelievably delicious and - yes, again - strong.  

The food was delicious.  We ordered the sweet pea guacamole because it had such great reviews.  And it lived up to our expectations, and exceeded them.  The sweet peas gave the spicy guac a crunchiness.  

We also ordered the patatas bravas - which are my favorite at any tapas establishment.  The potatoes came out incredibly steaming hot, but although the flavor of the potatoes themselves were not that interesting, the crema and barbecue sauce it came with was amazingly delicious and made a generic dish very interesting.

I ordered the short rib tacos.  I can't add much to what everyone else has said about how good these are.  So I will just agree that they are delicious and very tasty in my mouth.  My friend wanted the fish tacos and was disappointed that they weren't available when we went.  Instead, she ordered the crab and corn fritters.  She said they were amazingly delicious.  I can't say b/c I don't eat seafood (remember?!).  

We ordered two desserts:  vanilla fritters and tres leches cake.  Just damn good.  I loved that the vanilla fritters had gooey vanilla spilling out of it when you bit into the fritter.  The tres leches cake was nice and light.

The service was excellent.  I got way too drunk because the drinks were so strong - I wasn't prepared or expecting that - and ended up not feeling well.  The waitress was so nice to bring me a very large, pretty plastic cup filled with water and lemon, with a straw, for me to take it with me so that I could feel better.  They didn't even rush us out once it took me longer than necessary to wrap up b/c I wasn't feeling well.

I'd go back in a blink!",False,1,0,0,Jenn A.,en
788,2014-07-23 00:15:57+00:00,5,"Went here for my 21st birthday dinner. Had heard and read other good reviews, so was going in confident. When you walk in you are greeted with a hip and fun atmosphere. The restaurant is very loud, but that never bothers me. 

I love tapas style and shying plates, but it is sometimes hard to find tasty dishes that are both exotic but not too out there. We had the octopus and sweet pea guacamole and a chicken dish that was very tasty, we got about six dishes for 3 people and it was the perfect amount.

Fast and quality service, and a great bar. I would definitely go back and recommend to friends!!

Next I have to try Kitchen, which we could see through the wall in the back, very cool design!",False,0,0,0,Daniel G.,en
787,2014-07-23 01:11:26+00:00,5,"I put together an event at ABC Cocina for my department.  My boss asked to have cocktails and hor'dourves.  I was thinking where the heck can I get that deal and then ABC Cocina came to mind.

First, I have to say their service was excellent.  I sent an email about an inquiry and they were able to accommodate for my department of 11 folks.  I honestly thought it was going to be a dainty meal where I'd need dinner afterwards but my stomach was about to explode from all the food.

I also have to mention, I forgot that one of my bosses was allergic to peppers.  I had to keep on asking the waiters if a particular dish that came out had peppers and they never gave me the impression that they were annoyed or irritated.  The chef actually made certain dishes specifically for my boss without peppers which I thought was super classy.  

The sangrias were tasty.  And the tapas deal we had was for $73 per person.  I thought it was a great deal and everyone was so happy.  It was a hit so I'm was pretty pleased with the service.  I loved it here and will brings more friends and even try ABC Kitchen.

Thanks to all the folks at ABC Cocina!",False,0,0,0,Dorim L.,en
786,2014-07-23 20:47:21+00:00,5,"Obviously the experience is not the same as Jean Georges, but it is absolutely wonderful in its own way. The food was all quite good. There was not a single dish we didn't like, and the rose ""on tap"" was really great. What really made the experience, though, is the superb service. Many places serve good food and wine, but Cocina manages to keep the same level of exemplary service as Jean Georges without the formality. Every time someone at the table said ""I wonder what..."" or ""I'll have to ask our waitress about..."" the nearest server (whether it was our server or not) would instantly come over and answer the question we were mumbling out loud. I felt like our every need was seen too without once feeling hovered over.",False,0,0,0,Cara S.,en
785,2014-07-23 21:51:23+00:00,2,I came here when it first opened a really like it. Came again for lunch with a group of friends and was very disappointed with quality of food and options on menu for a mexican restaurant. Will not be going back. There are plenty of good mexican restaurants with mexican/Latin dishes  in NYC which are WAY better!,False,0,0,0,Neha C.,en
784,2014-07-26 14:44:21+00:00,4,"Amazing place! Friends came in from out of town and we brought them to ABC... 

I try and balance my food and eat only veg twice a week - this was one of those days. 
I was not expecting much but each veg was super tasty! The guacamole, Tomato salad, and trespeches for desert- amazing! 

I look forward to trying the meats!",False,0,0,0,Vishal C.,en
783,2014-07-27 04:04:49+00:00,5,"Loved it! We ate the guacamole, fish tacos, cuban sandwich, and the empanadas. All except the sandwich were the right definition of spice. The blueberry lemon daiquiri is delicious. We would definitely go again. Also, decoration was beautiful.",False,0,0,0,Lu T.,en
782,2014-07-27 19:16:57+00:00,3,"The food is very good and the service polite, but they force a dining experience on you that you may not wish for. We ordered four things that came one by one. And when I say one by one, I mean each dish came 5-10 minutes after we finished the previous one. So when we asked the waiter what's taking so long, he said he ordered them one by one! OK, maybe that's the experience they want to provide, to savor every dish, but it would be nice to let us know first so we can decide if we, as customers, want the same. In our case, we wanted everything together. Anyhow, if you do go, remember this about the service.",False,0,0,0,Alex I.,en
781,2014-07-28 16:46:22+00:00,5,"Came here yesterday for a belated birthday dinner with my parents. We had a reservation and were seated right away. The mango sangria was incredible. Out waitress was very helpful and the food was delicious. My favorites were the fish tacos, beef, and chili shrimp. For dessert, we ordered the vanilla fritters and they generously brought us a cookie plate as well, which I ended up enjoying more.",False,0,0,0,Melissa M.,en
780,2014-07-31 22:19:15+00:00,5,"Killer! One of the best meals I've had, and I'm not exaggerating. Great service, as well. 

Notable dishes: 

guacamole... Wow! 

Short rib tacos... Not sure how they can be do delicious. Dangerous. 

And everything else was very good. 

Great atmosphere, scene, etc.",False,0,0,1,Andrew R.,en
779,2014-08-01 23:56:34+00:00,5,"Started off the with the gin and cucumber cocktail and the sweet pea guacamole. It was great... And as the dinner continued forward, my boyfriend and I were both enjoying it more and more. The clams with the jalapeño roping were delicious, as were the chipotle chicken tacos! I look forward to coming back again-- what a great spot for a date!",False,1,0,0,Karen D.,en
778,2014-08-07 18:38:23+00:00,4,"If you want a strong drink, this is your place.  I'm amazed by how knowledgeable the bartender was.  ABC Cocina also purchases their food from local farms, which is always a plus. The tapas are tiny but they're delicious. The items marked spicy are very spicy, so beware!

They lose a star because I walked in with my bosses on a Monday afternoon and asked for a Thursday night reservation.  Without even checking or attempting to pretend to want to accomodate our upcoming dinner party, they told us that there was no availability.  I always appreciate attempts to accomodate people or even alternate suggestions (such as standing by the bar or walking in and waiting) but the hostess could care less about our business or the impression she was leaving.  It's hard to believe that they turn everyone away on nights when they're fully booked. Tsk Tsk Tsk.",False,0,0,0,Jennifer F.,en
777,2014-08-11 21:39:01+00:00,4,"Always a good meal here! We were out with friends and had the best waiter -- John Wayne (yes...that was really his name...and he's from Texas!). He was fabulous and made our night. Food was fantastic -- can't get enough of the guacamole and the chipotle tacos (a little spicy, but worth the flavor).  If you get a chance to go...hopefully you get seated at John's table :)",False,0,0,0,Deepali V.,en
776,2014-08-14 03:22:34+00:00,5,"Delicious food, nice service. A repeat customer.",False,0,0,0,Larry H.,en
775,2014-08-14 20:55:08+00:00,4,"Came here with my work homies to celebrate our intern. I was initially bowled over by the STUNNING decor. Lots of delicate glass lamps, well-placed pink shocks of light, and rustic charm. Food was good, though portions are small - as tapas places are apt to be. However, I stayed pleasantly full after leaving, which is usually not what happens sans tapas. What happens is I usually ruin the lingering goodness on my palate by cramming a burger or pizza in my mouth. 

Onto the food. The guacamole was delectable, as were the fish tacos and mushrooms in goat cheese. The chicken tacos were too spicy for my delicate palate, but good if you like a mouth of fire. I especially loved the homemade soda - blueberry lavender was my  jam. Did not get dessert because we were all trying to be polite and suppress our inner piggies, but I would have liked to get some of those goodies in mah belly. Next time, next time. Service was polite, attentive, and professional.",False,0,1,0,Sarah C.,en
774,2014-08-18 00:18:46+00:00,2,"The place is WAY WAY too stuck up. Waiters are trying to be too cool, the place has terrible service as they hire waiters according to their cool hair style and not niceness or service. They constantly have me wait for a table, even if there is a free table, just to look cool and busy. 

Food is ok, but not worth the staff's torture.",False,1,1,0,Oren H.,en
773,2014-08-19 00:47:41+00:00,4,"I'll admit it...I found this place by mistake. Visiting the city and looking for a very similarly named restaurant a block away. This is what you call a happy accident. I chose to sit at the ""communal"" table. It was communal in name only (when will restaurants cater to solo diners?) as with 14 chairs, there were 6 couples (4 on double dates...possibly just friends hanging out) and myself and well...they were New Yorkers...(sorry I couldn't resist that jab) so they weren't really interested in anyone around them. 

On the bright side it did give me time to write this review. 

I enjoyed the tomato and peach gazpacho but it really did bear a strong resemblance to chilled salsa. Their homemade bread is out of this world. The shrimp with sizzling garlic and chili oil was excellent and the bartender made a solid whiskey sour. 

This felt like a hip/cool/trendy place and the clientele were all ages and backgrounds.  Prices are reasonable...for Manhattan...and this was overall a very good experience and a very delicious meal. I would recommend.",False,0,0,0,David L.,en
772,2014-08-21 15:41:49+00:00,4,"I love the food at these ABC restaurants. I came here for lunch but brunch is also delicious here. 

Food:
Guacamole - good
Cheese board - very good
Maitake mushrooms (hen of the woods): delicious
Crab cake fritters: a little too doughy and heavy
Tomato and peach gazpacho: ok, a bit on the acidic side
Cured salmon - good 
Crispy chicken salad - pretty big but the chicken tasted a little bland 
Summer vegetables - kind of mediocre
Tres leches cake - delicious",True,0,0,0,Bo B.,en
771,2014-08-21 23:39:08+00:00,4,One of my favorite Jean George's restaurants. I highly recommend their guacamole.  Definitely coming back again to try their other dishes.,False,0,0,0,Stephen P.,en
770,2014-08-23 19:06:51+00:00,4,"Food is delicious ! A fantastic change of pace from traditional American Style Brunch
The mushroom Kale cashew tacos are too good .... 
The eggs Bennidict have a flavor of their own with their chipotle hollandaise sauce .

Worth going !",False,1,0,1,Jeff G.,en
769,2014-08-26 16:09:21+00:00,5,"We went w/out a reservation and only had to wait about twenty minutes and gladly transferred our bar tab to a table.  We at outside and the service and food could not have been better.  The menu has an incredible array of small plates and the cocktails were also inventive.
Highly recommend especially for a date.",False,0,0,0,Cam G.,en
768,2014-08-27 14:18:16+00:00,4,"Came here with R on a late night and this place was busy for a Monday night.
I had the mango margarita - really good, and appreciate the chili mango dried slice on a stick.
R had the passionfruit margarita, both of us didn't get the chance to try each other's drinks.

The jamon here is damn good, like seriously good, I love it more than the jamon that I tried in Spain.

My second favourite thing that I tried was the Raw shaved fluke - omg, the flavour of this was more than perfect for me. Really nice green chili dressing with crispy rice, the flavours just complement each other too well and I love how it tasted very yuzu-ish.

Patatas bravas - this was my least favourite, I need to remind myself I don't care for this very much. I didn't realize I didn't like this dish in Spain either. It's not horrible, but not worth the carbs.

Grilled Maine lobster - I thought this would be the win win dish, but I felt it was grilled a bit too much and the smoked chilies didn't add anything to this dish. Not to mention this dish was super fishy smelling. The smell was a bit too much for me and this has to be the worst lobster dish I ever had. They definitely need to reinvent another lobster dish. I love lobster and this lobster didn't win me over at all.",True,0,0,0,Ro R.,en
767,2014-08-27 18:48:05+00:00,5,"This was one of my favorite dining experiences in all of New York City. The vibe of the whole restaurant was modern and trendy, with an upscale party atmosphere. Excellent drink selection and everything prepared meticulously. The dinner menu is tapas based, so with a wide selection it is recommended to order 2-3 dishes per person, and share everything cause that is what tapas are for! For our table of 4 we ordered 10 dishes, and that was a perfect amount of food. 

Some of my favorite dishes were the Arroz con Pollo. This dish is prepared to order, so it took a little longer and came out a little later compared to the rest of the dishes, but so worth the wait. The rice was creamy and delicious, and the chicken was super tender and flavorful. The house made habanero sauce on the table was an excellent accent to the dish as well. We tried the shrimp with sizzling garlic and chili oil and it was fantastic. I could have eaten an entire dish of these shrimp. They are super spicy but not overwhelming. 

The peekytoecrab and cornfritters with chipotle mayo were another favorite of mine. There were 5 fritters which was just enough to share, but I think i would order 2 of these dishes next time. One to share and one for me. The chipotle mayo was a perfect accent to these crispy fritters. The sauteed corn with parmesan and chipotle were bomb, and tasty, as was the market string beans, pickled red onion vinaigrette with queso de manocheese. These last two items were perfect for any vegetarian. 

We also had the savory glazed short rib tacos  with habanero relish and frizzled onion. By the time these came out I was already so full, but I definitely housed them. Wow were they flavorful. Meat was tender, everything was perfect. The beef emapanadas and the chick pea empanadas were to die for. Really crispy and delicious. 

Basically everything we ordered was amazing, and probably means everything else on the menu is equally delicious. Stop reading this review and go eat there.",False,0,0,0,Zeeshan S.,en
766,2014-09-03 06:14:47+00:00,4,"Trendy and hip place. To be honest, food is not wow but it's good. Their cocktails never disappoint me though. Great spot to bring your date.",False,0,0,0,raymond p.,en
765,2014-09-08 13:50:58+00:00,4,"I went to ABC Cocina during a recent work trip. Even without making a reservation on a Friday night, my boyfriend and I were able to sit immediately at the bar. The ambience was superb and the bartender's service was amazing. He was very friendly, responsive and knowledgeable.

Now, on to the food! We ordered a selection of plates to share, including the marinated olives and jamon iberico to start. I'm not a huge fan of the ham, but the olives were great, especially when combined with the mint pesto they were served with. For our main meal, we selected the shrimp with garlic and chili oil, spiced ground beef and eggplant empanadas, maitake mushrooms with goat cheese, and the arroz con pollo with crackling skin. My favorites were the shrimp and the mushrooms...I will try to make the shrimp on my own, it was so good! I love spice and they definitely brought the heat! I was not a fan of the arroz con pollo at all, but my boyfriend enjoyed it. 

Based on what we ordered, I would rate it three stars, but the ambience and great service brought my review to four!",False,1,1,0,Jahmin L.,en
764,2014-09-11 02:08:23+00:00,2,Poor poor service. we were were stuck in a corner and the service was very veeerrry slow. I'm still waiting for the straw I ordered an hr ago,False,1,0,0,Y. H.,en
763,2014-09-15 01:29:03+00:00,5,Omg!!! Amaze!!! Leo and zakia!!! What amazing hosts!!! We let them choose our 10 courses!! All fabulous!! Thanks you for making our meal a memory!!,False,0,0,0,Brenda S.,en
762,2014-09-16 12:57:38+00:00,5,"I cannot say enough good things about this place.

I came here for brunch this past weekend to celebrate my birthday with a few girlfriends and it was absolutely amazing. We ordered so much food and everything was delicious. 
The guacamole is topped with sunflower seeds and micro greens and comes with a side of tomato citrus relish
the huevos rancheros was absolutely amazing, the sauce was so good that we had to soak it up with the bread that was given
The fish sandwich was such a treat as the fish was fried to perfection
the french toast was light and fluffy with a kick of flavor
the charred octopus and grilled corn we had was just amazing.
My favorite is still the arroz con pollo. The chicken is amazingly tender and the rice is super rich in flavor.

Our waiter was amazing as well! Super nice, chatty and also great at taking pictures!",False,0,0,0,Stephanie P.,en
761,2014-09-16 14:29:25+00:00,4,"We came here last night for a later dinner. 

We split the below tapas:
-Grilled Tuna Salami ""Pimenton"" 
-Maitake Mushrooms with goat cheese, fresno pepper vinaigrette. 
-Beef Tenderloin ""Burnt Ends"" And Chimichurri Sauce 
-Black Sea Bass For Two Marinated with tamarind and thyme. 
For Dessert! Tres leches

Really good. 

I'm a sucker for goat cheese! 

We didn't have to wait that long for a table and our cohorts across from us made great drunken conversation at our communal style table. I love drunk entertainment lawyers. 

The space is beautiful and I always wanted to come here. 
Oh try the homemade orange sauce on the tables. It is soooo good!!!!",False,3,0,1,Ingrid A.,en
760,2014-09-18 19:10:55+00:00,4,"I had an awful experience with the host here. I went in, asked for a table for two outside, and said my partner hadn't arrived, yet. The host told me to let him know when my dining partner arrived, and he would seat us. No problem. 

After 20 minutes of waiting, I decided I would like to proceed with lunch so I could get back to work. and approached the host stand to inquire.  I'm not sure if he thought I was trying to pull one over on him, but he was unbelievably  rude.  I told him I would like to sit, and proceed as if I was dining alone, since I didn't know when, or if, my guest would arrive. With such contempt in his tone, he told me that if I was dining alone (oh, the horror!), I could take a seat at the bar. I told him that I had been here several times alone and had always been seated at a two-top table instead of the bar and asked if their policy had changed on single diners. This was post lunch hour - there was only one other occupied table on their ""patio"". He huffed, rolled his eyes and then called someone who he said would seat me, ""wherever you insist on sitting."" I can totally understand not seating me if I was asking for a table to accommodate 10 people, but that was not the case. Also, if he's that easily miffed, he needs to find a career outside of customer service; although, with his attitude, that may be difficult. 

I was finally seated and started to order. My guest did end up joining me after about 20 minutes. At least I was able to place our order and have a cocktail while I waited. Our server and the food runners were all so welcoming, friendly, informative about the new items on the menu, etc. We ordered a ton of food - the fish tacos,mushroom/kale tacos, and empanadas were favorites - had delightful beverages (cucumber gin fizz was dangerously delicious), and overall were happy with our decision to dine here. 

Our server was FANTASTIC, and certainly helped smooth over the poor service we initially encountered.  I hope that horrid host doesn't get tipped out, because I'd hate to know that any of my gratuity on my almost $200 tab.",False,2,0,1,Marie L.,en
759,2014-09-21 23:01:31+00:00,5,"Originally reviewed on 4/25

Guacamole with sweet peas..... UH??? PEAS, yeah that's what I said, but this some of the best guacamole that has ever crossed my lips, touched my tongue and went to heaven in belly....... YUMMO

The roasted beet salad was purely scrumptious, The Beef Short rib tacos to ABSOLUTELY DIE FOR.
Mango iced tea was not too sweet and just the perfect compliment to a great meal! 

PHENOMENAL, PHENOMENAL, PHENOMENAL",True,0,0,0,Shea G.,en
758,2014-09-23 03:06:55+00:00,3,"Are you expecting something like ABC Kitchen? Meh... I had expected the same thing but it was a bit disapointing, definitely well below ABC Kitchen. 

Spring pea guacamole.... is a seasonal menu. I went to this place for saturday brunch only to try this dish which seemes to be the most popular among yelpers, but it is not offered on the menu anymore!!! Instead, we've tried just regular guacamole with chips, fish tacos, and Arroz Con Pollo (fried rice with pork). They were just okay, but didn't blow my mind. The fried rice was a bit salty and oily; pickled cabbage inside the fish tacos had too much vinegar... 

Don't think I would come back this place again. I would rather wait to make a reservation for ABC Kitchen. Its price range seems to be about the same.",False,1,0,0,Somin Y.,en
757,2014-09-25 13:27:39+00:00,4,"Oh, sweet Lord, the spring pea guacamole has changed my life and I can no longer imagine guacamole any other way.  I don't remember much else.  Oh, the roasted Maine lobster rice with fresh basil was also a charming dish, lots of lobster.  Just remember to order the spring pea guacamole, okay?",False,1,0,0,Sara N.,en
756,2014-09-25 22:11:16+00:00,3,"BRING back PIPA :(((( I was so excited to try ABC since Pipa was one of my faves. This in no way even compares. Pipa's tapas was much better with more variety and overall quality. Really sad such a great restaurant that was always packed is no more. The Guac was good...the salted Carmel flan had no flavor. Sad to say I would go back to pipa a million times over, but not ABC Cocina",False,0,0,0,Kassie J.,en
755,2014-10-03 01:06:09+00:00,5,"This place had been eluding me for weeks as weekend reservations are almost impossible to get, unless you happen to be someone who eats dinner at 5:30 or 11:30. But then it hit me - why not just go to ABC Cocina on a Wednesday night? Sure enough, reservations were readily available on OpenTable, and when we arrived, we were seated within minutes. Service throughout our meal was spot-on. Our waitress recommended this delicious Portuguese red wine (I was excited to finally try a red vinho verde) and was good at letting us know how soon our dishes would be coming. 

The food was phenomenal. They recommend sharing 3 to 5 small plates for two people so we ordered: patatas bravas,  shaved brussel sprout salad, sautéed corn, short rib tacos, and a grilled beef tenderloin with chimichurri sauce. The short ribs in the tacos were amazingly yummy - so full of flavor and with just the right amount of fat to make it incredibly juicy. Same with the grilled tenderloin - it was a perfect medium rare, the meat was super tender, and it went so well with the wine. The bf, who is vegetarian, enjoyed the vegetable dishes but wasn't blown away by them. Of the three,  the sautéed corn, which was covered by a good amount of chipotle aioli, was the tastiest. Meat is the true star here.",True,1,0,0,Honghui Y.,en
754,2014-10-06 14:00:05+00:00,1,"Nice but don't think I will go back. Bit a big piece of wire in my calamari. 

They gave us a few courtesy dishes but that really did nothing to make us forget about the incident. Thinking back we were pretty lenient with them about the whole incident but we really didn't want to make a scene and thankfully I wasn't hurt but definitely the whole experience wasn't worth the money.",False,0,0,0,Ely G.,en
753,2014-10-08 03:12:49+00:00,4,"I had lunch here with a group of 7 and it was f""ing fantastic.

We had a 3pm reservation but they were able to let us in early. We were seated immediately and the waiter was amazing. He was a bit of sass and class. Super helpful with the menu options as well.

The guacamole with chips? Um yum! The corn and Parmesan cheese empanadas? Yummers! The salmon with radish salad? Omg unbelievable! To drink I had the red cold pressed juice - heavy on the ginger which I loved!

They fill up fast for lunch but it wasn't overwhelming where we couldn't hear one another. The decor is rustic with an open kitchen.

I love this place and will definitely be back for a grown and sexy kind of evening.

Go there now!",False,2,1,1,Nikki H.,en
752,2014-10-15 13:20:36+00:00,4,"ABC Cocina has a lively, fun vibe inside the restaurant.  We went on a Tuesday night at 6:30 p.m. for two. We weren't able to get a table inside the restaurant (30+ minute wait), but they were able to seat us immediately outside or at the high communal bar table. I always love sitting in the bar area (while having actual seats), so we opted for the communal table at the bar. 

We started with a glass of wine and a basil jalapeño margarita. Being a latin-themed restaurant, I thought I had to try the marg - it did not disappoint. The rim was salted with finely crushed basil and a hint of spice, which was the perfect complement to the slightly sweet, tangy and spicy nectar inside the glass. 

We decided to share three tapas plates: 
-grilled beets, pimenton cheese, sherry and herbs: this was delicious - the slightly spicy, soft cheese was a great complement to the grilled beets. a great appetizer to share between two people. 
-peekytoe crab and corn fritters, chipotle mayo: these were good, but utterly tiny, about the size of a cherry, and came with 5 fritters. I would have preferred three fritters, with more filling and less fried outside, but as this is tapas i know their 'thing' is small portions. The aioli was delicious, but you can never really go wrong with chipotle mayo/aioli 
-crispy or griddled fish tacos, aioli and cabbage-chili pickle: these were just 'meh'. they were tasty, but tasted more like something I might order from a taco truck, rather than an upscale latin restaurant. The server recommended them crispy over grilled and I think there were only twice pieces of fish on each tiny taco. They were okay, but the other dishes were definitely better and more interesting. 


This is a very fun place to get get cocktails and tapas, but don't expect to fill up on 2-3 shared plates for dinner. Would be really fun for a large group to get drinks and bites before going out!  I will definitely be coming back as there were many items on the menu I wanted to try.",False,1,0,0,Carley F.,en
751,2014-10-19 01:20:28+00:00,2,"* THE RAVE REVIEWS ARE A JOKE *

after dining at ABC Cocina, i have decided to filter whoever gave them 5 stars.  this is NOT five stars for food.  maybe people have low standards for mexican food but i come from california where they have authentic mexican cuisine.

so yes, we were paying for the ambiance which had a cool vibe.

they are farm to table with local meats, cheeses, etc.

but really...$16 for guacamole and chips?!?  (they were california avocados mind you).  this was wrong in many ways.  the guac itself needed something more.  it was lacking.  i make great guac at home; IT'S SOOO EASY.  when servers boast that the kitchen makes fresh guac, i just have to chuckle...  next, the tortilla chips were wrong, wrong, wrong.  they weren't tortilla chips, they were more like thick pita chips.  there was a little cherry tomato ""salsa"" in another little dish.

baby calamari stuffed with chorizo with some salad.  this was probably the only unique dish worth ordering.  i love both baby calamari and grilled octopus but settled on the calamari since it had chorizo in it.  Mmm..

sauteed mushroom tacos with shredded kale and mole sauce..  hmm...when i read other yelp reviews, some claimed that it was umami.  DO PEOPLE EVEN KNOW WHAT THAT MEANS? to use such words loosely is wrong. that's also why i have a problem with the term ""foodie"".  people who actually call themselves foodies rarely know much about food.  they can't taste the flavors, textures, etc.  they don't know what authentic is in the different cuisines. *sigh*  i know what mole sauce is, didn't taste it AT ALL.  soft tortilla itself was good as well as the sauteed mushrooms but for the tiny taco (2 tacos per serving) which came out to about five dollars a pop...are you kidding me?? (fish tacos looked fine...didn't taste them). if you are going to charge $5-10 per taco, it better be a burrito-sized taco. a skimpy taco for that price?!? laughable...

arroz con pollo was exactly that chicken with rice.  you squeeze some lemon on it.  
good but not mind blowingly delicious like some of the five star reviews say it is.  

on another note, OUR SERVER WAS VERY GOOD.  he was nice, attentive, informative, polite, etc.

that was the most expensive mexican food i've ever had in my life...and this was for lunch too. $$$ (3 dollar signs) for a mexican lunch is wrong on many many levels especially with the amount of food that arrived. 

PASS ON NYC MEXICAN FOOD...SERIOUSLY.",False,8,3,4,Jenny K.,en
750,2014-10-25 14:35:12+00:00,4,"One of my go to NYC restaurants in the flatiron district.  The menu is seasonal  and features fresh foods of the season.  We really enjoyed the short rib tacos, guacamole, and crab fritters. The vibe is hip and has a great crowd/bar scene too",False,0,0,0,Amy L.,en
749,2014-10-26 16:06:24+00:00,4,"As a long time abc kitchen devotee I was miffed I couldn't get a table next door but happy we could try cocina out.

Our reservation wasn't on time so we headed to the bar but really that wasn't a great experience...too many pushy 20/30 something's pushing & shoving to get the few lone bar stools. The barman wasn't overly friendly & the cocktails weren't as nicely made as next door.

Onto our table...when arriving I asked our server what the standout dishes were on the menu & she replied 'all of them'. Pretty lazy answer if you ask me. I just wanted to know the handful of dishes that I just couldn't possibly leave without trying. After no guidance we made our own choices...

-Corn empanadas...delicious with a lime sauce.
-chipotle short rib tacos-yum
-chimichurri beef...nice but very small...(way small compared to online pics)
-lobster fried rice...delicious...but a lot of empty lobster shells adorned our dish that were all looks & no substance...which was disappointing
-tres leches

I personally prefer abc kitchen...it's just a little less rowdy & I think the value for food is much better. Don't leave cocina without trying the focaccia ... It was just divine!",False,0,0,0,Nicole E.,en
748,2014-10-27 18:24:03+00:00,5,"I went to ABC Cocina for the second time this weekend and had to review - it was so delicious! 

We had (and I recommend):

jamon iberico 
beef empanadas
pulled pork tacos with pear salsa
arroz con pollo
beef with chimicurri
tres leches cake

The pulled pork tacos were possibly the best street taco style tacos my fiance and I have ever had (we're from LA) the balance of flavors (tangy, spice, sweet etc) was out of this world. 

The other notable dish which someone had recommended to me was the arroz con pollo - I don't usually find chicken too remarkable and rarely order it out but this lemon chicken rice dish with crispy cracklins on top is really worth it. They recommend you use some of the habanero house hot sauce (we did) and it was delicious. The chicken is the most tender little pieces you have ever had and the rice is cooked with lemon to perfection. 

I had some other dishes the first time I dined here and they were equally good. Definitely try the tacos - I'm going to try their other Taco dishes on my next trip which will hopefully be soon. 

Note - our server was also really great. We had just been talking about good vs. bad service earlier in the day and he was the epitome of good service, not overly present but there when you needed him, water filled promptly, great feedback and recommendations of the menu, general knowledge, very calm, it was a great dining experience.",False,0,0,0,Kelly G.,en
747,2014-10-31 23:15:05+00:00,1,"Cool ambiance. Not real mexican. It's more like mexican fusion. Great taco toppings - not good meat or fish. Good mexican tacos is about how you cook the meat. Then you add some toppings. Abc Cocina has amazing toppings and I like where they're going but it just doesn't translate. But this is for vanilla type people that think they're being adventurous in food. 
Cocktails- ok. Some good ones but I felt it was a bit of a lackluster list.
Guacamole - good. Nothing to write home about. If I were to go eat mexican in manhattan, I'd go to the lower east side taqueria.",False,0,0,0,Ashton G.,en
746,2014-11-03 00:54:09+00:00,5,"One of my favorite NYC spots... Actually I think it IS my favorite NYC restaurant. I keep coming back and every time it's a positive experience and I find something new on the menu I love. Also, everyone who works there is fabulous; whoever is responsible for hiring, training, etc. is a genius.

It's a beautiful space with impeccable food and a warm, engaged staff.   It just keeps drawing me back.",False,2,0,1,Nicole C.,en
745,2014-11-04 22:10:37+00:00,4,Ordered the Guacamole.  Delish.  Ordered the crispy shrimp in chili oil.  Very good.  Had the fig cocktail recommended by the waiter.  Loved it.  I recommend ABC Cocina.  Love the ambience here.  Great service.  Would definitely come back.,False,0,0,0,Heather L.,en
744,2014-11-11 05:07:36+00:00,5,"Just plain delicious, beautiful and wonderful. I took my mother and her friend here for dinner Saturday night and they had a great time. My mom's friend was convinced she didn't like sweet potatoes (empanadas), guacamole, and mushrooms (grilled maitake). She hesitantly tried each of these dishes and had to immediately eat her words because the food was too good to deny. When you can convert people (especially with limited palettes) on foods they ""knew"" they don't like, you're doing something really right. 

My favorite person there all night was the backwaiter, Max, who provided an added sense of warmth and humor to the evening.",False,2,0,0,Leandra W.,en
743,2014-11-13 00:17:05+00:00,4,"Not much to complain about here! The decor is gorgeous and creative, with a bounty of beautiful chandeliers/light fixtures/overhead floating baubles to keep the aesthetically inclined entertained all meal. 
I went for lunch and the highlights were the shaved brussels sprout salad and the ham and cheese fritters (basically croquetas). Those gooey, cheesy fritters with spicy sauce on top are just delish! 
The fish tacos were good, but didn't blow my socks off even though it's considered a house specialty.",False,2,0,1,Allie D.,en
742,2014-11-16 03:49:47+00:00,5,"This place is amazing. They're beef empanadas are delicious. A must try. I sat at the bar and was served by Katie who made me a few delicious ""the concord"" cocktails. Very impressed. I will be back when I return to New York City next.",False,0,0,0,Alexis T.,en
741,2014-11-17 01:54:41+00:00,5,Love the decor and delicacy of details throughout the space.  My favorite hamachi dish in town.  You can't go wrong on this menu.  It never disappoints.,False,0,0,0,Alexa V.,en
740,2014-11-24 01:46:00+00:00,4,"Jean George has done it again! I'd been dying to check out ABC Cocina for ages and finally went for dinner with some friends. Was not disappointed. Nice vibe and although we did have a bit of a wait, we were able to find some space at the bar to grab some drinks. Here's what we had: 

Guacamole With Sungold Tomato Salsa and Warm Crunchy Tortillas-Yum!!! I love guacamole in general so of course I loved this dish. I can't say that it's the best guac I've ever had, but it is a solid option.

Shrimp With Sizzling Garlic And Chili Oil-A little too much oil, but I liked the sizzle. The shrimp was cooked well and the flavors were great.

Charred Octopus, Market Potatoes, Grilled Baby Leek Vinaigrette-I love purple potatoes! Highlight of the dish. The octopus had nice flavor, but seemed a bit overcooked. 

Arroz Con Pollo, Crackling Skin And Lemon Zest-The guys liked the crackling skin. I liked the rice.

Sautéed Mushroom Tacos, Cashews, Mole, Kale And Lime-Something new and exciting! Ample amounts of kale and I just loved the mushrooms. My favorite of the three tacos.

Chipotle Chicken Tacos, Grilled Jalapeno Salsa-Solid option. Get me more of that chipotle sauce!

Crispy Fish Tacos, Aioli And Cabbage-Chili Pickle-Was okay, but nothing out of the ordinary. I would go for one of the other two aforementioned tacos.

Housemade Chorizo Sausage-Yummy yummy and full of juice.

Grilled Beef Tenderloin and Chimichurri Sauce-Well-cooked and the chimichurri sauce was fantastic.

Passion Fruit Margarita-So yummy!! On the sweeter side, but just what I needed to get through the long wait for a table. Yum. 

Mezcal, Mango Essence and Guajillo Margarita-Also a solid choice to go with the food. I personally liked the passion fruit flavor more, but this one is better for people who don't like too much sugar in their drink.",True,0,0,0,Joanna C.,en
739,2014-11-26 16:56:24+00:00,5,"One of the best new restaurants I have been to in a while!  Hard to get a dinner reservation, so try for brunch instead.

I loved the pina colada martnini. 

Other favorites - the raw fluke, the mushroom tacos, and the arroz con pollo.",False,0,0,0,nicole s.,en
738,2014-12-01 22:03:10+00:00,4,"Having visited twice, two months in a row, I can say that Cocina is consistent, easy on the eyes, and generally good to excellent (if a bit rough on the wallet).  I wouldn't call them the most authentic Mexican but they don't purport to be, as they showcase a mix of dishes with different Latin roots.  

If I were to advise you on how to strategize a good meal, I'd suggest that you skip the guacamole (good, but not worth the $16, and consider looking beyond the Tacos/masas section (two completely forgettable tacos for $16-$22, yikes!!).  You can enjoy even better tacos at a handful of excellent tacos stands around the city for a quarter to a third of that price.

What Cocina excels at are their smaller and creative dishes.  The fluke carpaccio, the lighter than air crab fritters, pork spare ribs, and the grilled octopus - dare I say, the best octopus dish in nyc??.  

If you want to fill up on carbs, do so with the arroz con pollo - a very hearty and rich dish sprinkled with gribenes.  

I really did not enjoy my desserts there, so I would recommend you go elsewhere for those.",True,0,0,0,Kayo N.,en
737,2014-12-02 22:33:14+00:00,3,"Been here twice...both times for brunch and underwhelmed.  Maybe I should try dinner?

I love Jean Georges...his signature chocolate cake gets me every time.  And ABC Kitchen is one of my favorite restaurants in the city (I only wish it wasn't so hard to get a reservation at a decent time there for dinner).  Mexican food is not high on my list of favorite cuisines, so maybe ABC Cocina was handicapped to begin with, but I think this place is only OK.

Last weekend for brunch we ordered the guac, fish tacos, tuna burger, and eggs benedict.  The guac was good but you REALLY can't mess guac up, and for $15 it was nothing special.  They used to have a sweet pea guac which I thought was better than the grapefruit version that's on the menu now.  The fish tacos were excellent and the highlight of my meal (TIP: splurge on the calories and get the crispy version not the grilled).  Tuna burger and eggs benny were quite ordinary, and portions for the latter was small.  Good thing I had already eaten a hearty breakfast before my late brunch.

Still worth checking out if you are JG fan and the menu has its highlights, but if you are debating between ABC Cocina and ABC Kitchen, definitely pick the latter.",False,0,0,0,Angela W.,en
736,2014-12-04 20:10:19+00:00,5,"What a dream! First of all, the vibe of this place is GORGEOUS! Underwater theme with seashells coming out of the walls and amazing light fixtures everywhere. Wouldn't expect anything less from an ABC restaurant! We came here on a Wednesday night without a reservation but they seated us by the time we finished our first drink at the bar. Which brings me to my next highlight of the evening. The MARGARITAS! We tried the Classic, Mango and Passion Fruit. Our favorite was the smokey passion fruit marg and the mango came in close second. The mango margarita is served in a martini glass with a chili dipped, dried mango chunk on a skewer. Fancy! Once we got to our table (they don't allow food at the side seating around the bar, only at the bar or at tables.) we ordered the guacamole, the gooy ham and cheese fritters and the griddled fish tacos. ALL were AMAZING and wonderful and made my girlfriend and I do a little dance with each bite. We went with the non-fried version for the fish tacos which were delicious with pieces of pickled ginger and cabbage on top! Nice twist! We were told the chef recommends the crunchy/fried option for the dish so we will have to try that next time. I honestly can't imagine the tacos tasting any better though. For dessert we tried fritters dipped in mexican chocolate and the flan. We were beside ourselves with how delicious everything was. Definitely going back! Gracias ABC Cocina!",False,1,0,1,Leah L.,en
735,2014-12-12 20:09:29+00:00,4,"absolutely delicious! Try the jalapeño martini ! 
Im  not a huge fan of mexican food but after trying the food here I was sold!
The fish is safe to order it is very fresh",False,0,0,0,Brianna S.,en
734,2014-12-15 02:29:23+00:00,5,"Came here on a weeknight with a reservation and every table was busy and there was standing room only at the bar.  My friend and I did not feel like drinking as we had to be up early for work but we made up the calories in dishes.  

We started with the guac, it was ok.  Then the corn fritters, really good but sort of greasy.  The highlights of the meal for me were the fire shrimp and the beef with chimmichuri.  Both were incredible, great flavor and kick without being overwhelming.  We finished with the Mexican chocolate and doughnuts.  The perfect non-adventurous dessert sweet, chocolaty and just totally satisfying. 

It ended up being about 65 a head with tip and the meal was worth every penny.",False,0,0,0,Pat B.,en
733,2014-12-17 23:27:37+00:00,5,Went for dinner last night and the food was everything I had hoped for! The ambiance is fabulous and the decor is inviting. The guacamole is delicious and you can't go wrong with any of the tacos! Will definitely be back!,False,0,0,0,Meredith H.,en
732,2014-12-18 03:31:13+00:00,3,"2 star food, 3 star ambiance, 4 star service. Tucked behind ABC kitchen it is owned by the same group. It's a good place to grab a drink with some guac & chips to checkout the ambiance, other than that the food is nothing special. Everything comes in small plates but not small prices and the taste was mediocre at best. 

The florida white shrimp was too spicy, almost unbearable and the maitake mushrooms plate was average. The tres leches cake was a good dessert after being burned by the shrimp.  Make sure to ask which dish is spicy, it won't mention it on all dishes in the menu.",False,1,0,0,Fey F.,en
731,2014-12-20 18:59:48+00:00,4,"I've been meaning to come here after a great experience at ABC Kitchen. As expected, the decor was very nice with high ceilings and all that stuff people are into (I'm not a design guru). The menu had some nice options, but not as many unique dishes some tapas restaurants.

I'll just run down the list:
-Guacamole: great chips, good guac. The grapefruit salsa was cool, but didn't make or break this. I added the habanero sauce to it for a little kick.
-mezcal cured shrump w banana: the banana was a nice touch. The sauce was a bit vinegary
-patatas bravas: good, but nothing more than good homefries with an interesting sauce
-fish tacos: great slaw and sauce. 2nd best dish I had
-charred octopus: best dish. Great orange sauce, and delicious pieces of octopus, very tender
-almond cake for desert was very good, with the grape sorbet.

Overall a great dinner. I still have a lot of other spanish tapas places I'd like to try before coming back though.",False,0,0,0,Josh T.,en
730,2014-12-27 04:45:25+00:00,2,"Ambiance is worth 5 stars, but food and service worth 0 stars. We ordered a handful of items, and the portions just kept getting smaller and smaller. The steak was is a joke. The other food tasted decent but it was all just unnecessarily spicy. Nothing memorable at all.

Service was mediocre. CHARLOTTE was our waitress and had no shame in hovering behind us and clearing the table as we were literally still eating off the plates. Why the rush? I made a subtle point by tipping her $20, about $5 dollars less than ""expected"" but still way more than she deserved for only being a waitress....expecting she would trash talk us to her co-workers as they usually do to ""stingy tippers""....

FUNNY THING IS the very next night we were seated RIGHT NEXT TO HER while she dined at Keen's Steakhouse. And as expected, she was totally telling them what stingy tippers we are! She was trying to be quiet about it but the fat drunk f-er guy at her table couldn't keep his mouth shut. Hilarious!

Anyways the review boils down to ABC Cocina have mediocre food and service. Though Its great if you want to be surrounded by all the pretentious pricks of NYC.

And hey CHARLOTTE if you read this you shouldn't take it personal. I would totally rate you at 5-stars for being a lousy human being. Good luck serving all the pricks :-)",False,1,3,0,Bryan S.,en
729,2014-12-27 18:59:16+00:00,5,"I have been to ABC Kitchen, and you simply cannot compare the two. So I am going to write a review without even trying to compare the sister restaurants, because the food, environment and premise of the two places are so different. 

We went to Cocina for lunch before the holidays with my boss and coworker. When I walked in, the place was brightly lit with a mix of bright lighting and table decor - the magenta florals popped from each table top., definitely ABC home and decor inspired. We took our seats and as I glimpsed down the menu filled with small plates and dishes, all Latin-fusion, and I knew this would be a tough pick. For a vegetarian, usually veggie dishes are an after thought, but there was plenty to choose from. There was the obvious started - guacamole and chips, with grapefruit salsa. Then we ordered patatas bravas with a spicy tangy sauce and rosemary aioli, and grilled maitake mushrooms with goat cheese and pepper vinaigrette. All of these dishes were bright compliments to each other and by the time I had my meal - I was so full. I ordered a grilled Brussels sprout Caesar salad and sweet potato empanada. The empanadas were a little too sweet for me and maybe being full already, I thought a little too heavy with the crust. But, I think trying the mushroom tacos next time or huevos rancheros may be the ticket!

We were too full for dessert, but all in all I would definitely come back!",False,2,1,1,Krutika D.,en
728,2014-12-27 22:53:50+00:00,3,"What lovely decor, though it makes sense that the decor would be a standout of this restaurant. The decor manages to be both modern and cozy, delicate and industrial. 

We ordered: 
- Shrimp in chili oil: The shrimp was the best by far, a good balance of spicy against the sweetness of the shrimp. 
- Ham and cheese fritters: Nothing to write home about as it was generally bland but  was saved by the sauce.
- Fish tacos: My least favorite dish which was also their signature dish. It had an odd sweetness to it which I didn't love. 

I went for lunch which was pricey but a great ambiance to have a ""ladies who lunch"" lunch.",True,1,0,0,Wendy L.,en
727,2014-12-28 15:45:31+00:00,5,"My boyfriend and I went here for Christmas Eve dinner. We ordered steak with black truffle tapas, which are the best tapas we've had. Besides, the restaurant decorations are very romantic and beautiful. I took many pictures and enjoyed my night there.",False,0,0,0,Yuqing L.,en
726,2014-12-28 20:47:15+00:00,5,"4.5 stars but I'll round up to 5. As a huge fan of ABC Kitchen, I was very excited to try ABC Cocina, and it did not disappoint! I love the space and I especially love the beautiful dishes they use. We got short rib tacos, shrimp in chili oil, sea bass, arroz con pollo and sweet potato empanadas. Out of those, the only one I wouldn't recommend (although it was still enjoyable) was the sea bass. Just not as exciting as the other dishes. The lemon yogurt sauce that comes with the empanadas- I could have eaten that up with a spoon. YUM. For dessert we shared the chocolate creme brulee tart and now I want to know why you can't find chocolate creme brulee elsewhere! It was awesome. It's definitely a pricey place- the tapas do add up- so just be mindful of that.",False,0,0,0,Melissa Z.,en
725,2014-12-29 00:34:28+00:00,3,"3 stars overall. 4.5 stars for food. Turkey Cuban was excellent and full of flavor and the side of pickles were super sweet. 1 star for service, besides the person who kept refilling our drinks, it took the server almost 10 min to take our order even though our menus were clearly closed and we were ready to order. The restaurant was not packed as we were there for a late lunch. The server did not ask how our food was during or after our meal.",False,0,0,0,David B.,en
724,2015-01-01 16:45:51+00:00,2,"I was a huge fan of ABC Kitchen, so when I found out about ABC Cocina I was really excited. ABC Kitchen quality Mexican food!? What could go wrong?

I made a reservation a month in advance because it books up so fast. When the wife and I got there on time for the reservation we waited 25 minutes only to be seated in the middle of a barstool type communal table in the bar area. I said to the hostess that I wanted to wait for a table in the dining room because I didn't want to be elbow to elbow on a barstool very close to the door on a cold winter night. She said the wait for that was over an hour. Considering we made our reservation a month in advance, this was really disappointing.

Hoping the food would be amazing the wife and I took our lame seat at the communal table elbow to elbow and smack in the middle of two parties that were like the cast of the view. We then were greeted by a really nice waitress that took our order and the food and drinks started...

For drinks I had a margarita and sangria, both were just okay. For food we ordered the guacamole, shrimp, empanadas, fish tacos, vegetable rice, and the calamari. The calamari and shrimp were good, but the guac was bad, empanadas were not very good, fish tacos were standard, and the rice was boring and way too spicy. Also, they brought the rice out as the last item (they brought us one dish at a time). Rice should come before or with the tacos. Because the rice was boring and too spicy we didn't eat it. Waitress comes over and asks if we are done with the full plate of rice and I said yes it was too spicy and we didn't like it. I figured we would at least be asked if we wanted something different being that she should have warned us that the dish was that spicy (and I normally love spice). She just took it away and kept it on the bill. Not impressed. 

For the price and the hype, ABC Cocina is not worth it. Do yourself a favor and go to any of NYC's other better Mexican spots to fill your south of the border craving. Ruggy nailed it on his analogy that this place is the beats of the headphone world. I completely agree because everyone thinks it's cool, it looks cool, and it's backed by a big name, but at the end of the day it's substandard, overpriced, and overhyped.",False,2,2,1,Kyle M.,en
723,2015-01-02 04:50:54+00:00,4,"Very good tapas but they push a $20 arroz con pollo that is an utterly mediocre pile of boredom...something my mother would have done on a Tuesday when she ran out of groceries and would have apologized for serving. No spice, no flavor, just some rice with some chicken.That said other dishes were very good, would go back but neverorder the supposed ""specialty"".",False,0,0,0,Lisa T.,en
722,2015-01-03 01:55:39+00:00,2,"Finally got a booking @ abccocina. It's a #beautiful restaurant as its a furniture store; however, our #tapas dishes were so medicore. It's unfortunate as it's such a lovely space.  I wouldn't make an effort to go here or come back.  You can get better tacos or guacamole or cured salmon elsewhere. Unlike its great decor, the food is very unimaginative & bland. How I miss Barafina in London for good tapas!",False,0,0,0,Thoai N.,en
721,2015-01-03 02:54:26+00:00,4,"Such stunning ambiance. I dined here about 2 months ago, and I still remember everything about it. The lilac/lavender/fuchsia color scheme, the rustic walls, flooring and tables, the interesting lighting fixtures. 

The food matched, if not exceeded, how I felt about the decor. 

My sister and I ordered the following:

-guacamole with ruby grapefruit salsa and warm crunchy tortillas
-huevos rancheros, farm eggs, fresh corn tortillas
-raw shaved brussels sprouts salad, shepherd's basket cheese and marcona almonds
-market sweet potato and smoked cherry pepper empanadas with lemon yogurt

I don't even know where to start; every dish was IMPECCABLE. My favorite was definitely the empanadas-- there was something SO UNIQUE about the pairing of lemon yogurt with cherry and also sweet potato. The smoky flavor really carried through-- often times I'll order something because of ""smoky"" in the description and then will be disappointed because I won't even get to experience it. This one really stayed true to its description. The huevos rancheros were fresh, and the sauce was flavorful. The corn tortillas were also authentic and soft. 

Do yourself a favor and absolutely try out ABC Cocina-- it's surely an A in my books.",False,1,0,0,Roopa S.,en
720,2015-01-05 05:21:58+00:00,4,"ABC Cocina, man i sat at the bar and was served by this bartender kaylie?? i think .. yea but she was off the chain i hope the owners know how hard she works they left her friday morning slammed by herself in the bar dunno if this is regular but ok...? I'm patient and appreciate hard work so yea, even tho she was kinda moody it wasn't her fault she was honestly doing her THANG!!!. thanks girl. this place delvers and outstanding sangria that must be taken note of. I've tried several and even brag on my own recipe but this place got something going. the open kitchen is wonderful displaying the passion and work of the kitchen staff. The management seemed somewhat aware of all the mischief goin on. I noticed that regulars were taken care of and thats the way it should be! also i had a guacamole app that was very fresh aswell however i think i season mine better :) anyways i would buy it again if i was here. all i had was sangria and guac so thats all i can talk about.. besides that bartender that may need a rraise. thanks cheers ABC",False,0,0,0,Don C.,en
719,2015-01-09 20:52:31+00:00,4,Excellent vegetarian options abound although they stress mushrooms too much. The mushroom tacos were especially delicious. The flan was light and subtle and sweet. The waiter answered every question I had about veg options. Beautiful decor too.,False,0,0,0,E P.,en
718,2015-01-11 03:04:30+00:00,3,"I ""heart"" Jean Georges...

#lateryelp

Definitely a fan of Jean Georges and all the fantastic contributions he's made to the culinary world.  That being said, our experience at ABC Cocina was not as good as we've come to expect from a JG restaurant.

The good from the experience:
- Diablo water was interesting, especially with the banana; if I were to change anything, it would be to put it in a Martini glass.
- Fried onions a top the short rib taco is ridiculously good
- Arroz con Pollo was a value for the portion

The not so good from the experience:
- Waited for our seat more than 20 minutes past our reservations despite being early
- Patatas Bravas were just OK, and the dressing tasted like McDonald's barbeque sauce
- Fish tacos were a disappointment; too many strong flavors competing, like heat, sour, sweet, pickled that it made it hard to enjoy.
- Portions were small for the money

I continue to have nothing but the highest respect for JG and for that will give ABC another try one day.  I hope to have better things to say then.",False,2,0,2,Jonathan S.,en
717,2015-01-16 16:49:57+00:00,5,"wow and wow. i've heard great reviews about this place and it's been on my go-to list in NYC for awhile. i'm so glad we made it. what an incredible space- the ambiance is 1/2 of the experience and thats 5+ stars. the food is to die for. while it's tapas and small plates, there is plenty to share, just be sure to not over order- we did and couldn't finish the last bites. there were 4 of us, and we had the fluke civiche, charred octopus, lobster rice, grilled fish tacos, cheese plate, meat plate, calamari, beef and mushrooms with goat cheese (my absolute favorite!). it's quite pricy, but if you are looking for an over the top, killer meal and excellent service, you get what you pay for here. i'm now dying to try abc kitchen during my next visit as i'm sure it's just as fabulous!",False,1,1,1,Francesca D.,en
716,2015-01-19 21:18:41+00:00,5,"Sat at the bar on a rainy day. Standout: the shrimp in chili oil. I tried to recreate at home, not possible. I could bathe in this sauce it is so good. Decent: mushroom and goat cheese, but weve all seen this dish before. Wont reorder: fish tacos were so spicy I dont think I could properly taste Thanskgiving dinner after that, just saying. Spiked apple cider didnt hurt anyone though, so great on a cold new york day. Bartender was attentive, i would go back!",False,0,0,0,Taylor P.,en
715,2015-01-24 18:45:26+00:00,3,"Super cute ambience and amazing cocktails so would go back for that but thought the food was very hit or miss. Mushroom/tofu tacos were delicious, grilled mushrooms with goat cheese tasted too tangy/peppery.  Vanilla fritters were good, tres leches cake did not take more than 1 bite. Bartenders all really sweet and laid back, great service.",False,0,0,1,Dhvani D.,en
714,2015-01-26 23:44:59+00:00,5,"This review is solely for the tres leches. Stop reading if you think I am going to talk about tacos (they're great btw). 

As an avid fan of Tres Leches, I got to give props to ABC Cocina. Its pretty authentic (although I wasn't the biggest fan of the meringue, so I asked for it on the side).

If I could I would live in a house made of this cake, better yet, make it a prison so I could eat myself out. Jeez I have to stop thinking about this dessert.",False,0,0,1,Frank Luigi M.,en
713,2015-01-30 16:49:20+00:00,5,Went here for my birthday with a few friends and had the best meal and a really good time. The arrows con pollo is amazing and has a nice zesty flavor. We also loved the emapandas and shared a variety of appetizers.  Will be going back soon!!,False,1,0,0,Ella A.,en
712,2015-02-07 23:22:34+00:00,4,"7 of us girls went there for my sister's Bachelorette party dinner. It was amazing. We had the family style prix fixed menu and ordered a few drinks as well. It was the right amount of food and we were able to sample so many amazing dishes. I would definitely eat here again! 

I want to give this place a 4.5 star review but I guess it doesn't let you do that. Either way, it wasn't a 5 star experience only because the food was coming out really fast after each course so it was a little hard to enjoy each one on its own. Also, there was a crack on my glass that I didn't realize until it scratched my lip. This sucked but when I told our waitress, she apologized and gave me a new glass. The manager came over and apologized as well as made my drink on the house. 

Overall, amazing place!",False,0,0,0,Laura K.,en
711,2015-02-08 07:20:05+00:00,4,"They told us the wait was 45 min so we left and came back, the hostess remembered us by name. now that's impressive with the amount of people gong in and out of there. Out of the 6 dishes we tried the Jamon Iberico De Bellota was one of my favorite.  We had the churros for dessert which I do not suggest it was too hard and very messy",False,0,0,0,Mich E.,en
710,2015-02-09 17:01:49+00:00,4,"This place has a great ambiance! We had to make reservations 3 weeks ahead of time though. We had red hibiscus sangria, grilled beef tenderloin, patatas bravas, shrimps, octopus, arroz con pollo, tres leches cake and warm vanilla fritters . 
Octopus and arroz con pollo were musts!- the rest weren't that interesting. Keep in mind that everything comes in really small portions (except arroz con pollo).
I wouldn't come here again but I'm glad we tried it, I'm also looking forward to try ABC Kitchen's brunch!",False,0,0,0,Rozita A.,en
709,2015-02-10 10:35:58+00:00,4,"ABC Cocina was good, but it didn't blow me away. Guacamole has great spice and balance. Calamari was okay, Fish Tacos good but not mind blowing. 

Server was very well versed and could make a lot of great recommendations for both me and my friend who was vegan. He also made some great drink recommendations, although the beverage menu was nothing too inventive, he did well with it.

All in all, it was good, but with all the choices and places to check out I wouldn't be running back.",False,1,0,0,G V.,en
708,2015-02-10 15:46:44+00:00,4,"Great food, great service!

Came here for a weekday lunch and had a wonderful experience.

Food came out quickly which is appreciated on a weekday lunch, and almost everything was great!

My favorite was the guacamole with peas.  The least favorite on the table was the arroz con pollo with lemon zest - it just wasn't what I think of when I think arroz con pollo.  It wasn't as comforting and homey as I thought it would be.  

Overall delicious and great for a nice lunch or dinner!",False,0,0,0,Sarah W.,en
707,2015-02-10 18:34:07+00:00,5,"Food is great, innovative small plates.  Drinks are amazing. Service is generally solid.  The only draw back is that it's a little pricey for what it is.",False,0,0,0,Sri B.,en
706,2015-02-11 14:48:14+00:00,4,"Somehow got a reservation to this place on a Saturday night at 8pm ( Trust me it wasn't easy) after trying to go here for some time. The ambiance and service were outstanding. The waiter was very attentive and the timing of the food was perfect. The food itself was very good, but not great. I highly suggest getting the sweet potato empanadas and the shrimp in the chili sauce.",False,0,0,0,Andrew H.,en
705,2015-02-16 05:13:51+00:00,4,"Excellent tapas. Very spacious but still very busy. Friendly staff. Excellent for brunch and dates and groups up to 8.
Recommended - guacamole, brussel sprouts salad, lobster tacos (special for the day), and coconut pancakes.
Short rib tacos are only available for dinner.

On a complete side note, if you're into star gazing, this place has a lot of wattage.
2 movie stars and an NFL owner all within a 2 table radius of me. This is a downside for me.",False,0,0,0,D Z.,en
704,2015-02-18 01:05:23+00:00,4,"Excellent brunch during Valentines day. Nice ambiance and our waitress was very attentive and courteous. My wife and I had the huevos rancheros and eggs benedict, both were satisfying and filling.",False,1,0,1,Romeo L.,en
703,2015-02-23 20:52:58+00:00,4,"What an amazing meal I had here! So very impressed!  This place really has a unique decor, the back wall is a gigantic mirror which lightens the place up and makes it seem even bigger than it is.  There are real shells glued on the walls, very unique.
The food was amazing, my friend and I shared 3 Small plates and 2 large plates:
Fluke - which was deliciously flavored, pretty spicy and contrasted with Rice Krispies (don't know how else to describe it)
Maitake - grilled mushrooms with goat cheese in a delicious sauce all I have to say is wow!
Raw scallops - with fresh grapefruit so flavorful and fresh tasting (this was a special)
The arroz con pollo - was the best I have ever had by far with cracklings pieces of skin layered on top, the rice and chicken incredibly moist and flavorful
And finally the lobster tacos (this was a special) - which was the only dish we were disappointed with, it quite frankly lacked flavor and I did not like the corn tortilla they used.

Will definitely be back for a special occasion! Yum!!!!!",False,0,0,0,Clara H.,en
702,2015-02-24 14:27:03+00:00,1,"All hype. 

The quality of food for the price and service that you get is not worth it.  My experience was a terrible one...

1.  The day was a cold one (it was 5 degrees out) and my in-laws took me to brunch for my birthday. We sat by the glass doors in the back; it was drafty (i.e. COLD) and there was nothing done for us.  We should have been offered to move to a less cold area. 

2.  The waitstaff is uncouth and need to leave the business.  Each waitstaff person reached OVER us at the table.  I was eating and one girl REACHED OVER MY HEAD to get to my mother-in-law's plate to give her a fork.  REALLY!?  Our waiter consistently forgot items that we ordered.  The food arrival was as such: 3 apps together....15 minutes later another app....2 minutes later 1 entree.....15 minutes later two entrees and 30 minutes later the last entree.  Last fun incompetence of this non-customer service, uncouth, non-deserving staff.....upon check-in our coats were taken and we were not given a ticket.  Upon leaving we tell this Janelle Monae wannabe that we need our coats and we weren't given a ticket, she calls coat check and relays ""they lost their ticket.""  At this point I wanted to die, I needed out of this hipstery hell hole. 

3.  The food was okay. Unimpressed.  I literally cook better than everything I ate.  If I am spending $300+ for a meal it better be worth it and frankly JG's staff failed him here.  Go to JoJo instead, it's a QUALITY place. 

4.  The decor.  UGH! I hate places that need to TRY SO HARD to be cutesy and unique.....I hate that nothing matched in this place it's like they bought a locker on Storage Wars and furnished this place.  The cutlery didn't match and it was flimsy like dollar store cutlery.  For the price and the hype this place needed more.  

So all in all I give this place zero stars.  I hated every minute of it.  OH and I went online to find an email address for the manager of the restaurant so I can air my complaints and there is none....they think they are better than they really are.  Perhaps I came on an OFF day but seriously why would i spend $300+ again to possibly have the same experience.  I'm done.",False,1,1,0,R L.,en
701,2015-02-25 15:21:21+00:00,5,"Amazing!!

Came here with a friend for dinner on a Tuesday night - we didn't have a reservation obviously - around 8 and we enjoyed a drink at the bar before being seated at the high table after about fifteen mins. He ordered a blood orange margarita (then ordered another one) and I enjoyed my odd tasting heartbeet drink which included beet vermouth! Definitely need an acquired palate for that drink.

For dinner we enjoyed a serving of guac, the crispy fish tacos (BEST IVE EVER HAD), lobster tacos special, and the spicy glazed ribs. For dessert we had some churros!

Highlights of the meal were definitely the guac and the crispy fish tacos... I could have dealt without the ribs but the meat did fall right off the bone.

I definitely plan on coming back and trying abc kitchen some other time!!",False,0,0,0,Michelle C.,en
700,2015-02-27 05:05:56+00:00,2,"Thursday night, party of 4, 8:00, no wait.
We wanted to go to ABC Kitchen, but the 1.5 hour wait made us go to ABC Cocina instead. Big mistake.

Food: 56%
----

Guacamole and Chips - 70%
The guacamole was good. It had other things on it other than your staple ingredients like nuts. It also comes with a side of grapefruit salsa which I thought was a great twist. The combination worked really well. (small portion). 

Mezcal Smoked Salmon - 90%
I really enjoyed this one. The mezcal was definitely there, adding a hint of smokiness and slight bitterness to the briny flavor of the salmon. The dill and creme fraiche sauce mellowed things out and gave a nice creamy finish to the fish.

Octopus - 80%
Can't go wrong with octopus. Great texture, nice touch with the sauce, sundried tomatoes and potatoes. 

Peekytoe Fritters - 60%
Small but the crab definitely comes through on this one. Maybe a little bit one note especially with the aioli. It was very straightforward.

Fish Taco - 60%
Fish was cooked well. The pickled vegetables were a nice touch here, going well with the choice of protein. Overall it was a refreshing piece of soft taco.

Arroz con Pollo - 30%
Um. Huh? LOL. It was literally CnR. Stay away from this one as it felt like it was an after thought.

Maitake Mushrooms and Goat Cheese - 40%
Too much goat cheese on this one. The mushroom was great on its own. It had a 'bite' to it and was cooked well. However, it felt like it was missing a sweet note - (where's the honey?) The goat cheese was overpowering on this one.

Empanada - 50%
Ok. It was what it said it was. 

Service: 95%
----
The service was slightly slow but the waitress was really nice and accomodating. She even said ""sorry for the reach"" when she was placing down my wine glass. She was always smiling and checked up on us in frequently without being intrusive. The bus boys were efficient and refilled our glasses promptly. We didn't have to ask for anything during our meal. 

Ambience: ?%
----
Okay. This one is definitely subjective. Nothing matched - from the chairs, tables, to the utensils, dishware. You decide. Hipster or trying hard? 

Value: 40%
----
Going for tapas is always tricky. There's the matter of serving size and flavor progression. This place is pricey for the portions. Are they good dishes? I think the salmon was great as was the octopus. I'm on the fence with the guacamole - it's definitely good but probably not worth $15. Overall, I've had better elsewhere. Alta offers a much better selection. Also I think this is a matter of traditional vs new cuisine and ABC Cocina is more of the latter. Going in with a 'tapas mentality' expecting traditional dishes is not the way to go here.",False,1,0,0,Julio I.,en
699,2015-02-28 19:35:09+00:00,4,"Me & my hubby had a perfect valentine brunch here!

First we were impressed by the bright lights & the cozy feeling. There is a coat check, so that's a plus. The only improvement I could think of is maybe a bigger table for two, because the table was tiny.

But I forgot about my tiny table dilemma as soon as the food came in, cute & neatly plated (Do NOT be disappointed by the small portion) it is very SATISFYING & FILLING. I had the best eggs benedict!
The food is superb, do not forget to order fruit bowl on the side! ;)",False,0,0,0,Kc A.,en
698,2015-02-28 21:26:32+00:00,5,Sunflower seeds sprinkled on the guacamole gave it a really nice consistency. The grapefruit salsa was fresh and different and the homemade habanero salsa was to die for.,False,0,1,0,Beena P.,en
697,2015-03-01 18:51:41+00:00,2,"WOW IS THIS PLACE OVERHYPED.  So many people had recommended ABC Cocina to me, that I had to try it for myself. I was expecting to be blown away, and my experience fell short on almost every front.  My friend and I had a 9:30pm reservation on a Friday night, and when we arrived we were told it would be a few minutes for our table.  We stood in between the doorway and packed bar area for the next 30 minutes waiting for our table, while people, most of whom were actual staff, bumped in to us with no apologies.  Where else were we supposed to be standing? Outside in the 10 degree weather? The hosts never checked in on us or let us know the status of our table and had an attitude as if we were supposed to feel lucky just to be standing in the presence of their arrogance.  After checking in twice and making A LOT of angry eye contact on my part, we were finally seated.  Our waitress was the first friendly person we encountered.  I ate there two weeks ago, and honestly only two of the dishes I ate I actually remember, so that about sums up the food here. The short rib tacos were delicious, and the only other dish I remember is the cheese fondue, which was so incredible salty, it was inedible. We sent it back and it was taken off the bill without question. So at least there was that.  In my opinion, this place couldn't be more overrated.",False,1,0,0,Julie B.,en
696,2015-03-01 21:25:07+00:00,5,"I adored this place and can't wait to come back. Went for brunch.   I started with the ginger mocktail.    My friend and I both thought it was delicious.  Then we shared both the sweet potato empanadas and the coconut pancakes.  The coconut pancakes were some of the best pancakes I've had in awhile.  They have cayenne pepper on them and bananas on the side.  I couldn't detect much of a coconut taste but the combinations of all the tastes together were a wonderful combination.   We also tried the churros, which were warm and tender.  I wished they came with chocolate though.  I got flan to go .  It was some of the best flan I've had in awhile too.",False,0,0,0,E R.,en
695,2015-03-06 19:30:48+00:00,2,"I was hoping to get a table at ABC Kitchen and was offered to test ABC Cocina.
Let's start with a positive note: the place is nicely decorated, the service was great.

But that's pretty much it. We were there for lunch and the food was just ""ok"" and totally overpriced. $19 for 2 small tacos, really?? I tried the salmon salad and although the salmon was good, the salad itself was much too seasoned, as if they wanted the whole plate to get some taste that it didn't have. It's like perfume, it's not enough to put a ton on yourself to be clean...",False,0,0,0,Christophe F.,en
694,2015-03-07 14:41:06+00:00,5,"I would give 4 stars for the food and service as everything ordered was delicious and service was on point. Nothing was ""to die for"" but what really sold me on the 5 star experience was the soundtrack they had bumpin' in the background! 

Initially, I was enjoying my Pinot noir and oysters to Ciara's ""ride.""  It was then I knew this place was different- from the mismatched decor to the unique menu items- It was pretty sexy. Then the apple/arugula salad arrived - juicy, flavorful, like a melody in my mouth- suffice it to say Mariah Carey's ""always be my baby"" playing made it that much more beautiful. Then it was about to get funky- the crab fritters arrived and College's ""a real hero"" brought me back to my love for Ryan Gosling and taught me new love in the crab fritters- it was crispy, crabby, delightful! Somewhere in between the fish tacos (fried or grilled, you can't go wrong), the grilled octopus and lobster fried rice were the backstreet boys' ""I want you back""...how random...but the vibes were right! 

I honestly believe the music selection made the food and experience that much more enjoyable. Nothing could go wrong and nothing went wrong. The service was impeccable and no one at the table ever had less than a half empty glass of water. Try the hot sauce on the table..I'm still thinking about it and how I'd wish I snatched it from the table- Human decency and my desire to return stopped me.",False,2,3,2,Sue O.,en
693,2015-03-10 13:34:44+00:00,4,"Not sure why the reviews are so mixed - I had a great time here last night with two of my friends. We didn't have a reservation, showed up at 8:30 and were seated at 9. Love the decor: modern, sleek but somehow still cute and intimate. The dark metals are offset with delicate little vases with tiny pink buds. It's a wonderful balance between trendy and cozy. We all split the shrimp with chile oil, guacamole and chips, short rib tacos, and fish tacos. The short rib tacos were by far the best thing we had - almost sweet/savory the way hoisin sauce is (wonder if there was hoisin sauce in them...). The plates are small, but somehow quite filling. We only ordered those four dishes between the three of us and we were very satisfied. Fish tacos, shrimp, and guacamole were all good too, but really outdone by the short rib tacos. Service is very friendly, kind, funny, amiable...not sure how other people had such negative experiences.

It's definitely pricey, so I wouldn't come back in a hurry, but definitely a great go-to spot that feels trendier than the area it's in.",False,0,0,0,Perry T.,en
692,2015-03-10 22:50:28+00:00,4,"One of my go-to places in the city. Beautiful place with great atmosphere and food is always top notch. Only downside is service - hostess always has an attitude and general service can run very slow, especially when restaurants is busy which means pretty much always...",False,0,0,0,Noa L.,en
691,2015-03-11 01:01:24+00:00,3,"ABC Cocina is the latin/mexican sister restaurant of ABC Kitchen, located on the other side of ABC Furniture Store.  Beautifully decorated with a very dark romantic vibe.   Sure, its already been over 2 yrs since this resto has opened but its still a hot table.  The Guacamole is a wonderful starter, but really nothing out of the ordinary.  
Everything is a small plate concept, but regardless, on the smaller size based on the price point.
They have daily specials so be on the look out for the lobster tacos, if they are available that night, be sure to order them,  Only 2 come for an order,  but you can add an extra taco (for a surcharge of course).
Be sure to order the Vanilla Fritters for dessert, its sort of like a cream puff / zepole hybrid, very yummy!",False,0,0,0,Esther M.,en
690,2015-03-12 22:53:54+00:00,4,"I ordered different kind of oysters,  dish with mushroom, and something with rise wich recommend us our waiter. Everything was delicious. Just wind from conditioner behind of me broke all the good feelings about this place",False,0,0,0,Dinara A.,en
689,2015-03-18 13:08:48+00:00,4,"Very popular, so book ahead. Nice environment, good service at the bar. This is a small tapas-to-share place, and you should plan on getting about 3 per person (2 if you go for the larger fish/meat dishes). Try the crab fritters, the sweet potato empanadas, and the fish tacos, for instance. With some Vinho Verde to accompany them. Note: this is not a cheap place, but not inordinately expensive either, given the quality of the food and service.",False,0,0,0,Massimo P.,en
688,2015-03-19 16:47:00+00:00,5,"Extraordinary experience from start to end!  Both in the culinary and hospitality world!  Davit was a gentleman and was incredibly gracious and welcoming.  He took the time to talk about any questions my wife and I had regarding the menu and was super knowledgeable of everything they had.   EVERY SINGLE COURSE THAT HIT OUR TABLE WAS OUTSTANDING!  The cheese fondue(Oh my Gah!!!), The empanadas(perfectly crispy and delicious), guacamole(PHENOMENON! BOOM!)  mushroom tacos(OH BABY!), and the churros and tres leches(OOH LAH LAH!) were some of the highlights of a spectacular evening before heading off to the theatre.  THANK YOU FOR AN AMAZING EXPERIENCE!  Easily one of the top 10 meals of my life(And I'm a foodie:) I CAN'T WAIT TO RETURN!!!",False,0,0,0,Paco L.,en
687,2015-03-20 21:44:54+00:00,5,"Came here for a quick lunch and I fell in love!!!

First of all, the restaurant itself is so beautiful, the chandeliers are so dainty yet the room still has a gritty industrial feel with exposed brick walls, which I absolutely love.

The service was wonderful, we made a reservation for 2PM but they took us at 1PM kindly. They even gave us two seat options and let us choose!! When we sat down, we were greeted and served water so quickly. It was pretty busy but they seem to be on top of every table without forgetting anyone.

My friend ordered the sautéed mushroom tacos and I had the chipotle chicken tacos through recommendation of my friend and I must say I never had chicken like that before... It was cooked so beautifully and it just had that perfect crunch. Ugh. Amazing. You've just got to try it to know what I mean!!! 

Overall the experience and taste was all perfection. HIGHLY recommended!!!",False,1,0,0,Phoebe K.,en
686,2015-03-21 02:21:40+00:00,3,"Came here for Valentine's Day, was expecting a whole lot more based on the raving Yelp reviews and also the name of ABC Kitchen. So you can see my disappointment when its sister did not live up to its hype. Surely, the decor is hip and beautiful inside. Dark and romantic. But the lack of creativity really killed it for me. 

We had:
- jamon iberico - it was just ok
- florida white shrimp in agua diablo - very spicy, really liked the banana in it
- crab fritters - get this
- gooey spicy ham and cheese fritters (which looked exactly like the crab fritters but not as good) 
- charred octopus 
- some other not memorable dish
- not memorable dessert of the day 

What really irked me was that they served almost every dish with the same orange chipotle mayo sauce. Come on. Really? 

Great service, though.",True,1,0,0,Elsie W.,en
685,2015-03-23 16:46:44+00:00,5,"This is a late review.  All my reviews are but I can't cheat ABC Cocina of a great review so here I am.  

My bf has been to ABC Kitchen more than a dozen of times so when I told him we're having our regular Thursday dinner date night here he thought it was the same place.  He got here 5 mins earlier than me and he was seated at the bar having a cocktail and convo with the friendly bartender.  As soon as I walked in they offered me a drink and told us to wait for a couple minutes to be seated.  They were trying to sit us in the middle but we requested if we can have a corner booth and our request was greatly accommodated.  

ABC Cocina is a much bigger space than ABC Kitchen.  It has an industrial feel but still feel very cozy and there's warmth when you're having your dinner.  

Food was amazing!!! You can taste the freshness of each ingredient.  Tasted like they just plucked the vegetables from the back garden and the fish was so fresh.  I'm not even a foodie, my bf is but I would come back to this restaurant in a heart beat.  

We had the raw shaved brussel sprout salad... YUM...  the mezcal cured salmon... AMAZING... Grilled maitake mushrooms... COULDN'T GET ENOUGH OF THIS.. the black bass... SOOOO GOOD... and the tuna burger.... NOTHING WAS LEFT...  

I guess that should say alot about our experience..",False,0,0,0,Aavody A.,en
684,2015-03-24 13:32:20+00:00,4,"It was a dark and chilly evening. New York City was in the depth of a bitter winter. Normally, I would hibernate in weather so foul but when you live in the Northeast and it's like this 1/3 of the year, I suppose life must go on.

I was in a celebratory mood as my significant other had just acquired a new job for coming year. I was beyond excited for her happy news, yet the weight of picking just the right place for this special dinner fell upon my shoulders like an I-beam. After much internal deliberation, I decided to make reservations at ABC Cocina for their innovative menu and a very trendy yet classy ambience.

We arrived on time and were seated right away at a two top. The restaurant was still very busy at 9PM on a weekday. The decor was very chic, as were the people that are and work there. If I had to sum up this place is a sentence, I would say that nothing about this place says ""middle age working class"". Not the barnacle art on the walls, not the attractive young waitstaff, and certainly not the portion sizes.


That being said, no one ever came here for cheeseburger and fries. The menu featured dishes that were clearly concocted with much thought and planning. The cocktails, likewise, all sounded delicious. 

We ordered a mango flavored cocktail and a passion fruit cocktail. Both were very refreshing but the mango one had too smokey of an aftertaste for my girlfriend.

Of their dishes, we tried the guacamole with grapefruit slices, patatas bravas, tenderloin in chimichurri, and arroz con pollo. Every one of those dishes was delicious. The guacamole was creamy and went very well with grapefruit. The patatas bravas were very crispy and were served with sauce on the side, a nice variation on the traditional style. The tenderloin was cooked to perfection with a zesty flavor profile. The arroz con pollo was the crowning jewel of the meal. The rice was extremely savory and the chicken was very tender. 

The prices are high and the portions are small, but in terms of flavor, I would say that a meal at ABC Cocina is worth every penny.",False,1,0,0,Peter K.,en
683,2015-03-29 16:46:54+00:00,4,"It was a snowy/gray Saturday afternoon and I was in the area, so my mom suggested we stop in and see if we could get a table.  Luck was on our side, and the host told us there was a reservation that hadn't come yet, and if they don't show up in 8 mins we can have their table.  So they never show and we have less than a 10 min wait! 

I really like the decor there.  It was pretty, with lots of different chandeliers, but also kind of rustic.  I loved they flowers they had on all the tables too.  

I had a larger breakfast, so I wasn't starving.  The waitress suggested that we order 2-3 dished per person to share, so we ordered on the lighter side.  We started with drinks, I got the basil jalapeño margarita which had a good kick to it.  Then we put in a order for guacamole while we figured out the rest of our dishes.  The guacamole was good, and also had a kick to it.  It comes with the grapefruit salsa on the side that was really good too, and not really spicy.  Then we put in the rest of our order: raw shaved brussels sprouts salad, vermont shepherd cheese and macron almonds, baby calamari stuffed with chorizo, celery root, chickpeas and basil, chipotle chicken tacos, grilled jalapeño salsa, griddled fish tacos, aioli and cabbage-chili pickle, and market sweet potato and smoked cherry pepper empanadas with lemon yogurt.  Our waitress was very thorough in asking about allergies/aversions and alerting us of the spiciness of the dish. 

Everything was really good.  The fish tacos were really spicy!  I think it was the little peppers on top.  The chicken tacos were good, but I think the lingering spice from the fish tacos made it hard to fully enjoy them.  My favorite thing was the sweet potato empandas.  They were really good! and had a really nice smokey flavor.  The brussel sprouts were good, nothing amazing, but a nice dish.  

Overall I enjoyed it, and left there sufficiently stuffed.  I think it is definitely more on the expensive side, but the food and service make it worth it.",False,0,0,0,Rachel W.,en
682,2015-03-29 19:34:28+00:00,4,"Came here with friends for late dinner. The place was already packed but we had reservations. Needless to say, like most NYC restaurants, you MUST make reservations. If you must wait to be seated, you can get a drink at the bar, which seemed to be a popular hang out/mingling area.
The vibe of this place is great. The decor is gorgeous and the energy of the room is cool. The seating is a bit cramped but not uncomfortable. The food is definitely the star of this place. There are a variety of small plates to choose from and share with the table, which makes this spot ideal for small groups. A few of the dishes we tried included the fish tacos, the mushrooms, and my favorite-the guacamole. The guacamole here was amazing! I'd go back just for that.",False,0,0,0,Sintiea S.,en
681,2015-03-31 14:17:05+00:00,5,"After coming here a second time for dinner, I wanted to additionally recommend the mushrooms with goat cheese, king crab legs, guacamole, apple and celery root salad, garlic and chili oil shrimp, and short rib tacos -- basically everything that I ate. Out of my two meals here, I think the most memorable dishes are the arroz con pollo and the mushrooms with goat cheese.

Also upping my rating to 5 stars since anything you order is pretty much guaranteed to taste good and the service is so sweet.",False,4,0,0,Melissa C.,en
680,2015-03-31 18:59:58+00:00,4,"I admit that I am fan of other restaurants by Jean-Georges Vongerichten like Spice Market and ABC Kitchen, and I am a fan of ABC Cocina as well. My only problem with this restaurant is that it is so popular and so hard to get a table in, and with good reason. ABC Cocina has a great location, a beautiful space, a sexy clientele, and delicious food. Make sure you try the tacos. They are all delicious!",False,0,0,0,Jose A. A.,en
679,2015-03-31 21:30:52+00:00,4,"We came here for a birthday celebration dinner the other night and were quite pleased with the overall experience. The service was kind, attentive, and efficient. Drinks were fantastic!

As for the food, nothing stood out as a total ""wow!"" to me, but everything was spot-on for flavor, temperature, and presentation. We ordered the guacamole, grilled maitake mushrooms, charred octopus, and the Maine lobster rice. The rice was a bit pricey for the portion served, but very tasty.

I'd definitely go back and try more of that menu!",False,0,0,0,Jennifer P.,en
678,2015-04-04 22:17:25+00:00,5,"Nothing short of amazing. The menu was incredible, ambience downtown cool but not over the top, service friendly, warm but ultimately professional and the FOOD was phenomenal. Our party was 6 so we got to try a lot and nothing failed to crush it. Highly, highly recommend. Iberico Jamon sliced thinner than Madrid, empanadas excellent, fish tacos",False,0,0,0,Chris R.,en
677,2015-04-08 16:13:55+00:00,5,"Best place ever. Can't wait to go back

LOVED:
short rib tacos
arroz con pollo
empanadas
margaritas
ambiance",False,0,0,0,Danielle M.,en
676,2015-04-09 15:15:31+00:00,4,"The food is totally delicious here. Calanari, mussels, lobster tacos, and Arroz con Pollo were the choices we went with. All of them were so yummy. The Mezcal  mango Margarita is so good. The basil jalapeño is spicy but also very good. The wait was a long time so we had to hang at the bar for quite a while. The host at the front was adorable and incredibly sweet, I forgot his name and our waitress was awesome. Definitely a trendy sexy spot to grab dinner and what's cool, is you have ABC kitchen directly on the other side of the restaurant.",False,0,0,0,Meg C.,en
675,2015-04-09 18:54:01+00:00,5,"It's a very casual and beautifully decorated restaurant!

Crab fritters: I love it but it is too salty for me.

Sweet potato empanadas: love it because the lemon yogurt for dipping is just a wonder combo. 

I would love to try some cocktails, drink menu looks so good but it's too early in the day.

Overall, the dishes are small so value-wise it's a little expensive. But it's a prime location  though and the service is nice! The only thing that  I find weird is that he was so eager to take away plates for the table nxt to me when they aren't even finished while I had empty plates sitting around but he chose to ignore....",True,1,0,0,Vicky F.,en
674,2015-04-10 17:53:54+00:00,4,"Loved this when it was Pipa and love it now that its ABC Cocina.
The tapas are absolutely savory and creative.  The food tastes fresh.  The ambiance is fabulous, the argentian red wine is fabulous similar to a Malbec but honestly better. 
Highlight recommend this for a girls night out or just going for a nice light bite after work.",False,2,0,1,Annie G.,en
673,2015-04-16 12:39:42+00:00,5,"Great ambiance-- chic yet vibrant.  Awesome food and drinks.  With so many items to share, I think it makes the ideal spot for a double date.  Be prepared to call a month in advance to get a prime time reservation!",False,0,0,0,Alison H.,en
672,2015-04-17 15:38:43+00:00,5,The guacamole and sautéed mushroom tacos are to die for!!! The location is nice and the interior is decorated beautifully. Definitely come check out this Flatiron mainstay if you haven't already.,False,0,0,0,Rachel C.,en
671,2015-04-21 04:46:59+00:00,3,"Nice place, good atmosphere, food was ehh. There was enough salt in my meal to serve the whole restaurant. Drinks were decent, nothing special.",False,0,0,0,Kasia R.,en
670,2015-04-26 00:54:16+00:00,5,Dinner is done. The service 1 of the best i have ever experienced. Nick and Thomas amazing job. The tapas were fantastic too. Please support this amazing restaurant,False,0,0,0,Carlos S.,en
669,2015-04-27 20:06:46+00:00,5,"Great food, great ambiance, great service.

A very creative take on tapas - everything was both unique and tasty. 

Can't go wrong regardless of what you order.",False,0,0,0,Raphael P.,en
668,2015-04-28 19:26:24+00:00,2,I was so excited to dine here again because my first experience was amazing. Such a shame. They changed the chef or something. Everything tasted like they are from the deli on the corner. The octopus came completely burnt. Tasteless and overpriced for the taste and amount of the food,False,0,0,0,Pelin C.,en
667,2015-05-03 06:03:39+00:00,4,"Originally, we planned to have a brunch at ABC Kitchen. We got there around 1:30pm on Saturday afternoon. But been told no tables at all and they already closed for brunch. :-( They let us try their sister restaurant ""ABC Cocina"" which is right behind ABC Kitchen. Then it turned out pretty good. My daughter and I shared Spring pea guacamole with warm crunchy tortillas; Shaved beets, portobello mushrooms, questo blanco and herbs; Mezcal cured salmon; and Tuna burger. We both just love Spring Pea Guacamole with Warm Crunchy Tortillas and Shaved beets salad! Very tasty! Mezcal salmon is a little too salty for me. The tuna burger is OK. Love their decor though! Cool and cozy at the same time! Overall, we had a wonderful time here. I definitely still want to try ABC kitchen as well in the near future...",False,0,0,0,Lucy C.,en
666,2015-05-08 15:23:35+00:00,3,"The sister restaurant to ABC Kitchen, ABC Cocina has equally beautiful but much darker vibes that fit the more slightly more adventurous fare of the Mexican twist on brunch. I loved the atmosphere but it was a little loud and crowded, and I wouldn't say the food was mind blowing enough to be worth the reservation wait time.

What to get:
- The ginger shot is really the way to begin brunch, as well as the royal red juice and the detox juice
- The crunchy Mexican spiced French toast is incredible
- One of the salads: we ordered three and they were all truly lovely

What to miss:
- Definitely the pancakes: they were salty and heavy and we actually couldn't finish them even though the plates weren't huge. The fact that that dish came out so bad was really a damper on the overall experience.",False,0,0,0,Jasmine C.,en
665,2015-05-10 02:26:01+00:00,4,"I was thrilled to be able to snatch a last minute reservation here based on the venue's generally good reputation. In general, this restaurant lived up to my expectations but didn't go much further. 

When I arrived, there was a short five minute wait for the table to be ready; during which I tried a fantastic ""Honey Suckle"" cocktail at the bar. It was pretty delicious and I would highly recommend it. 

When my party finally was seated, I was disappointed however to find that there was a huge pilar immediately adjacent to our table. This made it difficult for the third person in our party to participate in any conversation. 

The food here was the best part of the experience. We started with the guacamole and it was literally to die for.  The BBQ tacos I had for my main course we're also pretty good.   

Service was just about average.  I also found it odd that the restaurant brings orders out at different times, regardless if they were ordered at the same together. 

While I would recommend trying if this place you can, I wouldn't be that upset if you can't get a reservation.",False,1,0,0,David O.,en
664,2015-05-10 15:49:16+00:00,5,"Shrimp in chili oil. Could've just had the oil with the house bread. We soaked up every. Last. Drip. 

Decent sized tacos. Fish ones were do flavorful. 

Pea gauc was surprisingly tasty with no pea taste. And totopos!",False,0,0,0,Christina S.,en
663,2015-05-10 20:11:48+00:00,3,"It's a good place for small plate foods.
Our server was very nice and recommended several dishes to us. But overall the place seems a bit over staffed and not well managed.

The food can be spicy, so tell them when you order how spicy you want your dishes to be.

Don't miss the Arroz Con Pollo, it's definitely the best dish. Apart from that, we liked the shrimp and garlic a lot. The chorizo was a little too spicy, so can't judge the taste that much! The short rib taco was good, but not amazing. We will probably try other tacos next time.",False,0,0,0,Alex V.,en
662,2015-05-14 02:03:08+00:00,3,"I came here on cinco de mayo and renjoyed my meal here. The atmosphere was great- dont know if its like this most weeknights or if it was because it was a holiday. The servers were a bit difficult to flag down, and he recommended for us to order more dishes than we had (which resulted in leftover wasted food!) 

Fun place but the food was mediocre.",False,0,0,0,Kyna C.,en
661,2015-05-16 03:46:08+00:00,3,"To be fair, I give this place a solid 3.5 stars. I came here with one of my greatest friends to celebrate a promotion and new job. I was more than ecstatic to try out one of the Jean-Georges restaurants. However, I was actually expecting a lot better food considering the overhype on yelp and the brand of ABC. I'm not saying the food was bad (because the dishes we ordered were good) but they weren't over the moon awesome.

The goods:
- Service is top of the line and they were very attentive.
- I was really digging the drop down light bulbs. 
- CRISPY FISH TACOS are a MUST here! It was probably my favorite dish of the night.  I really liked the cabbage-chili pickle on this dish.
- Mango Sangria was delicious.

The okay:
- The spring pea guacamole with warm crunchy tortillas looked gorgeous in pictures. As mentioned, they were good, but does not give a ""WOW"" effect. I actually thought the tortillas were the ones that made this dish work. They were freshly baked and were very crunchy. But disappointed because they didn't have the blood orange salsa like they used to. 
- The spiced ground beef and celery root empanadas with tomato salsa were as well decent. I think the tomato salsa was delicious and really brought out the flavor of the empanadas. 
- I felt the maitake mushrooms were great alone without the goat cheese.
- Tres Leche for dessert was okay too, but nothing to write home about. 

The ""I'd passed on this one""
- The patatas bravas with spicy-tangy sauce and rosemary aioli was the least appealing of all the dishes. It's basically home fries dressed up nicely. I wasn't impressed at all. 
-The chamomile and honey cocktail was way too strong for me. They really have to loosen up on the gin. But thankfully, our waitress was wonderful and allowed me to switch drinks.",True,0,0,0,Win C.,en
660,2015-05-16 13:15:07+00:00,4,"Great food, but at the same time somewhat forgettable, if that makes sense. I just hate the name of this place. All these ""ABC"" joints are impossible to keep straight in my mind. 

That said, the burger is surprisingly good. Very well balanced. The square footage is mammoth by New York standards, so at least 30% of your food cost has to be rent premium.",False,0,0,0,Mick B.,en
659,2015-05-18 00:02:33+00:00,3,"I came here once about eight years ago with my parents and we loved it.  However, we finally decided to revisit ABC Cocina and to be honest, we were all pretty disappointed.  Yes the food is fancy shmancy, but taste-wise it's but a mere 6.5/10, and the service is beyond pretentious.  We had a 6:00pm reservation for a Sunday but arrived just after 5:30. The restaurant was empty but the hostess didn't want to seat us immediately because she wanted to ""finish with the 5:30 reservations,"" and asked us to wait at the bar (probably to get us to start spending money on drinks before actually sitting down, I hate this scam!).

Anyway, sometime around 5:45 we were seated, the restaurant was still empty, mind you.  We ordered a bunch of tapas plates to share since that's what you do when you dine at ABC Cocina.

Spring Pea Guacamole- It's their must-have signature dish everyone raves about.  It's good, not something that's out of this world extraordinary, but it's fresh.

Charred Octopus- Solid dish.  Our favorite of the night.

Ham and Cheese Fritters- I mean, who doesn't love ooeygooey melty fried cheesy foods?  Good, but SUPER hot so let them cool before you take a bite.

Housemade Chorizo- Upon first bite I thought it would be good.  After chewing it for about three seconds it was extremely bland.

Florida White Shrimp- Second favorite of the evening!  Who knew if you mix shrimp with bananas it would be good?  It also tastes similar to ceviche which is always a plus in my book.

Patatas Bravas- My dad makes better.

Arroz con Pollo- Horrible.  Yes, there was a lot of chicken but it was not here nor there.  Fail.  Fail.  Fail.  For the last dish that came out this was for sure a disappointment.

Chocolate Creme Brûlée tart- Decent.  I mean, it's a sweet chocolate dessert, you can't really go wrong with that.

As for the sangria...I had the red hibiscus and it was standard.

ABC Cocina is a beautiful restaurant, but at the end of the day it's for those people who want to see-and-be-seen while feeling super important because they're dining at a Jean Georges restaurant.  I get it, I really do, but these types of places are simply not for me.",True,5,0,0,Jackie S.,en
658,2015-05-22 12:53:25+00:00,4,"Had a great brunch at ABC Cocina! The restaurant itself is very stylish (as it should be considering it's connected to ABC Home), and the waitress was super sweet. One dish was accidentally left off, and she gave it to us on the house along with a dessert. 

We loved everything we ordered! 
Patatas Bravas
Shrimp with Sizzling Garlic
Grilled Maitake Mushrooms (MUST order)
Spiced Ground Beef Embanadas
Griddled Fish Tacos
Cuban Sandwich
Huevos Rancheros

I highly recommend ABC Cocina if you're looking for a trendier restaurant.",False,0,0,0,Emily C.,en
657,2015-05-22 22:12:51+00:00,4,"Loved it! Margaritas were delicious. We ordered 8 dishes for 4 people and it was just enough. Every dish was fresh and tasty. The spring pea guacamole was so good. The beef tenderloin and the scallops were prepared perfectly. The arroz con pollo with chiccaron was great. Our servers were helpful and friendly. The atmosphere is lively and there's plenty of room to spread out. Liked it so much, I reserved again with a different group of friends!",False,0,0,0,Jill G.,en
656,2015-05-23 15:06:29+00:00,4,"Food was quite good. Went for lunch and everything we had was good. The sangria was great as well. Service was lacking though. Forgot silverware, forgot to bring a drink, but the food made up for it. Would recommend.",False,0,0,0,A M.,en
655,2015-05-24 17:05:30+00:00,3,"Was working in the ABC Carpet building and decided to grab lunch with a friend at ABC Cocina. The decor was great, and very light. We each had the lunch prix fixe ($32/ each). My favorites dishes were the SHAVED BEETS w/ MUSHROOMS, and the GRILLED SHRIMP SALAD. I wish I didn't have the prix fix menu so I could have more options to choose from, but it was still. I absolutely loved the TRES LECHE CAKE, it was not too heavy and just the right amount of sweet. I'd definitely come back again so I can try other dishes and give a proper rating again. ENJOY!

PS: ABC Cocina is around the corner of ABC Carpet. :)",True,1,1,1,Darlene Y.,en
654,2015-05-29 22:19:52+00:00,1,"This place is memorable for one reason only... How bleh it is.. It's borderline insulting. 

The ambience is very nice. Which means they spent a lot of money on ""sizzle""... Which means most of your meal price is to recouperate that initial cost  and not food quality. It shows. 

6 of us for lunch spent a total of $360 so we got to try a lot... So you would think... Sadly the portions are tiny so 1 plate is only 2 small pieces.  (2 mediocre tacos for $15??) But I digress. 

The food is mediocre at best, although I will give credit where credit is due and say proteins were cooked to the proper consistency. The flavor? Nothing spectacular. Not gross, but exactly at expectations for a clean restaurant, of which there are hundreds in the city. 



The descriptions of the food are misleading, the patatas is just French fries with mayo and ketchup.  This place is all about marketing 101. Get you excited and convinced it will be amazing so you are predisposed to overlooking it's flaws. I swear the Mexican lasagna ""salsa"" is pre made... 

You end up paying a lot of money for average (at best) food in a really uppity environment... There is absolutely no reason to go here as in a blind taste test the food would not win any category.",False,0,0,0,Anil C.,en
653,2015-05-30 16:50:05+00:00,3,"Food was great and so was the service at the table.  However, I had a very negative experience with one of the bartenders (the one with the beard)... I asked him for a glass of water  (that was before our server came to the table and I was very thirsty... ... he DID NOT want to serve me any water.. he said I could get that at the table.. I asked him again and explained I was very thirsty.. he still said no.  It wasn't until the other bartender came over that I asked him.. the other guy was very nice and served me a glass... but the first bartender still kept ranting about  not wanting to help me...Give me a break!!!  TERRIBLE experience... a bartender like that should not be in a decent restaurant!!!",False,0,0,0,Michelle G.,en
652,2015-05-31 12:43:47+00:00,5,"Second time here (seems like a theme for today) and another great meal.  Came here for brunch and not surprised why the family of ABC restaurants are some of the best in the city.  We started off with the pea guacamole...still on the menu and very delicious.  We moved on to the crab fritters (good but not my favorite thing on the menu).  Next was the fish tacos - perfectly fried and crispy, could have had two orders.  Last we split he mouth watering sea bass and pork sandwich.  The service was amazing and the waiter brought us a free eggs Benedict (which I will order next time).  Sorry no pictures for this meal but will take some the next time I go (which hopefully will be soon!)",False,1,0,0,Richard K.,en
651,2015-06-01 02:45:35+00:00,4,This was my first time here and the food was delicious. I ordered the mushroom tacos and my cousin posted the chicken chipotle tacos. We also had the patatas bravas one of the best I've had - they were nice and crispy and the sauce was really good. For dessert we had the tres leches cake which was ok for me - still good but not as amazing as I wanted it to be. Overall had a good experience. Food is farm to table you can tell it's fresh which is nice.,False,0,0,0,Esha P.,en
650,2015-06-01 03:08:13+00:00,4,"ABC Cocina is a happening spot in the Flatiron/Union Square area... It probably should be rated 5 stars in Zagat's ratings for ""Best Makeout Bar in NYC""... More to come on that:

PROS:
1). The food - we had the chipotle tacos and the beef tenderloin and both we absolutely amazing and there are so many other options to try

2). The Margaritas - EPIC.

3). The atmosphere - if you're date didn't already want to make out with you, they definitely will at this bar.  


CONS:
1). Swingers - the couple next to us kept eye balling us as we sipped our margaritas... The guy looked deep in my eyes as he petted his lady and it was slightly disturbing 

2). Makeouts- we've been here three times over the last month and every single time there are people making out everywhere - I said it was a pro before, but now it's a con 

3). Bartenders - you just have to come here to get why this is a con.",False,1,0,0,Stephen E.,en
649,2015-06-01 14:42:28+00:00,4,"Try the grapefruit margaria!! Really interesting restaurant, it's apparently hard to get a table so if you're interested, plan ahead!!",False,1,0,1,Jordan N.,en
648,2015-06-09 03:13:38+00:00,5,"Gorgeous atmosphere, amazing service, delicious food. Love, love, love.",False,0,0,0,Jessi W.,en
647,2015-06-13 19:35:54+00:00,5,"Absolutely LOVED how gorgeous this place was!!  The service was also great and the food was delicious!

They start you off with some bread, which was pretty standard.  We had the:

-shaved beets, portobello mushrooms, queso blanco and herbs:  I don't even like beets, but they tasted super delicious here!!
-huevos rancheros:  always a fave, and I enjoyed the spiciness to the sauce it came with!
-patatas bravas:  nice 'n crispy

I definitely liked this place a lot better than abc kitchen!",True,0,0,1,Lili K.,en
646,2015-06-15 03:26:25+00:00,5,"Two words: AH-mazing! This place is the bomb for everything! The decor is chic and classy, the lighting is awesome, service is great and the food and drinks are even better. Start with the margarita and you will thank me later. For food, we had the guacamole (so good!), tuna sashimi (also really good), shrimp in garlic sauce (not my favorite, but also great), fish tacos (yum!), and something else I can't remember. This place is amazing, just go!",False,0,0,0,Anna K.,en
645,2015-06-17 21:00:58+00:00,4,"pretty food.  Bit on the salty side but a mix of fares with a twist a few standard tapas.  any seafood tapa is best: Oysters, fish tacos, grilled sea bass, charred octopus out of this world.  Spicy ground beef tapas, skip it.  If you get there by 12:30 on a Wed like my bf and I did, there's plenty of seating at the bar, communal table or outside.  Starts getting fuller around 1:45.  The service was attentive though our food was brought out so slowly in betw that we couldn't get to dessert and I had to head back to the office.  If you guys could bring food out in a more timely manner, would've given you a five and a bigger tip w that dessert bc it looks so delish.  Will be back but maybe not for lunch if it takes that long.",False,0,0,0,Elizabeth N.,en
644,2015-06-28 23:14:08+00:00,4,"Excellent food, loved the tuna sashimi, the Florida shrimp and housemate chorizo, oh and the oysters were awesome!! Great service and a cool, swanky NYC vibe. Highly recommend and would visit again.",False,0,0,0,Dennis S.,en
643,2015-06-28 23:21:15+00:00,5,"One of the BEST brunches I've ever had. Ordered the jamon iberico, fluke, shrimp, arroz con pollo, octopus, and huevos rancheros. Dessert was tres leche and churro. Dessert was ok but everything else was very good especially the fluke and arroz con pollo. Cocktails were also great! Highly recommended!",False,0,0,0,May F.,en
642,2015-06-29 18:47:28+00:00,2,"I'm used to over-paying for Tapas, but this was ridiculous.  $16 order of calamari came with 5 pieces of calamari.  Dinner for 4, only 1 bottle of cheap wine, was over $400 and we were all still hungry after.
Beautiful space though, and our waitress was lovely.",False,1,0,0,KS B.,en
641,2015-06-30 14:03:45+00:00,5,"Tacos tacos tacos! After a food coma induced sleep on which were the best the results are in: 
1. Pork & Pineapple 
2. Grilled Fish 
3. Mushroom 
4. Chicken 
5. Short Rib 

They were all fantastic and they'll add a taco to an order to better accommodate a group size. This place is gorgeous and a must-go for celebrations and special events.",False,0,0,0,Jon A.,en
640,2015-07-06 04:37:11+00:00,4,"Beautiful restaurant! Absolutely love the decor and lighting in the restaurant.  We started with the guacamole and fluke appetizer. Both had very fresh ingredients and were excellent.  We also had the gooey ham and cheese fritters, garlic shrimp and lobster tacos.  The last three dishes were good but nothing exceptional.  This was my fourth time dining here and I feel that each time the food has varied and ranged between mediocre and excellent.",False,0,0,0,Christina L.,en
639,2015-07-06 23:58:01+00:00,5,"I have to admit I had low expectations for a French chef making Mexican food , but JG crushed it! Authentic tortillas , and he does the spicy flavor full on.  Drinks at the bar may sound ""fru fru"" with mango and passion fruit , but they make them with a light fresh touch , not heavy pulp",False,0,0,0,eugene k.,en
638,2015-07-09 00:32:02+00:00,2,"New York City is the Disney World for foodies, it's heaven! A few days a month I go out and explore this wonderful city's food scene. This past week I hit about 8 restaurants, ABC Concina was the biggest let down.

Based on the reviews I have been looking forward to eating here, it's also a beautiful restaurant.  I know NYC is an expensive city but for the price point even for NYC standards I expected more... I was greatly disappointed  

$17 for two tiny fish tacos, at one point I had to look for the fish!!!  The Shrimp with sizzling garlic and chili oil at $16 was ok, NO MUY BUENO, I had to take a second look at the menu to confirm garlic and chili were part of the ingredients.  For Latino food, this place LACKS FLAVOR, even the sangria was funky.  Service was as good as I expected. 

In the end I've had just as good if not better food from food trucks in California and paid 1/3 the price.  Also, the Fish Tacos at Pappasito's Cantina at DFW are almost identical, same price but more than 4 times the size, and they are DELICIOUS!!!  I always run to Pappasitos for their Fish Tacos on a layover at DFW, that how good they are. 

This is not Nuevo Latino, it's over priced Gringo Latino foo foo food.",False,1,0,0,Joseph M.,en
637,2015-07-09 04:31:35+00:00,3,"I came here about a month ago on a date with my girlfriend. We had movie tickets and this is right by the theater, convenience and my love for Mexican food were the two forces in play here. 

I saw the not yet infamous guacamole with peas on the menu and had to try it, and it was the best part of the meal. The queso dip was gross and tasted like it was from the frozen food aisle, the tacos were mediocre at best, and the bartender forgot to put an ingredient in my margarita which left it tasting like just tequila and seltzer. The good news is he realized this and brought me another one, he tried to take the screwed up one away but I'll be damned if I was gonna let him toss perfectly good tequila so I drank them both. I'm resourceful like that. 

Three stars because the service was good and I would give it another try. Wasn't completely disgusted, just disappointed.

ALSO: if you call they answer the phone ""ABC Cocina"" which is super disappointing because you'd think they'd answer it ""Ah, Bae, Say Cocina"" considering it's a Mexican spin off of ABC Kitchen, right? Why change Kitchen to Cocina if you're not gonna change ABC to Ah Bae Say (ABC pronounced in Spanish)? This is why I have no friends.",False,0,1,0,Bryan D.,en
636,2015-07-09 19:49:40+00:00,4,"Love this place! I've only been a couple of times but i can't wait to go back :) the bread basket is delish to start. In my first visit, my friend and I shared the peekytoe crab fritters, mushroom tacos, and griddled fish tacos. The fritters were disappointing as you couldn't really taste the crab and there weren't that many in an order. The mushroom tacos were really good, but we were blown away by the fish tacos! In my second visit, another friend and I shared the raw shaved fluke with green chili dressing and crunchy rice and herbs. it was amazing, which is why it's been on the menu since the restaurant opened. we also had the spring pea empanadas which our server recommended, and those were really satisfying yet didn't feel overly heavy, as empanadas can. Then, each of us had our own portion of griddled fish tacos with cabbage-chili pickle and aioli. I wasn't willing to share! :P we were also seated outside, when it began to rain, but i didn't want to move, since i was really enjoying my tacos at the moment!",False,0,0,0,Jen C.,en
635,2015-07-11 19:32:13+00:00,5,"Great food, a touch of spicy and latin based cuisine, with a great service and ambience.  the mushroom with goat cheese is to die for and the veggie from the market will burn but make you feel healthy and full.",False,0,0,0,Tatiana A.,en
634,2015-07-12 23:19:05+00:00,5,"BEST FISH TACOS EVER. Seriously. Get them crispy. THE FLUKE in my opinion is the best thing on the menu. On any menu. I always order two. One for appetizer, and one for dessert.  It's THAT good. 
The chicken tacos are spicy, and delicious. The mushroom tacos are very popular, and the maitake mushrooms are interesting and super good. I don't like mushrooms, this is the only place where I will eat them. The beef empanadas stand out as well. The octopus is nice, and so is the sizzling shrimp. The arroz con pollo is outstanding.  The grapefruit margarita is amazing. A must try. This place is beautiful, and the atmosphere is tons of fun. Terrific place to go for drinks and apps, or a full on lunch or dinner.",False,2,0,0,Elyse M.,en
633,2015-07-13 18:35:38+00:00,4,"Awesome place-- feels like a party whether you're celebrating with a group or just having a dinner date, the atmosphere is sexy and fun, with a solid bar and drink menu, incredible food tapas style, and impeccable service by funny, professional waiters. Even if it's your first time there, you will be treated like family and feel fabulous.",False,0,0,0,Lauren E.,en
632,2015-07-17 15:25:04+00:00,5,The tacos here were amazing as was the guacamole and peas - would definitely go back. Will try it for brunch at some point!,False,0,0,0,Natalie M.,en
631,2015-07-18 03:23:22+00:00,5,"Love this spot.  Had a great dinner and drinks for a good price.   The food was all delicious and the drinks were equally impressive. The decor is amazing. I love the atmosphere and feel of the space. Service was perfectly attentive without being too much.   I'd recommend this place for anyone looking for a cool place to grab some tasty food and drinks.  Perfect NYC spot! 

Get the chicken tacos, empanadas, arroz con pollo, and the strawberry sundae !!!",False,0,0,0,Rob Z.,en
630,2015-07-20 05:18:57+00:00,4,"Spring Pea Guacamole was delish.
Peekytoe Crab fritters were delish, too!
Tacos were decent Anglo-ish tacos.
Drinks and everything else were good!
Service is attentive.
Nice lunch vibe.

I will be back.",False,0,0,0,Rachel J.,en
629,2015-07-20 19:01:18+00:00,3,"We went to ABC Cocina on a recommendation from a foodie girlfriend....supposed to be amazing!!!  Here's our experience.

Atmosphere is cool, quirky & the staff were great. Food & drink wise, drinks were delish and we loved the guacamole & tuna sashimi but not much else. Greasy chicken & rice and the possible flounder (??? the waitstaff wasn't sure what the fish actually was) tacos were inedible. No one at the table ate beyond the first bite.

Unfortunately, not as impressed as we should have been. Good place for drinks/apps at the bar.",False,0,0,0,Jeanne W.,en
628,2015-07-21 18:13:57+00:00,4,"We were visiting my sister in NYC and wanted to grab dinner after a Broadway show. My sister said ABC had been getting great reviews and when a reservation became available she grabbed it immediately. It was an early reservation (5:30pm) which was fine because we were hungry by that time anyways. Our server Ashley was informative and friendly.
We decided to share a few plates. Started with Spring Pea Guacamole. It was very tasty, I did not think I would like peas on guac. But it was great.
Florida White Shrimp with Agua Diablo- Spicy, tender shrimp. Tasty and different with the banana to sweeten the spice.
Griddled Fish Taco with aioli sauce- Very good, sizable pieces of fish inside the taco. The spice level was medium. You can pay extra to get 3 tacos (only comes with 2!)
Crispy BBQ Pork Taco- again spicy, but sweetish BBQ sauce and pickled pinapple helped keep it edible.
Maitake Mushroom with Goat Cheese- the cheese is very rich, we got this dish last and we were very full at this point.
Seared Diver Scallops- Amazing! But you only get 2 scallops. So essentially $12.50/scallop. A little pricey, but delicious.
Charred Octopus- a little too charred, I have had better!
We tried their new Blueberry Lavender Martini- It was amazing! Highly recommend.

All in all, a good atmosphere, friendly staff.",False,1,0,0,Dana L.,en
627,2015-07-21 21:47:36+00:00,3,"*3.5 stars*

My expectations for ABC Cocina exceeded my dining experience with the BF.  Even though I loved the restaurant atmosphere and presentation of the dishes, I felt that the food was overall too salty.  The plates we were eating on were also chipped at corners - not what you would expect at a Jean Georges restaurant (or any restaurant for that matter).  This is not to say that I wish I never went to ABC Cocina - I am in fact very glad that I tried it!  

If you plan on having a few drinks, I would choose one cocktail and stick to something more flavor-neutral.  We chose 6 dishes + 1 dessert to share:

1) spring pea guacamole with warm crunchy tortillas - I wasn't expecting much from the guacamole (even though peas and avocados really excite me), but I was pleasantly surprised with how simply delicious it was.  Recommended 
2) raw shaved fluke with green chili dressing, crunchy rice and herbs - Very fresh and well-done; probably our favorite dish of the night.  Recommended 
3) razor clams with chorizo and pickled ramps, citrus-sotol sauce - Beautiful piece of artwork to the eye, but we weren't impressed with eating it.  
4) sautéed mushroom tacos, cashews, mole, kale and lime - Too salty for our liking
5) savory glazed short rib tacos, habanero relish and frizzled onion - - Too salty for our liking
6) arroz con pollo, crackling skin and lemon zest  - Very tasty & nice textures, but too salty for our liking
7) tres leches cake with raspberry meringue - We really enjoyed this dessert.  Recommended",False,1,0,0,Danielle V.,en
626,2015-07-23 02:42:54+00:00,3,"Great food, but not worth the prices. Food is four stars, service is four stars, the overall value is three. I tried:

Pea guacamole - DELICIOUS! By far my favorite thing. The tortilla chips were delicious, the guac was very fresh. I'm not sure why people fussed over the idea of a spring pea guac, but it's very delicious. 
Garlic shrimp - Expect this to be greasy since it's sitting in chili oil. Tasty but nothing special. 
Crispy chicken salad - A nice salad for lunch, but definitely not worth $25. The citrus vinaigrette is a little too citrusy/sour. The rest of the salad is pretty basic-- lettuce, radishes, cucumber, tomato. The fried chicken was delicious, but it wasn't an incredibly satisfying entree. 
Tres Leches - By far the best dessert!
Rice Pudding - Tasty, and a great sized dessert to split. 
Flan - Not sure why it's called the ""impossible"" flan, but the flan was divine. 

The ambiance is by far the best part of the restaurant. It's absolutely beautiful. Our server was also incredibly helpful and kind. Half (most?) of the menu is tapas style, so you should order a couple of things or you might be hungry later.",True,0,0,0,Stef S.,en
625,2015-07-24 19:04:06+00:00,5,"Love this place. The decor, the food, the drinks-- all top notch. I did not think I would be saying this, but the food is even better than ABC Kitchen. It's tapas style so go with a big group so you can try a lot. I loved the spicy shrimp. A must do in Flatiron!!!",False,0,0,0,Brittany B.,en
624,2015-07-28 19:48:54+00:00,5,"Came here for brunch with my friend and was impressed. Service is pretty fast (food is brought out when it is ready). We tried the pina colada, eggs benedict with crispy corn tortillas and ham, crunchy mexican spiced french toast with glazed apricots, patatas bravas with spicy-tangy sauce and rosemary aioli, and their chocolate and coconut popsicle. 

Pina colada: A bit sweet for my tastes, but nice, thick, texture

Eggs benedict: Amazing. Truly a delicious dish. Normally, eggs benedict is one of those dishes that is ""alright"" for me, since I tend to find it a bit bland. This one was not the case. They spices they used on the dish as well as the black bean salsa they serve with it elevates the dish to an entirely different level. So flavorful and distinct. I was very impressed.

French toast: Toasted to perfection - fluffy on the inside, crispier on the outside. The french toast wasn't too overwhelmingly sweet and was absolutely addicting.

Patatas bravas: Roast potatoes with a Latin American flair...so fantastic. Execution was great. My friend, who has been to Barcelona, said that these were almost just as good as the ones in Spain. Sauce was on point and I loved the rosemary aioli. 

Chocolate and coconut popsicle: Coconut sorbet and chocolate ice cream combo in popsicle form. Great dessert, and extremely refreshing. Chocolate ice cream was a bit sweet for me.

Ambience of the restaurant was very upscale and swanky. My friend and I sat outside since it was so nice. Very relaxing and fun time.",False,1,0,1,Katherine Z.,en
623,2015-07-29 12:47:00+00:00,4,"I had been wanting to try ABC Cocina for awhile after visiting ABC Kitchen multiple times and absolutely loving it. My friends surprised me with a bachelorette brunch and I was not disappointed. The decor is beautiful, cocktails are inventive, and the food is very tasty. The guacamole was amazing and I really enjoyed the eggs benedict.",False,0,0,0,Marisa M.,en
622,2015-07-29 21:51:02+00:00,4,"I'm such a fan of Jean-Georges... I love his namesake, I love Nougatine, I love ABC Kitchen, I love ABC Cocina.  I just love his tastebuds.  

We sat outside for dinner last night in the midst of a NYC heat wave, but the food wasn't heavy or weigh us down.  It doesn't get dark when the sun sets because there are bright lights shining down on the outdoor dining area.  It makes for a less than romantic mood, but then again... we didn't make reservations, so we were lucky to get seated right away.

Food (in order of preference)

Lobster fried rice - well, I'm Asian and I just can't get enough of rice.  
Crispy pork tacos - Seasoned very well. Two per order.
Guacamole - Not your ordinary, bland guacamole that you find in most restaurants.  It came with peas, garnishes, and chips that were just the right amount of salt.  
Tomato salad - if you like Greek/Mediterranean salads, you'll love this.  Light and refreshing.
Razor Clams - I'm not a huge fan of these, but I still liked them.  Three per order

Throw in a few glasses of wine, and our bill came to around $175 (including tip and tax).",False,2,0,0,Elle W.,en
621,2015-07-30 19:43:55+00:00,5,"My favorite restaurant. Octopus, scallops (a little overpriced $25 for two but worth it), tacos, guac- list goes on is amazing. Their cocktails are really good too. Their sangria wasn't so good and I feel like they need to buy some better chairs.",False,0,0,0,John L.,en
620,2015-08-01 03:16:00+00:00,3,"Just be prepared to wait if you did not think ahead to make a reservation. Think: 2 to 2.5hr wait. The store closes at 7pm so if you don't come early, you won't have that gem with which to while away your time. 

Food and service is commendable. During my most recent visit, our server's name was Giulia - she was patient, kind and attentive. We were grumbling after the hostess had lied to us and Giulia turned our evening around. Best service I have had in years - my friends and I spoke to the manager about how great she was.

ABC is great for the experience - just make the res and don't come starving as portions can be on the smaller side.",False,1,0,0,MG Y.,en
619,2015-08-07 15:01:55+00:00,4,"ABC Cocina met all my expectations for my brunch needs and being the sister resto to ABC kitchen. Great food, good wine and amazing service. We sat at the bar and shared the tomato salad, huevos rancheros and a soft shell crab sandwich. All were delicious, especially the huevos rancheros. I would want to try their dinner next time.",False,1,0,0,Jo K.,en
618,2015-08-07 21:23:26+00:00,4,"Love the food at this place, but give up on their cocktail menu.  This place never makes a cocktail I like; tried 3 different drinks and done after one sip.

Favorite item so far for me are the sweet potato empanadas with the lemon yogurt dipping sauce.  My husband always goes for the fish tacos.  

Service is usually good.  I was annoyed when one waitress talked me out out my drink choice to replace it with something that was NOT a sweet drink that I didn't drink.  Then I ordered the drink I wanted and it was halfway decent but of course was charged for both drinks ($16 each).

Sometimes you can luck out and get reservations on short notice or even walk in.  However, I highly recommend reservations in advance.",False,0,0,0,Ashley K.,en
617,2015-08-08 18:50:09+00:00,4,Nice place. Food is authentic. And the environment is unique. Come here is you are on a date or you are carving for brunch.,False,0,0,0,Big B.,en
616,2015-08-11 15:36:52+00:00,3,"Great vibe, decor and an overall fun place for dinner. But the ambiance is definitely better than the food - which is not bad, but not out of the world either.
Ordered: shaved beets with mushrooms (fresh and light), patatas bravas (you cant screw this up), sweet pea empanadas (the empanadas were a bit bland themselves, but the chutney it came with was great), cheese fondue with tortillas (below average), sauteed mushroom tacos (quite interesting). Portion wise, this order was just right for the two us us at dinner.",False,0,0,0,Sargam M.,en
615,2015-08-13 23:17:46+00:00,2,"Having went to ABC Kitchen, I was super excited to go to another one of Jean-Georges' ABC restaurants. A Latin American-inspired menu, the food was disappointingly mediocre while the portions were ""unsatisfyingly"" small. 

We ordered:
1.) Raw Shaved Fluke: A big disappointment. The fluke was drowned in a super sour green chili dressing that made the fish taste like a lime. 
2.) Patatas Bravas: Who can really screw up fried potatoes?! Mediocre at best, the potatoes only stood out with the spicy-tangy sauce.
3.) Short rib tacos with fried onions: Smallest tacos ever.  While the short rib was moist and tasty, the soft shell was wet and messy to eat. Unnecessary add on of grease with the fried onions topping. 
4.) Charred Octopus: Probably the most intriguing dish of all, the grilled leek and market potatoes went well with the perfectly charred octopus. The dish had a vinaigrette that was a bit too sour for my liking, but overall a decent dish. 
5.) Tres Leches Cake: Poor to NO presentation! The cake tasted like how it looked. Lackluster! It was overly sweet and tasted like what you find in a grocery store. Zero stars for this dessert. 

Clearly, I am no fan of their food. How on earth did this restaurant get 4 stars is beyond my understanding and experience!

Many of their tables up front are communal while private ones scattered in the back with reservations. The decor was modern and elegant, alike the other ABC restaurants. Perhaps, the chefs need a lesson or two from the interior designers about design and plating. 

The service wasn't really attentive as our waiter was missing for majority of our meal. We had to hunt her down in order to settle our bill. She seemed very impatient and provided no helpful recommendations pertaining to the menu. I am not sure if you get better service with a private table vs. a communal one, but if you must try this spot, I'll recommend making a reservation. Plus, the crowds in the communal tables are quite loud, especially since the tables are right next to the bar! 

Overall, I wouldn't recommend ABC Cocina and would suggest you go down the street to ABC Kitchen for better food and service!",False,1,1,0,Jennifer C.,en
614,2015-08-15 04:24:28+00:00,4,Fresh bread with spicy olive oil but do not the the sour fresh juice here.  Salmon and chicken salads are delicious but the tres leches cake leaves something to be desired.,False,0,0,0,Peggy Y.,en
613,2015-08-15 13:22:19+00:00,4,"Great food  a little bit overpriced. Stuff was great . The whole place was a little bit too loud for me. We had seven different things (   Shishito  peppers , short rib tacos, cheese plate, ham, chorizo crab meat and corn fritters and sea bass) and the only things we didn't love were chorizo and the sea bass . Fish was overlooked and I didn't like tomato sauce / tamarind . Chorizo was nothing special. I had better
Will go back to try some other things.",False,0,0,0,alex k.,en
612,2015-08-17 02:42:17+00:00,3,"Food is delicious but very small portions at very high prices. Nice atmosphere but very loud. The dining experience if too rushed, they recommend ordering at least 2-3 plates a person ( at lunch that's about $45-55pp for food alone) ....And they all come out quickly. Good if you are in a rush:)
In Nyc there are many better options.",False,0,0,0,S. W.,en
611,2015-08-21 04:42:24+00:00,3,"good extension of the ABC Kitchen franchise. I liked it, I didn't love it. There are plenty more great Tapas places in the city to try. I'd rather try one of those then come here next time.

That said - try it once; its nice. Don't bring a 5 year old who doesn't like to eat tapas though- they don't have a kids menu.",False,0,1,0,Jasmin G.,en
610,2015-08-22 23:28:13+00:00,1,NEVER GOING BACK. Terrible service and rude to the handicapped. I called 3 hours in advance to ask for a table outside with my handicapped friend and they told me it was first come first serve. There were 3 empty tables outside when I arrived and they made me wait 30 minutes because supposedly the tables were reserved. Not worth the overpriced food.,False,0,0,0,Kitty G.,en
609,2015-08-23 11:23:19+00:00,3,"Food was good. Drink was delicious and had a lot of alcohol so the price tag wasn't bad. I don't think this place is worth the hype though. And the service is mediocre. They are so eager to clear dishes and drinks from your table. Just chill a minute! And our waitress was not friendly. When we paid, we didn't need change, and she just said ""Great"" and walked away. No thank you or have a good night? We gave a proper tip. That alone makes me not want to return.",False,0,0,0,Nat K.,en
608,2015-08-24 02:29:14+00:00,4,"Such a darling place. An electric space - both vintage and post modern. Wall art depicts the raw nature; the chandeliers with different glass forms expose the duality of life's past and future; and the wild flower arrangements on the tables bring it back to community-home feel. 

It's one of our favorite go to tapas place. Fried & seasoned chickpeas on the table are awesome. The guac is yummy (not the best), but bc it deviates from the regular guac taste, it's doesn't let the taste buds down. Our favorites are the shrimp in chilly oil; the fish tacos;  and the hockey stew with fried rice.",False,1,0,0,Ameena E.,en
607,2015-08-24 14:32:16+00:00,3,"IN SHORT: Borderless Latin fare from Jean Georges is served inside a home goods store, because apparently that's a thing.

THE STORY: There's a joke in the gltizy western territory that I hail from (read: Los Angeles) that to pitch an idea for a show or a movie successfully, the concept must be presented as ""X famous Hollywood flick meets completely unrelated Y famous Hollywood flick.""

Ready? Think ""Modern Family"" meets ""X-Men."" Imagine ""Sex and the City"" meets ""Two and a Half Men."" ""Grey's Anatomy"" meets ""Out of Africa."" Boom. You've got a production.

ABC Cocina can be conceptualized a lot like that. Imagine if ""The Little Mermaid"" met ""Vicky Cristina Barcelona."" Now imagine that the entire movie was set in a restaurant inside ABC Carpet and Home in New York. Boom. You've got ABC Cocina.

If that somehow doesn't sum up the experience entirely, I'll elaborate a little more.

ABC Cocina is Jean-Georges' tribute to Latin-inspired cooking from around the world, all awkwardly forced to sit next to each other in a restaurant decorated with mystical bubbles of light, seashells, and jellyfish prints on the walls. It's a dark, loud, hip castle that takes its cue from influences far and wide, and while the lengthy list of dishes can sometimes feel ad hoc and might not contribute anything to the understanding or appreciation of Latin cuisine, a meal at ABC Cocina is still pretty hot.

Almost every table chooses to begin their onslaught of small plates with the sweet pea guacamole, a fabulously verdant creation topped with fresh peas, pea leaves, and sunflower seeds for an added crunch. Warm, toasted tortilla chips are on the side to scoop heaping mounds of the creamy ""mock-amole"" spread because this is simply what every 20-something woman wants to do on a Girls' Night Out.

The menu is divided into further categories that don't make any particular sense, but choosing one from each can help a table of two craft a meal that doesn't feel redundant. Although Light & Bright sounds like the theme of some college frat party, it is one of the more successful and popular groups from which to order. The mezcal cured salmon was like a smoky, seafood-focused interpretation of a green bean casserole, paired with a bountiful, thick cucumber yogurt relish and crispy potato flakes.

From the Golden & Crispy crew, the peekytoe crab and corn fritters are less successful, unfortunately overpowered by a strong chipotle mayo, and in comparison to the rich, spicy shrimp with sizzling garlic and chili oil, are far inferior.

Because this is a restaurant about Latin food, after all, tacos feature heavily under the Masa & Tortillas header, and surprisingly, some are actually quite good. The crispy fish tacos are served with a striking cabbage-chile pickle slaw, and are topped with a few threads of chopped mint for a seriously bewitching bite that is simultaneously herbal and spicy, all while highlighting the flaky fish itself. Our waiter also advertised the savory glazed short rib tacos and homemade chorizo sausage, though with over 45 items on the menu, it's impossible to enjoy everything in one sitting. Luckily, ABC Cocina is the type of fun, vibrant restaurant with casual, friendly service that makes each guest want to come back with a few friends or a date.

We finally managed to end our meal in the Grilled & Roasted category with the grilled beef tenderloin sitting on a bright, salty chimichurri sauce. Although the meat was cooked perfectly pink and medium rare, the cuts were irregular and inconsistent across all 5 pieces, which itself was also a very strange number to serve a table of two.

Ultimately, while the food at ABC Cocina might not break any boundaries or win any awards, the entire experience is of such high quality that it becomes an instantly enjoyable restaurant for a fun, lighthearted dinner with a little bit of sex appeal.

It's just like I said, ""The Little Mermaid"" meets ""Vicky Cristina Barcelona."" Or something like that. You get the picture.",False,2,4,3,Ali M.,en
606,2015-08-26 01:12:38+00:00,5,"SO GOOD. The staff was quite attentive and informative. The 2-3 tapas per person suggestion should be more like law. I mean, you're not going to want to leave without trying at least 3 things anyway. Razor clams were probably my favorite. And dessert was crack. It was a Thursday but MAN it got crowded fast. I was lucky to show up around 6pm and there were plenty of tables.",True,0,0,0,Julie T.,en
605,2015-08-26 18:18:04+00:00,5,Get the Parmesan corn. Abc kitchen doesn't disappoint and neither did Cocina.,True,0,0,0,Amanda K.,en
604,2015-08-26 18:24:46+00:00,5,"Cocina suprema!! My bf and I were visiting NYC and loved this little wonder of a restaurant as it reminded us of one of our favorites in LA. 
No wait time on a weekday evening, attentive service, delicious drinks including the basil jalapeño margarita and variety of ciders on the menu. 
We fell in love with the ambiance but the food made our hearts flutter! He ordered the short ribs that were some of the best we've ever had. Meat was flavorful, and fell off the bone in the best way. I'm not even a ribs person usually but these weren't messy and tasted great. 
I ordered the Arroz con Pollo dish from seeing other Yelpers loving and it did not disappoint! Add the house habanero sauce for a little kick and added flavor! We also loved the cheese fondue because it came with vegetables including Broccoli and who doesn't love cheese and broccoli?!
We will be back ABC...
*Theres also an AMC across the street if you feel like catching a movie after dinner!",False,0,0,0,Lauren E.,en
603,2015-08-27 15:37:37+00:00,1,"Overpriced and insultungly bad food. All the entrees are over salted, over cooked, and there is no freshness in the ingredients. Simple staple dishes are tampered with to be chic and command a higher price for a dot of food on a giant plate.",False,2,1,0,Madhu R.,en
602,2015-08-28 05:17:18+00:00,1,"I was visiting from California, and was excited to try foods here. My friend and I ordered two appetizers  of salmon and chicken soup. We really enjoyed its taste and creativity. Main dish comes out, and everything got SO BAD. Cheese burger came out with super hard, dark colored bun, with pickles and paprika. Spread on the burger was exact same sauce used for the other main dish which was also BAD. Mushroom taco was TOO SALTY, and the kale on the top was the worst combination.period.  Outrageous food gave us a huge surprise. I have never seen a restaurant that serves great appetizer with horrible entrée. Everything was overpriced. Cheese burger was literally cheese, meat, and bun. I would rather have a burger party at Shake shack with $90. It's very tragic that my first review on yelp had to turn out like this.",False,0,0,0,DD C.,en
601,2015-08-31 16:40:42+00:00,4,"The food extremely well prepared and composed.  Had the Peekytoe Crab fritters which were excellent, the tuna which was fresh and had nice balance, shrimp with garlic and oil and several other dishes.  The only near miss was the charred octopus, which seemed a bit too charred to the point of bitterness.  The cocktails were good.

Had the tres leche which was a wonderful way to finish off the meal.

A beautiful space in terms of design and decorations, but it was a little chilly in the back with the A/C.",False,0,0,0,K. C.,en
600,2015-09-01 19:20:55+00:00,4,"Excellent ambience, very lively.. Superb food. Enjoyed our evening thoroughly. Vegetarian menu had a lot to offer. Drinks were also great. Food on the spicer side but just great. Have to go again!!!!!",False,0,0,0,Devyani N.,en
599,2015-09-04 02:00:17+00:00,2,"It looks more interesting than it is.

Green salad with sprouts was ok, mushroom tacos were quite good, arroz con pollo was greasy with little flavor.  Both deserts we had -- rice pudding and tres leches  cake-- were bland/boring.

Service was fine though it became slow as the restaurant filled up.  

Noise level was loud, especially around the bar.",False,0,0,0,Greta S.,en
598,2015-09-05 00:16:09+00:00,3,"Thank goodness for the end of the summer city mass exodus, it opens up reservations at many places. This weekend we decided to try ABC Cocina. The restaurant is popular for its Latin American Fusion. The ABC group of restaurants are definitely infamous for the creative food from chef Jean-Georges Vongerichten featuring local, organic ingredients. We were really excited to taste how this translated into Latin American cuisine.

All in all, it was ok. I would recommend it if you have money to burn and don't mind if it is hit or miss. If you're tight with your wallet, and want to get the most delicious bang for you buck, you should pass.

Service: attentive and surprised my husband with a birthday creme brûlée. They did not really offer any compelling recommendations for food or drink.

Food: Average. The ingredients were definitely fresh, but none of the flavors were surprising or new. our favorites were the grilled corn and our friends loved the ham and cheese balls (not the official name). The octopus was a very small serving and was seasoned with what tasted like smoked paprika.  We were disappointed when we realized that 1/2 of the serving was potatoes and not the well-cooked charred octopus. The most original dessert was the almond cake, which was a favorite at the table. Since I have an almond allergy, so I tried the chocolate tart with spices. It rented my overall feelings on the restaurant, there was no flavor. I expected a rich, dark chocolate tart, with a little kick at the end. I got a rich, dark chocolate tart.

Price: too expensive for what you get. Perhaps we should try a few more things on the menu, but overall, it was a high bill for standard fare.

Ambiance: loved that it was not too loud. We could actually hear each other, which was awesome. Our seat was right by the door, but it didn't feel the least bit uncomfortable or busy. The decor is lovely, as expected from ABC.

What we ate:
Sweet pea guacamole   
House made focaccia and sourdough from Sullivan street bakery
Ham and cheese in crusty balls   
Grilled corn deliciousness
Crispy fish tacos    
Patatas bravas
Grilled octopus  
Surprise birthday creme brulee
Soft And Crunchy Almond Cake concord grape sorbet
Churros with cajeta
Spiced chocolate tart with creme fraiche
Vanilla Bon bons (not the official name)",False,0,0,0,Cat S.,en
597,2015-09-05 17:11:38+00:00,4,"Got a last minute reservation at 12pm on Saturday... Was really easy to get and pretty empty but the place filled up pretty quickly. We ordered the raw fluke salad, shrimp with sizzling garlic and chili oil, sautéed corn Parmesan and chipotle, baby calamari salad, fish tacos, and the seasonal Popsicles for dessert.  Everything was really fresh and had great flavor.  Interestingly, the chorizo in the baby calamari salad was a really nice touch! The seasonal Popsicles included watermelon cucumber, strawberry shortcake (our favorite), and chocolate coconut (mostly tasted chocolate which was good but it overwhelmed any coconut flavor... Tasted like a fudge-cicle).",False,0,0,0,Christina J.,en
596,2015-09-06 03:13:00+00:00,4,"I didn't have a full dinner here (just a quick bite), so I can't really give a full review. However, I can say that the service was great, the wine suggested by the bartender was tasteful, and the ""quick bite"" of a few dishes picked by our waiter was enjoyable.  I will return for a full dinner next time!",False,0,0,0,Francesca S.,en
595,2015-09-09 00:31:21+00:00,5,"LOVED it here. The decor, the ambiance, the food, the drinks, and the service went above and beyond. It's a bit of an eclectic space which adds to its charm. 

I started dinner with their house margarita on the rocks. It packs a punch so make sure to give it a try. It tasted authentic and not like it was made with a premixer. A drink you must try is the smokey rose. I tried a sip of someone else's and immediately wished I had a full glass of it. 

The oysters were incredibly fresh and came with a good assortment of sauces. The guacamole is different from ones you've tasted before, but I thought it was one of the best I've ever had. You have to try their mezcal-cured salmon. It comes with crispy bits of potato and a cucumber yogurt sauce. That was the standout dish of the night. We wished we ordered more than one plate. Also, I'm usually not one to love tacos but their crispy BBQ tacos with pineapple relish had a great salty/sweet combination that worked well together.

Tried their churros and flan for dessert. Their churros were great but I just didn't have any room to finish them. The flan was sent out on a ""happy anniversary"" plate by the waitress after asking what occasion we were there for. It's a heavy dessert so the mini portion was exactly right. 

ABC Cocina was an awesome experience from start to finish. Highly recommended!",False,3,2,2,Justyna G.,en
594,2015-09-09 17:05:38+00:00,5,"Came here for brunch with family and a friend. Loved it! The décor, ambiance, food, service were all EXCELLENT. Mezcal cured salmon with cucumber yoghurt relish is a must try! So good! Huevos rancheros, fish tacos and crab and corn fritters were all YUMMY!",False,0,0,0,Patricia U.,en
593,2015-09-10 12:42:56+00:00,4,The food was great but the service was a bit slow. We had 3 different wait staff ask us the same questions over and over if we wanted drinks or dessert.  The guacamole is awesome and the chicken tacos had an amazing flavor and the octopus was delicious.... It's tapas style so it's nice to be able to try multiple things. Would be fun with a large group.,False,0,0,0,Zeina E.,en
592,2015-09-15 00:10:23+00:00,5,"Love ABC Cocina in every way!! Drinks, tapas, food, decors! The ambiance itself deserves a 4.5 alone! I absolutely love the chandeliers and lighting decors - each light is unique in its own way but not random! They all connect. Being in a beautiful place just puts you in a good mood the moment you walk in. 

However, make sure you make table reservations for dinner because if you want to sit in the dining area, a reso is needed, but for the last few times, I just walked in and sat by the bar, which is perfectly fine too! In fact, I love the intimacy of the bar.

All their drinks are very well mixed and beautifully garnished! But I usually like the fruity cocktails. It's hard to pick a favorite tapas because I love them all! And you must get the chicken and rice dish (it's under entrees) but I forget the name! The chicken chunks were tender and moist while the rice was flavorful and soft! It was amazing!",False,4,2,4,Fiona L.,en
591,2015-09-15 16:42:38+00:00,4,"Happening on any night of the week (went on a wed night)!

This restaurant is perfect for groups but make sure to make a reservation or be prepared to wait. Luckily although we did not make a reservation the shared table by the bar opened up within 45 minutes of us being there - just in time for us to have two glasses of rose on tap. Went with a group of 6 girls - so perfect for sharing and just the right kind of food for both meat lovers and fish lovers a like!

Shared between 6 Girls:
Oysters (fresh/clean/delicious)
sweet pea guacamole with warm crunchy tortillas - some of the best guac I have had /hot chips
tuna sashimi with avocado, sweet onion pickle and jalapeno (never turn down tuna)
shrimp with sizzling garlic and chilioil (just shrimp - very small but full of flavor)
patatas bravas, spicy-tangy sauceand rosemary aioli (Potatoes were a little large - i usually like really crispy - not my favorite on the menu)
griddled fishtacos, aioli and cabbage-chili pickle (AMAZ - we got 2 orders)
crispy bbq pork tacos, pickled pineappleand fresnochili relish (can't go wrong)
sauteed corn, parmesanand chipotle (so simple but prob the most delicious corn I have ever had)

All around - great ambiance and decor. The food you can't beat for tapas. Good job ABC.",False,0,0,0,K. R.,en
590,2015-09-17 01:48:42+00:00,4,"What a delightful evening spent at abc Cocina!

Though I would expect nothing less from the celebrated jean gorges, I was so pleased by my time spent here. 

The best part- the unobtrusive yet very well thought out decor. No detail has been missed, but none of them scream to be seen. When here, be sure to take a few moments to really soak in your surrounds and notice the delicately placed seashells on the walls and miniature roses. How fitting that it is decorated so well and attached to abc home. Nailed it. 

And then the food. Everything was perfectly executed but minus one star because it was all pretty standard fare when it comes to central/South American twist-type menus. Calamari with spicy mayo, empanadas, etc. excellent drinks and wine list including some north fork rose on tap! Hallelujah for locally sourced wine. 

The best part, though, is not having to make choices. I do enough of that all day. Pick a few plates, share them, and indulge in your surrounds. Not a bad way to spend an evening.",False,0,0,0,Alice F.,en
589,2015-09-17 05:34:23+00:00,1,I asked if it was beef or pork I was told beef when I got it the meat was white I need it was pork how did this waiter get a jean George job n not know the difference. So much for religion,False,0,0,0,Jen S.,en
588,2015-09-19 20:34:27+00:00,5,"Just had brunch there and I must say the food was just fantastic. I had the Maine lobster, mushroom tacos, and the chicken and rice. The only disappointment was I ordered the king crab legs, notice it said legs plural written that way on menu, but it was just one on the small side leg. With that said it did taste great. I would highly recommend this spot just not the one leg for the price.",False,0,0,0,Mathew T.,en
587,2015-09-22 01:13:50+00:00,2,"Really poor service. It took 20 minutes to get a drink. The server was sweet, but overwhelmed. When I told the woman at the host stand she laughed at me. I'm not sure why she found it so funny that her server was apologizing for not being able to do a good job. She was as obnoxious as could be. Who needs that?",False,1,0,0,damon L.,en
586,2015-09-24 03:57:01+00:00,5,My daughter threw my son-in-law a surprise birthday dinner here last Saturday night for 19 people. The service was excellent and the waitress was very attentive. The food was outstanding and normally I do not go for tapas portions but by the end of the night I was stuffed! I particularly loved the steak tacos and arroz con pollo. The atmosphere was very nice and elegant with a latin flair.,False,0,0,0,Josef H.,en
585,2015-09-27 03:22:13+00:00,4,"Came here for lunch; great place for either a business or personal lunch.

The inside vibe is chic and reminiscent of ABC Kitchen but less fussy. The service is excellent; they're extremely attentive and anticipate your needs.

We had the beef empanadas and the salmon salad; both were excellent. The beef empanadas come as an order of two; great for two people to split or perfect for a small entree. They are extremely HOT so be careful. The sauce on the side didn't add much; the flavor of the meat is excellent and they are cooked perfectly.

The salmon salad is also very nice; the salmon is very high quality and cooked medium rare so it is very delicate and flavorful. A nice size for a light lunch. 

My one piece of feedback is that it is quite pricey even for lunch given the portion size, so I would not come here if you're on a budget (it's a good lunch to expense, let me put it that way!).

All in all, next time I want to meet someone for a casually elegant but not over-the-top lunch in Flatiron, I'll choose this place.",False,3,1,1,Lauren M.,en
584,2015-09-28 00:40:15+00:00,4,"we came here for our daughter's 21st birthday celebration. The decor was gorgeous! Our waiter was amazing, He patiently explained dish sizes. There were four of us. We ordered five plates. The restaurant is a small plates/tapas restaurant. Everything we ordered was delicious. They do add a slightly spicy zing to most dishes. Their signature hot sauce is unlabeled on the table. One very nice thing was that we were brought the wrong fish tacos (there r two types). The waiter came over before we even noticed, and said, ""it's on the house"" and thereafter brought the fish tacos we actually ordered. That was a. Rey stand up thing to do. 
service was very friendly and quick. for dessert, we ordered a cookie plate. each cookie was delish!!",False,0,0,0,Marian S.,en
583,2015-09-28 15:29:51+00:00,5,"An amazing dining experience! Now, I love ABC kitchen, so I was expecting that Cocina would not live up to my love of her sister. Boy, was I wrong. 

We had reservations, but were almost 30 minutes late (due to Megabus failures). They accommodated us quickly and were really nice about it. We were seated near the door, but it wasn't too loud or cramped. We started with the special drink of the night - some delicious tequila concoction. Even the bread was delicious! That focaccia. We were starving and gulped our basket down - what must our waiter have thought...

We ordered a couple of different plates - the sizzling shrimp, the tacos, and the chicken rice among them. I want to say that there was a vegetable dish as well, but perhaps I'm forgetting. All of them were amazing. I was BLOWN AWAY by that rice. And they make it with a seaweed base, I believe. Awesome. The short rib tacos were flawless as well. 

Finally, we ordered the rice pudding for desert - underrated but well done. 

Overall, the food was fantastic, the service was great, and our conversation only profited from the atmosphere. I had a great time!",False,2,0,0,Shona P.,en
582,2015-09-29 20:53:35+00:00,4,"Came here with a group of friends for a birthday and had a very nice time! The space is very nicely decorated and the food was tasty. The prices are high and portions on the small side, but it still makes for a good experience for a special occasion as this is one of the restaurants in the Jean-Georges empire.

The portions are a little too small to share, so for a large group, if you want to order tapas family style, you might need to order a couple of each item. The optimal group size for sharing is 2-3 as most items come with just enough to share among a small group. 

Overall a very nice time!",False,1,0,0,Karen X.,en
581,2015-10-03 05:06:02+00:00,4,"Went there for the first time tonight with my husband & two friends. We let them order for the table since they'd been a few times & everything was delicious. I especially enjoyed the chicken & pork tacos. The cheese fondue was very good, it has a little bit of a sweet flavor. The arroz con pollo was also very good. The vine is fantastic. I love the decor & music. I am pregnant so I couldn't try the drinks, but everyone else enjoyed the signature cocktails.",False,0,0,0,RR M.,en
580,2015-10-06 18:16:51+00:00,5,"Thanks ABC Cocina for a wonderful time!


We could not get a reservation at ABC Kitchen but we were able to get a reservation at this sister restaurant. I had a reservation for 10 people for a friends birthday dinner here. I changed the time once and the manager was very accommodating. On the day of, my party did not all arrive at the reserved time but they allowed us to sit at our table anyway and order drinks and table snacks while we waited for the others. Our server was attentive and friendly. The food was delicious. The ambiance is trendy and the other patrons were vibrant and seemed to be having a good time. I will be back!",False,0,0,0,Ro M.,en
579,2015-10-13 19:22:56+00:00,3,"It was OK. Great decor, interior design concept and music made for a great dining atmosphere. The food was OK. The crispy fish tacos were the best of our tapas. As I said, the food was good. The service was to be desired. Our server started out strong then disappeared. We literally had to stop other passing servers or expos in order to get our server to return to order additional tapas/ dessert and honestly felt abandoned. At the time of our meal it wasn't exceptionally crowded as our reservation was at 9:15 and the crowd had started to thin out toward the end of our meal. We never rush a meal while traveling however 3 hours is a bit long for a party of 3. I believe in constructive reviews in which a business can use as a tool to improve their service/product. I generally observed other parties that were seated after us receive prompt and attentive service. I honestly don't believe our experience with the service is a trend.",False,0,0,0,Tim S.,en
578,2015-10-15 16:34:53+00:00,5,"Unbelievably tasty food - got the pork tacos, the guac and the chicken rice dish - all absolutely bursting with flavor. Recommended 5 dishes to share but these 3 had me stuffed. 
Ambience and decor are really cool, arrived at about 5.30 and by the time we left the place was packed. 
Special shout out to our waiter Nick who was just so friendly from the moment we sat down, provided us with excellent service and advice on the menu.
I will 100% be returning to ABC",False,1,0,0,Kevin M.,en
577,2015-10-18 23:36:10+00:00,5,"Chef Matt cooked for our group of four and everything we tasted was amazing.  All of the tapas had unique flavors and fun presentations.  He made sure the birthday boy received a delicious caramel flan with a lit candle and ""Happy Birthday"" written on the plate.  My son was really pleased.  All of the staff (and Chef Matt) were pleasant and handled allergy requests extremely well.
I highly recommend trying ABC Cocina.  It will be a fun and very flavorful!",False,0,0,0,Barbara F.,en
576,2015-10-20 20:54:02+00:00,5,"Came to New York for my wife's 40th birthday. Came here our first night, everything we tried was outstanding. We loved it so much we came back our last night (one of our vacation rules is never eat at the same place twice) but we happily broke that rule. The manager Ann Marie found out we were celebrating my wife's birthday and really went above and beyond making out meal special. Ann Marie and the staff were awesome!! Cannot go wrong with ABC Cocina!",False,0,0,0,JAMES P.,en
575,2015-10-20 23:17:46+00:00,5,"Jamon iberico
crab/corn fritters
short rib tacos 
lobster with chili butter
rice with chicken/ chicken skin/ lemon

- all were phenomenal. It took a lot of self-restraint on me and my wife's part to limit ourselves to sharing five dishes. 

The interior of ABC Cocina is a sight to behold. Jean-Georges' interior decorator knows his drapes and chandeliers because most of JG's restaurants are very chic. A pricey joint but when I enjoy every aspect of the meal like I did here I am not going to cry poverty. So worth it and it's obvious why this place is a mob scene every night.",False,1,0,1,Rich J.,en
574,2015-10-23 04:05:46+00:00,4,"The decor and ambiance is really nice (probably explaining the premium price). Enjoyed the food, and service was attentive

Fish tacos - definitely recommended, slightly spicy 
Mushroom tacos - the reviews seemed to like it alot. It was okay I think a little salty (could be matter of personal taste!!!) Again maybe a one off, but not too my taste.
Really liked the guacamole - fresh and tasty.
And the steak - delicious, but a little sad that 5 small pieces cost ~$22 
Fritters for dessert - ok - can't remember much else. 

Overall still a very good experience and we were full",False,1,0,0,Celin W.,en
573,2015-10-27 14:24:21+00:00,5,"Food, drinks, decor, and service were all perfect. They were super patient with us whenever we were 20 minutes late for our reservation since our train was delayed. We called ahead and let them know and they were very understanding. They even brought us a free piece of cake since we were celebrating our anniversary that evening. Fabulous experience. We are so glad that we weren't able to get a reservation at ABC Kitchen because we would've missed out on this on this incredible meal.",False,0,0,0,Sarah W.,en
572,2015-10-29 15:28:05+00:00,4,"I ate here as part of a team lunch outing and had a set menu - I loved everything off the menu but would definitely like to try some other stuff next time as well!

The decor is beautiful - lots of whimsical chandeliers, mix & match furniture, and adorable dessert plates.
The service was good - they noticed when we had finished a dish and would clear the table accordingly without rushing us; they were also attentive with drink orders
Since this was a team lunch, I can't speak to the pricing but the menu does look expensive for the portion size. 

Guac with grapefruit salsa and tortilla chips - really good chunky guac
Shaved brussel sprout salad with goat cheese - refreshing and acidic with the goat cheese balancing it out, definitely recommend
Peekytoe crab fritters - good but underwhelming, would skip
Chipotle chicken tacos - my fave of the small plates, juicy chicken and the sauce has a kick

Grilled shrimp salad - not a fan of the actual salad, but the shrimp were amazing
Mexican lasagna - a very rich dish with a lot of sauce
Roasted turkey cuban salad - I really liked this, but I don't think it's anything special

Churros with dipping sauce - the churros were so light and the chocolate sauce was great
Rice pudding with glazed figs - so so so good, could eat by the bucketful",False,1,0,0,Tiantian S.,en
571,2015-11-03 19:59:59+00:00,4,"I've been here once for dinner and twice for brunch The dinner is definitely a better experience, simply because the food was better.   I actually tried the Arroz Con Pollo both at brunch and at dinner and the dinner won was 10 times better.  

So while I like Dinner better, I have to say their brunch menu has stuff for everyone. And if you have a vegetarian, there are so many options for them too.",False,2,0,0,Jennifer A.,en
570,2015-11-06 01:02:57+00:00,3,"I believe that I had high-expectations for this place since Pipa (the restaurant before ABC Cocina) was one of my favorite restaurants in NYC. I have been here more than 3 times. The food is ok, but it just did not impress me and I think some of them are overpriced (Guacamole is $15.00) and they lost the coziness that Pipa had. Pipa had amazing vintage chandeliers all over the ceiling and ABC Cocina changed into modern lightings that kind of look tacky all together. Although it was Spanish Taps place, the food was way better at Pipa too. I love Latin American food and I grew up with it, so I think this place is just over done. Also, every time I came here, I could barely hear my friends that I was sitting with since people were always talking so loud inside the restaurant (I don't know why). I might come back, but I honestly like ABC kitchen way better and obviously, I really miss Pipa! I probably would have liked this place more if I had never been to Pipa.",False,0,0,0,Lea N.,en
569,2015-11-07 15:57:48+00:00,3,"Food was delicious.  The empanadas and the tacos were the best part.  Guac was also very good, but I only eat the best, so it wasn't life changing.  The reason I didn't give a higher score was because of the terrible service.  I spent a surprisingly long time trying to get the server's attention to order.   When I wanted another drink it took me so long to get her attention, the bus boy asked if I needed another.  The restaurant wasn't busy.  For the price the service should be better.  Nothing like the service at ABC Kitchen.",False,0,0,0,Jane H.,en
568,2015-11-07 23:00:31+00:00,4,"Been here twice for a dinner. Without a reservation the wait is long. Every staff member we always interacted with was pleasant and accommodating. The drinks were tasty and the food was good overall. The food came out very timely. We got the mushroom tacos (too salty), chicken tacos, the mushroom and goat cheese dish (yum), stewed chicken entree and the crunchy almond cake.",False,0,0,0,Gabby S.,en
567,2015-11-09 02:48:45+00:00,3,Loved this place before but see a dramatic decrease in food quality. The service is still great but the best part of the dinner was the fried peanuts. Fried calamari and aoli sauce was excellent. Pork and short rib tacos were just mediocre. The steak was bland. Mushrooms were ok. Shrimp was ok. But really not worth coming back to. The whole experience is just gone. Sangria was pretty decent.  Unfortunately will not return,False,0,0,0,Ben S.,en
566,2015-11-11 02:49:07+00:00,5,"Adore, adore, adore this place.  Super cool New York vibe, insane decor since it is in ABC, and great music. Any margarita is a good bet, especially the Basil Jalepeno or ask for a wine rec.  Mezcal Salmon was a standout as was the Brussel Sprout salad w goat cheese (aka Brussel Sprout Caesar Salad).  My only request is that they pay more attention to the  bathrooms which needed to be cleaned.  Worth the price tag.",False,0,0,0,Claire M.,en
565,2015-11-20 22:22:35+00:00,3,"Nice place and very friendly staff. This is my 4th visit cuz my friend likes the place and the food. I like the guacamole for starter. This time I ordered the sea bass with olives and smoked chill is and it was so good. We also tried crab fritters for the first time, too fishy (and I like sea food).

Our usual order is: tacos (chicken and short ribs), patatas bravas, and stewed chicken with onions and crunchy rice. None of them I crave.",False,0,0,0,Aldana A.,en
564,2015-11-24 02:04:20+00:00,5,"I've wanted to eat at ABC Kitchen or ABC Cocina for such a long time, but I had never had the chance to. Luckily my wife spotted a reservation slot right at opening time for weekend brunch, and off we were to a restaurant that is hardly conspicuous from the outside unless you are really paying attention - I've walked by 19th and Broadway countless times, and it never even once occurred to me that the restaurant's storefront was not that far off. The ambiance is one of trendiness mixed in with the feeling of faded Flatiron glory; the crumbling seashells growing out of the beams and the walls is a rustic yet fantastical touch. We were seated in the very front window - almost like a display - but it didn't feel awkward at all, and if anything, is a bit more intimate than the rest of the dining room. Our food was brought promptly but not so quickly that the table got crowded. There's a very solid cocktail and drinks menu; I went with a pisco-infused cocktail that highlighted the liquor while being soothed over by hibiscus.

For brunch, we ended up sharing all the dishes, getting a few of the smaller plates and a couple larger ones to share. We started off with the guacamole, which I liked a lot - very fresh and sprinkled with things like microgreens that you wouldn't find in the strictly traditional version of the dish. The grapefruit salsa was the only thing that was really a tad off the entire meal...it was overly sweet, i.e. didn't capture the acidity of the fruit, and it didn't mesh well with the creaminess of the avocado. Next up was the shaved brussel sprout salad, served with the goat cheese on bottom and tiny croutons sprinkled throughout. This was really good; I rarely eat brussel sprouts raw, but they tasted very quite nice, and I liked the concept of flipping over the salad and scooping it up with a spoon. We followed that with the croquettes - excellently done, with a gooey (but not overly hot) center and some kind of spiced aioli sauce that gave it a nice Mexican overtone - a good dish to go with a big, bold sauce. Our last small plate was the baby calamari salad with chorizo. The calamari had good texture, but it was a tad hard to really taste given the small portion, and the salad itself didn't stand out as much compared to the brussel sprouts.

Both main dishes, though, were glorious. We did the savory chicken rice, and it's hard to say that I've ever had any better Mexican-style or Mexican-inspired rice than this. The crisped skin mixed into the rice really adds nice bursts of flavor and texture, and the rice itself is so creamy and decadent that you almost forget you're chowing down on a staple food. The chicken that is mixed in is also incredibly tasty as well - extremely moist and flavorful. Lastly, we ended on a sweet note and went with the Mexican French toast...definitely one of the best renditions of this classic brunch dish. The inside of the toast is slightly gooey and undercooked, making it delightful to get a bite of, but the outside is extra-crispy with a good amount of crunch to perfectly offset the inner texture. The apples are a nice touch, but I could probably just eat the toast unvarnished, even without syrup - it was that good.

The price probably runs a bit above where your standard NYC brunch comes in (not that that is cheap to begin with), but it's money well spent. A fantastic, cosmopolitan take on Latino cuisine in the confines of brunch was incredibly well-done, and I cannot wait to come back to try out their dinner options sometime!",False,3,2,1,Asuka N.,en
563,2015-12-01 03:13:31+00:00,4,"Very fun, fancy night out vibe. I'd prefer to go here only for drinks because the food is so expensive. Good date place but don't take a hungry guy here.",False,0,0,0,Tierney F.,en
562,2015-12-09 01:56:24+00:00,5,"Def one of my favorite places to come to eat or to have a drink. Great atmosphere. 

I have never been disappointed with the food or drinks. 

My gf introduced to this place back in August for my birthday. We have been coming here ever since.  Probably one of the better places for Spanish tapas style food. NOT your typical Spanish food. MUCH better.",False,1,0,0,Luis E.,en
561,2015-12-13 17:22:48+00:00,2,"I was sooooo excited to eat here and then left terribly disappointed!  I do not see the hype at all and those who are raving about this place, are either obsessed with the trendy vibe or like to show off and spend money. 

The ambiance is wonderful!  It is very trendy, dimly lit, beautiful decor and has a hip vibe with music playing.  

The staff were hit or miss - wait staff were great bartenders lacked personality, barely cracked a smile. 

The drinks were wonderful!  Pumpkin sangria highly recommend! As well as the blood orange and passion fruit margarita.  

And that is where my review changes...

The food was just OK, not bad but not amazing - for the price and the difficulty of getting a reservation a place like this should blow your socks off and it didn't. 

Clams with baked bread - bread was burnt, clams were ok nothing exciting. 

Whitefish Ceviche - delish but nothing I couldn't get somewhere else 

Cheese fondue - tasted like they poured the bottle of salt into the cheese 

Squash and Smoked Mozzarella empanadas - just ok, lacked flavor other than the smokiness of the cheese 

Beef Tenderloin with Chimichurri - steak was excellent, melt in your mouth - the only dish worth getting excited over 

Lobster Rice - at $39 this dish was awful!!  Rice was mushy, flavors all wrong and lobster uncooked!  We complained and all they did was take $10 off the bill - a free dessert or a full comp would have been nice, considering we only ate the 4 small pieces of lobster from that dish! 

I don't know if we chose bad dishes, it was a bad day for the kitchen or the chef or the staff?  It seemed many people dining, knew the chef as he came out and hugged and kiss many of the people dining

I would skip this place!!!",False,1,0,0,Jenni A.,en
560,2015-12-14 02:31:42+00:00,5,"We had a large group dinner at Cocina and I have to say that I am impressed with the ABC family restaurants. I liked the food at Cocina even more than at ABC Kitchen next door. 

We had a pre-arranged menu that included the following: cheese board, brussel sprout salad, cured salmon, shrimp, patatas bravas, squash and mozzarella empanadas, short rib tacos, mushroom with goat cheese, charred octopus, vegetable brown rice and (for dessert) tres leches cake with cranberry meringue and salted caramel flan. Everything was absolutely amazing, flavorful, inventive and delicious. If I had to choose my least favorite item out of all of the above, it would be the flan (I know, shocking!...me, not like a dessert...gasp!). 

Service was top-notch, we were well-cared for, plates were cleared appropriately, waters refilled, drinks replenished. Ambiance and decor was dreamy and romantic (see pics)...what more could you ask for? Do make advance reservations as this is one of NYC's hot spots!",True,3,0,2,Mahsa T.,en
559,2015-12-21 02:39:27+00:00,4,"Only in New York do I have to make Sunday brunch reservations one full month in advance, but a month was enough time for me to get over how much money I would spend for this brunch. The ambience was amazing with fantastic service. To quote my friend, this is ""the type of place that Blair Waldorf would go to.""

Between the 4 of us, we ordered 8 dishes along with a few cocktails, and we were STUFFED. As a general piece of advice, definitely share the food, but make note that items on the brunch menu are meant to be portioned for one person whereas items on the rest of the menu are meant to be shared. We started with the savories - guac with grapefruit, fried potatoes with aioli, crab fritters with chipotle mayo, shrimp with chili oil, and charred octopus with chipotle mayo. Then we ended with the sweets - French toast and coconut pancakes. Aside from the octopus being slightly on the dry side and the fish taco tortilla being too flaky, everything was quite tasty. However, I'm not sure they're worth the hefty price. 

Overall, beautiful restaurant that I'd highly recommend for special occasions but be prepared to spend $$$.",False,2,1,1,Cindy G.,en
558,2015-12-22 03:09:16+00:00,5,"Soup, mushroom tacos, asparagus, desserts, etc.  Super great except guacamole was too spicy for me.",False,0,0,0,J B.,en
557,2015-12-22 05:51:20+00:00,4,"ABC Cocina is a hip, trendy, and cute spot. I've been here a couple of times and each visit did not disappoint. On my most recent trip, we stopped by later in the evening without reservations - we sat by the front communal tables by the bar. The service was a bit slow by the communal tables as it seemed like there was only one guy running around for that section. But other than that, dinner was as good as expected.

Everything sounded so delicious on the menu...I definitely had a hard time choosing what to order. I really how the menu is divided by categories such as ""light & bright,"" ""golden & cripsy,"" ""masa & tortillas,"" ""grilled & roasted."" We decided to ordered the following tapas:
- Patatas bravas atop with spicy-tangy sauce and rosemary aioli - does its job that you're expecting
- Crispy brussels sprouts with blue cheese aioli - perfectly crispy and so delicious...thought the blue cheese aioli was almost unnecessary
- BBQ pork tacos with pickled pineapple and chili relish - excellent tacos
- Griddled fish tacos with aioli and cabbage-chili pickle - I've had the crispy version before; both versions were delicious. Tacos had a nice kick to it - the pickled cabbage was very acidic...had to pick some off
- Chorizo - nothing special ...just a good spicy sausage...will skip this next time
- Cocktails are good here but a bit overpriced for what they are

I've had the guac here before as well and it was fantastic. Come here if you're looking for a trendy atmosphere with some good food.",False,1,0,0,Anya S.,en
556,2015-12-27 04:35:13+00:00,3,"CRISPY BRUSSEL SPROUTS? 5 STARS. OVERALL EXPERIENCE--3. 

I was super stoked at the idea that ABC Cocina might turn into my go-to place in the US area but it did not live up to expectations, unfortunately. The space is gorgeous; the restaurant's exposed concrete walls paired with its rustic glam lighting are reminiscent of ABC Home next door (literally, the doors in the back lead into the blanket section). It is a bit loud in here but not to the decibel level where you lose your voice over dinner. 

ROASTED BAY SCALLOPS SALAD--light and refreshing salad. the scallops were a bit overdone but made for an interesting tasting combination with the tartness of the citrus. definitely worth a try if you're up for a fun pop in your mouth!

CRISPY BRUSSELS SPROUTS--LITTLE BLOSSOMS OF FLAVORFUL CRISPINESS! Simple dish that had us wanting more! 

PATATAS BRAVAS--overcooked to a crisp and lacking salt and other seasonings

KABOCHA SQUACH AND MOZZ EMPANADAS--buttery and fragrant pastry encased a surprisingly delicious and subtly sweet/salty filling. Perfect for vegetarians! Wasn't a fan of the sauce so we ate them naked. 

CHARRED OCTOPUS--i didn't understand this dish because all the flavors were subdued. the octopus was dry and a bit rubbery. 

HOUSEMADE CHORIZO--this sausage was lacking something but the pickled onions made up for what the sausage was lacking!

We had room for dessert but the choices were very ""been there, done that"" so we decided to pass. 

**Overall, I probably wouldn't come back because it's missing a wow factor!",False,4,0,3,Alyssa T.,en
555,2015-12-30 02:40:30+00:00,2,"If you've ever had tapas, you know how amazing authentic food should taste at a reasonable price.  Unfortunately, you won't get exceptional flavor or prices at ABC Cocina.  Tiny portions match the underwhelming flavor here.  We had grapefruit guac (with over-fried chips), Brussels sprout salad (more like coleslaw), fish tacos (I've had better from a truck), Arroz con Pollo (aka chicken Rice-a-Roni), ham and cheese croquettes (dry crust overwhelmed little filling) and shrimp with garlic and oil (flavorless).  Our lunch bill came to $240 for 3 people!!!!  Save your money and go to Boqueria or Tia Pol instead.",False,0,0,0,Lola P.,en
554,2016-01-04 18:28:40+00:00,2,"We ordered bacon,  donuts ,the French toast ,the crab toast and the eggs with potatoes 
The bacon and the toast were great
The donuts were 2 for $10 and had the quality of a dunking donuts 99 cent donut not worth the price for quality 
The French toast was $19 and it felt more like bread pudding too soft in the middle 
The eggs with potatoes was nothing expectacular my wife hated the eggs they were very running  and it was $20 dish  for a very boring plate 
So in my opinion I have no issue paying a lot for a meal but for the size and quality it's too overpriced I had better for way less, service was great and we tip our waitress  well and the look of the place it's cute, I guess if you want to go there because is the cool place to be seen then go, I prefer to go were the food is worth what I pay for",False,0,0,0,Xavier L.,en
553,2016-01-04 19:18:03+00:00,4,"Overall loved the decor as much as I loved the decor at abc kitchen. I was already full from eating before we got here, therefore, probably did not enjoy it as much as I could have. I did really enjoy the arroz con pollo dish.
We ordered the spicy ham and cheese fritters- maybe I'm not a big fritters person but I thought it was ok. The crispy fish tacos were good but I was too full to also enjoy it. We also got the garlic shrimp with chili oil which was good. I ordered a pina colada which didn't taste much like your traditional pina Colada. Overall I oils definitely return to try more things off the menu.",False,1,0,0,Kathy N.,en
552,2016-01-08 17:58:29+00:00,4,"I didn't order the food (which I have no doubt was beyond amazing!) but I stopped in here before heading out on a recent weekend and just loved it. The drinks, the hip atmosphere, the service. All top notch.

Sat at the bar and the bartenders (all women yay!) were very friendly and chatty. I definitely recommend the spicy whiskey sour. All day 

Can't wait to go to ABC Kitchen one day!",False,0,0,0,Mike N.,en
551,2016-01-09 02:24:53+00:00,5,Amazing!!!!!! Everything was delicious!! Drinks are amazing!! Waitress was sweet..went here for my boyfriends birthday and they served him tres leche with Happy Birthday writing. Perfect evening..pricey but good!,False,0,0,0,Natalia C.,en
550,2016-01-09 14:41:06+00:00,2,Went here last night and had really bad service. We waited for 30 min just for our waitress to take our drink orders. The food was pretty good but nothing to write home about. The highlights were definitely the crab fritters and short rib tacos (which by the way came 30 min after we were finished with the rest of our meal after we reminded the waitress). Overall didn't think it was worth the price- I would much rather just go to ABC Kitchen.,False,0,0,0,Bili N.,en
549,2016-01-11 17:36:26+00:00,5,"Great restaurant!   Went to ABC Cocina with a friend and had a great experience.  Very nice, modern atmosphere w great decor.  Menu consists of Latin small plates that are meant to be shared. We had fish tacos, grapefruit guacamole, and Brussels sprouts.  All of the food was delicious and presented well.  Service was also great.  
Would suggest making reservations as it was a Thursday night and a wait for two was over an hour. 
Would highly recommend ABC Cocina and I look forward to going back again!!!",False,1,0,0,Jaclyn S.,en
548,2016-01-17 20:56:03+00:00,4,"This place is much pricier than restaurants I typically visit so I don't anticipate going back any time soon but I certainly enjoyed my meal. I dined with two friends and we ordered a large assortment of items, mostly vegetarian and vegan. We all enjoyed the food (particularly the roasted brussel sprouts and the mushroom tacos), and I was pleased that they offered a good selection of vegetarian/vegan options to begin with and happily made substitutions to make additional items vegan for me. My favorite item had to be the chocolate coconut Popsicle - amazing!",False,2,0,0,Cassandra B.,en
547,2016-01-21 21:40:47+00:00,4,"This place came highly recommended for Brunch. I totally loved the vibes and decor of the place. My date and I wanted a place where we could hear ourselves talk yet still hear good music and a good crowd, ABC Cocina did just that. 

We arrived a little early for our reservation and was seated within 15mins. The service was awesome, the waiter really knew the food and cocktail menu.

On to the food :) 
Patatas Bravas: Crispy, flavorful & the sauce that comes along with it was pretty good!
Kabocha Squash and smoked mozzarella empanadas: healthy and delicious! Would definitely suggest everyone try them.
Chipotle Chicken Tacos: My date had these, I did not try them but he spoke highly of them.
Huevos Rancheros: Not my favorite Huevos Rancheros, I have had better. I probably will not order them again here. 
Churros with cajeta and spiced pear: They were ok, kind of hard. But were warm when they came out.

Overall the food was good and flavorful. The service was great!",False,1,0,1,Tanequae P.,en
546,2016-01-25 00:09:59+00:00,4,"Went there for restaurant week, but it's only offered on week days. So We just ordered from the lunch menu. The food tasted good, especially the sea bass. Price/taste/innovation wise, I think it's ok...deco is nice. I may go back...",False,0,0,0,Steph Z.,en
545,2016-01-31 00:32:05+00:00,1,Walked in as a party of 4.  Saw there was at least 5-7 tables available.  Hostess was very hesitant to give us a time frame for our party with a noticeable unwanting welcome. Smh. She then asks 2 other well dressed men about our party and became an hour to hour an half wait! We felt racial profiled and very unwelcomed.  Will never come back,False,1,0,0,Donna C.,en
544,2016-01-31 20:55:04+00:00,5,"Ambience is legit. Definitely something different about this place. It doesn't really have a genre  which makes it even cooler. 

Every item of food I ordered was bomb. I ordered the guac, fluke salmon with yogurt, charred octopus, and fish tacos. The best thing was the octopus which we ordered again during our meal because it was that good.

Drinks were legit as well.  I'm usually a scotch  on the rocks  guy but I decided to get the mezcal passion fruit which was legit. Ordered a second round. 

All in all I would definitely come back. And I usually don't say that about most places. Let alone give 5 stars.

Peace from Doctor P",False,0,1,0,Hassan P.,en
543,2016-01-31 23:50:25+00:00,3,"I went to ABC casino with my girlfriends for a restaurant week lunch. It was our first time eating here.  While I'm certainly glad I tried it, I don't think I'll be going back anytime soon. Outside of restaurant week, the food is not a good value and I'm definitely someone who's willing to pay for good food. If you're wondering what in the world I mean: I didn't feel like it was worth my money in terms of deliciousness, wow factor, portions, service ... basically the whole experience.  

Some positive notes:
- For lunch, it wasn't crazy loud, which was nice. 
-The basil jalapeño margarita was yum - not too sweet or too spicy. 
-They have wine on tap!",False,0,1,0,Natalie P.,en
542,2016-02-01 15:35:28+00:00,3,"3.5 stars.

Came here for a dinner catch-up with a lovely friend in December.  

Really dug the decor and the service was impeccably friendly and my friend and I chatted for literally 2.5 hours.

Food was cool but overpriced for what it was.  But perhaps you are paying for the location, environment, and service.

We had the crispy calamari, arroz con pollo, and I think fish tacos.  Additionally, a quartino of their house red which was pretty great.  

Can't go wrong with calamari.  It wasn't heavily battered.

Arroz con pollo: pretty good, but a little overpriced no?

Fish tacos...not so memorable.

If it's your first time, I'd do it and try out some things and have a good time.  

Would come back if I had freer cash flow and wanted this darker / chic environment, but otherwise I'm cool to look elsewhere.",False,0,0,0,M M.,en
541,2016-02-05 18:11:43+00:00,3,"Restaurant week. Rip off. 
All they had was the fritters and a salad. 25 bucks. Really a rip off. Why aren't some of the better plates on restaurant week.  

Service was slow. I won't recommend this for restaurant week or otherwise 


I had the fritters and chicken salad. My wife the beet salad and chicken salad. I was starving after all 3 courses. Chicken salad wasn't anything special.",False,0,0,0,AJ X.,en
540,2016-02-05 20:40:00+00:00,4,"The wait was pretty long, over an hour.  The decorations and atmosphere are unusual and pretty.

We ordered the guacamole, calamari as appetizers and both were yummy.  The calamari had a chipotle aoili dressing on the side that was very nice.

We had the brown rice with veggies, the chorizo, the braised short rib tacos and the pork tacos.  We also ordered the baby back ribs as an afterthought.  There were 4 of us and no one was full.  This is definitely a ""tapas"" place.  Almost everything was delicious.  The braised short ribs were spicy and to die for.  We ordered the baby back ribs thinking they would be braised similarly and they were not.  The top was overcooked and the bottom were very very undercooked.  It was very weird.  The rub was supposed to be a glaze and not a rub.

We were given 3 cookies for our troubles.  It is a very nice place but I am not sure it's worth the $65 per person.",False,0,1,0,Melitza R.,en
539,2016-02-07 13:16:49+00:00,2,"First the good: funky atmosphere, vibrant crowd, spunky decor, good nicely seasoned seafood tapas and some definitely delicious tacos, eager well-trained staff.  

Then the questionable: charging $22 for five small pieces of haphazardly cut beef seems unfair to me. That would have translated into a $90 steak! 

And lastly the Tropical Fruit Platter, a joke.  While a banana is indeed a tropical fruit, at ABC Cocina the Tropical Fruit Platter consists of 1 and 1/4 slices of banana paired with 1 and 1/2 slices of orange and kiwi, mixed up in canned fruit salad fashion over tiny bits of bland looking pale pieces of unidentifiable fruit.  It made the trimmings on a McDonald's greasy burger look elegant in comparison! I never send food back, but this time I picked the platter up and brought it to the manager's attention, asking if many people had been ordering that.  With a poker face and not even a hint of an apology, she responded: ""we're transitioning it in"".  My friendly suggestion: transition it out as soon as you possibly can, together with the pastry chef who forgot that presentation is part of the dining out experience.",False,1,2,0,G S.,en
538,2016-02-09 21:30:25+00:00,4,"Super Bowl night and , lucky me, we have a guest and we can't stay home watching it  but we have to bring him out to dinner . Yeah. 
Let's try a new place. Yuppy.
Some of the restaurants in our to-try list are closed, ABC Cocina is open and has a table. 
As expected, the style of the place is cool, casual chic. The table they gave us was nice but a bit cold being close to entrance and - I have that - one of the three had to watch the wall while the others could watch the space. And the poor guy watching the wall was unlucky enough to also have the less comfort chair. Poor guy.
I was sit on a comfort puffy bench and looking around as a curious cat. Meow.

Service was impeccable.
Food Ok, not wow and some dishes a bit too small and expensive.

Tuna Sashimi too cold and with some crunchy stuff on top that looked like bugs/aunts and it feeled ackward and while eating I was more and more convinced that I am not ready to eat protein bugs yet!!!

Sizzling garlic shrimps were not sizzling.

Fried calamari a bit overcooked

Spicy chicken tacos very good and very spicy

Braised Pork and crunchy onions tacos very good 

The most interesting dish was rice with chicken, crunchy skin and lemon zest . Really like nice, even cold

Overall nice dinner, very good service, a bit overpriced buy in a gorgeous stylish place.

Be back.",False,2,0,0,Gessica D.,en
537,2016-02-10 09:25:31+00:00,3,"Was able to get reservations the day of by calling into the restaurant. Ordered a bunch of tapas to share. Crab fritas, which were good, but small. Patatas brava, which were ok. Grilled lobster was good. Also ordered the arroz con pollo, which was ok. Had the hibiscus drink, which I really liked. Only thing I didn't like was the tres leche with the apple slices. It sounded interesting, but we didn't realized the apple slices were slightly cook. It kind of tasted like apple pie in tres leches, which is weird combination and didn't taste very good. Other than that, service and food is ok. This place may have been over hyped to me, so I was expecting more Maybe next time I go to ABC Kitchen?",True,0,0,0,Lisa T.,en
536,2016-02-11 01:33:59+00:00,3,"For about the same price, I much prefer ABC kitchen than Cocina.  

The decor has very much very similar feel as ABC kitchen - a little on the girly side.  I felt bad for some of the men in the group.

Service is indifferent but effective.  

Fluke crudo - good fish but nothing special about the preparation.
Crispy chicken salad - quality ingredients but again nothing too special about it
Fritter dessert - best part of the meal

Overall an okay experience.  Not something I'd be running back to very soon.",False,4,1,1,Agustin K.,en
535,2016-02-14 18:55:38+00:00,5,"Our first visit the this restaurant and we made another reservation before leaving! We like small plates which is what is featured here. Great selection. A bit pricey but in NYC it's expected and we were not disappointed by the food. Shaved beets, grilled octopus and our lobster was excellent.",False,0,0,0,David M.,en
534,2016-02-14 19:33:15+00:00,3,Came here for Valentine's Day brunch.The food was great the service was wonderful. Had a real issue with the temperature. It was very cold and no way to turn up the heat. The server was very kind but just wasn't addressed properly. Multiple patrons had the same complaint but nothing was done about it. Stay away from here when it's cold out unless you do not mind eating with all your layers on,False,0,0,0,Adrian T.,en
533,2016-02-16 18:06:47+00:00,4,"Came here for Valentine's Day with 4 other girlfriends. Although my reservation was for 4 people they were able to accommodate the 5 of us in a table by the window. Yes it was definitely chilly, but I was happy that they were able to accommodate the additional person last minute on such a busy night.

The service was attentive and friendly. Only issue was that several dishes came out before our carafe of wine. 

Since it's a tapas restaurant we shared all of our dishes. The food improved throughout the night. We ordered the following:

- guacamole: average
- sizzling garlic shrimp: good but nothing spectacular
- crispy brussels sprouts: tasty but wouldn't order again
- grilled fish tacos: my favorite dish. Fish was fresh and there was a good amount of fish in the tacos
- kabocha squash and smoked mozzarella empanadas: highly recommend. We almost ordered a second order of these
- short rib tacos: probably my second favorite dish of the evening
- warm vanilla fritters: really enjoyed them but I like almost all dessert
- a special meringue chocolate dessert: very unique and would order again

I liked that you could indicate how many of each thing you wanted. For instance, we were able to specify that we only wanted 3 fish tacos and 5 short rib tacos. I left full and satisfied and didn't find it to be overly expensive as others reviews have mentioned.",False,1,0,0,Erika D.,en
532,2016-02-22 02:20:34+00:00,1,"Today was the second time we ate there.
First time was really good, so the disappointment today was bigger.
Nothing was good potatoes were dripping with oil, tapas were bad, main course was oily and tasted bad.
We were hoping for a better desert, but we fell here with the fritters that again were dripping with oil.
Maybe they switched chefs, it was so different than the first experience.",False,1,2,0,David H.,en
531,2016-02-27 23:59:24+00:00,4,"Loved this restaurant! Such a fun ambiance. Great drinks, great tapas, great for a friends night out!",False,1,0,0,Potoula T.,en
530,2016-02-28 19:13:57+00:00,3,"Those who follow me know I avoid fancy restaurants when traveling alone. It seems easier to become disappointed. It rained in New York last Sunday night. I needed to move to a friends flat in Hell's Kitchen (10th Ave), my new lodging. It was 8 o'clock and I was hungry. 

I became the dreaded party of one in a white tablecloth restaurant. Every server runs from a one top, I should chosen the bar.

I have mixed emotions writing a less than perfect review about -abc cocina- on 19th St. In the rain I was looking for a place name Craft, a farm to table restaurant. It seems that subtle window signage is the new look for the NYC restaurant world. Unable to locate Craft, I settled on this Latin American influenced kitchen by Michelin star Chef Jean-Georges Vongerichten. 

The food stood up to the Chef's reputation. Well thought out and expertly prepared. Described as small plates, they weren't  kidding. It was more like bite-size. I chose sautéed mushroom tacos, house made soft corn mini shells, cashews, mole, kale and lime. And crispy Brussels Sprouts with blue cheese aioli. The house made hot sauce is over the top. Ommegang Rare Vos Belgium  style ale, with hints of coriander accompanied. 

The service left something to be desired. The 20 minute table wait, in a near empty restaurant, followed by another 20 minutes before I was ordering a drink. Once I was assigned a server, the service improved. I was still hungry and would have ordered more if I hadn't already spent 2.5 hours getting a snack. Most solo dinners want to be on a fast track. 

I'd recommend -abc cocina- for a large group with shared plate's. $100 per person will go very fast. The food is very nice.",False,0,0,0,Grand L.,en
529,2016-03-04 21:09:13+00:00,4,"We came here for brunch on a Sunday and were impressed by both the food and overall vibe! 

The food here has your typical brunch options but overall was good! We ordered the patatas bravas, mushroom empanadas, huevos rancheros and apple french toast. The french toast was one of the fluffiest french toasts I've had and was definitely worth the additional wait. The rest of the dishes were good, standard brunch options but weren't mind blowing, especially considering all the hype I've heard about ABC Cocina. Overall was happy but wasn't super impressed by the food.

ABC Cocina's decor was a highlight of the experience as well. The restaurant is whimsically decorated with unique chandeliers and ornaments. Even the teapots that they bring out are thoughtfully chosen. ABC Cocina's hot sauce comes in a special bottle on every table as well. If you're looking for a cool whimsical vibe for brunch with your standard entree options, ABC Cocina should be on your list!",False,0,0,0,Saloni G.,en
528,2016-03-05 12:47:10+00:00,4,"My very kind colleagues took me to ABC Cocina for a belated lunch yesterday...here are my thoughts:

Ambiance is beautiful. The restaurant is beautifully decorated and the little touches (salt in a tiny bowl, flower arrangements) didn't go unnoticed by my usual clueless self.

Service is friendly and food comes out as it's ready, which I love. Sometimes though the servers were literally playing tug of war with some of our nearly empty plates. I just wanted to beg them to let us finish our food before coming back again and again. It's almost like they wanted us to hurry up and finish, so they could turn over the table. 

Food is fantastic. 

Market Vegetables w/ Brown Rice - Amazing.
Chimichurri Grilled Shrimp Salad - Quite possibly some of the best shrimp I've ever had.
Fish Tacos - Delicious and a bit spicy, which I loved.
Raw Shaved Fluke - I don't make it a habit to eat raw fish but I had a bite of this and it was delicious.
Potatas Bravas - Really good but a bit greasy. The portion is tiny so I'm not sure I'd order this again.

I deducted one star for the somewhat aggressive service and high prices. I will definitely return though!",True,0,0,0,Ameena D.,en
527,2016-03-07 20:49:57+00:00,5,"Excellent Spanish tapas restaurant with a great variety. I would recommend the guacamole, the seared tuna and the fish tacos to share. Be aware that portions are small and it can be a bit pricy. They also have delicious caiprinhia if you are into cachaca rhum. The ambiance is upscale or casual chic. Can get crowded very easily but the bar is welcoming.",False,1,0,0,Anna S.,en
526,2016-03-07 21:44:08+00:00,2,"Too expensive for the portion sizes. Yes, the food tasted good but not 15 dollars good for 5 crab fritters each the size of a shooter marble! No, actually they weren't even the size of a shooter, they were between the size of a shooter and a Milk Dud. 

Unfortunately, to add to that, the service wasn't great. Runner needed to memorize his table numbers and server kept walking past our table in that I've-got-everything-down-just-making-rounds kind of way when we were still waiting for things we'd asked for, or had empty plates. One round was her picking up my empty glass but leaving my girlfriends empty glass sitting there on the table. 

Probably won't be going back.",False,1,0,0,Georgia W.,en
525,2016-03-09 03:10:28+00:00,4,"There is no shortage of incredible imagination at ABC Cocina.  As if the to-be-expected killer decor wasn't enough, pretty much all the small plates brought something new to the senses.  To be fair, we were off to a slightly rocky start with drinks that lacked some bite: a lavender negroni seemed to lack any discernible lavender flavor and the tangerine caipirinha resembled Sunny Delight on the rocks - I swapped the latter for a Hendricks martini and all was well with the world again.  Our food started with some sourdough with some spicy olive oil - terrific.  The cheese plate came with some exceptional cheeses with names I will never remember.  Then we got a spicy white shrimp with bananas, and the bananas proved to be a fantastic foil to the bite of the spicy sauce.  The beef tenderloin with chimiccurri worked in large part due to the chimiccurri.  We finished off with two types of tacos - the griddled fish taco that blew us away with mint garnish, and the mushroom taco that came packed with flavorful kale.  When we were too full for dessert - but lusted after the peanut butter banana cream cookie - our amazing server dropped off the check with a lovely parting gift of two said cookies.  Absolute class.  Can't wait to come back to try all the other small plates on the menu - what a treat.",False,2,0,0,Des Y.,en
524,2016-03-12 23:28:41+00:00,5,one of my favorite spots. get the shaved Brussels sprouts salad with goat cheese. The beef empanadas and tuna ceviche are also musts.,False,1,0,0,Neena B.,en
523,2016-03-13 05:46:23+00:00,4,"I'm glad I came here with an Open Table gift card so we were able to try multiple plates. I made a reservation for 1pm on a Saturday. The place seemed really popular and packed. Best make a reservation beforehand especially for brunch hours on the weekend.

The food overall was very tangy. We received complimentary focaccia and sourdough bread which was very buttery. Olive oil not needed for this bread.

Kabocha squash and smoked mozzarella empanadas - Sweet from the kabocha and sour and tangy from the dipping sauce. Definitely my favorite item ordered. The kabocha combined with the mozzarella reminded me of hot pockets but with a flakier better crust. 

Sautéed mushroom tacos, cashews, mole, kale and lime - I really enjoyed the tacos. The mushroom flavors came through and the tangy sauce matched this one. The corn tortillas were soft and somewhat soggy but definitely a healthy and tasty taco.

Jamon iberico de bellota - Nothing much to say about this, except that was some high quality ham. If you're looking to splurge this is one appetizer to order.

Maitake mushrooms with goat cheese, fresno pepper vinaigrette - I was kind of disappointed with this dish. I had this amazing maitake mushroom before where the mushroom flavor really permeated. This one wasn't as good. Too overly charred and the goat cheese pairing doesn't match. Neither did the tangy sauce underneath. I did lik the sauce separately, but I thought it overpowered mushroom flavor. 

Mezcal cured salmon, cucumber-yogurt relish and golden potato flakes - I don't really like creamy things, so we got this dish purely for my boyfriend, which he seemed to enjoy. The yogurt is kind of like tzatziki sauce.

Expensive, but great place for a tapas style meal. Next up ABC Kitchen!",False,11,6,8,Jocelyn K.,en
522,2016-03-13 18:53:41+00:00,3,"I came here with a group of 8 girlfriends for a fun dinner. I made reservations 30 days out and the reservationists was really friendly and helpful. Although I had to change the number in my party, there was never a problem with the reservation and they were very accommodating. 

Loved the decor (maybe a little more than abc kitchen) and the service was great. 

I had a grapefruit margarita which was delish and my girlfriends shared a mango sangria which they all loved. 

We ordered about 12-14 things total, and while I thought it may not be enough for all of us, we were all very full at the end of the night. 

Loves: shaved fluke, charred octopus, arroz con pollo
Good, not great: guac, patatas bravas, crispy Brussels sprouts, shrimp with sizzling garlic and chili oil
Maybe not worth it: empanadas and tacos

I was bummed they didn't have the baby back ribs that night. 

Everything was VERY flavorful, maybe borderline too salty. 

Great ambiance for a fun group dinner. Can get a little crowded for an intimate 2-person dinner.",False,0,0,0,Linda Y.,en
521,2016-03-14 05:12:10+00:00,5,Amazing food. Amazing service all around. Complimentary flan to boot. Thank you guys for the very special date night.,False,1,0,0,L A.,en
520,2016-03-14 23:25:56+00:00,3,"Mexican is definitely my go to place for ordinary lunch. I love Chipotle's burrito bowl, and any kinds of tacos from the street cart. ABC Cocina is a fine dining version of Mexican food we enjoy. 

I started with the guacamole appetizer. Our server also gave us grapefruit tasting syrup which was so citrus, fruity, and sweet that went so nicely with guacamole and chips. Also, the drinks we ordered had nice scent to it that elevated the whole tastes. 

I really enjoyed the fish taco. Loved the sauce that went inside. The cabbage was pickled just right and the fish was cooked amazingly well. Octopus was okay, it wasn't amazing (partly because it was over cooked and bit too salty) 

The empanada was okay as well. It wasn't amazingly good for what it costed. 

I enjoyed the dining experience  itself because of the mood and the design, but overall good was so-so.",False,0,0,0,Jane H.,en
519,2016-03-15 04:57:56+00:00,4,"tapas place. drinks were great. grapefruit drink was amazing. great bites but small bites and not a lot to eat. so you have to get a lot of everything to really feel full. this is not a place to go to if you are hungry but then again, most tapas places are not great for filling meals unless you have an endless budget. dessert cookies were not that great. short rib tacos were amazing. gaucomole was great too.",False,0,0,0,Food C.,en
518,2016-03-16 01:50:33+00:00,4,"Lovely place to sit and people watch, especially when traveling alone.  The bartender was very attentive and the food was delicious.  I highly recommend the crispy fish taco and shaved Brussel sprout salad.",False,1,0,0,Rachelle C.,en
517,2016-03-16 20:17:02+00:00,4,"Loved this place! It's front is pretty unassuming so you could have easily missed the entrance if you don't look carefully. But as soon as I stepped inside, I fell in love with the gorgeous and unique decor. It's a tapas style restaurant so they suggested 2-3 share. Came here for brunch so wasn't super hungry but my boyfriend and I ended up sharing 4 plates. I think it would have been enough for a satisfying meal if we had just done three though I think my boyfriend was good with the four. Anyway, we had the shrimp with garlic and chili oil, charred octopus, huevos rancheros and the griddled shrimp tacos. It was all pretty delicious with the octopus being my favorite. They do seafood pretty well and it all tasted pretty fresh. Definitely a cute spot to impress yor date. The space is also linked to abc kitchen and abc home so it's nice to pop in the furniture store after to take a look around at ridiculously overpriced homemade furniture. Still I get where they get their style from, all the bowls and silverware in abc Cocina are so cute and mismatched which is I guess what they were trying to go for. Though the one thing that threw me off was the fact that my plate was chipped in a few places as were other neighboring plates. But I digress, would love to come back!",True,0,0,0,Jen L.,en
516,2016-03-25 17:49:31+00:00,2,"ABC carries a strong foody brand with it, as well as hefty price points, and as a result solid expectations when you go. 2 out of the 5 ""tapas"" ordered were good, good not great. Literally their attempt to play with Queso as a dish came in the form of melted Gruyere cheese with broccoli and cauliflower to dip in it. It looked more like something that would be whipped up in a dorm room at 3a than an $18 small plate dish in the Flatiron. The short rib tacos were fantastic.

In summary, it's not clear if ABC Cocina wants to be Spanish, Mexican, and brands its menu as Latin fusion. Unfortunately it pulls from the worst of Spanish food - small plates and tarnishes the best of Mexican food - Guacamole with pees in it, for example.

ABC Kitchen is better food, but note both of these places pack with people too old to be Instagraming their food.",False,3,3,0,Grum P.,en
515,2016-03-27 23:06:16+00:00,5,Excellent small plates menu. Very accommodating to our large party. Server very courteous and pleasant. Atmosphere very cool and hip. Noise level very acceptable. Most important food delicious.,False,0,0,0,Gary K.,en
514,2016-04-01 14:33:48+00:00,4,"My friend I came for dinner a couple weeks ago. We ordered the guacamole to start, and we loved it. The food overall was delicious! I would definitely recommend the mushroom tacos, especially if you are a vegetarian. My friend is a vegetarian and she thought they had a good variety of vegetarian options. I would recommend a reservation as it does get quite packed - our reservation was for 6:00 pm and they told the customers that came in at the same time as us (without a reservation) that they would have to wait an hour. I would definitely come back and try some different tapas as everything I saw come out of the kitchen looked good!",False,1,0,1,Lauren D.,en
513,2016-04-03 06:53:03+00:00,5,Amazing service!! Food is out of this world!!! Arroz con pollo is simply amazing .. Also the ham and cheese fritters melt in your mouth.Love this place so much. Can't wait to go back.. Catherine our waitress was excellent she knew exactly what we wanted! Thank you for the great service and hospitality!,False,0,0,0,Celine M.,en
512,2016-04-07 21:16:01+00:00,4,"I love all the ABC restaurants, but Cocina has definitely been at the top of my list

Hypes:
- Beautiful interior and decor. Ambiance is perfection - its like a different world that takes you away from NYC
- Great for groups or dinners
- Of all the dishes we got, the Arroz con Pollo with Crackling skin and lemon zest was to die for. It melted in my mouth. It was large in portion that I was advised to take home the leftovers, heat it in a skillet, crack an egg in the middle, mix it up, and eat it for dinner again - which I did...and it left me wanting more
- The charred octopus, shaved fluke, sizzling shrimp, patatas braves, and brussel sprouts were all decent as well. 
- There was no dish I hated or disliked - all were well cooked and flavorful. ABC Kitchen has its own flavors which I love and this is a very different palate",True,2,1,0,Shaila S.,en
511,2016-04-11 17:28:40+00:00,4,"Excellent Food & Costumer Service.  My Husband & I walked in after seeing Fuerza Bruta in Union Square.  The wait time was 45min on a Saturday night.  We waited a bit longer than that but, the staff was amazing.  I would definitely make reservations next time.",False,0,0,0,Judith N.,en
510,2016-04-14 20:43:35+00:00,2,"My girlfriends set up a birthday dinner for me here and reservations were easy to book.  We were a group of 5, so we got to try out many dishes.

Ambiance

The restaurant looks like an old castle with very romantic chandeliers and mystical lamps. This place is beautiful and would be great for dates. 

Food/Drinks

We ordered about 10 dishes including desert and I would recommend the crab fritters, fish tacos (spicy), and their tuna tartare (comes with tortilla chips).  Portions are smaller than average tapas portions. The lobster rice was VERY salty and I would not recommend that dish.  

For desert, we tried their tres leches cake, flan, and churros. The churros were not what I expected since it was pretty hard like a cracker and drowned in sugar chunks.  The cake and flan were average. Skip desert and go somewhere else for better sweets at a better price. 

They have many different versions of a margarita and I highly recommend getting the grapefruit and jalapeno margaritas.  Try them both if your not driving :)

Service

I found myself looking for a waiter a few times throughout the night and realized they never once checked up on us.  We had to hail them down for a refill of water, extra napkins, and to order our food.  

*Expect to spend over 100 pp if you are having drinks with your dinner and enjoy!",False,4,0,1,Bina S.,en
509,2016-04-17 13:46:54+00:00,5,"5 stars, no questions asked. Really funky, hip ambiance, excellent customer service, and even better food. 

This restaurant is tapas style servings with a Spanish/American fusion and it's delicious. I would highly recommend the grilled asparagus, shrimp dish, and the beef tenderloin. Talk about flavors on flavors. Yum!",False,1,1,1,Eliza A.,en
508,2016-04-20 21:03:40+00:00,3,"Came here for brunch with friends visiting from out of town as they had some last minute reservations on a Sunday. It's a large space. There is outside seating, but it's not as cozy as the inside with chandeliers and a nice open layout. 

In terms of the food, I much preferred the ABC Kitchen which is connected to this restaurant from 18th Street as they're both Jean-Georges spots. The octopus was fantastic, but we didn't love the eggs benedict dish on arepas. The arepa is just too dry and tasteless for this to work...not the restaurant's fault since most arepas have these qualities, but it definitely took away from the rest of the dish. I would have preferred it served on something else that's tastier.",False,0,1,0,I. C.,en
507,2016-04-22 06:36:50+00:00,5,"ABC Cocina is definitely one of the trendiest restaurants in town, and it lives up to the hype. I went here a few weeks ago with a friend, and enjoyed pretty much course. The restaurant basically offers a delicate and elegant twist on traditional dishes. In our case, we ordered the guacamole, sea bass, tacos, and the grilled shrimp salad. My favorite dish was probably the sea bass, which was elegantly grilled and deliciously seasoned. My only complaint would be that the dessert (we ordered the white chocolate pudding) was too enjoyable yet too small!  Asides from that ""issue"", I look forward to returning to ABC Cocina.",False,0,0,0,Nayla B.,en
506,2016-04-23 02:04:52+00:00,3,"I expected much more from this place.sure the ambience is nice and the service is good but when it comes to the food..oh well,very disappointing.everything came too spicy,I'm glad waiters were around a lot to fill our glasses with water ,otherwise  i'd be  chewing on a napkin!
Won't come back just because of the food,there are plenty of places to burn  your tongue for less money.",False,0,0,0,Elena H.,en
505,2016-04-24 03:18:56+00:00,3,"Recommended by a friend. We called for reservations but they were booked. Decided to go anyways and got seated at a shared table immediately. It was definitely a place for ""pretty people"". Ordered sunrise sangria and grapefruit margarita, neither of which were anything to write home about. The waiter said each person typically orders 2-3 items each. When we only ordered 1 each he seemed perturbed. The tacos were really good. I had griddles fish tacos with pickled cabbage. It was really a nice mix of flavored. Gerry had the short rib tacos... Good, but not the ""eye-rolling incredible"" we were led to believe. Ordered the chipotle chicken tacos last... Tasty and spicy. So 6 small tacos and two mixed drinks to the tune of $98! Glad we checked it out, but don't need to go back.",False,0,0,0,Tiffany S.,en
504,2016-04-25 02:22:56+00:00,5,"Fabulous food, wonderful service. Fish tacos, fresh pea empanadas, patatas bravas, roasted beets followed by pineapple churros. Great food combinations, wonderfully prepared. Can't wait to go again!",False,0,0,0,Tom K.,en
503,2016-04-30 17:28:17+00:00,5,"Guac with fire roasted tomato salsa and flash fried warm chips $14, shaved beets and mushroom salad, Apple dill yogurt salad, best griddled fish tacos 2 for $17, charred octopus $19 were highlights. Finish with warm custard filled vanilla fritters served on thick chocolate mousse with cookie crumbs, fresh light tres leche and a zesty rice pudding.",False,0,0,0,H W.,en
502,2016-05-02 18:05:58+00:00,3,"Made a reservation here a month in advance for a nice Friday dinner with my mom. The place is a little hard to find from the street, due to the fact that there isn't a huge sign anywhere. We were seated right away and were told by our waitress that 4-6 entrees is standard for 2 people to share. Upon recommendations and previous reviews, we ordered guacamole, fish tacos, asparagus salad, grilled sea bass, and crab fritters. Word to the wise, everything is spicy! It was impossible not to find something on the menu that wasn't seasoned with cayenne or jalapeno. The sea bass was by far the best with guacamole in second, but the majority of the other food was masked by heavy seasoning. For the price tag, we were expecting to enjoy the food more than the gentlemen who continued to refill our water glasses. 

In terms of wait staff, everyone was very friendly. Our waitress was knowledgeable and checked in on us frequently. The ambience itself is cool and trendy. The place is very industrial looking with chandeliers hanging from the ceiling. The place is incredibly noisy, though, and you are on top of the people next o you. I definitely wouldn't recommend coming here for an intimate/get-to-know someone setting. 

Overall, there are a lot of places in NYC for tapas that aren't going to burn your esophagus going down. I would like to try ABC Kitchen, but I won't be back to Cocina.",True,0,0,0,Marelle C.,en
501,2016-05-04 14:00:41+00:00,1,"I was running late on a Friday night reservation. It wasn't overtly crowded so my date was already seated when I arrived. I had heard about this restaurant from a few friends but it wasn't until one night while strolling through the neighborhood, I saw the restaurant, that my interest was finally piqued.

The place is gorgeous but a bit loud. We ordered the olives, cured salmon, patatas bravas, beef empanadas and charred octopus. When the charred octopus arrived roughly 20 minutes after we finished eating the rest, we were almost ready to leave. I took a bite and it was cold. My date and I debated whether or not to tell the waitress. We decided to do so, if a restaurant that claims to be ""passionate and committed to great food"" and charges you $$$ for that, they should know when something is not right. It took another five minutes to track down our waitress, of course. When she came, I asked her if the dish was supposed to be cold. She apologized, said it wasn't supposed to be cold and that she would bring us a new one. Alas! I wish that was true, they reheated the same plate and just added additional sauce on top which made it impossible to eat because now it was jut too salty. 

At this time, I was too disappointed to order dessert but we had wanted to try their warm fritters so we gave them another chance. Big mistake. They were warm once alright but not when they arrived at our table.  

Our waitress was very pleasant but it seemed like all the servers here were very relaxed, taking their sweet time...to bring the menu...to bring the water...to get our order.....to bring the meal ....and even to bring the check. 

It's sad and I see this often in NYC restaurants that the chef's name and decor of place is more important than the attentive service and the quality of food.",False,3,1,1,Mina C.,en
500,2016-05-07 18:41:02+00:00,4,"maybe it all started off as an excuse to drink in the middle of the day, but after we settled in with our soulgaritas we got down to the business at hand, and every dish brought upon had a skillfully balanced blend of spicy and tangy that exploded harmoniously in my palate. 

started off with the chickpea guac and other sides that were not bad but not memorable (the patatas bravas were hot, but not in a good way) the highlight was the mushroom tacosssssss ohemgeeeteeeefffoo!!!! I never in my life thought I could ever feel that way and have kale in my mouth at the same time: this was the point when I got what all the fuss is about, absolute bliss that I wish could go on forever and ever. and ever.....

but I had to get back to work. did I mention the margaritas were perfect? made the rest of the day cruise by swiftly. 

three stars for the food and drank, one star for attentive yet not overbearing service. I'll consider coming back if this soulcycle thing works out. gracias",False,2,2,2,L H.,en
499,2016-05-12 23:41:03+00:00,5,Food is outstanding. Wine list needs help. Service is also outstanding. Love this restaurant.,False,0,0,0,Shirley C.,en
498,2016-05-19 01:51:01+00:00,4,"A superb dining experience all 'round! Did the price fixe menu for a weekday lunch ($33 - not terrible for an upscale lunch in a great area) with a coworker. The decor is pleasant and modern; definitely worth a snapchat/Insta. The spring pea empanadas were crispy and had great dipping sauce - I wish more came with the order! My main dish, the grilled shrimp salad, was pretty lackluster though. It got the job done and the shrimp was definitely spiced but after a few bites I wasn't itching to finish the rest of it. The meal really redeemed itself with the tres leches cake and the impossible flan (we shared the desserts, which is definitely the move). Didn't get drinks this time but the cocktail menu looked on point. Can't wait to come back for dinner (maybe after a big paycheck!).",False,0,0,0,Nadia T.,en
497,2016-05-19 23:46:08+00:00,5,"Good to be back in NYC!! Good food, excellent ambience. A little pricey but totally worth!",False,0,0,0,Piero M.,en
496,2016-05-20 04:34:59+00:00,4,"I tried to go to ABC Kitchen and the wait was an hour and 45 mins long! thank god right around the building was ABC Cocina, the latin version of Jean Georges' restaurant chains.

Indoor seating was about a 45 minute wait, but luckily, no wait for outdoor seating and it was a nice night out, so i didn't mind.

we basically ordered everything off the menu:

- guacamole - yes, get this and the fried tortilla that comes with it
- octopus - meh, i've had better octopus
- short rib tacos - probably the best thing on the menu, have to order this and 5 more
- mushroom tacos - a little too salty
- shrimp - yes
- steak - i could have passed on this, but still good
- complimentary bread - good, get more
- beets - i hate beets
- flan - i dont like flan
- churros - good
- tres something something dessert - very good

definitely worth the visit!",False,3,0,1,Andy H.,en
495,2016-05-23 00:44:20+00:00,1,"My wife and I went to abc Cocina because we heard they had a great tasting menu. Well we will never know. The hostess who greeted us was so incredibly rude. The only immediate table for two was right by the entrance on top of another 2 seater table which had people sitting at it. We declined and said we would like to wait for next available table. At which point she said ""you have to sit there"" at the table we didn't want to.  And then we declined again and she said with an attitude ""you're going to have to wait 35-40 minutes"" 5 times in a row. Needless to say we won't be visiting there anytime soon.",False,1,0,0,D G.,en
494,2016-05-28 19:51:40+00:00,3,"Came here for a team lunch, and I believe the wait would have been longer had we not made a reservation. We picked about 6 dishes, and they were definitely on the pricey side. I usually don't care for beets, but I really enjoyed the roasted beets dish here. The crab fritters were very good too. I found the empanadas and fish tacos to be on the drier side. My favorite was definitely the grilled maitake mushrooms. That one I 11/10 would re-order for sure.

I would say I really love the atmosphere and decor, has a modern yet rustic romantic feel to it.  Timing of serving needs some work; it was kind of annoying that the fish tacos came around 20 minutes after everything else.",True,1,0,0,Ka C.,en
493,2016-05-30 18:40:34+00:00,5,"Guess the ABC series are doing a much better job than the original JG. A couple of months back, I tried ABC kitchen and this time with my friend, the ABC Cocina.

The main theme was about sharing (so don't hesitate to skip the prix-fixe, as it has omitted many of signature dishes). Guacamole lovers, go for the tortilla chip with Guac, perfectly mixed with peas. Definitely give a try on their spicy garlic shrimp - also to dip your bread into the spicy oil, amazing! My favorite course was the grilled octopus, chewy, tender and flavorful! 

Did not get the chance to test out their dessert yet, nevertheless my taste bud already appreciated every single dish! 

It was not too difficult but don't forget to nail a reservation before coming. In my opinion, Cocina was equally impressive with Kitchen, though from a very different angle.",False,14,11,18,Elaine H.,en
492,2016-05-30 18:54:48+00:00,4,"Great place for a night out. The ambiance here feels like you're under the sea with sea-shell walls and bubble lamps all around. Lots of fun cocktail and drink choices including mocktails. The food was delicious (not the best ever, but very tasty) and the service was very good. Certainly a place I would recommend to others.",False,0,0,0,Joe S.,en
491,2016-05-31 03:28:03+00:00,5,We came here for a special Christmas dinner and tried about six plates -- each one somehow better than the last. This place has truly spectacular dishes in a casually classy atmosphere. A must try.,False,0,0,0,Elise P.,en
490,2016-06-06 03:42:19+00:00,2,"My experience here for brunch was incredibly underwhelming. My friend and I ordered several dishes to share, as well as individual brunch-specific items as mains. Shared items were meh... The Jamon was dry and the Patatas Bravas were overly fried and miniscule. Moving on ... my Huevos Rancheros came as so:  flour tortillas, egg, & salsa. That's it. :( I had to flag down another waiter and ask about the other missing ingredients as I have eaten this dish before. Halfway through my meal another waiter dropped off a side of beans with onions and herbs. Thanks, too late folks, the other half of my breakfast was already cold. My friend's French Toast was equally disappointing. Unfortunately, for the restaurant, they didn't forget any major ingredients, so there's no reason why it was a failure. As my friend described, ""it was blandly sugar-soaked bread"" or something along those lines, he had to try hard to finish it, because he was hungry. At the end of the meal my server didn't ask how our meals were knowing that my dish was screwed up (or checkin during the mess up). Sigh. Standards are amiss here Jean-Georges.",False,1,0,0,LeRusse K.,en
489,2016-06-07 22:45:15+00:00,4,"The Quick: Trendy, swanky, tapas spot with great cocktail list. 4.5 star experience for me. 

The Details: for party of two, I recommend five or six (if you're very hungry) tapas to share. I absolutely loved the octopus which was cooked to perfection, and to be fair everything we had was very tasty. If you're adventurous I recommend the soft shell crab. The drinks were tasty but weak, I recommend sticking to their cava rose instead.

The Damage: Dinner and drinks for 2 ~150 before tip",True,8,5,8,Alexandra L.,en
488,2016-06-09 00:42:33+00:00,1,"I usually love this place, we all know the food is amazing and of course Ian, the chef is amazing.
Upon arrival we were told it will be about 10 mins for a table outside.
Why would the host say we can squeeze you in in 10 mins, and when you check on the table in 20 mins say, there is back up today. You hang on waiting for + 30 mins with zero communication and your date decides he has waited too long and wants to leave and when you go outside the tables you have been waiting for are mostly vacant!!!
Do they know how many amazing restaurants there are in NYC!
Not worth the attitude or wait!",False,1,0,1,Kerrys H.,en
487,2016-06-13 20:41:59+00:00,4,"Pricey!!!! but very yummy. 

Standouts: Arroz Con Pollo - best rice I've ever had (also a signature dish)!! I will definitely recommend this. Crispy fish tacos were perfect. The cabbage chili picky works very well with the fish and gives it an Asian twist. 

The bread basket is SO good!! I can taste the butter the oil the fatness but I don't care because it's that good. With that being said, I would recommend 2 dishes per person. Anymore than that you might be over stuffing yourself. 

The service is standard. It's a bit dark inside the restaurant but the decoration is gorgeous.",False,2,1,1,Christine Y.,en
486,2016-07-01 15:14:34+00:00,4,"Came here for a birthday dinner - the stakes were high for me. 

If your an ANTI spice person like me, make sure to make it abundantly clear! After reading previous yelp reviews for this spot I was scared the food would be too spicy, but the server was able to make almost everything we ordered in a non spicy version. BTW the starter bread is amazing. Ask for more. Several times. 

Chips and Guac- Delish
Shrimp & Garlic - Yum central
Short Rib Tacos - Mhmmm
Ribs - Could definitely live without this one. Nothing special.
Arroz Con Pollo - Good but don't see why there's so much hype about it. Nothing to write home about. 
Stewed Chicken with Crunchy Rice - The rice is literally a block of crunchy rice. I did not expect it to be prepared like this. Definitely not better than the arroz con pollo. 

The margaritas were good too! We got the mango and passionfruit. 

Overall a solid meal. Only reason for the 4 stars instead of 5 is I wish they had more options of entree sized portions apart from rice centered dishes. Go here if your willing to drop a lot of money, because you need several dishes to get full!",False,0,0,0,Olivia R.,en
485,2016-07-05 16:09:59+00:00,4,"Came here after a night of drinking and the food was just right! The tacos are to die for and worth the price. We ordered the shrimp in garlic and chili sauce, calamari, mushroom tacos, fish tacos and chicken tacos and everything was delicious",False,0,0,0,Shruti A.,en
484,2016-07-05 17:37:19+00:00,2,"We ordered Tapas, which were mediocre. Portions are quite small. This was first time at ABC Cocina and will likely be the last.",False,0,0,0,Jonathan C.,en
483,2016-07-05 20:41:02+00:00,3,"After having an amazing brunch at ABC Kitchen (and peeking at ABC Cocina), I've been dying to come here for over a year. I finally came here for a pre-show dinner before Fuerza Bruta with a friend. We had no trouble getting reservations for a 6:30pm dinner but it may be because we booked weeks in advance. The place was pretty busy. 

First, we started out with the guac with peas and complimentary bread. OMG both of these were so good! The guac and bread were my favorite parts of our meal. The dinner went downhill from there though...

We ordered the ""chef's favorite"" according to our waitress, which was a shrimp dish with bananas in it. DO NOT GET THIS. I think they were trying to go for that unique flavor but I really didn't like it at all. I was tempted to try because it sounded so different but yeah... no. Don't do it. 

The octopus was OK, nothing wrong with it at all. If anything, I thought it was a tad bit too salty... and I've had better octopus elsewhere. The potatoes that came with the dish were pretty good.

Lastly, the arroz con pollo. This is the single most popular dish here but I really don't understand why. It was flavorful but SO watery... I wasn't a fan. 

Overall, I really loved the atmosphere and the trendy vibe of the place, but if I come back, I would most likely just do drinks and appetizers, not dinner. 

3.5 stars.",True,2,0,2,Dasle K.,en
482,2016-07-09 03:23:28+00:00,5,"Scrumptious tapas, great service. 
Must order: fish tacos, guacamole chips and chipotle chicken tacos",False,0,0,0,Aayush C.,en
481,2016-07-12 21:02:12+00:00,4,"Came here for dinner for GNO with a few co-workers.  Unfortunately I was utterly underwhelmed.  Maybe Jean Georges and I just don't click because I haven't LOVED any of his restaurants - his ginger margarita though is a whole different story.  

*Sweet Pea Guacamole - this was a great starter.  I loved the juxtaposition between the smooth guacamole and the crunch of the sweet peas.  A really interesting and awesome combination. 
*Patatas Bravas - The bite-side potato pieces were perfectly fried and the rosemary aioli was delicious, but the ""Spicy-tangy sauce"" was just BBQ sauce.  I think it would have been better with just the aioli.  Or if the sauces were served on the side, instead of right on the potatoes. 
*Short rib tacos - maybe the best bites of the night.  Eat warm, because they lose some gusto when they are luke-warm or cold.  Each order comes with 2 so order for the party accordingly. - But 2 tacos for $22 is bananas. 
*Shrimp with garlic and chili oil - delicious, but beware of those tiny little round peppers, those things are SPICY.  I had one on purpose which I was prepared for, but one snuck in by accident - and wowee.  
*Stewed chicken with sweet onions and crunchy rice - this was a cool dish.  Crunchy rice comes in little rice cake rectangles.  There were 3 of them.  That was neat because I had never seen anything like that before.  The chicken stew was alright, it was a little too sweet for my liking. 
*Tenderloin and Chimichurri - The steak was cooked to perfection, but I thought the chimichurri lacked punch.  It was more herb than sauce.  I like my chimichurri more garlicy and flavorful.  

Notable items that tables around us ordered that just looked sooo yummy: Grilled maine lobster with drawn butter and smoked chilies looked bomb! But in the end it's a $40 lobster... Mexcal cured salmon also looked super delectable.   

Cocktail list was obviously centered on lation American flavors.  I was pleased to see cachaça on the spirits list and they bar was able to make a great caiparinha.",True,2,1,1,Christine A.,en
480,2016-07-13 14:01:39+00:00,5,"Really enjoyed my meal at ABC Cocina this week. Its a great place for a power lunch as the dish sizes aren't too overwhelming and you can choose lightly or liberally from the Tapas menu. We sampled a few of the tacos and they were delicious, especially the vegi/mushroom tacos. 

The setting is as you would expect it for a Flatiron restaurant - somewhere between swanky and metropolitan. High ceilings, open space, and good natural light complete the interiors. 

I've heard a lot of hype about ABC Kitchen and ABC Cocina but I have to say - just like Pokemon Go - it lives up. :)",False,1,0,0,Jay G.,en
479,2016-07-17 00:14:50+00:00,1,Hostess answering the phone on 7/16/16 around 8:00pm was exceptionally rude.  Changed my mind immediately.,False,1,0,0,Terry B.,en
478,2016-07-20 15:55:34+00:00,5,"Wow excellent meals all around.

We ordered about 9 plates for a group of 5.  We were so full, we couldn't really finish it all.  So don't let the Tapas team fool you.

Loved the Octopus, Empanadas, Focaccia (Free and I asked for more).  

Very nice staff, could be a bit more attentive.

Nice for a larger group as well.",False,0,0,0,The Q.,en
477,2016-07-26 22:56:02+00:00,4,We went for lunch today and where very pleasantly surprised by the good food that was delivered to the table. We started with the Guacamole was excellent and a very nice size portion. The Fluke was as good as Most sashimi with a nice crunchy element. The crunchy fish tacos were outstanding but spicy so if you don't like too much heat order the sauce on the side. Sangria was very good.  Deserts were excellent Flan and fritters. Service was lacking a bit of professionalism. Food comes out too fast so order in shifts.  The management was sensitive to food coming out too fast and even comped a desert.,True,0,0,0,Ivan K.,en
476,2016-07-29 02:58:52+00:00,5,"I was originally going to throw down a 4 star for this place but outstanding service bumped it up. I made a reso on Open Table to get my points bumpin'. We added a third person - no problem. We were seated in a little corner nook that was rather nice... except the lights above us began flickering bad. We're not talking pirates-of-the-caribbean-quaint-candle-flicker, we're talking holy-crap-is-this-a-strobe-light-wtf. First we were going to move tables, but then it calmed down a little so we decided to suck it up. 

We ordered our apps and not long after, the manager lady came over and told us she could fix the light. Hey! That's nice. She fiddled with some lighting (this place uses light as an art installation) and we were good to go. On top of that, we were given a complimentary plate of cookies along with the dessert we ordered (some vanilla puff fritter things that were tasty).

The hits food wide for us were: short rib tacos, everybody loved it. I loved the grilled fish tacos. The habanero sauce that came with the table was my husband's favorite thing ever and he blew through a bottle and a half. The patatas bravas were good but imho, could use more sauce so ask for some on the side. Dessert was fantastic as mentioned.

I totally screwed my no carbs, no dairy, no meat, no sugar diet for the week but whatever... it was worth it. Thanks ABC!",False,1,0,1,Taty G.,en
475,2016-07-31 03:48:22+00:00,4,"I wanted to have lunch at ABC Kitchen, but ended up here. That was actually good quick lunch cuz they offer small plate and I didn't wanna eat too much. 

I liked the decor inside, the dark theme color with sparkle beautiful light fixtures.

I got two fish taco which I asked the waiter for recommendation. It turns out great! It also went good with spicy sauce provided on the table. Freshness of vegetable and crunchiness of the fish were super combination! Complimentary breads w/ olive oil were really good, too.

I thought it was very small lunch and bit pricy regarding the portion size. I should order something additionally. But I had lots to explore NY after lunch, so it was ok. 

This place is people who wants to enjoy small plates with cool vibe!",False,0,0,0,Marie K.,en
474,2016-08-05 17:20:12+00:00,4,Tried the restaurant week Menu and food is super delicious!! But 4 stars for dessert as I have had so much better flan but the fritters were good. Also tried their refreshing soda drinks. Ginger lime was a little too sweet. Rosemary lime was perfection!! But overall had a great experience and would definitely be back for more tapas!!!!,False,1,0,0,Amrita S.,en
473,2016-08-07 02:17:06+00:00,4,"Yummy in my tummy indeed it was. The ambiance is very nice and the food was even better. 3 girls we split: chicken tacos, guacamole, ham and cheese fritters, fried calamari, and beef empanadas. Everything was delicious as expected and plates are meant to be shared 'family style' but without the family style portion. Small plates but we were full in the end. The ham and cheese fritters were my favorite so hot and great aioli accompanied with it. The service was ok - we did not see our waiter much which delayed the process in ordering drinks. The cucumber gin drink on their menu is very fresh. I will definitely be back to try more!",False,0,0,0,Rhea D.,en
472,2016-08-08 17:13:23+00:00,2,"Took a long break from higher end type restaurants since we were so disappointed by the food so many times, and unfortunately it continues. ABC Kitchen used to be one of my favorites, so surprised this meal at Cocina was bad.   Sweetpea quacamole was tasteless.  Chips were too oily and blah.  The variety of tacos we ordered weren't even average and ridiculously priced for the quality you get.  The one taco that was good was the fish taco.  Fish was perfectly tender and fresh -- waiter said it was cod, which is a cheap fish, but tasted very good. 
The usual attitude with service, but great design/atmosphere.",False,0,0,0,Alexandra C.,en
471,2016-08-11 00:33:54+00:00,5,"This is one of my favorite New York places! I've had many delicious brunches and dinners here with my favorite people. I'm a sucker for good design, so I instantly fell in love with the ambience and the silverware. It is airy, sparkly, whimsical and inspires joy. My closest friend and I always share their ""impossible"" flan. It is a work of art. Their service has always been consistently excellent. And the food is a delight. Go there!",False,0,0,0,J S.,en
470,2016-08-14 14:01:49+00:00,4,"Great, eclectic atmosphere and excellent tapas. My wife and I shared 7 dishes and 2 deserts (maybe a little overkill) and everything was creative and different with a good level of spice and heat throughout. The highlight dish was probably the florida white shrimp in ""agua diablo"" with banana and almonds - a mix of fun and surprising flavors. Portion sizes were good for NYC tapas and the desserts were larger than expected (the chocolate peanut butter sundae with strawberry sorbet was on point). One dish to skip is the guacamole that was offered to us before we'd even seen the menu (As server is stepping away: ""Some guacamole to start? Me: ""Uhhh, sure?""). We noticed this happen to all the tables around us too. The guac is average and there were other ""Snack"" items we would have preferred to try. Our server was also not the most helpful or friendly (reason for only a ""very good"" rating), but the other staff was great and our interactions with our busser/food runner were much better.",False,0,0,0,Cliff C.,en
469,2016-08-16 01:06:31+00:00,4,Decent options for vegetarians. The guacamole and chips are a must try. Mushroom tacos were also good. Portions are small except for the rice dishes. Excellent ambience. Reservations are a must else one has to sit on the tapas table (if it's available).,False,0,0,0,Samir P.,en
468,2016-08-16 02:37:19+00:00,5,Not a tapas fan but this place was excellent!!  Be ready for a nice steady evening and come hungry :),False,0,0,0,Vikas M.,en
467,2016-08-17 22:59:45+00:00,3,"I was excited to check out this trendy spot after it appeared on countless lists as a must-try for Restaurant Week. Good job, whichever PR company reps ABC. Although I had a reservation for 2:30 I was able to sit at the bar around 1:00 p.m. I would say, as a patron visiting ABC Cocina solo, it was entertaining to listen to the braggadocious conversations that one is certain to find at a stylish haunt such as this. But onto my food - The shaved fluke appetizer was delicious - a citrusy olive oil laden explosion of flavor erupted in my mouth when I took the first bite. I would come back for this. After waiting for about 20 minutes, my main course arrived - the chimichurri grilled shrimp with quinoa, summer vegetables and mint. This is ordinarily one of the more expensive items on the regular lunch menu and is the reason why I ordered this dish. It was very good - the shrimp had a nice char and the vegetables were bright, crisp and incredibly fresh. However, the serving size was clearly made for the fashionable waifs who generally patronize this restaurant. Me on the other hand - I could have had a second plate of this. There was a mix up with my dessert order and I got to try both the vanilla fitters with Mexican chocolate, along with the flan, which I had originally ordered and quickly changed once I'd seen it served on other tables. Both items were okay, and necessary to fill me up after the modest portion of food I ate as a main course.

I'm glad I was able to check this place out but likely won't return unless someone else - or someone's company - is paying.",False,3,1,1,Sierra B.,en
466,2016-08-19 14:26:23+00:00,5,"WOW. The best restaurant week meal I've ever had.
Someone at my office decided to go here for restaurant week, so I had no idea what to expect when I walked in. The decor is definitely eclectic... a mix match of items that looks like they came from garage sales, but that were selected and installed by a talented, top notch designer. The wait staff looks a bit like hipsters (one with bleach blond hair half shaved on one side) but they were very attentive and professional. They work hard at getting things right - I overheard a manager talking to a bus boy behind us on the finer points of clearing tables.
The food here was a real treat - especially for a restaurant week menu, which can sometimes be disappointing. Things started with an excellent bread basket and seasoned olive oil - both of which were great. (Good bread is almost always a sign of more good stuff to come).
I had the sweet corn and poblano soup as an appetizer. I'm usually not that much into soup but this was a real treat. For the entree I had the stewed chicken. This was a relatively simple dish (basically chicken soft tacos) but elevated to a whole 'nother level. Both the tortillas and chicken were way tastier than they had any right to be for such a simple dish. 
My only ""complaint"" about dessert was that there was too much of it. I had the vanilla fritters, but also was able to try the flan. Both were full sized desserts, which were a bit overwhelming, especially compared to the more moderately sized soup and entree. The fritter were really excellent. The flan was good but was perhaps the only thing I had that wasn't amazing.",False,0,1,0,Jon L.,en
465,2016-08-21 14:08:38+00:00,4,"Not only was the ambiance and decor so beautiful and interesting, the food was incredible too. I recommend the short rib tacos- those are home run! I also really loved charred octopus and the skirt steak. Everything was so good. The only reason I'm not giving it 5 stars is because I didn't like either of my cocktails and I didn't like the ones my girlfriends got either, they were just not very good. I'll be back and I'll skip the cocktails. But the food was amazing",False,0,0,0,Adriana M.,en
464,2016-08-24 00:03:49+00:00,3,"Great food, bad experience with the service. 

Came here for brunch for four on a Sunday- absolutely gorgeous inside, and my friends and I all loved the menu. The dishes were great, lots of flavor and beautifully plated. The only thing stopping me from leaving a 5-star review was our waitress. We ordered oysters as an appetizer for the table- two of our main courses came out first (and one at a time). When we asked about the oysters, she blamed a slow cook in the kitchen and ignored our request to keep the other dishes in the kitchen. My friend and I have worked in restaurants across NYC, and you never blame anything on the kitchen, especially at a restaurant like this. Pretty tacky move. 

The other two main courses- sandwiches- came out 10 minutes after ours, and still before the appetizer. I get it, oysters take a while, that's why we ordered them as soon as we sat down and made it clear we wanted them before our main courses. That's what course lines are for. 

My friend and I also ordered a larger portion of wine, not by the glass,and we were given two half-glasses.  When we were finally able to ask her if there was more wine to the portion (we had everyone but her coming by our table), the waitress said she had taken the liberty of having bartender split a glass for us so we didn't have to do it ourselves. I started to explain we actually had a larger order, but she just left. What? I would've been more than happy to pay for more wine had she not run back to the server station.  

This is a really lovely restaurant and everyone at the bar was very friendly- I don't know if this was just a bad shift for her or what, but it really skewed the experience.",False,0,0,0,Kit T.,en
463,2016-08-24 19:03:11+00:00,2,"Came here with in a party of 6. Service was good and ambiance was a bit loud but manageable. The food, though above average in taste, is way way way overpriced. Most of the tapas are in the $15 to $20+ range, and the portion is tiny. That means at least $50-60 each person on just food and you are really only eating a few bites. The mango sangria tastes like mango juice with almost no alcohol in it. Probably won't be back and the search for good tapas in NYC continues...",False,0,0,0,Jack W.,en
462,2016-08-26 04:49:25+00:00,3,"We had reservations for dinner. We still had to wait for 15 minutes to get a table. The place was packed. Service was good but our waiter seemed to be in a rush. We ordered: 
Garlic shrimp very good
Some spicy potato dish excellent
Sweet Corn empanadas- i wish we didn't order this..it was good but very filling
Rice with chicken - salty
Rib taco - very good
Overall the food was very good but it was not amazing.",False,0,0,0,Nini M.,en
461,2016-08-30 20:28:00+00:00,5,"Excellent service. The ambiance is to die for. Modern and classy and extremely trendy. Very New York. 

My party and I tried about 15 dishes in between all of us and everything was excellent. The arroz con pollo was to die for! 

I will definitely be back here again and again.",False,0,0,0,Oleg D.,en
460,2016-09-01 20:25:42+00:00,3,"Overall, a 3-star experience.  I'd give 4.5 stars for the drinks and ambiance -it's a great atmosphere, a mix of hip, trendy and elegant but not too much.  The service was 3.5 stars, slightly above mediocre.  The food was slightly disappointing - I've definitely had better tapas at other locations around the city.  I felt like I was mostly paying a premium for the ambiance of the space.  The pork tacos were just OK, the cheese platter was OK, string beans OK, grilled octopus OK, the homemade chorizo was really good, and the arroz con pollo was slightly better than OK.  In the future, I would return but only for a drink and/or a quick bite, but not for dinner.",False,0,0,0,A.V. C.,en
459,2016-09-04 19:29:03+00:00,5,"Great food, tapas style portions, good service and great ambience. Must visit..and one of my favorites",False,0,0,0,Naveen B.,en
458,2016-09-07 19:02:01+00:00,4,"3.5 but I'll round up because the restaurant itself in terms of the overall ambiance is lovely. We ventured here on a busy Friday afternoon for lunch and the vibe of the place kinda makes you feel special that you're eating there.

This is a tapas place so I'll give it my usual tapas treatment-

The wonderful: the chicken soup with lime- it has an unexpected dill (herb) bent to it that made it very special, and the arroz con pollo, replete with pork crackling- so wonderful... 

The good: the freakin' bread and olive oil and the drinks really put us in the mood to enjoy our meals... but in terms of dishes, the corn empanadas were pretty damned perfect (if not special)

The OK: the calamari with chorizo over salad greens- each component was good but together this dish wasn't our favorite, and the potatas bravas wouldn't make my top 10

The bad: the mushroom tacos were so salty we couldn't eat any of them (mostly why this is a 3.5 instead of a 4)

All-in-all we still would return if not just to enjoy ourselves in their perfect dining room...",True,0,0,1,Art C.,en
457,2016-09-12 15:19:04+00:00,5,"Hands down this place is better than ABC kitchen ~ for me at least.
Pro: easier to get table consider how busy they are in most nights. The food from appetizer to dessert just perfect for my taste. Their drinks... flavorful! Love the decor and atmosphere. Did I tell you they have outdoor seatings too? 
Con: I don't have any to write for now and I hope it stays that way. 
Fav: must try their garlic shrimp, grilled octopus and arroz con pollo.",False,2,2,1,Michelle P.,en
456,2016-09-14 13:18:49+00:00,4,"Two friends meeting before a lecture, five plates split between us, plates coming out fluidly from the kitchen.  Iberican ham, crab and corn fritters with chipotle mayo to start.  Then fish tacos (""griddled"", light, refreshing) and the maitake mushroom ( my favorite, with a peppery, tart and savory sauce) and finishing up with the rib taco. The food was very good and the atmosphere, like ABC, was comfortable, shabby chic with a whimsical fizziness to surprise and delight.  The sole complaint:  waiter was slow to bring the bill.  Yet again, what's not to love about any of the Jean George establishments?",False,0,0,0,Marcia R.,en
455,2016-09-14 21:29:43+00:00,4,"Came here for restaurant week lunches two years in a row and both times were great, though the menu items didn't really change. Favorite dishes were:

- raw shaved fluke with green chili dressing, crunchy rice and herbs (always my top choice)
- chimichurri grilled shrimp salad with baby romaine, pears and lemon vinaigrette
- warm vanilla fritters with Mexican chocolate

The gooey spicy ham and cheese fritters as an alternative appetizer are also good. I've also had the crispy fish sandwich with black olive tartar sauce, chilies and arugula, which was decent but lacking flavor and a bit on the mushy side. 

I'd say I prefer the original ABC Kitchen over ABC Cocina, but I haven't had enough of the menu items at either restaurant to say for sure. I highly recommend both, though. Just make a reservation at least a month in advance!",False,0,0,0,Josie T.,en
454,2016-09-15 12:52:39+00:00,2,"ABC Cocina

As a frequent traveler to Manhattan, I'm always looking forward to trying new restaurants. A friend whom lives in NYC had mentioned ABC Cocina to me a while back, and I earmarked it as a must-try for brunch. Knowing that ABC Cocina is an off-shoot of multi-Michelin Star Chef Jean-Georges Vongerichten's ABC Kitchen, I had elevated expectations. But as they say, expectation is the root of all disappointment. 

We ordered a variety of food, tried some cocktails, and soaked in the service. We found the food overly salted, the cocktails simplistic and over-priced, and the service shoddy. We dined in September 2016. See below for a more detailed review. 


Reservations:
Within only an hour or two of dining, I made a brunch reservation via OpenTable. The fact that reservations were so plentiful should have been an indication to choose another restaurant.  

Décor:
The atmosphere consisted of exposed concrete walls and flooring, exposed wooden ceiling beams, and multiple chandeliers. Overall, the atmosphere was very intriguing, and we checking it all out. 

Libations:
Being a Latin-themed restaurant, our waitress immediately directed us to their margaritas. Not being the biggest marg fans, we opted for Bloody Mary's (a Sunday brunch staple right? Wrong). One Bloody Mary we ordered had beer as the alcohol base with the standard tomato mix; the waitress made it sound delicious, but it tasted like carbonated tomato juice-- not very good. The other Bloody Mary we ordered was a ""classic"" with vodka, which turned out to be completely uninspired and boring. Both cocktails lacked any visual excitement and were very generic in appearance. These drinks were not listed on the menu, so I am not sure of their exact names. Both were overpriced and underwhelming. 

Bread:
We were served a selection of sour dough bread and very greasy focaccia bread with oil. 

Tapas:
ABC Cocina is a Latin tapas-style place. The waitress recommended ordering 3-4 dishes each-- this is too much. For a party of two, ordering 3-4 dishes is more than plenty, given the bread, cocktails, etc. 

We ordered Sautéed beet leaves with jamón ibérico and lemon, which was soaked in salt with small pieces of grizzly meat. The charred octopus with smoked paprika, crème fraîche, and guajillo vinaigrette sounded amazing, but arrived heavily blackened and again, excessively sodium-laden. The crunchy Mexican spiced French toast with glazed strawberries was the best dish of the day. It was moist, beautifully presented, and an overall delectable indulgence.

Every single dish was exceedingly salty. Our taste buds and mouths were inundated with sodium! The only dish worth consuming was the Mexican French toast. It was rich, moist, and delicious! As we came for brunch, I regret not ordering all brunch food (although the brunch section on the menu was limited). I had wanted to also order the coconut pancakes, but I was instead tempted by the other Latin tapas offerings. I would order the coconut pancakes next time, but there will not be a next time for me at this restaurant. 
 
Service:
Our waitress was hurried in her actions, always appearing rushed and absent-minded (although the restaurant had empty tables). I don't expect much in the way of service anymore unless it's a Michelin-rated establishment. However, I do expect to be served the correct dishes. Toward the end of the meal, we realized the waitress forgot to serve us a dish, which lo and behold, appeared on our check. We brought this to her attention; she briefly questioned us and appeared bewildered and disbelieving. If the dish was on the check, it had to be somewhere, perhaps left on the kitchen pass? One will never know. She offered for us to take it home, but we happily declined. After all, it was a blessing that she forgot to serve this dish, as our sodium levels were high enough to induce hypertension. She ultimately removed the charge from the subsequent check. 


Summary:
ABC Cocina left us disappointed and with the need to guzzle water for hours thereafter. One would certainly not know that this restaurant is an off-shoot of those under the guise of famed Chef Jean-Georges Vongerichten. The food and cocktails were abysmal (save the French toast), and the waitress fell short in her service. 

My Recommendation:
Skip. NYC has endless dining options, so if an establishment falls quite short, there is no need to dine there; one time is one too many. 2 stars",False,1,0,0,Brad D.,en
453,2016-09-19 05:34:43+00:00,2,"I will preface my low star review by saying that the the atmosphere is chic and nice, and overall the food was good - actually probably very good across the eight or so things that our party of three ordered, not great in a serious sense, but as one comes here to dine in a chic new New York Flatiron neighborhood aren't-we-just-the-bomb kind of joint, then very good is a nice enough result.  And prices were not out of whack.

But the service as relates to the bizarre handling of bottled wine presentation, mis- or total lack of communication (or outright lying) about the fact that they show you the closed bottle that you ordered and then disappear with it to the bar to open it before returning to start pouring, and especially weak management of our confusion and questions over this by their floor manager...yikes, awkward, poor and inconsistent answers, I would fire everyone involved if this was my staff and I watched it on a hidden cam.  

I have been in the wine business for 35 years and have never had someone in any restaurant in 20 countries take two $65 bottles of wine away from my table to open them out of my sight at the bar, first telling us that she was struggling with the cork and almost broke her hand or some nonsense, then sending a manager to us to instead explain that this is John George's way of doing it and that it has ""worked for him for a million years internationally""; and finally hand me the check like the bum's rush because the wacko answers were making me nuts - removing the $130 for the two bottles, which was never the issue and I gave that same $130 as a cash tip to our server to prove that - who barely could muster a thank you.

No kidding - what a strange gig.  I could never see myself returning here, nor will my business associate from Portugal or any of his international wine associates, who are all in and out of NYC frequently.  It was kind of a Twilight Zone sort of experience.  Boo-dee-doo-doo.",False,2,0,0,Keith J.,en
452,2016-09-19 17:09:05+00:00,5,"Customer service - Phenomenal
Food - Exceptional 
Ambiance - Poppin 
Drinks - Strong (which is always good) 

This was a great experience needless to say. I came as a surprise dinner for one of my best friends. It was amazing guys. Just be prepared to spend a little penny when you go. But honestly - you get what you pay for. Everything was awesome. MUST GO! I'm going to ABC Kitchen in 2 weeks... hopefully it's just as good. (I'm sure it will be.)",False,0,0,0,Jessica M.,en
451,2016-09-19 23:04:28+00:00,5,Amazing service with amazing food. We were seated at the exact time of our reservation when super busy. The drinks are delicious. Especially the martinis! I definitely recommend this place.,False,0,0,0,Sisi ..,en
450,2016-09-27 13:21:43+00:00,4,"I have dined at the Abc restaurants more than 100 times. 
Mostly at Abc kitchen but I love Abc cocina as well. I recently went for brunch. I love Abc cocina at brunch because you do not have to get brunch food, you can just eat regular food at 2 on a Saturday like tacos, fried rice and steak. They make excellent cocktails as well. I love the decor as well, it's darker and funner than abc kitchen.
The menu changes less so here than at abc kitchen but some highlights are:
Lobster fried rice
Fried chicken tacos
Maitake mushroom 
Guacamole (yes it has peas in it but it's delicious)
Chorizo sausage 

Great place for cocktails as well.",False,0,0,0,Peggy J.,en
449,2016-09-27 17:59:06+00:00,5,"My girlfriends and I dined here while in town visiting NY for the first time. I had seen it posted on my Pinterest as a top restaurant to visit while in the New York. We made a reservation maybe 2-3 hours before the reservation. We arrived 30 mins early and it was a packed house, so the hostess, who was so kind, just advised we could sit and order drinks before our table was ready. At the time of our reservation we were seated. The atmosphere was trendy and intimate. We dressed up for dinner, however most people were in cosmopolitan attire. My girlfriends ordered the guacamole, which they said was incredible. Then each ordered the chipotle chicken tacos. I ordered the stewed chicken with crunchy rice with a mango margarita. Both were absolutely incredible. The stewed chicken was a spicy red sauce with chunks of chicken, and these crunchy rice sticks. Our waitress was also very accommodating and kind. I definitely would return to this restaurant next time I visit NY. Delicious food and drinks.",False,0,0,1,Ky S.,en
448,2016-09-27 22:14:11+00:00,5,"This place is amazing. I came here on a Friday night for a girls trip to Manhattan. We made reservations for 10:30 pm as that's the only time they had available. We arrived a hour prior to see if we could get seated beforehand. The hostess politely said she wouldn't have our table ready until our reservation but offered us a seat at the bar and she she would find us when the table was ready. We sat at at the bar for 30 minutes and luckily we were seated rather quickly. The hostess was so nice! I forgot her name but she definitely made our experience worth the wait.

Our server was Megan and she was very informative about the menu and made great suggestions. I ordered the chipotle chicken tacos (which were great, may I add) and I spilt the guacamole with one of my friends. That combination filled me up! I would get an app because the tacos themselves are not filling. I also had a regular margarita. The drinks were strong and tasty. Pretty average expensive New York prices.

The bathroom is also really cute and intimate. Lauryn Hill playing in the bathroom and candles lit I probably spent more time than needed in there.

Overall, I would put this on my new list of places to visit when I come back to the city!",False,1,1,0,Jendaya H.,en
447,2016-10-04 19:50:03+00:00,4,"Had the cutest brunch here with some ladies that were in town. The food was awesome, and while I'd pick ABC Kitchen for dinner, for brunch this would be my first choice. I loved it inside, adorable tables and chairs and hanging lantern lights. Good drinks, good service. Will totally be back, it's one of my new go to brunch spots.",False,0,0,0,Paige E.,en
446,2016-10-07 14:50:34+00:00,5,"Had:
The Guacamole, roasted beet salad, shaved fluke, crab and corn fritters, maitake mushrooms with goat cheese, charred octopus, sweet corn empanadas with lime creme fraiche, summer vegetables - brown rice and salsa verde, and arroz con pollo (incredible chicken flavors).

All of it was excellent.

For dessert:
tres leches cake
peanut and grape ice cream sundae
assortment of cookies
churros with pineapple sauce
vanilla fritters

All of it was excellent.",False,0,0,0,Jason B.,en
445,2016-10-14 23:35:25+00:00,3,"nice beverages but overpriced and a bad attempt at a hip scene, unauthentic and plain.",False,0,0,0,Avinoam L.,en
444,2016-10-18 00:58:32+00:00,5,"Party of 3 on a Monday night. Excellent service, fantastic food. We had 7 dishes plus 3 desserts and were stuffed at the end of the meal!

Guacamole was great, a little spicy.
Ham and cheese fritters and calamari were crispy and flavorful.
Crispy fish tacos were the star of the night, so tangy and fresh! Short rib tacos were also excellent, but not as spicy as I was expecting.
Chorizo with pickled onions was very hearty, and the squash with goat cheese was nice and light to end the meal.

Flan and vanilla fritters were great, but the churro a with pineapple totally stole the show. Really wonderful dinner from start to finish!",False,0,0,0,Manda M.,en
443,2016-10-18 19:52:23+00:00,5,"Oh man, what delicious food! I absolutely loved it. I followed the waiter's recommendation and got charred octopus and the seasonal squash dish. The octopus was divine and the goat cheese and squash were so tasty together. My friend and I also split the chorizo. There were no fillers in the chorizo - just really good, well seasoned meat that went really well with the greens and pickled (not sure what the vegetable was) garnish. My friends also ordered the smoked salmon, short rib tacos and the chicken and rice. They liked everything and definitely loved the chicken and rice, especially because the pictures don't make it look that great. 

I can't wait to come back.",False,0,0,0,Halina M.,en
442,2016-10-19 18:06:04+00:00,5,"Came here for a work lunch and was very excited as it has been in my bookmarks for quite some time! We ordered a bunch of small plates to start, and then each ordered a small plate of our own to finish. I had the salmon salad. It was pretty plain but very good quality fish! What makes this place stand out is really the decor. It's beautiful curated inside. If you have time afterwards walk around the wonder that is ABC Carpet & Home. They some of the most beautiful and unique pieces in there that they clearly use to decorate their restaurants. Would definitely recommend, and try ABC Kitchen as well.",False,1,1,1,Rachel F.,en
441,2016-10-23 22:05:15+00:00,5,"Amazing place to get a glass of wine or cocktail..
Stopped by for a glass of rose.. very trendy and stylish.. great for dates or special occasions..
Will definitely come back to try the food here...",False,0,0,0,Sofia P.,en
440,2016-10-24 04:09:28+00:00,2,"A more appropriate name for this place is SALT Cocina instead of ABC Cocina. We were here for a little R&R weekend from LA and had heard many good things about this place. 
It was highly recommended by the Concierge at our hotel as well. 
The atmosphere was indeed great but the food left a lot to be desired. We ordered two salad dishes and only got one. Not a big deal.  We also ordered two types of taco dishes. One was short ribs and the other mushrooms. It would not have made any difference because the same sauce was used in both and the amount of salt used made them inetable.  Perhaps they were different sauces but it was hard to tell with the salt. The Arroz con Pollo (chicken rice) was very good as was the salad and the passion fruit margarita. The Patatas Bravas (potatoes) were very average. I make better ones and I'm a lousy cook. 

It was a good thing that the waiter's assistant came by often to refill the water glasses. That's needed to counter the SALT in the food. Holly Cow! 

The waiter was cordial enough to not charge for one of the taco dishes.  Woo hoo.  We eat out a lot and have to say this is one of the worse meals we've had in a long time. We would have been better off at Chipotle around the corner.  

If you like lots and lots of salt in your food, this is the place for you. 

Otherwise, This place was a big bust!!! 

Did I say this place uses tons of salt in the food? Just making sure.  Read previous reviews as well. We failed to do so and were not forewarned.",False,1,0,0,max g.,en
439,2016-11-03 20:19:18+00:00,5,"Worth the wait, far in advanced reservation etc. 

This is GREAT quality food! We came on a Wednesday night (late, around 8:30)ish, and sat at the bar and had a drink. I had the white sangria and it was super bright and delicious. 

5 stars for the ambiance, it was one of the nicest restaurants I've ever sat in, not stuffy, not overdone, just super comfortable and cool. 

The service was very friendly, and once we ordered the food came out relatively quickly. 

Here's what we ordered - 

Guacamole - HUGE portion, with giant fresh made tortilla chips, the guac was amazing. 
Peekytoe Crab Fritters - Teeny little crab bites breaded and fried and served with a delicious aioli dipping, there was about 6 of the balls. 
Short Rib Tacos - Seriously amazing tacos, the taco meat was the best
Mushroom Tacos - I usually don't like kale, and they put a lot, but it was grilled perfectly
Arroz con Pollo - huge serving of rice and chicken dish (kind of like a paella almost) and it was very tasty. 

Overally we over-ordered (there was two of us), but it was great for sharing. Would recommend coming with a group so you can taste/order more! 


Book in ADVANCED for your reservation!!",True,0,0,0,Molly S.,en
438,2016-11-06 06:56:35+00:00,4,"We had the brussel sprouts, fish tacos, shrimp, and octopus. Everything was very delicious. The bread bowl selection was also good. It wasn't a mindblowing lunch, but it certainly was delicious. 

The ambience is amazing! Beautiful interior... loved the light fixtures. Definitely would come back.",False,0,0,0,Jessica L.,en
437,2016-11-07 11:21:18+00:00,4,"On my daughter recommendation, my wife and I went. It's a large space. Our reservations were for 7:30 pm. It was crowded and had to wait for a table. There is a bar on premises along with some industrial style tables in the vicinity to eat or drink. The decor is a New York chic. Upon being seated our waitress brought the food and beverage menus. The food is Mexicsn/tapas. 

After discussing the menu with our server we settled on three different tacos, a cold crab leg. We were brought a basket of bread with some dipping oil. There were two different types of bread one of which was made on premises. The bread was nothing special nor was the dipping oil. 

The first tacos to come out were the fish tacos. You have a choice of grilled or fried fish. We opted for the grilled fish. You only get tacos. However, it was filled with a good amount of fish and toppings. It comes with a spicy sauce. The fish was perfectly grilled and the taco was delicious. The next taco served was a mushroom taco. This too was delicious. There were only two but they were nicely stuffed. 

The cold king crab leg came out next. It was nicely presented in a bowl of ice. It was cracked so the crab meat was easy to remove from the shell. It was served with a mustard sauce. The crab meat was a little soft for my taste. 

Our final taco was filled with shirt ribs. It was topped with some type of onion rings. The onion rings reminded me of the ones you get in the can. I enjoyed them and added a nice crunch to the sandwich

There is a dessert menu but we had eaten a late lunch and decided to forego dessert and coffee. 

The wait staff was courteous and friendly. This is a popular place and reservations are probably a good idea.",False,1,0,0,jed k.,en
436,2016-11-07 13:47:28+00:00,5,"I loved this place! GF and DF options! The decor and ambiance was perfect. The food which is tapa style was exquisite, every dish was flavorful and so many healthy, gluten free and dairy free options! Our waitress was great too. We had a wonderful experience!",False,0,0,0,Sylvie M.,en
435,2016-11-08 14:11:29+00:00,5,"I went here with my wife the other night on a Friday after work, and we loved it. Great mix of cool ambience, good music, and the food was really good. We both had drinks and ordered a ton of food, and the bill was still pretty reasonable. Make a reservation ahead of time, we went really early, but otherwise walking in would be tough. Highly recommend.",False,0,0,0,August S.,en
434,2016-11-09 03:49:05+00:00,4,"I bookmarked this restaurant after trying ABC kitchen since that was a 5 star. started researching on chef Jean Georges and since ABC Cocina was also owned by him, I figured I had to try it. Cocina is more of a Latin cuisine, very different from ABC kitchen. The food was pretty good. We ordered the crab fritters, raw fluke, crispy fish tacos, pea guac, steak tips with chimichurri sauce, chicken stew, warm vanilla fritters and pear popsicle for dessert. the crab fritters were pretty good. It def had crab taste and was very crunchy on the outside. I enjoyed the raw fluke a lot. it was in a really delish sauce. the crispy fish tacos were also pretty good. Pea guac was good, but didn't taste much pea flavor, which is good for me because I actually have peas. the steak tips were good. The outside was burnt and had so much flavor! The inside was a bit raw for my taste though but very tender. I thought the chicken sauce was only okay. It was with a tomato sauce like they serve with pasta, nothing special. Both the desserts were good. The popsicle was surprisingly because the texture was like a gelato on a stick, very soft.",True,1,1,1,Priscilla C.,en
433,2016-11-09 19:52:31+00:00,5,"Not sure why the mixed reviews but I thoroughly enjoyed ABC Cocina!!!  I've been wanting to try this restaurant after loving ABC kitchen and this did not disappoint for me.  It was a Thursday night and the only reservation I could get was 930, but whatever I took it.  

The space is super cute and trendy and decorated nicely.  Loved the brick wall by the bar, the chandeliers and other long interior lighting !

Food Highlights include:

Crab fritters - YUMMM perfectly cooked and tasty 
Tuna tartare - I KNOW, tuna tartare in a Mexican inspired restaurant? OMG it was SO GOOD no joke, I would come back just to have this again.
Short Rib Tacos - very delicious and unique
Mitaki mushroom - very interesting dish, like a charred large mushroom, one of their specialties 
Arroz con Pollo - chicken and rice was SO good 

I must also mention the cocktails are quite delicious.  I tried the grapefruit margarita and it was perfect for that I was looking for !

I would 100% recommend this place to friends.",False,0,0,0,Lauren A.,en
432,2016-11-13 03:53:50+00:00,4,"ABC gets four stars for any community food situation. Great vibe, good service and reasonably priced food by NYC standards. I'm a sucker for Jean-Georges based on my experiences at Fern.  Here's the rundown:

Get these
 - Short Rib Tacos - easily one of the best things I had here. I thought the mis-call here would be to order a bunch of tacos, but I'd consider doing that on a return visit
 - Fluke with green chili dressing
 - Tuna Tartare w/ chipotle aioli
 - Crispy Calamari w/ smoked chili aioli - I generally avoid ordering Calamari but was convinced to order this one. Glad I did
 - Roasted Honeynut Squash
 - Housemade Chorizo
 
Good but didn't make the short list
 - Octopus
 - Grilled Mitake Mushrooms
 - Brussels Sprouts Salad

Avoid these
 - Shrimp with sizzling garlic and chili oil
 - Lobster Rice",False,1,0,0,Jeff F.,en
431,2016-11-18 02:51:54+00:00,3,"There was 5 of us for dinner. Service was nice and the place is rustic chic; really pretty. But the food is just not good. I'm a New Yorker and we know good food. I never mind paying a lot of money for dinner but it has to be good. We ordered the pea guacamole: just ok, but needed more seasoning. The lentil salad was way too vinegary and acidic. The mushroom and beef empanadas were awful. They were dry and not tasty. The waitress recommended this three cheese truffled croquettes: there were four tiny tiny tiny pieces that they cut in halves. Can't taste the cheese nor the truffle. And they were completely dry. It was like $38; ridiculous. The only good thing was that we asked to take it back and it was taken off the bill. The octopus dish was drenched in some aioli sauce. The best dishes were the miatake mushroom with goat cheese and the arroz con pollo rice. Our desserts were not good. The tres leche cake was not tres leche cake. It was a small sponge cake was some cream on top. The  other dessert was a puff pastry stuffed with cream and some kind of chocolate mouse on the bottom. The cream tasted like it was commercially made and the mouse was too dense. On the bright side of our dinner was that our drinks and margaritas were delicious. I would not go back. The sister restaurant abc Kitchen is better.",False,0,0,0,J L.,en
430,2016-11-20 04:33:00+00:00,3,"We've been to ABC Kitchen and high hopes for the Cocina, but just got a high price. The food is pretty typical brunch flavors and presentation is typical which was unexpected for the price and ""brand"". For food, don't get the Coconut Pancakes or the Fish Sandwich as both were just plain with hardly any flavor.  Do consider the Lentil Salad and the maybe the Mushroom Empanadas. The Virgin Pina Colada was pretty decent. The service was attentive. Overall, keep it light and brief, just do two small plates with a lot of flavor/ingredients, instead of four, plus a drink. Make a reservation too.",False,1,1,3,Danesh J.,en
429,2016-11-20 20:56:36+00:00,4,"This space is ideal for groups, special occasions, date night.  You can't go wrong with this rustic chic room with ALL the chandeliers. 
Food was legit.  I filled  my veggie loving stomach:
Sautéed shroom taco
Shaved Brussels sprout salad
Guacamole 

Service:
Our server may have been stoned.  But it's all good.

Go to ABC Cocina",False,0,0,0,jylian s.,en
428,2016-11-21 02:52:32+00:00,4,"Breathtaking in every way. From the moment you walk in you'll be mesmerized by the stunning decor. Every single thing on the menu is delish. Passionfruit marg is my fav cocktail. Must haves: grilled octopus, short rib tacos, fish tacos and the beet salad. Their orange home made hot sauce is incredible (put it on everything), I wish they would sell it! Service is perfect, and you're guaranteed to be surrounded by beautiful people.",False,0,0,0,Nancy R.,en
427,2016-11-26 00:36:07+00:00,4,"ABC Cocina:

Zagat: Food 4.4; Decor 4.3; Service 4.2;
New York Times: **
Michelin Guide: 2

Dinner:

* shrimp with sizzling garlic and chili oil (RECOMMEND) - succulent, garlicky shrimp with a touch of spice

* mezcal cured salmon, cucumber-yogurt relish and golden potato flakes - the crunchiness of the golden potato flakes paired well with the tender salmon; the yogurt added thickness and sweetness to the dish

* stewed chicken with sweet onions and crunchy rice

* maitake mushrooms with goat cheese, fresno pepper vinaigrette - we got rid of the goat cheese as we didn't like the taste of it but the mushrooms were delicious thanks to the perfectly prepared vinaigrette

* savory glazed short rib tacos, habanero relish and frizzled onion (RECOMMEND) - best of the night; short rib was perfectly cooked, very tender, extremely juicy, and an ideal amount of sweetness adds to its excellence; when every ingredient melted together in the mouth the flavor was so rich and synchronized

Score: 4/5",False,0,0,0,Liwei Z.,en
426,2016-12-08 23:37:51+00:00,5,"This place is hands down one of the best tapas experiences that I have had! And because it was our anniversary dinner, the expectations were obviously very high and my husband and i were not disappointed at all. Loved the cool-chic vibe of this place which is lively busy and yet gives you the privacy you need.
Our server helped us decide what to get since it was our first time here and every dish was an ace decision. So much so that while eating we couldn't wait to be back! Here's a look at what we got-
Guac and chips- a MUST especially if you're ordering drinks. Plus, they give free chip refills to make sure that you devour ALL THAT GUACAMOLE.
Shrimps with sizzling garlic and chili oil- everything worked like magic together. We loved the dish so much that we were fighting over who gets the last piece!(What Anniversary??)
Grilled octopus-  tender and perfectly cooled octopus with tangy delicious potatoes and a very exciting chutney accompanying all of this. Mmm
Burnt end steak- deeeee-lish! And i am not a big beef lover so this is saying a lot.
Fish tacos- I loved it with the tangy slaw but my husband felt less excited about it. Next time we re definitely getting the braised short rib tacos. They looked really good on the table next to us ;)
I loved this restaurant and cant wait to be back to try the other really interesting dishes on the menu.",False,0,0,1,Amrita A.,en
425,2016-12-18 01:08:10+00:00,4,"Came here for Saturday lunch. We shared crab legs (there are 2 which was kind of skiwith paprika mustard, the cheeseburger with mole (Cooked to perfection), and the Cuban sandwich which was a hit as well. Their hot sauce is amazing and I added it to everything I could! Service was good ambience was freakin adorable. Definitely good for lunch or dinner and groups!",False,0,0,0,Kirsten C.,en
424,2016-12-22 03:14:11+00:00,1,"I'm very sad to say I give 1 star and that's only because some of the good was ok. Seriously where do I begin such disappointment one after the other sigh*  I'm sorry but I don't care for fish shell fish yes not fish! I made the waiter aware and come to find out they fry their tortilla chips in the same fryer as they fry the fish and whatever else they fry! Yes they don't have separate stations I was very shocked to hear that especially from an establishment like this.  Next they ask for bread we said yes please they bring the bread then a small little dish for the olive oil. The waiter dropped it on the table didn't apologize or say excuse me. I look at the dish is chipped I sent it back who knows if the chip pieces flung somewhere or in the little dish, couldn't tell the dish was a dark color and it's not too bright so better safe than sorry sent it back.  They finally bring the lobster and I look at it my gf starts to eat it I look at the plate this plate is chipped omg really smh.  Then I begin to go fir my portion of the lobster. It's not cooked properly  yes it was half raw!!! The Manager was there in the kitchen turned and looked at me when the waiter took the plate back.  I told my gf yeah such BS yes read my lips such BS!  (Wanting the manager to know I was very disappointed) the waiter came over and said we'll bring you another lobster they just brought the piece I sent back.  Our waiter barely  came and checked on us. The food overall was not the best. Sad to say I'm very disappointed and I don't think I will be returning. :(  my tip to the waiter would be brush up on your customer service skills u need it!!! That's your tip! Lucky it was a dinner on my company and I was not expensing it !!!!",False,1,0,1,Amy G.,en
423,2016-12-22 18:58:04+00:00,4,"We enjoyed dinner here on our most recent visit to NYC. Terrific, fun ambiance and a richly diverse tapas menu make it a great spot. We overate because everything was so good. Only glitch was that we were brought a couple of the wrong dishes but the staff worked it out quickly and by the way, the service is attentive and quick. Good people watching as well!",True,1,1,1,Rachel H.,en
422,2016-12-23 03:44:14+00:00,4,"Fish Taco- yum
Sizzling Shrimp- yum, Asian take
Crabmeat croquet- yum, but unhealthy
Warm Fried Vanilla- oh my god! The bomb!",True,1,1,3,Emi B.,en
421,2016-12-27 20:36:14+00:00,5,"This was undoubtedly one of the best restaurants I have ever had the pleasure to dine in. The staff was incredibly welcoming and the service was quick. The food was so delicious we ate every last bite until our stomachs were about to explode! Their homemade hot sauce and the shrimp was my favorite of the many delicious options. The small plates are a little pricy, but if you can afford to indulge a little bit this resultant was definitely worth it.",False,0,0,0,Hannah M.,en
420,2016-12-28 05:45:11+00:00,4,"Amazing food and service!

We had the following:

Shrimp with sizzling garlic and chili sauce, crispy fish tacos, glazed short rib tacos and roasted honey nut squash. All of these were delicious, 5 stars for the food. 

Service was excellent. 

Really I would have given 4.5 stars if Yelp allowed it, taking half a star for my dessert which I didn't like very much. I ordered the Salted Caramel Flan, maybe it was a poor choice on my part or perhaps the main course was hard to follow. 

Definitely recommend this place.",False,0,0,0,Omer I.,en
419,2017-01-04 20:53:23+00:00,5,"ABC Cocina is definitely one of my all time favorite restaurants in Manhattan, is one of those places that you don't mind going to over and over again. They are extremely consistent with the quality of their food and their service, which is accompanied by absolutely stunning decor. To be honest, I think I may like ABC Cocina more than ABC Kitchen and it is much easier to get a reservation. I've said it before and I'll say it again, Jean-Georges can do no wrong. A must visit.",False,1,1,1,Sunia T.,en
418,2017-01-14 00:26:41+00:00,5,We went here by chance...wasn't planned...didn't look too busy for a Friday night...we sat at one of the community tables...a bunch of other couples were seated with us. Not a bad experience I actually wish all restaurants did this to cut down on the wait. I had the arroz con pollo and my god it was amazing! Hands down sooooo good and there was a lot of chicken in the rice! By golly I think I really like this spot,False,0,0,0,Nicole B.,en
417,2017-01-14 23:37:49+00:00,4,"Great selection of tapas, wine, and beautiful decor. 

Mezcal cured salmon- this was probably my favorite. The salmon was tender and fresh and the dill yogurt it was served on was the perfect accompaniment 

Crispy Brussel sprouts with creamy blue cheese- the perfect amount of crispiness paired with blue cheese. Anything with blue cheese will win me over but if you're not as big a fan, the cheese comes on the side for you to drizzle (or not) 

Beet leaves with jamon- what are beet leaves? I didn't know either that's why I ordered it. Expected large leaves with a slice of jamon. Instead it was minced spinach looking greens with minced fried jamon. Drizzle with lemon and it's good but a little on the oily side

Fish tacos- after living in SoCal, I typically put fish tacos to the side in preference of trying them. My friend wanted these so we got them and they were actually amazing. On the very slight spicy side wth the chipotle aioli but with the pickled cabbage(?) it all went together so well

Dessert! Tres leche with cranberries and pears- this didn't taste like traditional tres leche. It was topped with heaping cinnamon merengue which added a tangy spicy flavor that was contrary to the norm but amazing ! 

Ps. There is a large selection of wine here-- with nice bottles even in the $30-50 range! 

Service was pretty good, a little slow but I guess norm for a Friday evening",False,1,0,0,Nicole G.,en
416,2017-01-15 05:07:59+00:00,1,I'm shocked that this place has so many good reviews. This place is not as good as it used to be. Tacos are soggy. Portions are tiny. Food is not good. I was really surprised because it remember loving it. I always tried making reservations and finally got one but definitely not coming back.,False,0,0,0,Sara W.,en
415,2017-01-20 15:18:09+00:00,5,"ABC cocina is a New York gem. I've been to some of Jean-Georges restaurants and this was the best yet.

The decor is beautiful, the various structures and lighting will be captivating even if your date is not.

I liked the set up of the restaurant too, it's super crowded by the bar and entrance but dinner seating is comfortable. 

The staff is superb and attentive. They can read your mind. You're thinking where can I put my coat, boom... Someone asks about coat check. As you're thinking you want an other drink or the check the server somehow knows this and magically appears. If you ask the host something and her attention needs to be elsewhere someone else is there to assist you. The restaurant is popular and packed, but somehow you never wait for anything you may need.  How?!? I have no idea.

So.... Food. What I tried;the tuna tartar, and guacamole both served with fresh tortilla chips made on site, the crispy Brussels sprouts, the brussel sprout salad. Please don't make me think of witty unique ways to describe this food, but let just say if I was nominated for a Nobel prize I'd skip the ceremony to have dinner here. The accoutrements compliment the blah blah blah. The food is scrumptious and mouth watering. 

I tried the pina colada, not the best I've ever had , yet pretty good.

Dessert here isn't ""would you like to see the dessert menu"", it's ""what can I get you?"" DONT SKIP IT. I don't care if you are gluten free, getting surgery in the morning, allergic to wheat or sugar, bring an epipen and make dessert happen. I tried the warm vanilla fritters, and somewhere there was a chorus of angels singing. (Side note- no lame trio of staff singing happy birthday, a beautiful violinist accompanies your dessert.)
Dessert is awesome, and large enough for 2 to share (or maybe I was just being polite. )When the waiter cleared dessert with one fritter on the plate my brain was saying nooooo noooo nooo, similar to the separation people must feel as they watch their lover leaving to war. 
I'm coming back here, possibly today for brunch, lunch and dinner",False,2,2,0,Hindel m.,en
414,2017-01-28 19:04:20+00:00,2,"One word describes this place : Disappointing

Seriously? This is a Jean-George restaurant?
The guy that owns a 3-star Michelin?

This reminds me of Guy Fieri's American Kitchen & Bar, where a famous chef lends his name to a place that should be no-where near it.

When you walk in, you notice this place is HIP, with a dining area that looks like a contemporary apartment designed by IKEA, and a room full of obnoxiously loud 20-30 year old's, the loudest of which you will be inevitably seated next to

Yet somehow, this place is able to put out mediocre service and food, for gourmet prices, and STILL get such high ratings on Yelp. 

It's obvious most of these five stars come from folks who have never eaten at a nice restaurant before. 

The dishes are nothing special , and the prices of 15-25 for TAPAS PLATES is ridiculous for the size and quality. I like small plates but come on, you're getting 4 bites of average food for entree prices at any other restaurant. 
Even the waiter recommended 6 for two people... do the math. 

Here's a rundown of what we tried. 

Complimentary Bread - pretty decent focassia bread with olive oil. They definitely make an effort to make sure you always have a full bread basket here... maybe so you stay full and don't realize you're getting ripped off by the other food. 

White sangria - pretty delicious if you like mango juice with a hint of wine. For $46 a carafe you get about 4 glasses worth. But there is so little actual wine in it, you'll need to two to get even a little buzzed.

Red sangria - way stronger sangria with a heavy red wine taste, but again they get ya by filling half the pitcher with alcohol soaked apple pieces. This is the one worth getting 

Guacamole and chips - I was weary of paying $15 for a tiny bowl of guacamole but it was actually pretty good. The chips are home made and they are real good. They supposedly offer unlimited chips but our waitress pretty much ignored that request so we ended up with half a bowl of guac left with no chips. 

Crab fritters - tiny fries crab cake balls with Chipotle mayo. These were pretty good. You get 4 per order. 

Potatoes Bravas - half assed Dennys style home fries. Terrible. So poorly made, the cook managed to put all the sauce on one single potato at the bottom of the bowl. Skip this

Short rib tacos -  Probably one of the best dishes of the night. But at $22 for two small tacos, these better be good

Octopus -  it was OK. I love seafood but ruined it is how they mix Chipotle sauce with prune jelly or whatever it was. What a weird combo. For a dish almost $30 I wouldn't really recommend. 

Ribs - would have loved to try these but our waiter said the kitchen forgot to actually make them, so we decided to forget about it rather than wait around ... 

Overall a pretty lame experience but we did learn one good thing:

 ABC Kitchen is right next door (they are connected) and has plenty of open tables at 10pm on a Friday night so you can easily get a table just walking in

For a million times better authentic spanish tapas experience I'd recommend Tia Pol in Chelsea.",False,1,0,1,John Z.,en
413,2017-01-30 19:38:15+00:00,3,"This is disappointing. That chicken lasagna I just ate is not good at all. Nothing that would make me want another bite. I supposed Kitchen is so much better. And if you don't get a reservation at the kitchen you get a bad food, cold bread and busy service.",False,1,0,0,Korina H.,en
412,2017-01-31 13:13:27+00:00,5,"I'm a freak for tapas. Obsessed. And I've been wanting to try ABC Cocina for a while. So when I was in town this past fall, I finally got a chance to have this wonderful dining experience. 

Let's start with the decor. The restaurant is beautiful and you could spend half the meal looking around at the space and ignoring your dining guest. Which I am 100 percent guilty of doing... They also own ABC Carpet & Home so this shouldn't be that much of a surprise but still. Great dining atmosphere. 

Now on to the food. Patatas Bravas are a must for me if I'm having tapas and these ones did not disappoint. The Raw Shaved Brussels Sprouts Salad was absolutely wonderful. Very fresh greens and great seasoning.  The shrimp in garlic and chili was cooked perfectly. The chipotle chicken tacos were probably my favorite dish and my friend dining with me had to wrestle them out of my hand. The arroz con pollo was also a beautiful dish that held true to the traditional elements but elevated the flavor. We ended with the tres leche cake, also wonderful. 

All in all, I would highly recommend this restaurant to a diner looking for traditional tapas with an elevated twist. And I mentioned before, the interior dining experience didn't hurt!",False,1,2,1,Kate C.,en
411,2017-02-04 18:44:50+00:00,5,I'm a huge fan of both ABC establishments and love everything on their menu. Plenty of gluten free and vegetarian options. The design of the space is beautiful. And service is attentive and friendly.,True,1,0,0,Shradha A.,en
410,2017-02-04 22:00:16+00:00,1,"found a large hair in the steak. they did comp it, re make the order, and give a free dessert. but overall just very low quality tasting food yet still expensive. i'd skip it. way better places in the city",False,0,0,0,James B.,en
409,2017-02-05 22:38:44+00:00,3,"The food is great, very filling even if tapas! The decoration is stunning and the noise volume is really reasonable regarding other restaurant. The only black point is that after they forgot to bring on of our order we thought they just withdrawn it from the bill. When we asked it to be withdrawn of the bill the waiter started arguing with us in a very rude way. This made us so uncomfortable. Definitely not matching the standing of such a place in NYC. I discussed with the manager that was sweet and very caring. I really fear that this event ruined the whole experience however. If you have the luck of not having this waiter, then I warmly recommend this place.",False,0,0,0,Hugo B.,en
408,2017-02-11 18:35:26+00:00,4,"If you're starving and looking for a huge meal, unfortunately this place would not satisfy you. This is tapas, where you obligatorily order several dishes, enjoy each bite and be surrounded by beautiful decor. 
I went with 5 female friends for a birthday dinner and I think we ordered 10 dishes total. 
-Guacamole and chips: as other reviewers mentioned, you can't go wrong with it to begin with. It's so fresh.
-Calamari: sorry this was disappointing. 
-Octopus: This was really tender and not chewy at all. That a bit spicy orange sauce went well with it.
-Spicy (crunchy?) shrimp: too oily. 
-Maitake: this one came with ricotta cheese and was pretty good.
-Brussels salad: Green Caesar salad and crispy Brussels on the top.
-Squash: A bit oily.
-lobster with rice: This plate finally eased my hunger lol!!! 

Nonetheless, I was really happy with its ambience and company I had. 
I admit that I missed Korean restaurant where you have virtually unlimited refill of appetizers. 
It's definitely a great experience once in a while to make it to the fancy place like here though!",False,2,2,1,Urinka H.,en
407,2017-02-16 22:43:33+00:00,5,"Went there to dinner on Sunday night....  res wasnt til 930, but the staff was amazing and they let us hang around til after 12....  we were the last ones there...  drinks were very good, and the tapas selections were fantastic....  everything down to the chips and guac were great and I cant wait to go back.   Pricing wasnt cheap, but was fair considering its a Jean Georges restaurant. Well done very well done",False,0,0,0,Dave M.,en
406,2017-02-17 20:23:01+00:00,3,"Came here with a girlfriend for dinner to celebrate my birthday. Our cocktails were good - strong but not exceedingly so. For food, we shared:
- tomato salad with red onions, serrano chilies, sherry vinaigrette & herbs
- raw shaved fluke with green chili dressing, crunchy rice & herb
- crispy BBQ pork tacos, pickled pineapple & fresno chili relish
- arroz con pollo, crackling skin & lemon zest

My favs were the tacos (so flavorful!) and the tomato salad (very refreshing). The arroz con pollo was highly recommended - not only by our server, but also by other fellow Yelpers. Unfortunately, it was a huge letdown for us. It tasted very very average - like something you could have cooked by yourself at home. The raw shaved fluke was good but I had a bad stomach for 2 days after this meal and I suspect it was due to this dish as I hadn't had any other raw food in the week.",False,1,0,0,Rachel L.,en
405,2017-02-17 20:28:10+00:00,5,"The food is delicious, I went with a friend and we shared a bunch of plates, everything was extremely good. And the atmosphere is really cool, great vibe.",False,0,0,0,E G.,en
404,2017-02-20 03:57:17+00:00,4,Quality food and service. The small plates were all good and the cocktails tasty. I would certainly go back next time in town.,False,0,0,0,Matt S.,en
403,2017-02-22 05:45:33+00:00,4,Date night on our recent visit and was able to snag a reservation last minute. Chips and guac was delicious and everything we ate was wonderful.,False,0,0,0,Lisa H.,en
402,2017-02-24 19:20:39+00:00,2,"Went for lunch on Jan 16th, they were slow. Sat at the bar. The chicken taco was too chickeny wasn't cooked properly. I think Chef Ian was off too that day.
 But the kitchen was slow. Heard James was leaving will miss him. Food was good.",False,0,0,0,Mnk C.,en
401,2017-03-05 00:38:50+00:00,3,"I was slightly let down by this restaurant. Firstly, when entering a Jean George's restaurant, I expected a little more of a welcome. The woman working at the front check in of the restaurant was quite miserable and I almost felt as though I was burdening her by coming in! Afterwards however, the waitress was great. The ambiance was surely great and the restaurant is very nicely decorated.

As for the food, it was OK although very, very small portions. Beginning with the guacamole, no complaints and definitely enough for 2-4 people to start with. The shaved brussel sprout salad and roasted beets were also good, however quite small/light. The patatas brava were almost comical, as there was 6 total very small bite-sized potatoes in the order. The crispy calamari also good, although very few in the order. The sautéed mushroom tacos were excellent and I would highly recommend. The beef ""burnt ends"" was the most disappointing dish as $22 for an EXTREMELY small amount (maybe 4-5 very small pieces in total) was quite absurd. Lastly, only order the vegetable rice if you like cumin as that was primarily the entire flavor of the dish.

As for dessert, get the warm vanilla fritters!

All in all the food was good, although quite expensive for what you get. Having spent $300 on dinner, a reciprocal ""good bye"" from the woman at the front would have been nice! Ha.",False,0,0,0,Christopher S.,en
400,2017-03-05 17:07:09+00:00,3,"Atmosphere: 3.5/5 - Let's start with the basics. Clean. Cute. Bustling. BUSY (make a reservation). The tables were a bit small and tight, making it hard to fit plates on the table and impossible to avoid bumping elbows with the person at the table next to you when trying to grab your drink or utilize cutlery. I'm a very slim man, and we had to pull the table out for me to fit in and out. Other than that, it is a very nice space. Cozy industrial. Very trendy. From the second you walk in through the giant curtained wooden doors, you feel like you are at Sunday brunch. And the hostesses were lovely, complimenting our outfits and offering to check our coats with bright smiles from the second we walked in, and asking how everything was when we were heading out (something that does not go unnoticed).

Fare: 4/5 - The food was very good, as expected from a Jean-Georges restaurant. We went for brunch and they started us off with baskets of housemade sourdough and foccacia breads, olive oil, sea salt, etc etc.  We ordered a basic cheese and meat plate to start, along with some cocktails. Then we moved on to entrees, of which I HIGHLY recommend the Mexican Crusted French Toast. I was sitting in brunch envy because my companion ordered it, while I went with the coconut pancakes with lavender syrup (also delicious). We did not make it to dessert, and here's why...

Service: 1/5 (and that's a high score) - Absolutely terrible. Aside from the aforementioned hostesses, nobody paid an iota of attention to us after we ordered. I finished my first cocktail about 20 minutes after being seated, and nobody ever came to either take the glass away or ask if I wanted another (even though I flagged down another server and asked for a cocktail menu...which never came). And I did. I really wanted another. Because that's what one does at brunch. Sadly, I sat with an empty martini glass for the next 60 minutes. When we asked the busboy to have our server send the check (because we never saw our server again), the server brought it and said ""so thats it? no more drinks?"" and when i politely let him know I had been sitting with an empty glass for the last hour and nobody ever came to check on us despite me requesting our waiter twice, he laughed it off and said ""oh yeah sorry about that"" and walked away. Not cool man. Not cool. Don't F with my brunch cocktails.

Overall: 3/5 - It could've been a 4.5/5, but the service just left a bad taste in my mouth after the delicious food. Weekend brunch should be relaxing and fun after working your ass off during the week, and the whole time I just felt myself getting more and more annoyed with the service and I couldn't wait to get the check and leave. Also, it's a little pricey for what it is. It's a shame, because I really wanted to like this place.",False,0,0,0,Nic D.,en
399,2017-03-09 15:05:29+00:00,2,"Was here yesterday only for a drink, great atmosphere, was here before. Only the guy at the bar who served me tried to rip me off; he tried to let me pay twice for my drinks!!! He was in a bad mood from the beginning (tall guy blond hair and glasses)...I ordered two rose cava and paid cash, even gave him some tip! After an hour or so I put the glasses back on the bar, so help him out so he did not have to clean it up, then he asked me 'do you want to close out'?? and I was like whhhaaattt? I just ordered and paid you cash, with you in person! Hell no I am not going to pay twice for my drinks....I think he just tried and and maybe thought I was a stupid tourist or so...well, this experience make me not go back to this place...",False,0,0,0,Diana K.,en
398,2017-03-12 18:28:52+00:00,5,"Ermagawd. I took my mom to abc cocina for brunch and she literally wanted to go back the same night for dinner. 

We got the huevos rancheros, the chicken soup, the fluke, and the sizzling shrimp. GET THE HUEVOS. Not your typical preparation, obviously because abc knows what it's doing. The corn tortillas were perfection as were the beans on the side. Not a big portion, but so good.

Actually, just get everything we got. We ordered so perfectly. Loved this meal and will certainly be back!",False,1,1,1,Ariel M.,en
397,2017-03-13 06:31:04+00:00,5,"This place was amazing! Very pricey but a great choice if you want to splurge. The passion fruit margarita and mango sangria were delicious. The chips and guac are a must get - and they come with a generous amount of guac. Get the grilled fish tacos !! The sauce is amazing with a little kick. The chipotle chicken tacos were amazing as well, and the seared octopus. They were very helpful about catering  to my gluten free restriction as well.",False,0,0,0,Marina K.,en
396,2017-03-14 16:24:04+00:00,2,"I typically do not leave negative reviews.  I feel that if my experience was not great, I would let them figure it out. But ABC Cocina needs to know that even though it's a ""hot spot"", people don't like feeling ripped off.
The food was tasty, the vibe was upbeat as expected...

For 3 of us, the bill was 180.00. We shared 4 dishes and had 4 drinks between us.  The margaritas were teeny tiny.  $16.00 each!  I know, I know it's NYC but I've never seen such a small glass, full of ice.  The sangria also, $16.00 was about 4oz.  I don't expect to get a ""deal"" on drinks but come on ABC, you're not that great of a ""hot spot""!  

In addition, we had to ask for bread 3 times!:(

Not going back.  Don't like feeling ripped off...There are tons of great tapas places in NYC that are worthy and and don't gauge good paying customers.",False,0,0,0,Julie T.,en
395,2017-03-16 19:51:58+00:00,2,"Not sure what all of the hype was about. Nothing that I ate here was really very memorable and my sangria was actually kind of watery-gross.

The attached home decor store is really nice though. I'll give it that.",False,0,0,0,Jen K.,en
394,2017-03-22 22:08:49+00:00,5,I really enjoyed this place the atmosphere is upscale the staff are very attentive. The portions are quite small as expected but make up for it with how great they taste. I will defiantly be returning here again.,False,0,0,0,James D.,en
393,2017-03-23 13:06:38+00:00,1,"We were very excited to try this place after the reviews and recommendations. The hostesses were friendly and warm. They encouraged us to wait in the very spacious bar area, it was pretty full. So we head up to the bar, stand in line and order our drinks. The bartender was super nice and friendly and made our drinks. My husband paid for them and just as he is handing me my drink, the bartender with the man bun starts giving him attitude and yells at him that he can't stand at that spot. He was trying to pay for our drinks and informed the guy that he was just paying for his drinks to which he started yelling 'this is not the place to pay your bill and you can't stand there!' Regardless there were people buying drinks at this same spot at the bar before we got to it and continued after. So I'm not in the habit of giving money to restaurants that treats us like shit for no reason. So we walked to the hostesses told them what happened and left. I won't spend another dime on any of their businesses.",False,1,0,0,Robert M.,en
392,2017-03-27 14:00:17+00:00,4,"If you leave this restaurant without getting the Gooey Spicy Ham and Cheese Fritters, you've fucked up. 

Beyond that, you're on your own. The menu is much more extensive than I would've thought, and there are plenty of decisions to be made (especially if dishes are meant to be shared, as they tell you). I can tell you that the quality of their kitchen is excellent, but you've got to make your own choices when it comes to what you are interested in. I've landed on hits and misses, but to be fair, it's never the execution that is off, merely flavor combinations or choices that I didn't necessarily love. 

For instance, the crispy fish sandwich is impeccably fried, but the black olive sauce didn't exactly work for me. A salsa with some sweetness might put it over the top, but who am I to tell them what to make? The Mexican Lasagna is a winner, but I can't quite get over the fact that I'd rather have pasta than corn tortillas in there. (Obviously, this is a cocina, not a kitchen, but there it is.) 

Tacos are not gigantic portions by any means, but I don't think you'll be sad. And I'm not normally a dessert man, but their fritter game is top notch (as we already know), and the impossible flan is nothing to sneeze at. 

Anyway, go go grab some seats in this gorgeous room, order the gooey fritters, take your chances, and enjoy.",True,14,8,7,Peter D.,en
391,2017-03-28 14:56:48+00:00,2,"I've heard alot of great things about ABC and it's been on my list of must try restaurants for a few years now. Unfortunately my first (and probably last) visit was a let down. 

To be clear, I did visit during restaurant week so I'm not sure if I had a truly authentic experience. But at the same time, you'd think that out of three courses even one would be impressive. I wasn't really feeling anything that I ate. 

Brussel sprouts were probably the highlight of the meal, but still underwhelming. They weren't crispy and didn't have alot of flavor. The Mexican lasagna was mushy and tasted (and looked) like a frozen dinner. I love lasagna with lots of cheese (who doesn't?) and there was only a teeny little bit of cheese on top. The meal ended with cream puffs which were again, not good. The shell was a bit stale and flavorless, and the inside tasted like cool whip. This was not a decadent dessert by any means. 

Maybe I ordered wrong and maybe restaurant week is not the best way to get a pulse on ABC. My experience here was pretty lackluster, and I'm not sure if I'll be rushing back any time soon.",True,17,7,9,Sara B.,en
390,2017-04-04 13:04:27+00:00,3,"Some may argue that Restaurant Week is not the best time to go to a place for the first time and truly gauge what it's like. But I'd counter that if a place signs up for Restaurant Week, they should be prepared to give the same food and service as at any other time because there are tons of potential new regulars that are coming in during that time. In any case, ABC Cocina's Restaurant Week menu featured items on their regular a la carte menu so I was pretty confident that it was an accurate representation. And based on my 3-course lunch a while back, I just have to say that it didn't live up to the hype for me. 

For my first course, I got the raw shaved fluke, which I thought sounded interesting because it came with crispy rice puffs. Those little puffs were a nice treat on the tongue, but overall the ceviche (because that's basically what this dish is), was way too salty and that kind of overwhelmed everything else. For my 'main' course (I put in quotes because it's pretty tiny), I got the mushroom tacos topped with kale. These actually weren't bad and are a nice alternative to non-meat eaters who are in the mood for a taco. But Is it worth the $14 they charge on the regular menu? No way. For dessert we had a choice of vanilla doughnuts or flan so we were able to taste a bit of both at the table. The doughnuts were pretty tasty, very similar to a Japanese cream puff, but both were unremarkable. 

They do have it down when it comes to decor and ambiance. It's no wonder, since they're attached to the very famous home decor store and probably source everything from there, which means that every plate we used probably goes for about $50 retail. 

The service was also friendly, which unfortunately isn't always the case when you go in for Restaurant Week. They allowed some of us to order a la carte and others to do the pre fixe (which I now see on their permanent menu at $33, which I believe is actually cheaper than the Restaurant Week cost of $35 so therefore it wasn't a deal for us at all which is super annoying). 

For as hard as it is to get a table or a reservation here, the ambiance and trendiness did not make up for the lackluster food.",False,8,4,5,Christina P.,en
389,2017-04-06 00:24:54+00:00,5,"OMG. This was my first time here and when I say that it was AMAZING, that is an understatement. We ordered the crab fritters, lobster rice, fish tacos, pulled pork tacos, shrimp in chili sauce, ham and cheese fritters. Everything was so flavorful and just incredible. There's just no words to describe the presentation and how good the food was. The waitress was attentive and gave recommendations. Service was great. To drink I had the sangria, Bellini and strawberry margarita. All were very good!",False,0,0,0,Natasha M.,en
388,2017-04-07 15:14:06+00:00,4,"Had brunch here once, 2015 in fact. Now, let's get some things straight. Yes, it's a tad pricey and yes there are a few people who probably book a table in the hope they will spot some New York celeb, but that's shouldn't take away from the fact that my Eggs Benedict was divine. Yes, divine.

On top of this, the service was exceptional and the atmosphere had a delightful ambience which was exactly what we needed after a previous night of drinking 10 points of Guinness, several fire bombs and a cheeky bottle of champagne. I'm not proud of this fact (okay, I am a little), but this should be higher prize to the food settled well.

I'd take a star off just because it is a little pricey and I can be a dick like that....but go. Enjoy. Eat. Spot a celeb. Live NYC.",False,0,0,0,Julian E.,en
387,2017-04-07 23:55:23+00:00,1,"Ok I give them five stars for everything but the food .
The place looks amazing , hey it's abc home ..
Food was overpriced and didn't really work for me .
I guess for drinks it's not so bad .",False,0,0,0,adam v.,en
386,2017-04-10 00:52:24+00:00,4,"Tasty small plates meal.

We came as a party of three and split a variety of dishes. Most of them where very well prepared, particularly the meat dishes. The short rib tacos and the chicken rice were among my favorite dishes, while the fluke and salmon were also quite tasty. I found the spring pea empanadas a little bland, but otherwise everything else was well seasoned and had good flavor. It's a bit on the pricey side, but it's a nice place for a meal with a good ambiance for small to medium sized groups.",False,0,0,0,Dennis J.,en
385,2017-04-12 16:22:37+00:00,4,"We came here on a day off to have lunch deliberately saying that we were going to order a reasonable amount of food and not go overboard as we tend to do. Within 30 seconds of entering the restaurant and walking past other tables enjoying various dishes, we realized this would be a big problem.

We were so dumbfounded by the menu but also so hungry. How about a few oysters ($3.50 each) to start? A little raw shellfish never hurt anybody (except that time my boyfriend got sick eating 50 cent oysters in New Orleans, but that's a story for another day. Actually, probably not).

Ah no! We need more time! Okay, asparagus salad ($14) and shrimp w/ garlic ($16) to hold us over. Mmm this is good. Wow, like really good. Especially the shrimp. If you've read my reviews, you know that hot shrimp with garlic is one of my favorite dishes in the world. I know I've written about it at The Bar Downstairs (highly recommended) and Toro (also a good spot). It wasn't THE best I've ever had here, but it was definitely good coming from a tough critic.

I guess we should order for real now. Charred octopus ($19), mushroom tacos ($14), baby calamari ($16) should be tried by all.

It can get a little pricey when you order as many dishes as you're inevitably going to want to. It's possible to do this on the more affordable side if you have something I've heard described as ""self-control"", but I don't really know what that is.",False,0,1,0,Rachael F.,en
384,2017-04-12 20:13:03+00:00,5,"I'm smitten with the ABC ""empire"" and Cocina did not disappointment me. I had two small plates which were perfect for my ketogenic diet.  

This West Coast girl got to have ramps for the first time - adore!
The guacamole was fantastic and rather than the starchy tortillas they gave me sliced raw vegetables - I was beyond happy.",False,0,0,0,Cinnamon Z.,en
383,2017-04-22 16:32:00+00:00,2,"Very disappointing. Definitely not value for money. The dishes were alright, nothing spectacular. Service was terrible. They didn't bring the complementary bread in the beginning, were rude when we asked questions about the menu, confused orders. Definitely won't go again. There are much better tapas places.",True,3,1,1,Secil A.,en
382,2017-04-23 00:55:34+00:00,3,"Been meaning to come here for a while as I truly enjoy ABC Kitchen,

We were seated at a large communal table and after about 10mins we completely gave up and went to the bar. Total and utter confusion and not a single waiter to come over and no menu in sight.

At the bar we had a lovely bartender who made us some excellent cocktails (after a completely horrible Bloody Mary, but I'll chalk this one up to my own fault, should've known better than to order a Bloody Mary at this type of joint).

Overall, finally had some snacks and great guac, but won't be in a rush to head back asap. Except maybe for just a drink at the bar.",False,0,0,0,Abul R.,en
381,2017-04-24 13:36:19+00:00,4,"This place is beautiful and our service was perfect: friendly, helpful, not hover-y.  Our favorites were the fish tacos, the calamari, and the fennel salad - all were super fresh. The Ham and Cheese fritters were our least favorites - ok, but we wouldn't get them again.  My son loved the free bread.  The only reason I didn't give it 5 stars is it is a tad overpriced.",False,0,0,0,J L.,en
380,2017-04-25 14:02:02+00:00,4,"This place is Mexican style tapas, the food portion is small but the quality is great. The decor reminds me of the song called Vincent. ""Starry starry night..."" The location is a plus. Highly recommended",False,0,0,0,Natalie Z.,en
379,2017-04-25 17:01:02+00:00,4,"Absolutely delicious! My husband and I stopped by for a quick lunch on our ""date"" day and we had an absolutely fantastic meal! I'd been here several times, but he hadn't, and I knew the food would impress him-- it did! We ordered the raw shaved fluke with green chili dressing and crunchy rice, the baby calamari with chorizo and chickpeas, and shared the chipotle chicken tacos. For me, the fluke was the real standout, but truly, it was all fantastic. Excellent preparation, fresh ingredients, great service-- all in a lively atmosphere... Oh, and the sangria was fantastic too; don't miss that!

https://www.tripadvisor.com/ShowUserReviews-g60763-d4275177-r460460185-ABC_Cocina-New_York_City_New_York.html#",False,1,0,0,Mz S.,en
378,2017-04-26 18:09:10+00:00,5,"Absolutely fantastic in every department. Welcoming host, great service , and delicious food

It was my best meal in NYC at a more reasonable cost.",False,0,0,0,David H.,en
377,2017-04-26 18:50:20+00:00,4,"Definitely a date night spot! Everything I ate here was amazing, the only con is that the portions are waaay too small! 
The Chipotle Chicken tacos are to die for! 
Arroz Con Pollo, Crackling Skin and Lemon Zest & Shrimp with Sizzling Garlic and Chili Oil are pretty good as well.",False,1,0,0,Kavya K.,en
376,2017-04-30 15:29:11+00:00,5,"You walk in and you get this ""fancy hipster"" vibe from the interior. The hostesses were super friendly and we were seated at an amazing table by the window (there are two tables for 4 by the window).

Food: Most plates are of sharing portions, all with a Spanish and latin twist. For example our Eggs Benny had a corn tortilla bun instead of the traditional english muffin - it was devine. Plate presentations are minimal but it done in a way that the plates didn't look empty. My friends ordered two types of salad, the asparagus based and beets and they were wow-ing the whole lunch. Between my bf and I we shared a plate of fish tacos, eggs benny and charred octopus. Between the four of us we shared 3 desserts and there was nothing left on the table.

Wine: Mostly Spanish and South American wine on the list. We went with an Argentinian white wine at a moderate price (around 60ish) and it complemented the food perfectly.

Overall, the food, service, interior and drinks were all top notch.",False,1,2,1,Helena K.,en
375,2017-05-01 13:33:00+00:00,3,"Went there last night. Food was excellent, place is gorgeous , our server was friendly and professional. 

Bartender with a poneytale should work on his customer relation skills... Maybe a ""greeting"", a ""thank you"", a ""how's everything"", a ""smile"" would have been very helpful.",False,0,0,0,Enzo M.,en
374,2017-05-01 21:58:59+00:00,5,"Came here on a Saturday night for date night and everything was wonderful. My boyfriend and I split the calamari, patatas bravas, Short rib tacos, Shrimp in garlic and chili oil, baby back ribs, and tres leche cake for dessert. Everything even the free bread basket is delicious. Cocktails are also great, the margaritas are strong but tasty.",False,0,0,0,Skylar H.,en
373,2017-05-04 01:43:53+00:00,5,"I have heard a lot about ABC Kitchen, but did not know that there are more restaurants owned by the same chef. ABC Cocina was wonderful experience, and the waitress was very nice giving us a desert on the house for our anniversary. The food and its presentation is excellent",False,1,1,1,Yuliya V.,en
372,2017-05-04 17:15:45+00:00,4,"Have been wanting to try for ages, but reservations are tough to come by. We walked in around 5pm on a Sunday and were allowed to sit at the communal table ( no one arrived to sit with us during our dinner). Our waiter was amazing! So helpful, friendly and quick. Definitely enhanced the experience. 

We ordered tapas to share and they were delicious, the fish tacos were the best. For dessert we got the tres leches cake. 

I would have to say that it is a bit expensive for tapas, but worth going back to.",False,0,0,0,Alla K.,en
371,2017-05-06 14:56:51+00:00,5,"I am just going to give this place a 5 and slowly back away so I don't have to type anymore. This new york trip has been so intense my fingers are starting to hurt from all the reviews and you are probably getting super bored of my repetition of words.

Empanadas - Baked or deep fried... the world may never know. I am pretty sure they are baked because there wasn't a ton of oil on them and the overall mood I had eating them was... ""My arteries aren't clogging that much.""  The filling was delicious and paired well with the red salsa, that was fresh with the perfect amount of sweet shining through from the tomatoes.

Guacamole - The chips were really good and the guacamole was even better. Hints of lime salt, onion, and cilantro in every bite and it was great putting it on the tacos and the empanadas.

Chicken Tacos - Mmmmmmm these were very good. Jalapeno salsa, the chicken was perfectly cooked and tender. Hot as a mofo but besides that I enjoyed every bite. My lack of patience as always led to a scolding hot mouth. It was totally worth it though.

Flan - Was probably the least delicious thing about this place but it was still good. I prefer my flan chilled and more custard like. This was between custard and pudding and was pretty warm. I still like it but... I guess I am just a purist... a purist would like chilled flan right? Right?!

THE VERDICT:
Loved every bite at this place and I am super happy that we went here. I am excited to try and taste other things there at some point in the future but I am pretty sure that I got the best tasting things on the menu. Some people may disagree with me but they are wrong and probably kill kittens for fun... do you want to be one of those people? Didn't think so.",False,5,5,3,Alex S.,en
370,2017-05-13 00:34:54+00:00,5,"This is a first. Posting my review from the table in the restaurant. Why? Because I'm too full to move and I never want to leave. 

Service was excellent. Food perfect (must have the arroz con pollo. Must.) jalapeño margarita(s) YUM. Crowded, noisy, cool, young (except for us!) and perfect NYC ambiance. 

Had fish & chicken tacos, crab cakes (best ever) and empanadas. Don't miss this place.",False,0,0,0,Laurie E.,en
369,2017-05-15 07:41:44+00:00,3,"Loved the food and our waiter. Shaved brussel sprouts and braised pork tacos are a must. But I'm cutting to the chase here on one very disappointing aspect of La Cocina and that is the host. She needs to embue either charm or more effective skills in at least ""pretending"" to guests that she gives a darn. We were celebrating the publication of a book...she was coming from the publisher's and running a little late. I got there within the 15 minute grace period but was told if she did not appear within a minute we would lose our table. The restaurant was half empty at 5:45pm. and then I was given the cold, impetuous shoulder. I have been to a vast variety of Michelin star restaurants and believe me...you don't shut your guests out like this. There are a variety ways to handle situations like this and get a win-win from guests running a little late and still make them feel welcomed. No restaurant with a Michelin should have a head of the house who makes her guests feel put out. There is just no excuse for that.",False,0,0,0,A K.,en
368,2017-05-15 13:33:53+00:00,3,"As a lover of ABC Kitchen, I figured I would try ABC Cocina for brunch on Sunday. My friend was vegetarian, so we ordered 4 vegetarian tapas for the two of us (we weren't particularly hungry, but it was still a LOT of food). We had the vegetable rice, cheese fondue, beet salad, and mushroom tacos. The mushroom tacos were pretty good, and the beet salad a great mixture of sweet and spicy and sour flavors. However, the cheese fondue was oversalted whereas the vegetable rice was not very flavorful. I was a bit disappointed in those two dishes, and we ended up not finishing either of them.

Service and ambiance were great.",False,0,0,1,Lillian Z.,en
367,2017-05-16 01:15:48+00:00,5,"We were in need of last minute reservations in the area on a busy Mothers Day and even though Opentable didn't show any available reservations, we dropped by and the hostesses were all really sweet and offered up some of the counter seating reserved for walk ins.  

Atmosphere was nice enough, table set nicely as expected and crowd gave an overall good vibe too....but SERVICE made all the difference! We absolutely loved our waiter who had a great handle on the menu and made some great suggestions. He also coursed everything out beautifully, every dish felt well curated.

Guacamole is a must, I know it looks small in the photos but the bowl is deep and the chips and additional fried tortilla on top were plenty for two people. Be sure to squeeze the lime on top, really adds to the flavor.

The mushroom maitake dish had lovely flavors, the sauce was excellent.

The fennel salad with yogurt was refreshing, we really enjoyed this.

Spicy garlic shrimp were out of control good, the runner mentioned that the pods on top were very spicy, and they were....but if heat isn't your thing, the overall dish wasn't spicy, just don't take one of the pod / seeds.

Steak tips were well presented, cooked to perfection, but be aware, that means almost rare...I'm sure you can ask for medium if you'd like.

Grilled octopus was highly recommended and for good reason...very tender and juicy.

Sangria was AWESOME, best in the city, in my opinion.

It's worth mentioning the service again because the experience was enhanced by everyone's friendliness and eagerness to make us comfortable. Water was refilled and plates were cleared without hovering and the runners were just as helpful and attentive as our waiter. This made all the difference for us and I know we will be back soon.",False,1,0,2,Estina R.,en
366,2017-05-17 01:11:46+00:00,5,"Truly my favorite restaurant in NYC. If you can get in, the short rib tacos are an absolute must! Also love the fluke and Brussel sprout salad. And the chimichurri steak. 

Classic margharita is great but if you like spicy, go with the basil jalapeño.",False,0,0,0,Liz F.,en
365,2017-05-17 17:20:21+00:00,2,"Surprisingly underwhelming for a menu with Vongerichten still attached.  All the dishes looked fabulous on the menu, but execution was lacking and not all the creative combos gelled (bananas in the agua diablo for example).
Wonderful decor & ambience - and quite scene-y, if loud.",False,0,0,0,Rky L.,en
364,2017-05-17 20:51:53+00:00,4,"Minimum 4 star restaurant!!

The following were winners:
- shrimp tacos (2 for $12?)
- garlic shrimp appetizer
- oysters (east coast the night I was there) $3.50 each

The rest were good:
- tres leches dessert ($10 or $11)
- pork tacos (2 per order, can't remember how much)

Portion sizes are smaller bc everything is meant to be shared. Restaurant is on the noisy side, though I heard my friend without much issue. Make reservations ahead of time!! Friend made reservations for a weeknight, about 1 week ahead, and the earliest we could get was at 9:30pm.",False,2,0,0,Nari H.,en
363,2017-05-21 21:56:20+00:00,3,"This tapas style restaurant has a nice atmosphere, and great food.  The griddle fish tacos were by far the best dish of the day.  I also had the sautéed ramps and braised pork sandwich, both of which left me disappointed.  I was expecting more.  However, I'll probably be back to try the other dishes.",False,0,1,1,Tuand D.,en
362,2017-05-21 23:26:01+00:00,4,"I love this place!!! It has a really nice decor which makes it look very cool. The ambiance is great too.

We went here for brunch on a Sunday morning/afternoon. I presume it was before the brunch crowd arrived since it wasn't TOO crowded. They said 2-3 dishes per person is what people usually get. We each ordered 3 and shared. That was way too much (really great) food!

We had the fish tacos, roasted octopus, patatas bravas, empanada w/green chili/yoghurt sauce, coconut pancakes, and french toast. They were all delicious!!! The pancakes were a little dry but the lavender syrup definitely made up for that! My favorites were the fish tacos and the french toast!

ABC cocina is losing a star because the cocktails weren't great (we had the mango sangría and the classic margarita).

All in all though, great place! Definitely coming back!",False,0,0,0,Jacomina G.,en
361,2017-05-26 13:47:26+00:00,5,"Let me start by saying this was probably the best meal that I have had in a long time. Make sure you make a reservation especially for a larger party. Somehow I was able to walk in with a party of two and grab a table on a Friday around 7pm. They also own two restaurants right next door to each other ABC Cocina and ABC Kitchen so make sure you know which one you are going to. The ambiance is very trendy, eclectic and upbeat, it is loud in there so make sure you are prepared for that. 

I am not going to go through every aspect of what we got because honestly I cant even describe the flavors. All of the dishes were so intense with unexpected flavor combinations that every single bite was an explosion of flavor and a treat to my taste buds! I would highly recommend these dishes: raw shaved fluke with green chili dressing, Florida white shrimp in""agua diablo"", banana and almonds, savory glazed short rib tacos, habanero relish and frizzled onion (I don't like short rib and I could have eaten these all day), charred octopus, smoked paprika creme fraiche and guajillo vinaigrette (octopus is one of my favorite dishes and this passed with flying colors) beef tenderloin""burnt ends"" with chimichurri. The one thing we had that I would pass on were the spiced ground beef and celery root empanadas, honestly they were good but not on the level of the other dishes. 

We didn't get to try dessert because we were so full, but I am hoping I can try it next time. Overall, an amazing experience with the best food I've tasted a restaurant. I highly recommend as a date night or as a night out with the girls, any occasion will do!",False,2,0,1,Alexandra R.,en
360,2017-05-29 22:35:05+00:00,4,"First this place is super cute. The lightening and the chandelier are very nice and hip. It is art to just sit here. Started with the basil and jalapeños margarita which was not spicy. It was very refreshing. Had the garlic shrimp, short rib tacos (omg amazing) and the stew chicken. Everything was cooked nicely. All the dishes were full of flavor. Service was quick and very friendly.",False,0,0,0,Joy B.,en
359,2017-06-01 05:50:25+00:00,3,"I have been a semi-regular at ABC Cocina since it opened a few years back.  It has always been one of my favorite go-to spots, however the past few times I have dined there, there has been a definite decline in the service/experience. 
Most notably, this past winter: We felt as though the servers were majorly rushing us and also simultaneously pushing us to order more food.  One night, in the middle of dinner, my boyfriend was picking up his (still full) $20 glass of wine to take a sip, and the bus boy literally snatched the glass out of his hands and quickly disappeared, with no explanation.  We looked at each other bewildered, like, did that really just happen?!?  In hindsight, we should have said something then, as that is not the level of service that we have experienced in the past at ABC Cocina....(but, isn't that what Yelp is for? Ha.)
All in all, it's a great place but has become unreliable and not quite as charming as it once was.",False,0,0,0,M C.,en
358,2017-06-05 02:28:22+00:00,5,AMAZING. Great service and they are very nice. I recommend the short run tacos. Love it !,False,0,0,0,Annie D.,en
357,2017-06-05 18:33:36+00:00,4,"Originally planned on going to ABC Kitchen, but they were at capacity. Since Cocina was right next door, we went there instead. The place is great, from the location to the interior decor! There were no tables left, so we just sat at the bar and had tapas. We ordered the beef empanadas, ham and cheese fritters, and the basil margarita. A bit pricey for appetizers but I guess we partly paid for the ambience. Cute spot if you want just a quick bite!",False,1,0,0,Tori Z.,en
356,2017-06-09 13:44:27+00:00,4,"Food was awesome. Try the split pea guacamole-- i've never had anything like it. The service was also amazing. Very attentive and funny. The only complaint I had is that they tell you to order 2-3 dishes per person. There were three of us at my dinner and we each ordered 2 and left way too full. Uncomfortably full. The food adds up, too, when you order like that. We need probably 1.5 dishes per person.",False,0,0,0,Samantha S.,en
355,2017-06-16 00:21:54+00:00,1,Ridiculously long wait to get food.   Disingenuous waitress promising to check on our meal who disappeared for 10 minutes.,False,0,0,0,Greg C.,en
354,2017-06-16 01:34:28+00:00,5,"Food, service, and ambiance were amazing. Vinho verde wine was amazing with all the fish dishes we got. Out of everything, the octopus blew me away. Would highly recommend this restaurant",False,0,0,0,Nina K.,en
353,2017-06-16 20:13:53+00:00,4,"One of the best tapas restaurants I've been to. Love the vibe and decor! We started off with one of the specials of the night, oysters with caviar, and it was nice and fresh (pricey but felt like treating ourselves). My favorite dishes were the glazed short rib tacos (melts in your mouth - too bad it only comes in two) and the arroz con pollo (not your typical chicken with rice - this one is savory and soo flavorful). I would order these two again and again! We also ordered the sizzling shrimp with garlic oil and it was average (I think this is no longer on the menu). Wish I had room for the tres leches cake for dessert; settled with the flan and still left very full and happy.",False,1,1,2,Kara Y.,en
352,2017-06-26 17:57:55+00:00,5,"Surprisingly really enjoyed my experience here, possibly even more than at ABC Kitchen (which is conveniently located right next door). Despite the fact that Cocina has been open for over 3 years, the hype is still real. I was lucky enough to be able to snag a last minute table for 3 at 8PM on the Friday before MDW.

My table ordered:
- Sweet pea guacamole: my friends both declared this the ""best guac ever."" Would I agree? I mean, it's hard to make a bad guac, but this was pretty damn good,and the chips they come with are oddly addictive.
- Shrimp with sizzling garlic oil: probably my least favorite dish of the night. This came with 5 small shrimp in a skillet, bathed in oil. I thought the dish was way too heavy, mostly flavorless, and the shrimp was overcooked.
- Crispy fish tacos: delish! Definitely get these. Despite being fried, the fish was not at all overwhelming. Tastes even better with a kick from the hot sauce at the table.
- Chipotle chicken tacos: good, but not as good as the fish. Writing the review one month later, I can hardly remember what these taste like (besides a general impression that they were good). These already come with some sort of jalapeno sauce, so no extra hot sauce necessary.
- Arroz con pollo: soooo addictive with the crispy skin and pieces of chicken scattered throughout fried rice. This was the most substantial dish that we ordered.
- Tres leches: one of my friends was obsessed with tres leches (so am I tbh), and had to try it. We were mostly disappointed with the less than traditional preparation. Tasted more like a fruit cake you can get from Paris Baguette than a tres leches cake.
- Warm vanilla fritters: our server pushed us to get these, and we gladly caved. These were TO DIE FOR. Seriously. Warm fritters filled with cream and Mexican chocolate for a dipping sauce. I think my pancreas almost gave out at the sight of these, but it was so worth it.

Overall - one of the best meals I'd had in months, though some dishes are definitely better than others. Not too tough of a table with a little advance preparation.",False,2,0,3,Yuting Z.,en
351,2017-06-30 02:42:54+00:00,3,The food here is always consistent and terrific. The only setback is the wait every time even after making a reservation. Their spicy shrimp and chicken tacos are the best!!,False,0,0,0,Purvi N.,en
350,2017-06-30 12:48:09+00:00,4,"Great service, great food.
Margaritas are exquisite but the fish tacos are phenomenal.

It's more of a ""mexican-food tapas"" thing, so plates are meant to be shared.

I dig the decor, but man, they need to muffled down the cement walls. It is VERY loud in there. The sound just bounces off the walls making it hard to have a conversation.

But again ! The food is pretty amazing.",False,0,0,1,Robert J.,en
349,2017-07-01 23:00:24+00:00,2,Service is not as good as it used to be.   As a regular I have to say this is a sad day.  This will be the last time I will done here!  Not worth it!,False,1,0,0,F E.,en
348,2017-07-08 20:29:02+00:00,3,"The arroz con pollo was a total disgrace! Not authentic or delicious.  After waiting for thirty minutes for the dish I thought it'd blow my mind. But it was not edible. Just oily and soggy!
The ambiance was nice and the service pretty good, but the food was just mediocre.
Besides the arroz con pollo we also ordered the patatas bravas, sweet pea guacamole, the fish tacos and the salmon salad.
The salmon and the guac were the best things. Everything else was just okay. Probably will go back just for the drinks and to hang at the bar, but not for the food.",False,0,0,0,Ross G.,en
347,2017-07-13 19:03:31+00:00,4,"We had a fantastic time at ABC Cocina.
We started at the bar having some mariposas (pisco based) and watermelon bellini then once we were seated, we were advised by the waiter that the food is tapas style and is meant to be shared. So we ordered the guacamole with sweat peas (a nice twist on traditional guacamole and full of flavor), Ceviche (Yummy, citrusy concoction), Steak with Chimichurri sauce (this was the best, cooked medium rare), Arroz con Pollo (not the classic recipe but very good crispy rice and chicken), fish tacos (flavorful and the tortilla was not soaking wet) and of course...more mariposas (5 to be exact, hehe).

For dessert we had Tres Leches Cake, Chocolate mousse with salted caramel (the best IMO) and flan (this was okay...nothing special).

We had a fun time an truly recommend this place - give them a try.",False,1,0,1,Alessio S.,en
346,2017-07-14 13:11:20+00:00,4,"This place is good, but not great. The ambience is fantastic and service is good. The food, especially for vegetarians, is ok. The guacamole is the best maybe in the city because of its high quality and he fresh chips that come with it. Prices are a bit high for what you get.",False,0,0,0,Daniel G.,en
345,2017-07-15 02:47:54+00:00,4,"Really great food. I'd recommend 4-5 items for a couple. The tacos were fantastic and the octopus too. The service was okay, things seemed rushed but it wasn't enough to get too upset about. We will definitely be back.",False,0,0,0,Will M.,en
344,2017-07-17 20:53:53+00:00,3,"Nothing was bad. Everything was just ""ok"". Service was ok, not great. Decor is hip, very interesting. Food is ok, did not ""wow"" me. I expected a lot more - I wanted a full experience and we didn't leave feeling that. It was all just ""ok"". You expect more from a place like this.",False,0,0,0,Jorge O.,en
343,2017-07-22 19:00:05+00:00,5,"I love this place. Now one of my favorites for special occasions or just a great meal. Each dish is as delicious as the next. Service is Jean Georges impeccable. The decor is high style warehouse with cool barnacles and seashells on the walls and spectacular lighting. While the desserts are not as creative or outstanding as the savory dishes, the peanut and chocolate sundae was fun and indulgent.",False,0,0,0,Ivy C.,en
342,2017-07-24 02:11:37+00:00,5,"ABC Cocina exceeded all of my expectations! Everything about my experience was wonderful. The decor is beautiful- I just want to live in a place that is decorated like cocina! 

The drink menu is unique and delicious but not overwhelmingly big. They even have some yummy wines on tap :) 

The food is served tapas style. Our group got about 2 items per person and that was plenty of food for us. The fish tacos, mushroom tacos and summer veggie rice dish were especially delicious! We didn't get a dessert but the menu looked incredible. 

I can't believe I've lived so long in NYC without trying this place. I will DEFINITELY be returning frequently :)",False,0,0,0,Caitlyn C.,en
341,2017-07-24 12:04:30+00:00,3,"So I gave them another try last night because I was in the area and have been craving tacos lately.

When I walked in it wasn't too busy and I was able to get an open seat by the bar. Unlike last time I actually got greeted and given a menu. I ordered a drink and some tacos, short rib to be exact. They actually tasted pretty good and were very tender. The old fashioned I ordered wasn't that great, but my margarita that I ordered next was tasty.

So, you're wondering why I only gave it three stars, right?
It's because of the value. The drinks were very small and mostly ice. My margarita was just a few sips and they still charge $16. The food was also overpriced, they only serve two tiny tacos per order and they charge $24. The tacos were tasty, but not worth that price. I could have gotten equally satisfying buns from the noodle bar for less. I skipped dessert because it seemed underwhelming. I usually don't mind spending extra at restaurants if the food and service was exceptional, but unfortunately I didn't not leave feeling that way. 

Overall the dinner was ok, if you decide to give abc a chance at least you'll know what to expect. I'd say 3.5 I didn't put 4 because I feel that this averaged out the poor experience I had last time",False,1,0,0,Russell W.,en
340,2017-07-26 18:22:43+00:00,4,"So enchantingly New York...bustling, busy, loud with great energy and atmosphere. Eclectic design mixing modern and traditional.  The food is a winner to include chicken and pork tacos and delish guac.  Wine list is limited.",False,0,0,0,Barb W.,en
339,2017-07-26 19:33:54+00:00,3,"Overall a solid dining experience. None of the dishes were to memorable except the fried rice. We tasted the chili shrimp, octopus, and chicken tacos as well. Keep in mind this is tapas style so very small portions. I have read many reviews stating something like 2 dishes was more then enough for each person... I am not a large human being but they must be either fasting or are physically minuscule. I easily consumed 3-4 of my plates. For the prices of these dishes I expected a bit more (taste wise and maybe portion but I can understand the small portions due to the style). Ambiance was very cool but I will make my way to ABC kitchen next. I most likely wouldn't make a second trip here.",False,1,0,0,Roman A.,en
338,2017-07-27 03:12:28+00:00,2,"Let me tell you a little story about ABC Cocina. I decided to finally try it out today. It's restaurant week so of course they're booked but luckily they have these seats by the window and shared tables open. So we pick a seat by the window.

That was the first mistake. The hostess told us we would get ""full service"". It took forever just to get a menu and the server just brushed it off. We finally ordered everything all at once.

The food was delicious. This is the only reason for any stars. We got patatas bravas which was elevated by the rosemary. We got crispy fish tacos which had this amazing pickled briny cabbage filler. We also got some beef empanadas which came with delicious spicy tomato sauce. The tres leches does NOT taste like tres leches and comes with these sad rubbery peaches.

The drinks are nice but are they really worth the 16-18 each?

Now back to the WORST part. The server gave us a check and then told us we had drinks at the bar that needed to go on there. We didn't bother to look at the check and he took it back. When we realized it was a mistake that he charged us for 3 extra drinks we never asked for he had already charged it. He made an ""adjustment"" and told us it would change the amount charged but it still went through.

I think they probably do this a lot to people. He seemed unfazed by the mistake. It also took about 10-15 minutes to get them to come to us each time there was a transition from dessert to check to fixing the check.

Major FAIL. Don't come here without a reservation they'll cheat you out of your hard earned money on ""fake"" drinks. He's obv taking home that extra money before anyone notices...",True,8,0,2,Mary P.,en
337,2017-07-28 01:21:34+00:00,5,"I can't believe I lived around the corner from ABC Cocina for 4 years, walked by it a trillion times, and never set foot in this beautiful space until last week. 

ABC is everything you want that quintessential, design forward amazing culinary experience you would hope every NYC restaurant would be.  Being part of the ABC home family, of course the design is impeccable.  Only an artist can make mismatched flatware, artwork and lighting feel so purposeful.  

The cocktails and food were more than impressive to boot.  I mean how could it not be? It's Jean Georges. 

We arrived at 8:00pm on a Friday night and the place was hopping with a very stylish crowd.  We waited a little bit for our table, so I indulged in a Strawberry Margarita.  At $16 it's pricey, but strong and delicious. 

We feasted on a few small plates - I would say about 4-5 plates for two people should suffice if your hunger level is medium.  I really was craving cheese that night, and the cheese plate was not to mix - a healthy serving of 3 cheeses, almonds and a delicious apricot like jam. Phenomenal. 

The roasted beet salad is a must - very fresh, light and delicious. The ground beef and celery root empanadas were good - a bit spicy, the kind of spicy that can run through your system! I REALLY liked the spicy baby back ribs.  I wouldn't say they were particularly spicy - it was a dry rub with delicious seasoning.  Plus, the ribs fell off the bone.  If you're a dry rub fan, these are not to miss. 

Can't wait to come back here for a fun girls night dinner or another date night.  A buzzy spot, but a great experience!",False,1,0,0,Collette S.,en
336,2017-07-29 00:34:38+00:00,5,The restaurant is beautiful. The food is AMAZING!!!! Try the tomato salad if you are a salad fan!!! Sit at the bar Kayla was very welcoming. The guacamole is supposed to be the best in town...Still the salad was my favorite.,False,0,0,0,johana m.,en
335,2017-08-01 13:16:30+00:00,5,"As always, dinner at ABC Cocina is among my highlights while in NYC. 

Special thanks for Kayla (for all the award winning cocktails), Erica (for exceptional and always timely service, Mayra (who made sure everything came out on time and the trains kept moving), and Ashley (for making me and my guest feel so special).

Can't wait to be back with my boyfriend in September for another amazing experience!",False,0,0,0,Rex H.,en
334,2017-08-03 01:44:46+00:00,5,"There's nothing more to say about another excellent Jean George experience except that the only thing that exceeded the food was the amazing service. The staff here, simply put, is as wonderful as the food! See my pics for food references. I don't hand out 5 stars easily. 
The food highlights: 
1.  Heirloom Tomatos, how on earth do tomatoes taste this food? 
2.  Beet salad: I'm bored of beets yet this salad shocked me with its fresh herbs and fruit addition which I'm usually not a fan of. Spectacular.
3.  Tuna tartar: exceptional, herbal and creamy. Ask for their fresh bread rather than the tortilla chips. 
4.  Shaved Fluke: olive oil cured it seemed, so fresh that the fish was the star and a treat. 

Now on to desserts:
1. Peanut butter Jelly sorbet etc: amazing and rich dessert.
2. Vanilla cream center doughnut things: wow. Crunchy outside, oozes real vanilla bean cream. Amazing. 
3. Tres leches: somewhat lighter than the other desserts and an excellent version of it.",True,0,0,1,Maor R.,en
333,2017-08-05 12:31:36+00:00,4,"Always enjoy a visit to one of Jean Georges' restaurants and ABC Cocina was not an exception.  Great ambience and just perfect for a long over-due catch-up with a friend.

Can't remember much about what I ate or drank that evening other than that it was yummy and hit the spot.  Only reason for dinging one star is because, while I am well aware that this was not a place to come looking for value-for-money, it still seemed just a bit excessive in terms of portion sizes and pours.",False,0,0,0,CJ K.,en
332,2017-08-05 15:54:28+00:00,4,"This was my second time to ABC Cocina and my first time here for restaurant week. Came on a Friday for lunch (3 courses for $30).

Appetizer - Raw shaved fluke. Fragrant, fresh, and delicious. Not a hint of fishiness whatsoever. 

Entree - Mexican lasagna with stewed chicken. Hearty and filling, with delicately balanced flavors. A little heavy on the tomato sauce. Could have balanced it out with more meat or filling. 

Dessert - Salted caramel flan and vanilla fritters in a chocolate mousse (you choose one, but I tried a friend's so I mention both). The fritters were much more rich, but indisputably and absolutely delicious. You cut into the fritter and vanilla sauce leaks out onto a bed of chocolate. It was hard for me to handle more than a couple of bites though. If you're looking for something lighter, but still sweet, the flan is the way to go.",False,0,0,1,Ally C.,en
331,2017-08-08 22:30:12+00:00,1,We ordered raw fluke and patatas bravas as recommended. They both tasted normal... What disappointed us most is the fish tacos. It cannot be worse. The cabbages in the tacos smell funky. The crispy fish has no flavor at all.,False,1,0,0,AppleFace W.,en
330,2017-08-09 15:35:26+00:00,4,"Loved the ambiance, service, and food. Guacamole is a must, shrimp was very tender and good as well as the octopus. Normally a huge Jean George fan but I feel like Public Kitchen was better. Have had better food from him. But plus side many celeb sightings and it's just good vibes. Rose on tap is a must.",False,1,0,1,Shelly M.,en
329,2017-08-12 19:23:47+00:00,5,Food is amazing!!! I love there grill lobster the best all there plates are so good!!!!!! There drinks as well,False,0,0,0,William G.,en
328,2017-08-12 22:06:44+00:00,4,"We came here on recommendation from a friend. The place is attached to a funky furniture store filled with weird glass blown anemones, books about marijuana, and hemp-wrapped incense. There are two restaurants - ABC kitchen and ABC Cocina. We opted for the cocina, a tapas-styled dining experience. Service was good, the drinks were ridiculously over priced (~$16/cocktail, maybe standard fare in NYC), the food was good. We ordered three dishes: The fish tacos (excellent, although my companion found the pickled vegetables too sour), the cured salmon (pretty good, slightly too salty with the salmon but the cucumber cream sauce lightened it up sufficiently), and my favourite dish of all, the chick pea calamari. Overall, the place has a casual vibe and is a relaxed place to dine, which I thoroughly enjoyed. Would come back.",False,0,0,0,Calvin L.,en
327,2017-08-14 00:13:12+00:00,3,"Review has NOTHING to do with the quality of the food. Food was EXCELLENT. Service was awful. Servers were on something, nothing added up. Took 15 minutes to get water to the table, we were ""helped"" by 4 different servers throughout the meal who didn't communicate with one another so we were overlooked for many simple things like; we had a birthday at the table and 8 times thy asked if we wanted dessert before bringing it.",False,0,0,0,Britta F.,en
326,2017-08-25 17:41:01+00:00,3,"Comon! Being a Jean-Georges Vongerichten's restaurant, I was truly dissapointed. You need to step it up!!!  I came for lunch to try the restaurant week menu and the dishes came out looking like I was eating at a casual joint. They might as well served the food on Styrofoam plates as I've had better food at an outdoor BBQ.  No effort was put into creating the dishes. I could have made these at home! RW is definitely not worth it. It's like these restaurants were forced to participate or the menu was created to be quick and easy. Plates were served as soon as they were prepared meaning, I got my appetizer and main course before my friend did. Although they did tell us this when we were about to order from the menu. So don't expect a 5-star service, at least if you're coming for RW. 

The food was ok but not memorable.",False,0,0,0,Chyna S.,en
325,2017-08-27 14:04:03+00:00,5,"Fantastic...in a word! Flavors are insane to the palate. 
Venue very cool!
Beet Salad with strawberries and nuts filled with an abundance of flavor & spice.
Sweet Corn Empanadas with lime creme fresche was off the charts!
Crispy Fish Tacos were simply amazing with a burn that you will king remember. 
A wonderful restaurant on every level",False,0,0,1,Lisa M.,en
324,2017-08-28 14:20:13+00:00,4,"Have enjoyed this spot more and more upon each visit. The most recent was great. Enjoyed tacos, crab legs (which were surprisingly one of the best things we had), the shrimp appetizer with banana was unique, patatas bravas, and chicken and rice. Patatas bravas were awesome but a really small serving. We ended up needing two for just three people.",False,0,0,0,Andrea P.,en
323,2017-09-09 01:13:04+00:00,4,"It's great! Totally recommended, the guacamole is great! The desserts also, everything was just right! It is expensive but worth it!",False,0,0,0,Diana E.,en
322,2017-09-12 20:04:29+00:00,5,"During a recent visit to NY, some local friends took us here for lunch and we loved it! The internal decor is extremely unique and creates a fun and inviting atmosphere. In addition, the food was spectacular! It is served tapas (small plate) style so we were able to enjoy a variety of dishes. We loved the guacamole, fish tacos, and garlic shrimp. But the highlight was definitely the summer vegetable rice! I would definitely recommend this place.",True,0,0,0,Quinn H.,en
321,2017-09-15 05:34:35+00:00,3,"A solid 3 stars. The interior was gorgeous, but we felt like the food was hit or miss and the service was pretty awful. 

Bests:
Gooey spicy ham and cheese fritters - SO GOOD
Guacamole
Cheese fondue with soft, crunchy tortillas

Not our favorite:
Crispy BBQ pork tacos
Shrimp with sizzling garlic, chili oil

Can't remember what desserts we tried, but this was just last week if that proves how unmemorable they were. 

The service was bad, and someone at the table had ordered a virgin pina colada. When the server came to deliver the food, the guest said, ""Are you positive this has no alcohol?"" The 2 others at the table had also taken a sip of it and agreed it did. The server said, ""Yes. The regular pina coladas are served in martini glasses"" and walked away. The pina colada went untouched the remainder of the meal (only 3 sips taken), and the server never asked about it, offered to make a new one, etc. I think if she had been a tad more perceptive, it would have gone a long way.",False,0,0,0,K. D.,en
320,2017-09-16 16:01:49+00:00,3,"Really wanted to love this place after having such a great experience at ABC Kitchen, but bad service, poor outdoor ambience (they've basically squished some metal chairs and tables on the sidewalk with an ugly barrier) and a disproportionate price-to-food ratio kept that from happening. 

My BF and I shared the sweet pea empanadas, patatas bravas, octopus and short rib tacos, and while certain things were tasty - delicious, even - they definitely didn't justify the cost (around $100 total, and we didn't drink.) 

Our waiter was essentially nonexistent and there is zero comfort when it comes to the outside seating. 

3.5 stars because the food was good, but there are better and more reasonably priced tapas elsewhere so I probably won't be back.",True,2,0,0,Gab G.,en
319,2017-09-17 21:26:18+00:00,5,"Food: Everything we ordered was delicious. Mezcal cured salmon, charred octopus, and maitake mushrooms were amazing. Our server recommended getting all of these dishes and she was spot on. We also got the short rib tacos which i wouldn't order again (not bad but not great either)

Service and ambiance were good too.",False,0,0,0,Laura D.,en
318,2017-09-18 16:17:49+00:00,5,"Had a wonderful experience here last night. The service and food were wonderful. We enjoyed the Pastas Bravas (and ordered a 2nd helping), the Crab Fritters, the chicken tacos, crispy fish tacos and the arroz con pollo. The wine was delicious. The service was friendly and very good and they checked in on us every so often to see if everything was okay.

The space is beautiful and the noise level was moderate; we did not have trouble hearing our group. We will definitely be back.",False,0,0,0,C W.,en
317,2017-09-29 13:23:08+00:00,4,"High quality ingredients and high quality prep. It's the smaller sister store connected to the ABC Kitchen that you can walk through as well. 

I really liked the not so subtle lighting decor and the fossilized coral and mollusks detail in the cement walls. 

The menu is shared plates and they recommend 2-3 per person. In order of best to least is as follows:
- octopus - perfectly tender pieces with a slight char. The spicy seasoning grows on you. 
- shaved fluke - wonderfully light and refreshingly cured in lime, salt and chili 
- the short rib tacos - tender meats and the red onions were quite tasty ..maybe there were cured 1st since it was harsh. They come in 2s but not sure if it was worth it for $24. 
- miatake mushrooms and goat cheese - I didn't like this dish very much though it came recommended. The mushrooms tasted a bit dusty in some parts. I stopped eating it but the hubs ate the rest.

Service was fine but I had wished they would cleared our plates half way through the meal. It was funny that our waiter did ask how we liked the mushrooms but he thought I was joking when I said I didn't like them. But I reiterated it later. 

Both our margaritas were delicious...i think it was the jalapeno one and the mezcal mango (not smokey at all)

Overall it was good meal and good time.",True,2,1,2,Shambavi K.,en
316,2017-10-08 14:58:49+00:00,5,Attentive service (Meghan's recommendations were spot on) and an awesome meal in a little more than casual atmosphere yet relaxing.  We were torn between the crab fritters and calamari. She recommended the crab fritters and they were a Wow!  The chipotle aioli dipping sauce only added to it. BTW I am sure the calamari would have been a Wow too. The baby back ribs came right off the bone and were a great treat.  The short rib tacos were a little spicy for my taste but prepared well with a good crunch to boot.  I would order this again while asking them to turn down the spice. For dessert go for the salted caramel flan.  It was a wow as well and another good Meghan recommendation.,True,0,0,1,Mike U.,en
315,2017-10-08 21:12:11+00:00,5,"Came here for brunch with a group, so we ended up ordering quite a large part of the menu (16 dishes total). We were all impressed by both the food and the décor!

I highly recommend the chipotle chicken tacos and baby calamari-chickpea salad. The lobster (justifiably more expensive than the other dishes) was perfectly cooked and seasoned. The French toast was more similar to a bread pudding, but delicious nonetheless.

I'd pass on the churros, though, as they broke easily and were a little limp.

Service was excellent. Great job!",False,0,0,0,Deborah L.,en
314,2017-10-18 16:35:19+00:00,3,"Beautifully dressed people, dazzling interiors - especially the lights and chandeliers - Mexican tapas plates along with a spectacularly designed bar that was my view from a romantic corner nook at the restaurant -- can almost make you forget your troubles. We actually chanced upon this sister restaurant because ABC Kitchen had a wait time of about 40 minutes for dinner on a Saturday evening. 

We quickly made the decision to order a few drinks and tapas at Cocina while we waited for our table at ABC Kitchen. The menu, at least its vegetarian offerings, read like a list of things that should make you feel better about your other dietary habits. We ordered the guac (it came with pepitas and microgreens) and the mushroom tacos. For the price, as a lot of people have noted, it's not a proportionate amount of food. But that isn't my main complaint about Cocina. The servers were very lackluster and did not care about giving us a good experience. We had to flag our server 3 whole times - it took him 20 minutes to come to our table to take our order, we had to wait 5 minutes to catch his attention when our water needed to be refilled and he finally gave us the wrong check from someone else's table. All this because he was too busy chatting up the bartender. 40 minutes later, our table at ABC Kitchen was ready but we were still waiting on our tacos. We finally got them in a container and fled to ABC Kitchen because honestly, that has consistently been a superior experience by a mile. 

I think ABC Cocina is the spoilt little sister that is only cashing in on the goodwill of the better, more fabulous ABC Kitchen. The 3 stars are only for the beautiful ambience, the opportunity to hop to ABC Kitchen as soon as a spot opened up and for the fact that I was in very good company that evening.",False,0,1,0,Manali P.,en
313,2017-10-20 02:28:22+00:00,5,"Great Dishes but you need to order at least 4 to make it a true experience. I recommend the Guacamole, Arroz Con Pollo, Short Rib Taco's, and Ribs. Had the Tres Leche yum",False,0,0,0,Robert R.,en
312,2017-10-25 13:45:07+00:00,3,"We got some serious attitude for being 15 minutes late for our reservation on a Tuesday evening - despite explaining that I am heavily pregnant and could not walk as fast as I thought I would and the tables were not full the whole time we were there. But anyways, the food and the ambiance were really nice.",False,0,0,0,Sahra K.,en
311,2017-10-26 17:58:26+00:00,2,"I've been a regular here for years, but lately the service has gone downhill. I ordered a salad which took more than 30 minutes to arrive. When it did, it was the wrong salad. The bartender did not apologize and even though I didn't eat half of it, he charged me for it. Ever since Ryan and Stephen left, feels like no one is in charge or cares. Maybe the JGV empire is just too Big.",False,0,0,0,Nancy F.,en
310,2017-11-05 01:04:26+00:00,4,"The lighting, open feel, and overall ambiance at this place is amazing. I had drinks here the other night and was impressed with both the grapefruit margarita and the whiskey sour. While the drinks are expensive, I do not regret drinking them. Both sour yet smooth.

There was a wait for a table for dinner and your entire party must be there before they will put your name in. However, they do take reservations.

We ended up just having drinks and were perfectly happy with that.

Bar service was stellar. The bartender said if we moved to a bar table or a dinner table she could transfer our bill to our server. This is a restaurant that definitely has the customer in mind. The servers/bartenders seemed to be happy working there too. Seems like a great environment all around.

I can't wait to come back for dinner.",True,3,0,3,Cheryl N.,en
309,2017-11-05 14:46:45+00:00,5,"The service and quality of food at this restaurant is excellent! It's a bit over priced but it's delicious and I would definitely go back again. We first started with the oysters (amazing) then we got the shrimp in garlic (amazing), fish tacos (really good but we've had better), homemade chorizo with sweet onions on the side (sooo tasty!!), the patatas bravas (which were okay but I wouldn't order again) and the roasted squash with goat cheese (also delicious but the portion is super small). For dessert, we had the vanilla fritters with chocolate (they were okay!).",False,1,0,1,Geni P.,en
308,2017-11-05 23:08:15+00:00,5,"My husband and I don't like to do tapas because we feel it's a rip-off, but for once in our lives we managed to order too much food at a tapas style place. This place is no rip-off!

We came for brunch and had the cheese plate, chorizo, huevos rancheros, the eggs Benedict, and the patatas bravas. We could have definitely left off one of these plates. The portions were extremely generous. My favorite was the patatas, but we both loved the tasty black bean salad that came with both egg dishes. Don't forget to try the habanero sauce-- it goes well with everything. 

The decor is cool and the service was pretty prompt and didn't feel rushed. I would absolutely come back to try the other dishes here.",False,0,0,0,Isabel O.,en
307,2017-11-07 01:36:32+00:00,2,"Came for a friend bday for lunch on Saturday. Where to start‍. 

There is a certain expectation when dining at a restaurant of this caliber. And the mood was positive and ready for an awesome experience.

Food: 

Didn't get bread until we asked for it. Ordered the guac which came with one crispy tortilla shell by accident. There were 6 of us. They finally brought additional shells but it was short lived. Like everything on the menu. I have a nut allergy and they charged us extra for soft shells which were completely allergy free. The potato's and spicy mayo were ehh average. Basically everything was. Fish tacos and brussel salad. Average. 

The charred octopus was amazing. So was the French toast. Really good. 

The portions are a joke and pretentious for the amount of money. 

Service: 

terrible. I think we SAW awesome servers but we didn't get one. This guy was inattentive. Taking forever to bring drinks, bread, and the check. Never once asked how food was. Listen, for price and what we expected this was a let down. 

Great things to say: 

Atmosphere was incredible. Hostesses were great. And bussers were also hard working and kept water full. Had a great time with friends.",False,0,0,0,Joshua W.,en
306,2017-11-16 15:55:02+00:00,4,First time at ABC Cocina and I would love to go back. Very tasty small plates and great drinks. Atmosphere is cool and dark. Great for a date or dinner with friends.,False,0,0,0,Max N.,en
305,2017-11-26 05:35:37+00:00,5,"It was my first time here. Everything we ordered was good. 

The baby back ribs were great. They were tender, came right off the bone and very well glazed. 

The mushroom empanadas were the best I had. It was piping hot, crusty on outside and a tad gooey on the inside, which was perfect. Loved the chutney along with it too. 

The fish tacos were crispy and moist. The ambience, service and drinks were all good. The place was packed. We had a reservation and did not have to wait. Would definitely come back!",False,1,0,0,Sah L.,en
304,2017-11-27 22:05:40+00:00,3,"I took clients for lunch, which probably is t a great test of the capacity this kitchen. We each had salads with a protein - mine was the quinoa and Romain salad with shrimp. The taste was good, but honestly for the price I would have expected a more generous portion and significantly more and larger shrimp. There are too many awesome Tapas places nearby to waste time trying this one again IMO.",True,0,0,0,Al W.,en
303,2017-12-08 19:46:10+00:00,4,"I came with a few coworkers in Thursday night and had an overall great time.

Ambience- 4/5
It was dark and tastefully festive with their dainty lights and ornaments hung around the tables. It wasn't too crowded but was definitely on the louder side. Our waitress was super attentive but then had to leave as her shift was over. Unfortunate as the following waiter was not as attentive and we definitely had to hail down multiple times.

Food:
Guacamole-3/5. Guacamole is usually a safe bet at most restaurants and point in case, the guacamole here was pretty standard. The avocado had the ripe, creamy and smooth texture (which is not my preference) but it wasn't bad.

Brussel Sprouts Salad- 4/5. To be honest, we totally misread it and thought we ordered toasted sprouts but the salad type dish tasted very light and fresh. It is pricey for some chopped up raw brussel sprouts on a plate, with a few pieces of cheese and maybe a handful of chopped almonds...

Butternut Squash- 3/5. Not sure why this was the last to come out from all the dishes as it was a tiny little appetizer but tasted as you'd expect for puréed squash, a bit sweeter than expected with lots of honey.

Shrimp in garlic chili oil- 5/5. By far the best of the dishes and disappeared off the table the quickest! The shrimp was succulent and perfectly cooked and I was thrilled that the chili oil actually had a kick with a nice addition of fresh peppercorns. Only wish they gave more (comes with 5 pieces).

Griddled Fish Tacos- 3/5. The fish tacos were pretty average- had a few pieces of filets per taco that had a nice sear on them. The lettuce on top didn't really add much in terms of flavor or crunch.

Short Rib Tacos- 5/5. The pieces of meat were really juicy and full of flavor! The chopped peppers and fried onion rings made each bite savory.

Ground Beef Empanadas- 3/5. The empanada shells were pretty hard and unfortunately the meat stuffing was super salty.

Gooey Ham And Cheese Fritters- 3/5. Five tiny deep fried balls of ham and cheese... Whatever the stuffing was was definitely gooey but you couldn't tell it was ham or cheese. 

Dessert/Drinks:
We ordered the salted caramel flan and the assortment of cookies. Both were 3/5. The flan has an interesting hard crust and a less gelatinous body, flavor was ok but couldn't really tell what it was. The cookies were ok but hard to share, three different types; a banana/ peanut butter sandwich, standard chocolate, and I think some sort of fruit jam cookie. 

We also had 3 bottles of wine which was pretty nice- though we might have had more if our wine glasses were continuously filled throughout the night (we couldn't fill them ourselves since they'd take the bottles away).",False,1,0,0,Jinny C.,en
302,2017-12-10 04:23:51+00:00,5,"A definite return to this establishment. Service was great. Like it because it had upscale tapas with not so uptight servers. I felt I could truly unwind and take in the space. The lighting and design is true to ABC's carpet & home. Airy & offbeat. Philip, our waitstaff was a delight.",True,1,0,0,Yu P.,en
301,2017-12-12 02:20:37+00:00,3,"Would give ABC cocina a 3.6-3.75/5. Came in on a Saturday night at 8pm for a girls night dinner. We were seated right when we arrived. We ordered a bottle of Chardonnay and a bottle of Pinot noir. Reasonable wine that were both enjoyable. For food we weren't overly hungry and wanted to split a handful of dishes. I'll preface the food portion of the review with the fact that my party didn't not order correctly as we had 2 people not feeling well so we stuck to more basic dishes. We ordered the guac, patatas bravas, beef empanadas, crispy fish tacos, chicken tacos and butternut squash with goat cheese. The squash was the clear favorite dish of the group. Had a ton of flavor and melted in your mouth. Most of the other dishes were pretty average. While there was nothing completely wrong with them, they just didn't blow me away. The portions were also quite small for the squash and patatas bravas. The empanadas and patatas bravas especially lacked flavor and could have used more spices. I think the guac would have been better with cilantro but we had some haters in our party. I would have wanted to try the grilled calamari and one of the rice dishes as those seemed pretty popular. May give it another go with more adventurous eaters!",False,0,0,0,Alexandra T.,en
300,2017-12-18 12:40:05+00:00,5,"Might be a strange place to order a fish taco, but this was one of the best I've ever had and I've lived in LA for 10 years. Oh many, what a complex and balanced flavor profile of savory, sweet, heat, spice and vinegar all in one bite! Everything I had was special but this was outstanding.",False,6,2,4,Rachael M.,en
299,2017-12-22 19:26:55+00:00,5,"Wow, this place is good! Octopus is delicious, mushroom appetizer is delicious where very unusual mushroom was used. I liked the vibe of this place. We sat at the high top table because we didn't have reservation. We still had great experience and service! Highly recommend. Crowded, trendy place with a lot of cool people.",False,1,0,1,Nelli K.,en
298,2017-12-25 09:17:08+00:00,5,"MUCHO love for ABC Cocina...give them allllll the stars. Jean Georges and his team did a fantastic job with the menu. The flavors and combinations were bold, spicy, focused, intense and so so good.  We loved the spiced ground beef empanadas, and believe it or not, the tuna tartare (i know, facepalm). In a world where tuna tartare is overly done and bastardized, Cocina goes and creates this amazing ""dip""-like consistency meant to be eaten with delicious warm, tortilla chips and it's this incredible balance of flavors that make it one of the best I've ever had. 

Shrimp with sizzling garlic was very good and was a very nostalgic dish for me...husband wasn't as impressed. We tried the crispy bbq pork tacos which came on lovely house made tortillas. Mitake mushrooms with goat cheese was a surprisingly fantastic dish and they went all out with the goat cheese. And I must mention the insanely good bottle of house made hot sauce on the table... we poured it on everything. And by pour, I mean drenched. I'd drink that sh-t straight from the bottle. The arroz con pollo was a comforting, stewy warm dish that was delicious- our only gripe was that the rice seemed to be a bit over and mushy for our taste but we still enjoyed it.

Drinks were creative enough and accompanied our dinner perfectly. Desserts were one of the stunners of the night- I'm usually a purist when t comes to traditional desserts like the tres leches and flan, but these renditions were quite amazing. Both luscious, phenomenal in taste and creaminess and a lovely way to end the meal. I'd be back in a heartbeat... pretty sure I'm an official ABC fan girl of everything ABC now....bravo.",False,7,4,5,Lorraine P.,en
297,2017-12-26 17:08:25+00:00,4,"This place was really packed on Christmas Day. We tried to walk in around 4:30pm at ABC Kitchen and the wait was 2.5 hours. Luckily ABC Cocina had room for 5 of us with just a 10min wait. 

The portion size is extremely small for the price you pay (e.g. 5 pieces of shrimp for almost $10) but every dish we ordered tasted really good. We were also served bread and olive oil to start.

For apps: potatoes, shrimp, crap fritters (recommend), grilled octopus, and beet salad (recommend)

For entrees: chicken tacos, crispy fish tacos (recommend), pork tacos, and ribs (really tender and juicy but lacks flavor. Needed the lime juice and hot sauce)

For drinks: class margarita, grapefruit margarita (yum), passion fruit margarita (really sour but delicious), and mango iced tea

All the food came out really quick and service was great tonight.",False,1,0,0,Joy S.,en
296,2017-12-31 21:55:22+00:00,3,"It's never a good thing when you're in the middle of your meal and you realize that the restaurant could be making so much more money off of your group's table if 1) their wait staff were more attentive and 2) kept the drinks flowing. Then you realize how much they must be losing because if they have y numbers of tables and are losing z dollars, well, holly meatballs! 

I've been to ABC Kitchen, Jean-Georges, and Perry St and those restaurants put me on a mission to try as many of Jean-Georges restaurants as I possibly could! However, this slight blip made me realize that service at all of the Jean-Georges restaurants is not equal. Our waiter was definitely friendly and nice, but should have been more attentive to our table especially given that our dinner started at 8:45pm on a weekday night. After we ordered our mains, he only checked in once throughout the meal for drinks. It was a party of 8, so not sure if the wait staff was low on staff or what.",True,0,0,0,Rebecca H.,en
295,2018-01-01 21:37:25+00:00,2,"Really underwhelming restaurant. I have now been here twice, and let down both times. The service is fine but the food is no bueno. Tuna tartare was disgusting, way too much mayonnaise. Calamari bad as well. Patatas bravas good, the highlight of the meal. Fondue was ok but boring. Chicken tacos are ok, can't hold a candle to listen tacos numero no.1 and 2x the price and half the size. Tres leches cake pretty good. Overpriced sangria. 

Basically way over priced for what they are serving, which I would be okay with if the quality was on point. It was not. Go elsewhere.

Nai tapas would be a much better alternative.",False,0,0,0,Daniel K.,en
294,2018-01-03 08:27:24+00:00,2,"So conflicted because the food is decent but the portions are so, so small - I understand it's a JGV restaurant but regardless of the name, the overall experience was just not even close to Michelin quality. 

First of all, the restaurant is cute on the inside but doesn't exactly look upscale. It's very trendy but by looks alone this is the type of place you might spend $30 pp rather than closer to $50. Despite showing up on time for a 6:30 reservation I could not be seated immediately because my date hadn't arrived yet (normal for many NYC restaurants, but again, if I'm going to be paying for JGV I better be getting JGV service). It was very brusque.

We were seated near the back corner which made for a relatively unpleasant dining experience - it was very drafty and cold at times. Objectively one of the worst tables so I'm sure not many others had the same complaint. I'm pretty sure I heard the table that was sat prior to us ask specifically NOT to be sat there, so my ego was bruised a little bit that I got not only the leftovers but the crappy leftovers. Again, this was probably unique to my experience, but with a pricey meal I would expect not to feel hypothermic during the dining experience.

We ordered as follows:
Two glasses of wine (chardonnay for me, pinot noir for him) - fine, was not given a taste, was not presented the bottle/label - something I'm accustomed to in most places of ABC's caliber/price point.

The brussels sprouts salad with cheese and almonds ($14) - the smallest portion I've ever seen, although admittedly very tasty.

The mezcal-cured salmon with yogurt and potato flakes ($16) - basically 6 pieces of mediocre lox. 

The shrimp with oil ($18) - only 5 tiny shrimp in here. I know this is a popular dish but I was thoroughly underwhelmed. Boqueria has a much better version, and I'm sure it's cheaper.

The ham and cheese fritters ($14) - 5 of the smallest fritters you've ever seen. Absolutely bloody good though. Damn I could snack on these for days.

Chipotle chicken tacos ($18) - for 2 of them. Not the worst value on the menu. Were pretty filling and the chicken was damn good. You can get better tacos at Tacombi or Los Tacos, though.

The honeynut squash with goat cheese ($11) - oddly my favorite dish. Absolutely delicious. No complaints other than I could eat about 8 of these as an appetizer and still be starving.

All in all, the 2-3 tapas pp that they recommend is a bloody joke. The food is good, but come on - for such a pricey meal I better get either bigger portions or some bells and whistles (how hard would it be to pour a taste of the wine!!!).",True,7,6,5,Hannah M.,en
293,2018-01-09 19:32:35+00:00,4,"this place is amazing. the mushroom tacos are incredibly tasty yet not greasy.
the guacamole is sumptuous, I wish they wouldn't put that greasy chip in it and just give more good chips to eat it with.
had the chicken and rice, simple but delicious.
and the octopus was crispy with a tasty sauce.
the music is a bit loud but the ambiance overall is lively and fun.
can't wait to go again!",False,0,0,0,Gretchen S.,en
292,2018-01-10 18:03:36+00:00,2,"This Jean-George restaurant is a liability to a  brand of great restaurants and fine service.  Was disappointed on many levels. It's a rip-off.  Conceptually, the food offerings are obviously an outsider's take on Latin food. There is no generosity and definitely little love in terms of portion or presentation.

If you read reviews of this restaurant, you know enough about what you'll experience, but we went ahead anyway hoping for a decent dining experience. Sadly, none of this is new. 

Good: Only waited few minutes to be seated. The flavor of the sauces was amazing. The server was sweet and accommodating but pushed for a brussel salad that was me. My grapefruit 16 dollar cocktail was refreshing, but all ice and not a value. 
Server tried to make accommodations to spice level. 

Bad: Drinks and food grossly overpriced and portion size is piddly, meagre. The mojito had no discernible rum in it, it wasn't sweet at all and all seltzer. We had to send it back.
No explanation for the salsa on table. 
The rice with chicken was nothing special and at 27 dollars- is a crime. 
Bringing focaccia and sour dough bread doesn't seem Latin. Ridiculous acutally. 
The guacamole was made ""fresh"" only because we requested it made without jalapenos.  The portion is small and the chips are few. It is bad bad. Rosa is better and hello! that's not good enough. 
The brussel sprout salad had no cheese on it or marconas. Rip off and again, tiny. 

Ugly: Long waits for drinks and food is really inexcusable. Two dishes came out together 45 min after we arrived which was bad. 
No silverware was brought out for arroz con pollo. It was plopped down the table. 
Being told what is a classic mojito and what isn't when one asked for a rum drink..is...
Like a cafeteria, someone came and was picking up paper placemats and folding them with no sense that they might be interrupting your conversation. 
Waiting for food and then it all comes means that the server wasn't able to time the food properly. Just because the spice level is altered doesn't mean you should have to wait longer. 
I was really saddened over this experience and I have no desire to return or try any other ABC restaurant.",False,1,0,0,Emily H.,en
291,2018-01-11 15:59:30+00:00,4,"This restaurant is delicious! The portions are a bit small and the wine is a bit expensive ($15 per glass), but overall would recommend.  We went on a Friday night and it was packed, but we were able to grab a seat at the bar without a reservation.

Must order off the dinner menu: 
The griddled fish tacos (comes with 2 tacos and they were SO flavorful) 
The stewed chicken with sweet onions & crunchy rice (the rice is formed into a log and fried, it's crunchy on the outside but soft on the inside)",False,0,0,0,Madison D.,en
290,2018-01-15 03:17:15+00:00,5,"The Spanish version of ABC Kitchen. Came here for brunch and since the waiter recommended 2-3 plates per person, we started off with 2 per person. Love the tapas concept, but sometimes there's not enough bites per plate (like the tacos). However, they were nice enough to offer 3 tacos  for the crispy fish tacos. 

The charred octopus was one of my favorites. Very complex flavors and extremely tender octopus. The crab fritters were really good too with that spicy chipotle sauce. But then again, anything fried must be good. We also got the raw red snapper and mezcal salmon. Both had some really refreshing dressing/sauce that made it feel less like the brutal winter it currently is. The jamon iberico ham was also another great choice. Definitely more cured than the stuff you get at the grocery store.

It was a nice experience and the food is amazing, but every time a dish comes out, there are more ingredients than what's on the menu. Our table enjoyed guessing what the other components are. Plates are on the small side for the price point. 6 plates plus tax and tip was about $150.

Glad I got to try the tapas. If I'm ever back, I'll definitely try the brunch menu as those dishes looked really good too.",False,0,0,1,Joey L.,en
289,2018-01-28 18:32:05+00:00,1,"Pretty upset about my experience here.  Heard only good things about this place and was extremely disappointed.

My friend and I made reservations for lunch.  Understandably considering of the hectic restaurant week, being that I have worked during crazy times where our credit card machine crashed, and still maintained myself with professionalism, intimacy, and kindness, I felt that the service was completely lacking.

Our waiter was not friendly at all, he was all about rushing us to order, while telling us ""don't order the ham and cheese fritters, don't order the fish sandwich, and definitely do not get the flan"".  We ended up not listening to him for those items, and they were the most delicious for what we ordered. 

Another thing was when our fish and shrimp salad came out (which says second course), we were still waiting for another tapa.  When we asked one of the bussers, her attitude was rude, speaking to us like we were dumb and that there's no main course and everything will come out as is.  Well, at the end of that, we ended up having to tell them again, and they realized they FORGOT it completely.  Our waiter didn't apologize, just said it's coming now.  We already had finished our second courses, while the RAW shaved fluked, which would've been the easiest and fastest thing to whip up together since it's not cooked, came out when we were almost done.  

The worst part, was when dessert came, the waiter dropped the check at the same time.  Fine.  I looked and I saw a crowd of people in front waiting to sit down.  But not even finished with our dessert, he takes it away, and deliberately slides the check in the middle of the table and didn't even say thank you.  I would rather have you tell me ""hey we're busy, gtfo"" than to obnoxiously slide the check in the middle of the table while in conversation.

I never would have thought to get awful service from a renowned restaurant.  I would've had better service at a Chinatown buffet.",False,8,0,1,LISA N.,en
288,2018-01-30 16:28:45+00:00,4,"The ABC complex of restaurants is frustrating. It's scene-y, it's hyped, it's too expensive, it's hard to get a reservation. But they mostly deliver on the food.

We came to Cocina on Thanksgiving weekend. A 5:30 pm reservation for 3 was easy to get about a week or two out. The menu is tapas style, but pulls from every corner of Latin America and Spain.

We started out with a round of cocktails, all tequila-based and well-made. Our first dish was Iberico ham ($18), which was great quality, though pricey for the portion. Next was honeynut squash ($11); so nice with the goat cheese, pumpkin seeds, and chili. 

We beefed up the meal with mushroom empanadas ($11), which were great, and short rib tacos ($24), which were fine. Patatas bravas ($10) were a hit with my parents, though I didn't see anything special about them. A good idea for the table, though.

I was feeling a little under the weather so I also had the chicken soup ($15). Wow; one of the best soups I've ever had in my life. So bright and refreshing from the lime, and every component was delicious. The chicken was tender. I felt healed.

The pacing is way off here. Things come out tapas style, as they're ready, and we received all of our dishes half an hour into our trip (not even half an hour after ordering). We stalled via coffee and dessert (cookies, tasty but not a must get).

Service is excellent. I don't love the decor-- I know it's supposed to be a showroom for the furniture but it looked disorganized with so many clashing styles. Lighting is good, vibe-y but not too dark. It's a little noisy.

I'll give ABC another shot (Kitchen or V?) but don't expect to be a regular.",False,7,2,5,Liz S.,en
287,2018-02-02 01:32:00+00:00,4,"I came to ABC Cocina for Restaurant Week lunch, which is a good deal since the items listed are on their actual menu as well (and for the same size)! 

I got here 16 minutes late for my reservation, and the host ended up giving my table away. Definitely adhere to your reservation time (and make one) - they're busy all day. We ended up getting a high top table, which was fine. 

Between the two of us, we got:

Fluke appetizer 
Good! Thin sashimi slices, ceviche style with a lot of acid. I liked the crispy rice.

Ham and Cheese balls 
I wasn't a huge fan, but it's mostly because blue cheese tends to be too strong for me, but it's very mild

Fish sandwich 
This was my favorite! The fish is fried really well, crisp on the outside and soft, tender fish in the middle. Didn't really enjoy the black olive sauce, but I liked it enough to just scrape it off. 

And the flan was delicious! Coconut pudding was alright. 


Would recommend coming here for Restaurant Week. I'd definitely like to come back and try their Arroz con Pollo!",True,0,0,0,Janus C.,en
286,2018-02-08 18:58:30+00:00,5,"The maitake mushroom dish, the vegetarian tacos, and mushroom empanadas are delicious. Great ambiance and drinks and the food is wonderful. Great date night spot.",False,1,0,0,Mansi A.,en
285,2018-02-11 21:49:17+00:00,5,"Despite pur bad experience with ABC kitchen, ABC Covina made up for it. Great staff, service & great tapas meals. Do make sure to order several dishes. The key word is Tapas kitchen style. Great atmosphere and def. Recommend it.",False,0,0,0,Mauricio R.,en
284,2018-02-16 01:34:50+00:00,1,"Easily one of the most garbage dinning experience at a supposedly high end restaurant. I've been to ABC kitchen a couple of times and always had good food. Unfortunately ABC Cocina was the polar opposite of that. We ordered tuna tartare and it tasted old.. not fresh at all. Then came the empanadas that smelled gamey and tasted like it was frozen. Shrimp just tasted like all spice. Octopus was ok. Worst part was after we left we both felt sick and nauseous, probably from the tuna tartare if I had to guess. No chance I would ever come back.",False,0,0,0,Andy G.,en
283,2018-02-17 00:30:48+00:00,5,"This is one of NYC's finest eateries. It is a wonderful expression of Spanish tapas meets US Tex/Mex. Every dish is exceptional.. especially:
the shrimp in garlic;
Raw shaved Brussels sprouts;
Patatas bravas
Guacamole",False,2,0,0,Kevin D.,en
282,2018-02-17 02:03:40+00:00,4,"Came for the three course Restaurant Week lunch and was impressed how simple yet delicious every dish was.

We started with the fluke, shaved brussel sprouts, and ham and cheese critters. The sprouts were fresh, topped with a few grilled blackened sprouts. The fluke was tender and in a tangy sauce. The fritters were perfectly cheesy and not too oily, surrounded by fresh greens. 

The main courses were the fish sandwich and the shrimp quinoa, both rather small in portion but tasty. The shrimp was nicely grilled and the fish crispy and topped with a nice olive tapenade. 

The highlight of the meal was definitely the dessert, specifically the passion fruit sorbet on the rice pudding. The impossible flan was tasty but man that sorbet was incredible. Even the tiniest bite was bursting with passionfruit flavor. 

The drinks were well made with nice garnishes like a tamarind covered piece of ginger. The fresh green juices were also solid, thought a bit small in portion.  

Overall a delicious meal from start to finish.",False,5,1,3,Jennifer D.,en
281,2018-02-17 17:16:19+00:00,3,"I frequent ABC home and finally ate at the highly revered ABC cocina attached. It's alright. Our waitress was lovely, thre food was elegantly plated, the ambiance is nice, but it is overrated. This neighborhood has arguably some of he best restaurants in Manhattan, so if you find yourself looking in the area, try Craftbar or Almayass or Momofuku nearby etc etc",False,0,0,0,Courtney P.,en
280,2018-02-18 22:52:56+00:00,5,Incredible ambiance and even better food. Very few tapas restaurants are able to provide spectacular after spectacular dish but this place does. I can't wait to come back.,False,1,0,0,Karli B.,en
279,2018-02-20 02:45:11+00:00,4,"We went here for dinner with friends during the week and had a great meal. We arrived a bit early and got a drink at the bar. We were seated early which was nice as the table became available. 

The small plates were great and I highly recommend the squid, shirmp, patatas bravas, and the short ribs (which were my favorites). Lots of options to choose from on the menu and a place we'll look to go back to.",False,1,0,0,Anthony R.,en
278,2018-02-22 03:11:28+00:00,3,"I was very excited for this dinner since I really loved ABC kitchen. However, I was very disappointed after our meal. The food was very underwhelming and not worth the price. I can understand spending $18 on two tacos if they are flavorful, but the food fell very short. I felt like we could get a majority of the foods at other restaurants for half the price. The arroz con pollo was probably the most underwhelming entree of all. It was suggested to us as a popular dish so we decided to order it. Once we got the arroz con pollo it had little to no flavor, it was literally just rice and chicken. 

The service was very good and our waiter was very knowledgeable, so that was a plus. Overall, the ambiance is nice, however overall not worth the price tag.",False,2,1,1,Trisha P.,en
277,2018-02-23 17:34:41+00:00,5,"Loveeeeee the atmosphere at ABC Cocina. Very intricate and pretty with the stringed circle lights and the eclectic concrete walls, also a nice touch to add a retail store that connects from the restaurant to the back. Came here for my birthday in May and had a very pleasant dinning experience. The food is contemporary Mexican and tapas style. My friends and I ordered the mushroom empanadas, guacamole with roasted tomato salsa and warm crunchy tortillas, crispy fish sandwich and the raw shaved brussels sprouts. All of it tasted fantastic and not one plate was left with food on it. I would also recommend the margaritas if you do come here. Compliments all the food and top shelf liquor.",False,0,0,0,Ourania M.,en
276,2018-02-27 16:52:29+00:00,4,"I went last night with a reservation and sat at the high chairs. I absolutely  adore this place, chic, neat, modern and romantic. We orders fluke, salmon, octopus, fish taco and beef taco. The fluke is really fresh and tasty. So I would give the atmosphere one star, the music one star, the drinks one star and the attentive services one star. I cannot give the other star is because the salmon and beef taco that we ordered are too salty. I will definitely come back, but I hope the salmon & beef taco won't be the same salty hehe.",False,0,0,0,Melodylu H.,en
275,2018-03-05 17:03:45+00:00,5,"The drinks here are so so delicious! My first time trying a piña colada was such a nice experience because the atmosphere was so chill. I came here several times just to drink at the bar and eat empanadas and/or calamari and each experience has been lovely. Despite busy service around 7:00pm, we have always had kind and friendly servers and ordered items arrived in a timely manner. This will continue to be my hang out spot as the staff and decor are lovely and the menu options and drinks leave me satiated.",True,1,0,0,Bria D.,en
274,2018-03-09 03:06:05+00:00,1,"What am I missing? This Latin American and Spanish tapas spot is a very popular restaurant in ""legendary"" NY restaurateur Jean-Georges' stable. And it's easily the most mediocre, overrated restaurant I've been to in a long time.

I've only eaten at one other Jean-Georges restaurant, Vong, shortly after it opened, more than 25 years ago. This French-Thai fusion restaurant was also singlularly underwhelming. I'm convinced that Jean-Georges is a culinary con man, coasting on reputation and clueless expense-account diners, the perfect restaurateur for a trump hotel, which hosts his eponymous flagship.

It was amazing how flavorless most of the dishes at ABC Cocina were. It's almost as if they have a machine in the back to extract the flavor from their dishes to sell off to other restaurants.

Two of us shared five items, and I'd say only one of them was really any good. The waiter first asked us if we'd like to start with guacamole before we looked at the menu, a tacky non-Mexican Mexican restaurant tradition (not the guacamole, the assumption). I passed without hesitation.

In order from worst to best, we had:

Spicy glazed baby back ribs. They were neither spicy nor glazed, and they weren't smoked. They were impressively flavorless--they didn't even taste like pork!

Mushroom empanadas. A tie for worst. A flavorless mush of some kind of chopped mushrooms and mild cheese in a fried empanada.

Patatas bravas. The classic Spanish tapas bar snack here was fried too dark and served with an undistinguished aioli.

Savory glazed short rib tacos. They were acceptable when I removed the greasy little ""frizzled onions,"" which was basically onion ring breading.

Tuna tartare with chipotle aioli. This was very good. It was the first thing we were brought, which led me to expect a much better meal than the near-total washout we ended up with. It reminded me of the tuna tostadas that are very popular in Mexico City. But if the tortilla chips weren't packaged, they sure did a convincing impersonation.

New York has many great Latin American restaurants, both classic and inventive. Spend your money, probably a lot less of it, at one of those instead.",False,3,2,0,Peter C.,en
273,2018-03-24 23:08:31+00:00,4,Went for brunch. Eggs Benedict is unique with a tasty hollandaise and great ham. Great classic dishes with an upscale twist. Pretty decor as well,False,0,0,0,AB B.,en
272,2018-03-28 04:28:36+00:00,5,"ABC Cocina is a fun place to impress out-of-towners with. The atmosphere here is so beautifully done and generous waitstaff always take their time to explain the menu with patience. 

I first came here for dinner then revisited during lunch- both menus contain various tapas that were so delicious! I would highly recommend asking server to guide you through the menu to order appropriate amount of food. Even under the same category, some dishes are bigger than others. 

My favorite was Charred Octopus in their lunch menu. It was cooked perfectly to soft texture and crispy patatas thrown in was a great touch. 

Will be back for brunch one day!",False,0,0,0,Sae P.,en
271,2018-04-01 01:49:19+00:00,1,"Truly disappointing experience. Food was below average and so was the service. 

PROS: guacamole CONS: salmon appetizer was perfunctory. Fish tacos were underwhelming and short rib tacos were over salted. Tres leches dessert was average.

CONS: Service was dismissive throughout except for a lovely girl bussing tables. Server was indifferent. 

Told the manager and hostess  that service was not good. Met with further indifference. Asked four times to get my phone that was charging to get it back to the table. Four times. 

Good place for 20 somethings to discuss their meaningless jobs.  Avoid if you respect yourself.",False,3,0,0,Alex A.,en
270,2018-04-01 04:50:40+00:00,4,"I have to start by saying that i love this restaurant...it is so sexy, inviting and edgy.
For drinks yoy MUST get the jalapeno basil margarita, its gold in a glass...so so so good..a friend took the pina colada and she liked but honestly nothing can be that basil jalapeno margarita.
Then for food we got different dishes to share as this restautant is tapas style...
The absolute faves were the pees guacamole...it was so flavorful and fresh and the pees was kind of unexpected add the pico de gallo and you have a winner.
Then we moved to the beef empanadas...amazing...crispy, spicy and the beef was so tender #must try
The shrimp aioli were good although when they got to the table they were not sizzling as i would expect but it was a solid and spicy dish
Then we share the fish tacos and the short ribs ones..they were good but nothing to be amazed about
For dessert we had the vanilla beignet with chocolate...it was an ok dessert...the chocolate mousse and chocolate bits were good...not too sweet and crispy but the cream inside tje beignet was cold. The staff came to ask us about that dessert and when we said qe didnt love it...they took it off the bill...
So bonus for amazing service
Overall great restaurant, great vibe, great drinks and good food...i would go back time and time again #love",False,1,0,0,Patricia L.,en
269,2018-04-04 17:11:39+00:00,4,"It was Hubby's B-day and we had reservations at 5:30pm on a Monday. Some friends joined us, and it was lovely. Conversation was flowing, the restaurant was filling up with people very fast - so the noise level was increasing as the time went by. Food was coming out few dishes at a time. Great tasting food, very small portions, and very pricey. I did not expect anything else from an ABC establishment - but. Tapas and small plates for four, a few drinks, and desserts ran $250...",False,1,0,0,Dominique H.,en
268,2018-04-04 23:59:22+00:00,4,The best sangria I've had in NYC! The service was great and the resturant was super chic and clean.,False,0,0,0,Trisha M.,en
267,2018-04-14 19:55:16+00:00,1,"Food & wait staff amazing as always but blonde female manger ruined our meal by talking down to waitstaff, it made us super uncomfortable and took away from the experience.",False,0,0,0,Drew A.,en
266,2018-04-17 01:21:10+00:00,5,"Wow! I am a big fan of Jean Georges restaurants. Last time I was in NY I tried ABC Kitchen and this time I accidentally made a reservation for ABC Cocina. What a great mistake. We tried a lot of the menu and it did not disappoint. I did not like the tuna tartar though. Overall, great food and excellent service.",False,1,0,1,Ashley P.,en
265,2018-04-18 03:35:49+00:00,1,"We had reservation at 7:30pm tonight. We showed up around 7:25 and the hostesses informed us that table just paid their check and should be soon. We checked twice while waiting and also saw couple people getting seated. We waited at the bar until 7:55 and left because we were so hungry!!!
We left to go to another place and they txted us at 8:10 that the table is ready?!?!
If I have to wait 40mins to get a table that I reserved, then what is the point of reservation?",False,3,0,0,Sara K.,en
264,2018-04-18 16:01:34+00:00,4,"I love the concept of ABC Cocina, simple take on Mexican food. The food is on the pricey side for simple things like tacos and sandwiches but pretty tasty. The octopus starter is very food as well as the guac. It's a nice lunch spot if you're ever in the Flatiron area. 

-@EricHoRaw",False,0,0,0,Eric H.,en
263,2018-04-18 19:31:43+00:00,2,"Let me preface this review by saying that I had been a long time fan of ABC Cocina for many years. In fact, I was a fan of PIPA before ABC Cocina.  The space is beautiful, the ambiance is great and the food was always on point.  Last night, I had a business dinner with a client of mine. We arrived at the bar at 5 pm.  We had to meet earlier because we were on a schedule.  Understanding that food service does not start until 5:30, we thought we would have a cocktail at the bar.  There were about 5 people in total at the bar area and there weren't enough seats together to accomodate a party of four.  We moved one chair over to our area and we were immediately reprimanded by the hostess that this was against restaurant policy to move chairs.  The entire restaurant was empty and it was moving a chair exactly a foot away.  We complied but were a bit annoyed.  We were then seated at our table, again, the entire restaurant was empty and they wanted to seat us at a communal table.  I immediately said this was a business dinner and we did not feel comfortable speaking about business at a SHARED table.  The same hostess that reprimanded us about the chair said ""this is the policy, we are overbooked and this is the ONLY table we have for you.""  Can I again reiterate that the restaurant was EMPTY?  She brought the manager Ashley over and they begrudgingly sat us in a four top table and said ""by the way, you have to leave at 7:30 because we need this table.""  This restaurant was more concerned about a future table than the patrons that were actually there at the restaurant.  Logic and common sense would tell you that if we're eating an EARLY dinner than we would leave on the earlier side.  To add insult to injury, the serve spilled an entire glass of water on my lap, the table and my laptop bag.  I left promptly at 7:30 to catch and train and immediately after I left, my colleagues AND my client were ruthlessly kicked out of the table.  I guess spending close to $600 dollars doesn't account for anything at this restaurant.  I will be taking my business and my corporate card elsewhere....",False,1,0,0,Cindy M.,en
262,2018-04-20 03:08:19+00:00,5,"This place is absolutely delicious -- one of the best meals I've had in New York. Every dish has SO much flavor and I would go back in a heartbeat. Particular standouts were the fish tacos (which were absolutely incredible), the shrimp with sizzling garlic, and the arroz con pollo. 

The decor and table setup is also beautiful, and service is really great. Can't wait to go back.",False,1,0,1,Kimberly T.,en
261,2018-04-25 03:44:24+00:00,5,"Favorite lunch all week! 

Wow! Love the creativity in the dishes. Mine was amazing. The service was perfect. The only thing I would change is the shared tables. I don't really care for that, but everything else is great! Well done.",False,1,0,1,Lisa J.,en
260,2018-04-25 15:06:08+00:00,2,"I had to change my reservation twice and both times I called the restaurant directly. The second time the person who ""assisted"" me was less than pleasant and patient. When my party arrives at the restaurant, the hostess only has a record of the second reservation. She seems put out that they need to accommodate our party (7 people) and places us at the communal high table which isn't a problem for us. 

One member of our party had special dietary restrictions and had asked several times for different variations for dishes on the menu (can I just have the X without the B type of requests) all of which were refused. I finally step in with the waiter, ""What would you suggest for someone in his situation?"" The waiter responds with a suggestion that sounds really similar to what was requested earlier but fine.

The food itself was not to my liking. I had the chicken tacos (bland) and the patatas bravas (meh) and sampled the gauc and chips that were actually pretty good. Oh, and the virgin pina colada was delicious. I wanted to order another one but couldn't get our waiter's attention. I thought that some time during the dinner he would stop by and ask us ""how is everything"" but that didn't occur.

The restaurant was busy so we were not so subtly pushed out as soon as the last bite of our dessert was taken which is pretty par for the course at popular NYC restaurants. Our group hosted an out of town business guest and I can say he was underwhelmed. 

As a positive, the atmosphere is lively but it gets crowded very quickly. The attitudes and service will definitely keep me away.",False,1,0,0,Janeane G.,en
259,2018-04-26 20:48:38+00:00,2,"Though the food was very good it was not good enough for the price we paid. To start the portions we VERY small (we paid $18 for two chicken tacos...thats $9 a taco! My friend paid $25 for a Long Island Iced Tea the size of a water glass! $17 dollars for a small bowl of Guac and a handful of chips?! It's crazy) The atmosphere itself was lovely and the waiters were very friendly, however, we will not being going back after being over priced and walking away hungry.",False,1,0,0,Brynn K.,en
258,2018-04-29 02:20:32+00:00,1,"This review is overdue from months ago. Our experience here started off poorly, entirely due to the obnoxious hostess. We came in and she acknowledged our reservation, but said they weren't ready to seat us. Several groups of people came in after us and were told the same thing. However, they all ended up getting seated before us by another person. I wanted to leave the restaurant at that point, but the two people with me said to give it a chance. The obnoxious hostess seated us all the way in the back at a table meant for two people. If management is reading these reviews, I hope they decide to fire that pathetic excuse for a hostess. 

The food and drinks are good, but not worth the price. The servers are friendly and attentive.",False,2,0,0,Kevin B.,en
257,2018-04-29 17:23:12+00:00,5,"This could be the best meal I've had since I moved to NY. Firstly, I made a same day reservation on open table for the only slot they had available and I'm glad I did - looked like there were a lot of people waiting around the bar to get in. 

The decor is great - a juxtaposition pf exposed concrete, wood and metal, with a mix of classic and contemporary chandelier lighting. We were in the far corner and there was what looked like a more casual dining and bar area through the back with lots of sculptures. 

The service throughout was attentive and sincere. At one point the light next to us started malfunctioning - it wasn't a big deal but two people came over and apologised, plus we got a free drink each....

We opted for the chefs tasting menu, which includes maybe 10 plates for you to share. The rest of the menu also looked great but just felt like the set menu would be easier. Honestly, everything on there was great and we were both stuffed after.

Thoroughly enjoyable experience and I would recommend it to anyone that is in NY (and can get a table)",False,1,0,1,James G.,en
256,2018-04-30 18:33:20+00:00,5,"ABC Cocina has a high quality menu selection. Most dressy attire recommended compared to other restaurants in the area. Everything on the menu was delicious including the drink selection, apps, entress, and desserts. The things that stood out most were the guacamole appetizer and lobster entree. Something different and a very unique place!",False,1,0,0,Corinne B.,en
255,2018-05-01 01:41:43+00:00,5,"REALLY good atmosphere. The decor is cool! Very crowded when we went, but it wasnt that loud. I highly recommend the guacamole (amazing), shrimp dish and the red sangria. one of the best sangria's I have ever had",False,1,0,0,Jay L.,en
254,2018-05-08 03:12:39+00:00,4,Excellent tapas in this cute and bustling restaurant during weekend brunch. I would recommend coming in before 11:30 because it can get packed. I had the fish tacos which was delicious and so was the octopus tapas. If you have room for desert I would highly recommend the Tres Leches cake which was delicious.,False,0,0,0,Christy C H.,en
253,2018-05-08 04:30:51+00:00,4,Great place for a group of friends to try a assortment of tapas for a weekend brunch. The place can get costly and there are definitely certain dishes worth the price while others your just paying for presentation. I would definitely recommend their fish tacos and octopus tapas. Those plates were so delicious but the true winner was their tres leches cake which was so moist and tasty.,True,1,0,0,David H.,en
252,2018-05-09 02:14:41+00:00,4,"Great food, but similar service problems as ABC Kitchen - too  slow and inattentive. 

Ordered a cocktail, never came, asked for it again, never came, ended up cancelling the drink. 
The food took a million years to arrive.

Space is crowded and packed pretty tight. Could use a little more space.  When it gets packed, it gets really loud and noisy. 

But, the food was really good. The eggs benedict with a tortilla base was to die for. It's ruined normal eggs benedict for me. The tacos were crunchy and amazing.",False,1,1,0,Elei Z.,en
251,2018-05-10 17:25:01+00:00,5,"Great atmosphere, very unique looking inside. We waited for about 20 minutes on a Friday as they were quite busy, but the food was very good! We had veggies, calamari and the octopus. They were all very delicious.",True,2,0,0,Allix H.,en
250,2018-05-11 22:37:18+00:00,1,"We were looking forward to having lunch at  ABC Cocina when we visited NY on May 10. Unfortunately, we never got to the point of ordering food. The hostess of this establishment was totally unfit to be the first and the last impression of the restaurant. Moreover, when I pulled a chair to our table from an unoccupied table to rest our heavy purses (design of the chair's back would not allow us to hang a purse), she approached us quite aggressively, grabbed a chair and said that it should remain where it was. No alternative was offered except that she could hold our purses for us, we declined because we had our wallets and other valuables in them. Dining with heavy handbags on our laps was not a desirable option for us. By the way, nobody was sitting outside and there were about 20 empty chairs there.  
We stayed there for another 15 minutes waiting for somebody to take our order, but they were apparently too busy for us. Our appetite was ruined and we left. I don't expect a place like this to have stools for purses, as in high end restaurants, but when we were seated at La Duree, a waitress with common sense, pulled a chair from the table next to us, without us asking.",False,3,0,0,Vita S.,en
249,2018-05-20 15:59:05+00:00,3,"Interior is great, table set up is interesting, a bit rustic. I appreciated. Very mystical atmosphere to some degree, waiters know their way around the menu and drinks well enough to advise you. The food did not live up to the hype, nothing was wrong with it, it was tasty, but I really didn't perceive any novelty or creativity in it. The dishes were pretty basic and I guess I expected a bit more from this place in particular, but anyways.. will try the vegan neighbor and see how that goes!",False,0,0,0,Andreacarola U.,en
248,2018-05-22 03:23:13+00:00,4,"A nice place to grab an early dinner, it got packed with lots of waiting people around 7pm or so.

Delicious tapas! I thought their octopus dish was the best tasting and most memorable dish! Super tender octopus tossed with a crunchy topping made the texture so good! 

Their ham and cheese croquettes were good but not amazing and their patatas bravas were really good too. I appreciated their light beets and strawberries salad. I like how they top off your bread basket whenever you ask and their dipping olive oil is really good!! 

Their tres leches cake was pretty good too, a nice way to end the meal!",False,0,0,0,Jenny H.,en
247,2018-05-27 14:14:41+00:00,4,"We came here to celebrate my husband's bday. 
First off -- service was excellent. Nice and attentive staff. 
Beautiful interior and lovely atmosphere. 

We had the fluke ceviche, carb fritters, maitake mushrooms with goat cheese, charred octopus, and cracking skin fried rice. *drools just thinking about this again* we also had the tres leches cake for dessert and a complimentary impossible flan for celebrating his bday here. 

The portion sizes are small but they are supposed to be tapas so it's better to try different things. There's nothing that I can pick on in terms of flavors and quality. Loved the crab fritters it was delicious eating with or without the house hot sauce. (Do remember to have it on your table) 

The food came out reasonably fast and at a steady pace. 

We normally eat quite fast but we ate slowly and were fully enjoying the experience here. The staff came checking on us regularly even when almost 95% of the tables were filled. Thumbs up for the service. 

We drove that night so we didn't get to try their drinks but we certainly will next time. 

It is a cute place to take your date here and for special occasion.",False,2,0,2,Alice C.,en
246,2018-06-05 18:13:33+00:00,4,"So in love with everything about this restaurant. The decor and feel is fun yet sophisticated. As soon as you walk in, you are hit with amazing smells and as you walk by other tables you can immediately see the food and beautiful. We ordered the iberico as an appetizer and the French toast and huevos rancheros as our main dishes. The iberico brought me back to when I was in Spain. The two main dishes had such overwhelming flavor that made them both savory and sweet and the same time. I would suggest ordering one of everything! You won't be disappointed!",False,0,0,0,Angela R.,en
245,2018-06-18 13:26:33+00:00,5,Went for our second time on Father's Day and they did a really great job. Small/sharing plates and all were amazing. Tomato salad wasand the salmon was . They brought out a flan for dad free of charge which I thought was a nice touch. Fun and laid back restaurant!,False,1,0,0,Peter D.,en
244,2018-06-24 19:42:24+00:00,5,"This Mexican themed JGV outpost proves that his cuisine expertise spans far beyond the French. Having had another great experience on what must have been close to my tenth visit (mostly brunches, though one dinner), I have to say that this place just does not miss. To be fair, I have tended to stick to the same staples (raw fish and/or jamon iberico to start folloe r by arroz con Pollo, griddled fish tacos), but it's too good to pass up. Everything is cooked and seasoned just right, and the orange colored (I think habanero based) hot sauce is the perfect accompaniment - make sure to request it on the side. And though it is not situated on the most inviting street, I would still recommend al fresco dining on a nice summer day. My only potential beef would be with the slight over pricing ($15 for two tacos or $30 for chicken n rice - tough to be out of here at under $40 a head, even if you don't take down any alcohol..) but I guess if you want elevated cuisine, you have to pay the price. I keep going back, so I guess the proof is in the pudding (guacamole?)",False,1,0,0,Ashwin T.,en
243,2018-07-09 21:56:56+00:00,4,"From the moment we walked in, I knew I was going to love this place. The chandeliers and the rustic walls made for the perfect night time vibe (with epic music). It was very difficult to get a dinner reservation, but well worth it. Would definitely call30 days prior to going - that's the earliest when the books open.

The Food:
The menu completely exceeded my expectations. Spanish tapas, we ordered everything to share between five people and were left completely stuffed.

Highly recommend:
* Charred Octopus (favourite dish of the night)
* Beef Tenderloin with Chimichurri
* Arroz con pollo (tasty rice with chicken)
* Crunchy hearts of lettuce (the most delicious dressing!)
* Patatas bravas (rich, creamy sauce makes this an indulgence)
* Crispy BBQ Pork Tacos (the pineapple salsa made this dish)

Being such a respectable chain, I thought the menu was very fairly priced. If you're planning to start a night of drinking here, be wary that all cocktails start at $16 USD.

The service was great, our servers were attentive and we didn't wait long for food. 

One thing to note is that we felt our server expected a significant gratuity - which we were happy to do as we had a great time - but it was expected.

Great evening in NYC overall.",False,1,0,0,Bianca F.,en
242,2018-07-14 13:14:36+00:00,1,"Sad experience. Although the place, physically is very nice, the customer service from the entrance was what killed it. 
So we go in to check it out, asked for a menu to scan for options and decided to stay. We ask for a table for two but we are told that it will be a long wait ( 10 empty tables noted) unless we want to seat on a high table (10 minutes) or by the high benches looking out the window (no wait) because they are first come first serve. Easy one... window it is. We seat, place is crowded we are by the bar but our backs are facing it. There is a couple behind us. They are eating. The bar has like three bartenders all engaged in something. I kept on turning back to see if the bartender handed me a drink menu. In the meantime in the outside tables two waiters are back and forth. After 15 minutes of waiting, a couple comes and seats next to us. Another 10 minutes go by and we decided to knock on the window for the waiter outside. He comes in and we tell him that we have not received a menu or nothing, he says he will be let someone know, TAKES THE ORDER FROM THE OTHER COUPLE AND LEAVES. Another 10 minutes go by and we knock at the window again. Same waiter comes from outside and says we have to order from the bar! WHY DIDN'T HE SAY THAT BEFORE????? WHY THE COUPLE NEXT TO US GOT SERVED BY HIM??? To make it more aggravating the goof at the bar starts to  scream ""sir, sir.... I have been ""TRYING"" to get your attention "" FOOL, IF YOU WERE TRYING TO GET MY ATTENTION, WHY DIDNT YOU SCREAM BEFORE??????!!! I looked at him directly into his eyes at least 5 times in the last 35 minutes and he never even acknowledged me. By now I am furious (remember I am hungry) he handed us a drink menu and after we decided he wants me to SCREAM MY ORDER OVER THE COUPLE BEHIND US WHICH I DO. When he goes to grab the menu from me, going through the couple of people in between us, he stomps against one of the drinks at the bar and SHOWERS the girl and splashes me with her drink. That's it! I am not having anymore of this, I get up and look for the host, explaining the whole ordeal, they move us to another table. Finally time to order. 
Food was ok. Nothing wow. We are next to another couple, they say pozole is not too good but to try bbq pork tacos. We do, plus crispy fish tacos. We get a cheese plate, patatas bravas and shrimp for appetizers. Each of them almost $20 and enough to eat in two small bites. The tacos were around the same price equally small. But then (and this is the cherry on top) we order the beef tenderloin with chimichurry sauce, which is $38. (Not a problem since it is steak and a good cut of it)..... HAAA!!! Sweet little me drooling over the idea of a piece of steak... four little pieces the size of a quarter are served on a small plate drowned in a super salty chimichurry. Almost impossible to eat but I won't waste 40 dollars of steak! A TOTAL RIPOFF!!!! Please head to CHIMU in Brooklyn to see what chimichurry and steak IS for $30 dollars. And to LOS PORTALES for authentic delicious tacos at $2.50. 
NEVER AGAIN. We paid a total of $180.00 and not once we received an apology for waiting 40 minutes to get a drink, an hour and 30 minutes to be given some food. WHO RUNS THIS PLACE?! This is one of those instances where it's just a matter of name. Horrible service.",False,1,0,0,Jimena M.,en
241,2018-07-22 14:43:22+00:00,3,"Overpriced and overhyped. We were invited for brunch here. The decor on the inside is very nice and unique. The flower arrangements at every table are beautiful. The service is also good. But the food is very small portioned for the price. And the taste is nothing special. 

We ordered all of the dishes off the the golden and crispy section of appetizers, which included ham and cheese fritters, potatoes bravas, crab balls, and shrimp. The shrimp and ham and cheese fritters were good but the other two were average. The garnishes on the plate were also disappointing.

I ordered the huevos rancheros. I was also disappointed because my dish consisted mainly of salsa. My friend also ordered the radicchio salad with crispy chicken and her chicken was so dry she couldn't even eat it. It seemed to have been taken out of the bottom of the fryer.

Overall disappointed with this place. I have heard ABC Kitchen which is connected next door is much better so might consider giving that a try.",False,0,0,0,Yasmin A.,en
240,2018-07-22 19:48:17+00:00,1,"Service was not good, they weren't organized at all, our waiter handed us the menus after 5 minutes of waiting. We had to ask several times for new plates, the food in general was 2 out 5 stars, I have to admit that tacos were amazing but the other 4 dishes were overcooked (the octopus) and dull.",False,1,0,0,Pablo B.,en
239,2018-08-02 01:40:12+00:00,4,"My husband and I researched ABC Cocina and decided that it would be a great tapas restaurant to try. 

Walking in you are taken back from the beautiful ambiance of the restaurant. It does help that we walked through the ABC furnishing store to get to the restaurant. 

We were seated promptly as we had reservations. A minute master a lovely woman named Helen came over to ask us what type of water we wanted. Then we browsed the menu and taking peeks at our neighbors dishes. 

The waitress Amber asked if we knew what we would like. (Read more about our experience with her later) 

We started with the guacamole. It was delicious. The spring peas that were on top were delightful. 

Then we had 12 oysters. They were, I kid you not, the best oysters I have ever had. 

We then sat for a bit waiting for Amber to come back to take the rest of our order. And then our neighbors were looking for her and we were all wondering where she could of went. Long story short: I loved Helen. She was very nice and personable, while Amber was not. 

Ok so them I ordered the octopus and he ordered the tuna tartare. 

I felt like I died and went to heaven when I tried the first bite of octopus. It was deliciously tender and very smoky. Superb. The tuna tartare, I could of lived without. Reminded me of inexpensive yellowtail sushi. 

Then for the end I wanted the tres leches cake with cactus granata. Wow. Just wow. 

I have nothing but rave reviews for the food. The service on the other hand was very lacking. Except for Helen. She was a real delight and very attentive. I wish the tip would of gone to her because she did much more than just write things down on a piece of paper and walk away. 

Final impression: we will definitely be back to ABC.",False,0,0,0,Jayson C.,en
238,2018-08-02 15:12:41+00:00,5,"I wasn't really sure what to expect at ABC. I love tapas. And, as a store, I've been a fan of ABC since I moved here 21 years ago. But over the years, it's always been hit or miss when it came to the restaurants there. I got a little more apprehensive when we arrived, and saw that the Cocina was this massive space, and not something more intimate, which is typically the kind of tapas restaurants I am drawn to.

That said, for as big a space as it is, the folks at ABC did a great job of designing a dining room that felt comfortable, with the same comfort of a smaller intimate one. Beautiful ambiance.

That said, OMG ... the food (well 90% of it) was surprisingly spectacular. 

Let's just start right off the bat and get right to the star of the show: the charred octopus. Now, I've never had octopus. And, when my husband said he wanted to try it, I happily told him he could have the whole thing. I wouldn't have a bit. Well, I lost that battle fast. Jayson had me try a nibble, and OMG. Boy, did I misjudge that. It was amazing. So succulent. Cooked precisely to exactly what it needed. And, seasoned to perfection. I'm ready to run back today, just to order that.

The freshly made guacamole was absolutely delish. Add on a bit of the habanero sauce, in the cute little bottles on each table, for a little kick, and it hits the mark.

Finally, the oysters ... We got a dozen on the half shell. Mouthwatering and fresh. Would have preferred something more on the lines of a cocktail sauce, rather than the three toppers they served it with. Still don't know what the oil was, nor do I really want to know. It was without taste or flavor. 

I wasn't thrilled with the tuna tartare. There was nothing to this. It almost felt like some obligatory dish they threw on there, but that no one particularly cared to do much about. And, I love tuna tartar. But, I'd never order it again at ABC.

We were planning to order a few more, but after those four, we were completely full.

We closed out the night with dessert. I don't eat desserts, but you could see Jayson's eyes roll back in his head on the first bite.

My only real complaint or misgiving was with our server. I'm still not sure what the point of her being there was since we only saw her when we ordered, and at the end. And even then, we had to seek her out, as did the table next to us. It kind of irritated us that it wasn't so busy that she would be MIA. Moreover, she hardly did work to earn the tip.

That said, the back waiter, Helen, who tended to us, was AMAZING. She should be on the floor, she was so attentive, very knowledgeable, and extremely good at her job, checking to see if everything was okay, refilling our water, and doing all the tasks that a good waiter would do. (And, FYI, I'm married to a server. So, I know the plight of those who work in the industry.) If we could have, we would have given Helen the entire tip. I hope management takes notice of the star they have in their midst.

Defitinely keeping this bookmarked for another return (and that I rarely do.)",True,3,1,1,J. Lawrence N.,en
237,2018-08-04 21:52:00+00:00,5,"A classy (but not stuffy) place with great food.  We had the prix fixe lunch there for restaurant week, and it was wonderful.",False,1,0,0,William F.,en
236,2018-08-05 11:35:54+00:00,2,"The overall quality of the food is good to very good however it cannot overcome the rest of the issues.This was our third visit and the experience has been typical.
First the service is haphazard.We has to wave our servers down three times to get bread for our cheese plate(How can you possibly serve three uninspired pieces of cheese some Marcona almonds and a few berries for $17).
The Calamari were the best thing we ate however the amount served for the $$ was pitiful. You really need two orders for one real serving.
We ordered 2 tacos.One came out right after our appetizer and literally ten minutes later the other one appeared after pleading with our server to please try and locate it!Also $32 for Oban 14 is so crazy that I might switch to sparkling water.
Also the tables are right on top of each other and I really didn't appreciate hearing about someone else's problems all evening.
I think $150 for tacos,a beer and a drink is ridiculous.
Go elsewhere and  enjoy a better experience.",False,0,0,0,MJ Y.,en
235,2018-08-06 04:51:23+00:00,4,"Came here at 7pm on a Sunday night without a reservation but was seated within a few minutes anyway. 

I ordered the:

Charred octopus: More charred than I would like and the vinaigrette left a salty taste in my palate. 3/5 stars.
Patatas bravas: I was a bit surprised when all the reviews were raving about a dish with potatoes and sauce. I was wrong- it's delicious. 5/5.
Crispy fish tacos: Pretty good tacos. I liked the kick the aioli/cabbage-chili pickle combo created. 4/5.
Tres leches cake: Heavenly. 5/5

Service is a bit slow- they could definitely use some extra hands. Total came out to $75 after tax for these 4 dishes.",False,0,0,0,Karanveer M.,en
234,2018-08-10 20:35:54+00:00,5,"the best of all the ABCs.  tapas, great drinks, lively atmosphere.",False,0,0,0,John M.,en
233,2018-08-14 20:17:29+00:00,5,"There's nothing negative I can think to say about my experience here. We were seated quickly for a late lunch, the service was excellent, the food was very good all around, the bill wasn't terrible, it was clean. What else is there? Really really good place and definitely one of the better meals I've had in a while.",True,4,1,1,Benjamin K.,en
232,2018-08-15 01:50:51+00:00,5,"This place is amazing! The food, of course, was fantastic - unusual and delicious. Our server gave us fantastic recommendations and never tried to up sell us. There were a couple minor snags in the evening due to rain; we were sitting outside and had to wait for an indoor table. Well, yet another amazing person here (a server? a hostess? an angel?) gave us free drinks and took SUCH good care of us. Ashley: we don't know what your role is here, but we loved you to pieces.  Tell your boss to give you a raise!

Also: get the fondue and the vanilla fritters for dessert!",False,1,0,1,Maegan M.,en
231,2018-08-17 15:23:46+00:00,3,"A newer Jean-Georges restaurant but I prefer the original ABC Kitchen. Have heard of them running out of guacamole, which seems ridiculous for a tapas place.",False,0,0,0,Amanda S.,en
230,2018-08-18 00:40:04+00:00,2,Good food but extremely rushed. No thought to coursing - two of us on a date and our cocktails and 6 plates we brought out on top of each other. I would go elsewhere for an actual dining experience.,False,0,0,0,Jamie R.,en
229,2018-08-29 07:20:47+00:00,5,"Excellent! After being disappointed in ABC kitchen, I tried not to hype up this restaurant in my mind but I thoroughly enjoyed every aspect of the meal. The ambiance is fantastic- a spacious room, gorgeous chandeliers, dim lighting, exposed wood and concrete, with a trendy and lively crowd. Service was impeccable from the moment we checked in with the hostess. The bar was extremely crowded so the hostess secured us seats at the bar nextdoor at ABCV while we were waiting for our table. The bartenders were very attentive and friendly and drinks were delicious, fresh, and had the perfect amount of alcohol. Now on to what we ordered: Guacamole trio, patatas bravas, beet salad, empanadas, chicken tacos, arroz con pollo, vegetarian rice, flan and tres leches. I can't think of anything negative to say about any of the dishes but the standouts were definitely the beet salad and arroz con pollo. They were even kind enough to bring me and my sister dessert with candles for our birthdays. It was a great experience and the perfect celebratory meal.",False,0,0,0,Monica C.,en
228,2018-09-07 22:08:28+00:00,5,"I love everything ABC. Their furniture, food, drinks..literally everything. Large yum. Cocina is a legit place to get a post shopping snack. The atmosphere is adorable.",False,2,0,1,Chas E.,en
227,2018-09-15 02:41:50+00:00,2,"Have always loved the food and the experience here but my most recent visit left something to be desired. Service was slow... and in addition, somewhat rude. (Also, my friend says even a review like this is too nice). When the per person bill is as high as the one here, you'd expect something that matches that. 
I'll be back though, and I hope the experience matches what I remember!",False,0,0,0,Amy H.,en
226,2018-09-22 03:20:14+00:00,5,"Great New York restaurant! I've been here 4 times now and each time I have had a great experience with both the food and the service! Love the ambiance and the food is amazing! PRO TIP: ask for bread or else they won't give it to you, trust me you'd be missing out if you didn't have it! All the plates are designed to share, so for a group of 3 girls we got 5 different dishes, plus bread and a dessert and we were perfect! I would definitely recommend all the dishes we got, which were:
- Calamari 
- Arroz Con Pollo (rice with chicken that just melted in your mouth!!)
- Griddled fish tacos with aioli and cabbage chilli pickle
- Sautéed mushroom tacos, with cashews, mole, kale and lime (this dish definitely surprised me the most. My expectations weren't too high and I could probably say it was my favourite dish of the night! The flavours were incredible!!)
- Charred octopus with smoked paprika, crime fraiche, and guajillo vinaigrette 

Another tip: if you are celebrating a birthday or anniversary, they will bring out a complementary dessert!!",False,1,0,1,Elisa R.,en
225,2018-10-04 19:18:36+00:00,5,"The place is cute and the food is awesome. You can't beat the decor and it's a perfect spot for a night catching up with good friends. 

Hands down the best octopus I've had. I loved the squash with goat cheese and the papas bravas. Will definitely be going back.",False,2,0,1,Kristen M.,en
224,2018-10-17 03:43:37+00:00,3,"Adorable spot attached to the ABC Home store. Very noisy and hard to hear....due to pounding from constitution of new store...at 8:00pm! We were seated in the back section by a door that led to the ABC store...noise was so loud it was intrusive to our meal. 
Wonderful venue and food options...suggest you wait until the construction is over.",False,0,0,0,Miss P.,en
223,2018-10-21 20:48:36+00:00,4,"Although expensive, this is a delicious spot with great service. Get the short rib tacos!",False,0,0,0,Sam S.,en
222,2018-11-03 02:31:08+00:00,5,Adrian started our whole evening out right. Our reservation was behind but he made everyone happy. Great night.,False,1,0,0,Kate W.,en
221,2018-11-03 18:01:25+00:00,5,"Amazing food, margaritas, and attentive service! Highly recommend if you'd like a good night out.",False,0,0,0,Mike D.,en
220,2018-11-08 00:04:36+00:00,4,Place is really nice and has a homie relaxing feel and has beautiful decor on the inside.  Food tastes great as well.  Only thing I wasn't happy about during my recent visit is that the carafe (a pitcher) for the sangria is $60 and we ordered two in hopes that it would be more cost effective than buying individual cups at $14 a pop I believe it was.  $120 and it barely served 6.5 cups therefore it cost us more per cup to buy the carafes than if we would've just paying for the individual cup.  They drowned it with so much actual fruit there was barely any juice.  Otherwise really great service and staff is professional and friendly.,False,0,0,0,Bri C.,en
219,2018-11-11 14:00:12+00:00,2,"Cool vibe with a lot of energy that makes sense for a date. Had brunch on the other side of earlier in the day which was awesome so gave it a shot. Figured it was a cool spot for my birthday. The tuna tar tar was like a bowl of mayo with chips, chicken tacos were good and octopus was not cooked well but also came on top of mayo. Service was very slow and forgot our drinks and changed a couple of times. For the price was disappointed. It is tapas style so small plates.",False,0,0,0,Jared B.,en
218,2018-11-12 14:46:59+00:00,4,I came here for lunch on a Friday.  It was extremely busy.  The restaurant is beautiful and very romantic.  I had a salad for lunch and was glad I did as even this took a long time to come out of the kitchen.  The food was great.  I was just surprised how long it took for a salad.  It is a tapas restaurant so most of the menu is meant to be shared.,True,0,0,0,Rach S.,en
217,2018-11-13 16:56:53+00:00,5,"Sitting right in between ABCV (Vegetarian & Vegan) & ABC Kitchen, Cocina is the funkier out of the bunch and this was interesting at first sight! Stuffed to the rafters with lots of Dark Greys, Blacks, coupled with the softest details in their Chandeliers and pop of powder pink flower arrangements. 

Cocina's menu is way beyond the typical Garlic Shrimp, Yuca Fries tapas and Sangria. And gives Tapas the attention it deserves with interesting global fusion of some African, lots of Mexican and a bit of Middle Eastern flavors- in an upscale but casual setting. With the exception of hubby's Calamari/ Chorizo (which he loved) combo that I didn't try, all else was enticing. Concept is kind of exclusive on Small Plates- (different from the other two ABCs). Price? Up there for some things. Unlike other restaurants who serve super-size tapas, Cocina though- offers a true (smaller) Tapa and will run you between $16-21. But hey... this is ABC after all. 

Between my selection of Shaved Brussel Sprouts($16) Chili Oil Shrimp ($19) and the most tendered Charred Octopus($21- probably not even whole tentacle)- which I shared with hubby- plus his own Calamari & Chorizo($19)- I must admit, these folks take ingredients and style to another far out level! My 'Mariposa' Cocktail had too much ice but was smooth and packed strength at $16 while hubby kept it more civil on a Monday afternoon with a Blood Orange Mimosa at $14. 

Our first time here and became Jean George Vongerichten fans instantly because of his cooking styles! Can't fault the ABC company for some of their prices or nitpick about our first server not smiling, (Christina was more pleasant) but Ima leave this one with a straight up 5. Cocina is nothing short of gorgeous (for me). This is the kind of restaurant that's as perfect for a night out with friends as it is for romantic one- but I actually see it more romantic than anything else. Honestly- with all this and style going on...Anita Baker sings it better- but I was caught up in the rapture of love.",True,20,8,18,Mercedes C.,en
216,2018-11-14 21:44:59+00:00,5,"Very lovely restaurant. Big. Love the design. And music was amazing. We had no reservation so I just got a spot on a bar. Which is okay as they serve food at the bar. Bartender was good. We had some kinda shrimps with spicy oils they ve been good. Then Brussels sprouts salad was amazing. Then we tried fish tacos which was in the middle. Not that great but still very good. A bit not that flavorful to my opinion. Last dish we had chicken with rice. I don't really eat chicken that much, but this one was amazingly stewed. It was kinda melting. Love the spot may come back as I know they change menu often. And I live around there.",False,0,0,0,Zari Z.,en
215,2018-11-18 21:20:32+00:00,5,"yes, this place is pricey. I personally feel that the food, ambiance, and friendly staff more than make up for that. cool decor and a fun vibe. this is a great place to bring friends for weekend brunch or a cozy date night spot. I would recommend making a reservation as it can get quite crowded. 

there are lots of small tapas style dishes that are ideal for sharing. my favorite dishes: fish tacos, guac and chips, huveos rancheros, and patatas bravas. will definitely be back!",False,6,1,4,Stephanie T.,en
214,2018-11-19 16:54:13+00:00,5,"yup, this place is the truth! made a reservation for my bf's dinner and as soon as I walked in, I knew I had made a great decision. the vibe, the music, the decor, the drinks, all of it seemed right.

We ordered the oysters, beef & celery root empanadas, the crispy pork tacos, the fluke (!!!), crab fritters, and the beef tenderloin and every single dish was a hit. 

as for drinks, if you are a white wine drinker I would definitely recommend a glass of torrontés and if you are into mezcal cocktails, the puebla punch was delicious.

we look forward to going back to try the other dishes that caught our eye!",False,0,0,0,Chris F.,en
213,2018-11-22 01:10:53+00:00,2,Portions were inconsistent - very difficult to decide how to order. Small portions were not worth the money. ABC kitchen 10x better.,False,0,0,0,Rebecca W.,en
212,2018-11-25 13:49:31+00:00,2,"The only reason I even gave ABC Cocina 2 stars is because the place is super cute. I haven't been here in years and I was honestly shocked at how bad the food was. I thought perhaps it was just me, but even my 2 friends at the table said, ""this place used to be much better"". Was honestly so disappointed. To start, when we first sat down, the waiter offered us drinks. One of my friends said she was going to wait until dinner for her drink and the waiter walked away...even though there were 5 other people at the table who wanted to order! They also never cleared our plates. We had a pile of dirty dishes and empty glasses on our table the whole night. It was a late reservation, the place was half empty, there's really no reason they couldn't take away our dirty dishes to make more room on the table. With that being said, the first guacamole with cilantro was very tasty. We ordered 2 more servings (@$18 each for a small bowl as pictured) one with cilantro and one without because my friend doesn't like cilantro. The waiter brought both and said he didn't put cilantro because she didn't like it...even though she ordered her own separate one! I personally love cilantro and wish he hadn't made the decision for me to not put it on mine as well. The fish tacos and tres leches were honestly the worst I have ever had. I've had better from local, not well-known restaurants. I expected MUCH better from a Jean-Georges restaurant. The tuna tartar was AWFUL! They said something about them making it in egg? I'm not sure, but tuna tartar is not supposed to taste like that. Considering how expensive it is, it isn't worth it at all. Don't waste your time or money. It is very overpriced, even for NYC. There are plenty of cute restaurants with the same cozy vibe that are much better! Never again.",False,0,0,0,Jackie B.,en
211,2018-12-01 22:04:37+00:00,4,"Had a great meal at abc cocina. We sat in the cute little table situated right in the front window. Service was great and we were seated immediately. Loved the atmosphere. 

We enjoyed a bottle of wine and a barrage of small dishes. Shaved brussels salad, fluke with green chilis, crab corn fritters, mushroom tacos, octopus, and arroz con pollo. 

The salad and fritters were good but wouldn't order again. The fluke was delicious. Light and refreshing. The mushroom tacos were sensational, and I absolutely despise mushrooms, so thats saying something. The octopus was incredibly tender and herbaceous. Grilled to perfection. Definitely my favorite was the arroz con pollo with chicken skin cracklins. Couldn't get enough. 

We will definitely be going back again!",True,1,0,0,Asher W.,en
210,2018-12-08 18:37:33+00:00,5,"The food was simply amazing! I'm still talking about it one day later. We shared a delicious eggplant dip with yogurt, it came with pita bread and veggies. The second thing we ordered was baked cauliflower (the seasoning was great and it came with pomegranate seeds and roasted pistachios), we also shared coconut sticky rice. We (2 people) were satisfied/full with 3 plates. For dessert we had matcha cream brûlée. Very nice and attentive servers. Will definitely go back.",False,1,0,0,Andrea D C.,en
209,2018-12-09 03:36:08+00:00,5,"Had dinner at ABC Cocina tonight, and oh boy, it was amazing. 

When we arrived, we accidentally walked into ABC Kitchen, just for reference ABC Cocina is the second restaurant to the right. 

The atmosphere is fantastic. It's a big, beautifully decorated room with high ceilings. The service was attentive and you could tell they were considerate of allergies/any special food requests. 

The seating was a little tight, but nowhere near as bad as other restaurants in Manhattan. This is an excellent choice for a date night or to celebrate a special occasion.

On to the food, everything is tapas style. When we sat down our waitress told us rice dishes take 30-40 minutes to prepare, so right off the bat we put in an order for the arroz con pollo, crackling skin, lemon zest. 

I recommend you order exactly what we got, everything was amazing. Total order:

Guacamole ($18) - this tasted fresh and amazing, only complaint would be they should give more chips. I feel like the chips ran out before the guacamole. 

shrimp with sizzling garlic, chili oil ($19) - these shrimp were dynamite, must order. 

crispy fish tacos, aioli, cabbage-chili pickle ($21) - hard to pick what my favorite thing was, but it might have been these crispy fish tacos. I got quiet while eating them, because I was literally experiencing a symphony of tastes in my mouth. if you like fish tacos, MUST ORDER

savory glazed short rib tacos, habanero relish, frizzled onion ($25) - nearly as good as the crispy fish tacos, delicious.

charred octopus, smoked paprika creme fraiche, guajillo vinaigrette $23 - another home run, really good. 

arroz con pollo, crackling skin, lemon zest ($28) - this came out last. It was just solid tasty rice and chicken. At a lot of tapas places, you run the risk of leaving hungry. Not with this rice and chicken. I'm still stuffed. Highly recommended if you are hungry. 

vegan popsicles ($9) - my girlfriend and I both try to not eat dairy. We wanted to order sorbet, but there was none on the menu. So we ordered.. these popsicles? They're vegan, and they didn't taste bad.. just not on par with the rest of the meal. I didn't finish them. The flavors were raspberry (best), pear, and coconut vanilla.

Can't wait to go back!",False,2,0,0,Chris B.,en
208,2018-12-27 23:45:34+00:00,3,"Went here for the first time for lunch today with my parents, while I was visiting. The food was quite good and they accommodated my mom's dietary restrictions very nicely, though the service left something to be desired.

For appetizers, my father and I split the Shrimp with sizzling garlic and chili oil and the charred octopus with smoked paprika creme fraiche and guajillo vinaigrette. The shrimp were quite good - cooked and seasoned well - but nothing that really stood out. The octopus, on the other hand, was superb. Perfectly cooked, not chewy but not overly soft, and perfectly charred to impart just the right taste. The smoked paprika creme fraiche and guajillo vinaigrette (the latter with a wonderful sweet note and quite a good texture) were a wonderful complement to the charred octopus and tied the dish together in a wonderful way.

I ordered the Chipotle chicken tacos. They were absolutely amazing; the chicken pieces were moist and tender with a beautiful golden crispy exterior. The frizzled onions and Chipotle sauce were a wonderful complement, and I've been inspired to try something like this myself. Parents were both quite pleased with their entrees as well.

My one complaint was the service: the three of us received our entrees over the course of about 15 minutes, and I had to ask twice where my tacos were while my parents were already eating. They also seem to have lost our dessert order and we had to order again.",False,0,0,0,Jason A.,en
207,2018-12-28 01:47:33+00:00,4,"I visited with my mom and we had an overall amazing experience. The restaurant had a nice ambiance and the design looked very good. We ordered the tuna (spicy but very tasty), fluke (a kind of ceviche, excellent), shrimps, taco with rib and the ribs. The sizes of the dishes were satisfying if you order this amount for two people. The price of the dishes was on the NYC side (bit expensive), but with the overall experience worth it! We had the most lovey waitress who was very patient with explaining the menu and was very sweet and kind.",True,0,0,0,Sahar J.,en
206,2018-12-28 09:10:12+00:00,1,"Occasion: Holiday dinner, Dec 2018. 

Service: 0/5.  I don't think service can get any worse than this, not even theoretically possible. Server name: Kevin O.

Manager: 1/5.  She was well aware our party was dissatisfied with the service but tactically avoided coming to our table until we made a scene and demanded to talk to her.  And she provided the most annoying and insincere appology of all time.  Manager name: Ashley

Food: 3/5.  It used to be much better in the past.
 
Ambiance: 4/5",False,2,0,0,Zach H.,en
205,2018-12-29 14:00:19+00:00,2,"I get that this place is ""hip"" and certain things come with that - but I don't think it's a worthwhile destination. After an incredible meal at ABC Kitchen a few months ago, this was at the top of my list but did not perform up to the standard I'd anticipated. 

As always, I'll start with the food. Guacamole had so much lime juice it overwhelmed the avocado, brussel sprout salad was good but had quite a bit of cheese, tuna tartare seemed like a riff on a spicy tuna roll but the mayo or whatever it was blocked out the tuna taste, fish tacos weren't bad, and the short rib tacos were a lot fattier than your average. I wasn't even dying to finish any of the dishes, nor would I recommend any of them. 

Service too was mediocre. It took so long to put in a drink order that we'd already chosen all of our food options - we were sitting for about 15 minutes with water but no other attention. Our server came back occasionally throughout, but then the same issue popped back up for dessert. We decided that if it took more than 15 minutes to order dessert, we'd give up. It took about 12. The churros were fine, for the record. 

I think the food would probably be 3 stars and the service as well - but then we spent almost $200 for a glass of wine, a cocktail, and the above mentioned food. I'm happy to spend for a great meal, but far less inclined to do so for a mediocre one.",False,2,0,0,Adrienne Z.,en
204,2019-01-01 00:09:30+00:00,2,"Not a fan. Service was okay. 
Food was beyond disappointing. 

Came for New Year's Eve, didn't know that they were only offering pre fixe, having high hopes, we decided to stay. Should've taken that 45$ cancellation fee and gone somewhere else. 

1. Raw shaved fluke was gross..
    - Raw shaved Brussels sprouts... was a plate of grass and dirt. Taste and presentation. (Didn't even want to take a photo)
2. Shrimp with ""sizzling"" garlic.. I didn't get the sizzle from the plate or the flavor. Basically boiled shrimp covered in chinese chili oil. 
    - Maitake mushroom ... burnt? 
3. Fish taco, at least the fish was freshly fried. 
    - arroz con pollo... so anyone else ever had chicken and broccoli from any take out restaurant? This was that except hold the broccoli, salt and multiply the price by 3.
4. Dessert was ok. 
Did I mention, the best dish was the free guacamole dip!
I apologize if anyone finds this rude and offensive. But when you want to charge people 150$ for tapas, it better be amazing.",False,0,1,0,Connie C.,en
203,2019-01-05 20:54:37+00:00,5,Every single tapa brought to our table was amazing. Their kombucha is super tasty too. Green juice portion was small - I would say to go with the recommendation of the host to order 2-3 table tapas per person and share as opposed to ordering an entire entree like a salad. Salad you can get anywhere but you want to to focus on the unique and unforgettable dishes when you come here.,False,0,0,0,Leira M.,en
202,2019-01-13 01:11:17+00:00,2,"Food was definitely ""New York good."" Nice waitress. Supplemental waitstaff was kind of snobby. Biggest gripe is that we arrived at 5:30pm as soon as doors opened to get a walk-in table. Seated at 5:40pm. However we were chased out at 7pm. And when you're spending $200 for dinner for two you should be allowed to sit a few extra minutes to talk and digest. Nope. In fact, they even acted like we should be taking our dessert to-go. WTF? As. If. I really had to fight to get it to stay (we were there for my friend's B-day celebration). Probably won't go back. There are too many awesome places to eat in New York, who won't rush me out the door. Hey, ABC? Be nicer.",False,0,0,0,Ruby F.,en
201,2019-01-13 16:14:16+00:00,1,"The food did not wow me, I did not love one dish I tried and I had 6 dishes and desserts, I love ABCKitchen and thought this would be almost the same with a Latin twist, Instead, the food was bland, boring and not tasteful, even the tres leches was a disappointment and that's a dessert you really don't have to try to  recreate. Bottom line, we enjoyed the experience of going but the plates were way too overpriced, nothing seemed Latin about the dishes, they were flavorless & unfortunately, the waiter tended to take a little long to come back to us.",False,1,0,0,JC M.,en
200,2019-01-21 21:20:04+00:00,5,"Wow, this place is awesome! Numerous people had recommended this place and now I know why. First of all, the service at this place is impeccable. They only had an 11:30am reservation online so I booked it. Come day of, we realize we wouldn't be able to make it until about 12:15. I gave them a call and they change my reservation to 12 and told me they allow a 15 minute grace period. Yassss!! 

We get there and they seat us by the window overlooking the street, so Parisian of us! The menu is pretty self explanatory with sharing portions. The drinks are just so incredibly unique. I started off with the hibiscus piso drink and had another round of the fig drink, both had an amazing display and flavor. 

Where do I start with the food?!! We had the guacamole, the beef empanadas, oysters, shaved Brussel sprouts, clams, garlic shrimp and fish tacos. For dessert we had the tres leches cake. I can tell you I was in food heaven. The guacamole comes with roasted tomatoes and a churro like chip, soo good. Oysters and clams were very fresh and tasty. My two favorite dishes were the shaved Brussel sprouts and the shrimp. Let me tell you in other restaurants I probably wouldn't get these dishes because I'm not a fan of either but it was soo good here. I don't know what they put in the Brussel sprouts but it was melt in your mouth good. The shrimp was seasoned with garlic and in a spicy aioli sauce. Soo goood. The fish tacos have this spicy pickled cabbage on top. Also, very good. The beef empanadas were good, but nothing to elaborate there. Finally the cake!!! Tres leeches done right! 

I cannot sign out until I talk about our waitress. Didn't get her name but she was originally from Puerto Rico. Such an amazing soul. Accommodated to all our requests; our excessive amounts of lemon wedges and all with a smile!!! So thank you!",False,1,0,0,Anna B.,en
199,2019-01-23 05:55:01+00:00,2,"For the neighborhood this place is predictably second rate. Our server was attentive in the sense that he kept ""asking"" to remove plates that were half-finished (sometimes I take breaks from eating to have conversations with my dinner mates) and ""taking"" drink orders without asking whether anyone wanted anything different from their last drink. But whatever. The food was OK, priced to cover the rent, and portioned appropriately for babies and new yorkers who suspiciously don't take enough amphetamines.",False,0,0,0,Mike L.,en
198,2019-01-27 02:05:52+00:00,4,"I really wanted to like the experience but at the communion table there was only one waiter and it was Saturday so no matter how friendly the service was he barely had time to come to us. Drinks were phenomenally when they finally came out. Food came out fast and was delicious but the dishes were definitely just a tad too small. He told us 6 shrimp there were 5. That just barely feels enough for 2 people but I get it's tapas. They brought us extra of chips and sauces that were super delicious. Place feels new, the kitchen is definitely cooking a great menu right now.",False,1,0,1,William V.,en
197,2019-02-10 14:33:36+00:00,4,"Had a nice pre-theater dinner with my daughter. Drinks were great-I had one with prickly pear & my daughter the cucumber Collins. There were 2 kinds of bread, neither of which were great. The waiter suggested 3-4 plates each, which sounded like waaaay too much. We started either a cheese board & tuna tartare. The tuna was delicious, with a Spanish flavor rather than the usual Asian seasonings. It was served with deliciously crunchy tortilla chips. The cheeseboard has 3 varieties along with a few apple slices, Marcona almonds and some type of fruit preserve. All were delicious but could have used a good cracker as a base. Still a little hungry, we ordered the squash & mozzarella empanadas. These were delicious too. Served with a slightly spicy sauce but no idea what it was as it wasn't listed & the server didn't explain. Oh, there was also a tiny bottle of light orange liquid in the table-when I asked, we were told it was habanero pepper hot sauce. All food & drink we ordered was enjoyable and liked the atmosphere.",False,0,0,0,Jodi F.,en
196,2019-02-17 22:47:08+00:00,5,"This was my first time here, i was amazed by their decor, set up, atmosphere, and music choice. It's in a very trendy area with lively energy. The staff was welcoming with constant service. I was definitely impressed and planning my next visit.",False,1,0,0,Asia J.,en
195,2019-02-18 05:58:48+00:00,3,"Really small plates even for a tapas restaurant. With a reservation, we had a 35 minute wait for a table and not a single thing comped or even an offer made to do so. Attitude from the person serving wine when we asked that the bottle be chilled. ""Well how do you suggest I do that?"" ""How long, 3 minuetes, 3.5 minutes?"" There are way too many other restaurants in NYC to rationalize spending my money at this place again.",False,0,0,0,Brendan H.,en
194,2019-03-05 01:48:58+00:00,4,"Now that I've finally tried Cocina, I can finally say that everything in the ABC empire is amazing. This place is pricey, but that's to be expected since it's a Jean Georges restaurant. My party of 4 came for dinner at 7pm on a Friday and the entire place was packed. The music got increasingly louder as the dinner went on and at one point we were almost screaming across the table. Whoever controlled the music really wanted us all to give Ariana Grande the attention she deserves haha 

Standouts:
Arroz con pollo (my favorite dish here hands down), charred octopus, crab fritters

Good:
Patatas bravas, brussel sprouts salad

Skip:
Short rib tacos - 2 tacos for $25. I love tacos and these were good but not worth the price for sure",False,2,1,3,Lucy N.,en
193,2019-03-07 16:45:00+00:00,3,"I was craving Latin food one night, and decided to try ABC cocina. The food here is great and the drinks are even better. But what I love most about this place is the VENUE! Such an awesome concept for a restaurant. It definitely hit my craving for Latin food! I want to now try all ABC restaurants !",False,0,0,0,Anjali B.,en
192,2019-03-15 03:31:52+00:00,2,"Let's review this in the setting of an expensive dinner where the food was high quality.

Table wasn't ready at reservation time. Okay no problem. 

Server brings waters and menus. Server is then no where to be found and have to ask someone to find him (minus a star). Takes our food and drink order. Food come before drinks. In fact drinks land on table 50 minutes past the reservation time (minus a star). Food arrives as ordered. Very good. Order glass and wine and ask for dessert menu. Drinks come. No menu. Ask another person for a dessert menu. She says she'll find our server. She come back to clear plates. No menu. How hard is it to get a menu whether you're the designated server or not?? (Minus star) I had joked that it would take 15 minutes to get a menu. In fact it did take that long. Dessert came. It was good. 

In my opinion you can't have above average prices for above average food with well below average service. 

Also for anyone that cares, it's loud.",False,0,0,0,Greg W.,en
191,2019-03-16 16:30:00+00:00,3,"For these prices?! The food should match the ambience and service staff which was absolutely excellent. The food was averaged as a polite ""good"", not a charismatic ""good"" and certainly not great, as agreed upon by all five members of my table. 

The Bad:
Tuna Tartare - sent back. Everything was ""off"" with this dish. Fish was very fishy, flavor profile tasted more like cole slaw with bits of gone bad tuna. 

Fried fish tacos - bland and very soggy. Sweet slaw on top maybe should have been drained a bit before topping off taco. The flavors, still weren't there for me. I love fish tacos so I was sorely disappointed and even left one completely uneaten. 

Oysters - a few days past their prime for serving. 


The Good:
Guacamole - one of the better tasting dishes, albeit $18 for guacamole is a bit high

Truffle fritters - very good, exploding with flavor

Shredded Brussels sprouts - flavors were amazing! (I love Brussels sprouts btw)

Octopus - delicious, cooked to perfection. Flavors of the sauces were great and balanced 

Maitake mushrooms - delicious albeit it's not hard to mess up a grilled mushroom 

The Ok:

Calamari - squid tasted a bit off. Not sure if it was old, under or over cooked...

Empanadas - good but again for these prices it should be amazing. 

I don't recommend going to ABC Cocina unless you like atmosphere and service over cost and taste of food.",False,0,0,0,Tamas S.,en
190,2019-03-17 16:31:33+00:00,4,"Pleasantly surprised, great food! A little noisy and crowded, but service was great. It just took a little bit to get seated but overall meal was very enjoyable. Loved the griddled fish tacos and the seasonal popsicle dessert. Prices are definitely on the higher end, but nothing out of the ordinary for a NY upscale restaurant. 

Nice atmosphere and very abc-esque, dark and designed. Will be coming back to try out abc kitchen eventually as well.",True,0,0,0,Jennifer Y.,en
189,2019-03-22 23:18:20+00:00,3,"5 stars for the service, it was unmatched. The waiters were very attentive and kind. We made reservations but they were running behind so we were seated about 15 minutes after our reservation time (no big deal) the food however was very mediocre which I was extremely disappointed by considering 1. The price and 2. The hype. I ordered guacamole, chili oil shrimp, chicken tacos, calamari and the arroz con pollo. Firstly the guacamole was $19, like I get guacamole is expensive but that was way above average for what it was. I honestly think chipotle guacamole is better. Second the chili oil shrimp wasn't even a hint of spicy, it's literally shrimp and chili oil, no special sauces or flavors. Anybody can make it at home. The best thing was the calamari even though it was about 8 pieces max, the accompanying sauce was great. I also ordered the salted caramelized flan and it was weirdly warm instead of like cold as I'm used to? I also had the tres leche cake which was very good. Probably my favorite part of the dinner was that cake. I wanted to try this place for a while so I'm glad I did but also I would never come again. I just don't think the dishes matched the price points.",False,0,0,0,Min C.,en
188,2019-03-23 00:19:22+00:00,3,"We have always been a fan of Jean George and were very excited to come to ABC Cocina.  Sadly, it was not particularly exceptional or interesting and a bit pricey.  Perhaps it was made less appetizing by the remarkably loud volume in the room.  Couldn't wait to wrap up so we could escape.",False,0,0,0,Elaine H.,en
187,2019-03-28 01:41:41+00:00,4,"I'm embarrassed to say that I would probably come back to ABC Cocina just to bask in the glory of the decor - it is insanely gorgeous. It's a Jean Georges restaurant so be prepared to pay up. I came in with high expectations, and I felt like ABC Cocina met them, but just barely.

The drinks were all good, but more expensive than the average cocktail in New York. I found the drinks all lacking inspiration for such a nice restaurant.

Food:
-Complimentary focaccia and sourdough bread: good/nothing memorable, but I'm annoyed that we had to flag our waitress down to get the complimentary bread
-Oysters: very good
-Short rib tacos: These were to die for. It was so flavorful and the pork was perfectly cooked. These are a must order!
-Mezcal cured salmon: I didn't love the cucumber yogurt relish, but I imagine most would really like this dish
-Shrimp with sizzling garlic oil: a complete pass. It was literally 5 small shrimp on a skillet, soaked in chili oil. The dish was heavy without a good flavor to make it worth it. It was pretty bland, and the shrimp was a little bit overcooked
-Arroz con pollo: a big dish of crispy fried chicken and rice. The rice dishes on the menu are more expensive than the rest of the menu, but it really fills you up
-Winter vegetable posole: a plate of mixed veggies. Overpriced for what it is, but the sauce used was delicious. 
-Churros: delicious

The ambience of the restaurant is really sceney, but nice. The restaurant was blasting EDM at one point so that was definitely a turnoff, but it seemed to mellow out afterwards. I felt like the service overall was really, really lacking though. It took forever to place our drink and food orders, and it was hard to flag down our waiter throughout the night. A sign of good service is that your water glass is never empty, and my glass was perpetually empty throughout the meal. The bad service is a huge turnoff and quite surprising for such a high calibre restaurant that's been open for over 5 years. I'll probably be back again nonetheless.",False,4,2,2,Peggy W.,en
186,2019-04-08 22:36:44+00:00,3,"This place has very knowledgeable waiters. The atmosphere is hip and trendy. Many trendy people seem to frequent this stop. However, the food is not that great. It lacks flavors or spices that jelly well together. Still, the alcoholic beverages were divine.",True,0,0,0,Beth M.,en
185,2019-04-10 19:26:36+00:00,1,"I had dinner at ABC Cocina on April 8 with 6 friends.  The food was mediocre at best.  The portions were minuscule.  The prices were outrageous for the size of the portions.  A steak was priced at $ 42,
on a par with many restaurants in Manhattan.  When it arrived it consisted of 5 cubes of meat, each one about 1 cubic inch (1X""X1""X1"").
If the 5 pieces were served in one whole piece of meat,  it would have measured 2"" X 2.5"" by 1"" thick - for $ 42!  The fruit plate was absurd.
It consisted of one small strawberry, a quarter of a kiwi about 6 slices of a quarter of an apple, and 3 slices of mango 1"" wide, all paper thin.  The table underneath the plate was visible because the plate was glass and the fruit was so thin that it was transparent.",False,0,0,0,Liberio R.,en
184,2019-04-14 04:02:07+00:00,4,"Food-3
Atmosphere-5
Service-4.5
Selection/variety-4
Value-3

I came here a couple of years ago and had a great experience. The atmosphere is still great! Service was great! As was the drinks. However, the menu was not what I remembered it being. The only thing that I ordered that I really LOVED was the mushroom mole tacos. And the mezcal cured salmon was good. The drinks were excellent. I recommend the passion fruit mezcal margarita skinny style. 

However, the rest of the menu did not taste Mexican/or Spanish at all. It felt like the chef had a misidentity. The cheese fondue was sad. As was the chocolate that cane with the churros. 
Overall, I would come here for a snack and a drink to enjoy the scene, but don't come if you are really hungry.",False,1,0,1,Nan W.,en
183,2019-04-20 04:21:09+00:00,2,"They really need to train their staff. Waiters saw me raise my hand and look at them but kept on ignoring us unless it wasn't their table. They never come to you unless you call them and I literally had to stand up with my glass and get my water filled from the bar. 
Later, our waiter was replaced and Brice was wonderful. He was the only staff that was doing his job. 
The food is great but salty. Either the kitchen needs to use less salt or waiters really need to go around with jars of water.",False,0,1,0,Hana C.,en
182,2019-04-27 21:31:16+00:00,2,"The only reason I am giving two stars is because I have gone in the past for dinner and it's been passable, but today for brunch was atrocious.

The waitress took our order of three items (Cuban sandwich, vegetable posole, grilled fish tacos, no special requests) and seemed confused from the get go. Despite reading our order back to us initialy,  she came back later to confirm the order.   OK.

Food comes out as it is ready, as is typical with tapas places.  Cuban sandwich came out first, inexplicably soggy, bread completely soaked through with moisture to the point where it was difficult to even pick it up.  While I rarely end anything back, it was so egregiously wrong that we assumed it must have been an error on their part and had it sent back to be replaced when the runner brought us the vegetable posole.  The posole was probably the only thing that we got that was pretty good, although it was very one-note in flavor.  After that there was a very long wait.  Perhaps 15 minutes later the waitress stops by and perfunctorialy asks is everything is OK.  I start to respond saying, ""actually..."" but before I can even finish my sentence she condescedingly ""reminds"" me that food comes out as it's ready and she knows we are waiting for one more item.   I say, great--but actually I just wanted to let you know that we had to send the sandwich back too.  She obviously had no idea and hurriedly walks off.  Ten minutes later she stops by again and asks if we ever even got our tacos.  Nope.  She seem confused and irritated.  Perhaps another 10-15 minutes later the Cuban sandwich replacement arrives looking better--it tastes decent, average.  Another 10 minutes later the long-awaited fish tacos finally arrive and are disgutingly soggy with moisture seeping through the tortillas and falling apart. The fish was not grilled and the texture mushy and gummy, to the point where I questioned how fresh it was.  We literally took one bite and left the rest.   

At that point we are just ready to go but no one was clearing our plates and our waitress is no where to be seen, to the point where I think she may have quit mid-shift.  I tried to make eye contact with someone who seemed to be a manager but he was studiously avoiding eye contact.  After craning our necks for 10 minutes I literally stood up, put my coat on, and remained standing next to the table with my wallet in my hand.  It still took another 5-10 minutes for the waitress to rematerialize and ask how everything is.  We say to be honest the fish tacos were inedible and we would like the check.  She says he will speak to the kitchen abot it.  Subequently returns with the check with every item on it.  

For a place that is charging $25 for two tacos, those tacos should at least be edible and the service should not be so laughable.",False,0,0,0,Jessica A.,en
181,2019-05-06 02:35:51+00:00,3,"My review is purely on portions. Very small. We came here for a birthday dinner. We had a carafe if the passion fruit sangria which was very yummy. I had the pork tacos but there is only 2 for about $20 so I had to get a side of the patatas bravas for another $12. My boyfriend got the salmon which was honestly the size of an appetizer and that was about $18. We wanted to give dessert a try because we were still hungry and I highly recommended the tres leche, now that was amazing! My boyfriend got the fritters which were good as well. I probably wouldn't go back but it was a nice experience. The music was amazing. We came on a Sunday night.",False,0,0,0,Mari E.,en
180,2019-05-06 19:49:19+00:00,4,"I think it's a great place to hang out around 8/9 pm for some small foods and drinks.
     I recommend the crab fritters and any kind of tacos.  They have the best tacos! The strawberry cocktail is also a must try.
     Overall I give ABC a four star because the service there is not completely satisfying. They are so busy that sometimes they cannot response to our request fast enough.",False,0,0,0,Xiaobin Z.,en
179,2019-05-09 19:17:07+00:00,4,"I came here for a business lunch midday on a Monday and found that it offered a reasonably priced menu of small plates and an environment that allowed for conversation, so it certainly met all of my needs. Even the complimentary bread was better than what is offered most places (I found myself going back for the foccacia more than once) and I absolutely loved the fish tacos. I was grateful that the waiter warned me about the spice level and brought the sauce on the side so I could add it using my own discretion. Another diner was not thrilled with the mushroom tacos citing a strange texture but I didn't try it for myself. For dessert we had the warm vanilla fritters which were absolutely melt-in-your-mouth amazing and served with a sauce that featured fresh vanilla bean and pieces of mexican chocolate. This was my first time dining at a Jean-Gorges restaurant and I was not disappointed.",True,1,0,0,Natasha D.,en
178,2019-05-10 01:41:29+00:00,5,"I have been wanting to try the abc restaurants for quite a while now. When the time came for me to make a brunch res for my friends, I went right to Resy to make one for ABC Cocina!

The restaurant is absolutely beautiful, with every detail from the walls down to the app plates impeccable designed. I got there before the rest of my party but they still allowed me to sit down early which was much appreciated. Even the menus were beautiful, and every option I pored over looked delicious. 

Our servers were absolutely delightful and everything was brought out in an incredibly timely manner. I ordered the mezcal mango drink and my friend ordered the passionfruit margarita. Both were delicious as was expected. As for food, we ordered the guacamole, beef empanadas, mushroom tacos, chicken tacos, patatas bravas, and the churros to finish off. The guacamole and and mushroom tacos were absolutely phenomenal. Everything else was good but not the best I've had. 

Overall however, the experience was amazing and I can't wait to try the rest of the abc restaurants!",False,1,0,2,Angela H.,en
177,2019-05-10 19:10:08+00:00,3,"Firstly make sure you double check which one you walk into, ABC V and ABC Cocina are right next to each other.

Ideally my rating is a 2.5*- it wasn't bad, it was just very average, and for the price of certain things.

The drinks were great!

A little noisy, seating was a bit tight and crowded but that's expected. Restaurant was beautiful, staff were nice!

We ordered
Shrimp with sizzling garlic- just ok! You can skip out on this and not miss much 
Charred octopus - was great! Would recommend this
Crispy fish tacos - 2 portions only! Would definitely recommend this to try out
Spicy glazed baby back ribs- I didn't eat this, but my friend said yeh it was ok!
Arroz con pollo- didn't have any flavour to it, my least favourite thing from the night, and it's a big portion. See picture

Overall my experience was ok, my expectations were not met - from reading previous reviews and from the overall rating. Or maybe it's just me",False,1,0,0,Mirabel I.,en
176,2019-05-15 02:42:04+00:00,5,$$$$ but so good. It is worth the hype!! Didn't see any celebs but content with the food and service. Delicious Pizza and pasta that could compare to dishes in Italy.,False,0,0,0,Bridget B.,en
175,2019-05-19 00:05:54+00:00,4,"Great Decor, great food, attentive service . However, they lost my order  and I waited 10 minutes after my wife's meal had arrived and we didn't get any of the complimentary bread. Even so, I would go back again.",False,0,0,0,Paul K.,en
174,2019-05-23 12:16:09+00:00,5,"Great nouveau Mexican & service. I think I came here enough to order almost everything on the menu and nothing I didn't enjoy. Maybe only complain I have would be wish each dish was slightly bigger. Somehow this is the only Mexican restaurant I always walk out hungry even though I order many dishes... I'm usually meat lover, but their mushroom dishes are excellent, especially mushroom tacos are to die for! If you like spicy. They make their own hot sauce and it is very flavorful & perfect kick to it! It doesn't overkill the flavor of food you are having. This place also have a great brunch menu on weekends!",True,1,0,0,shion a.,en
173,2019-06-01 19:41:28+00:00,1,"Food mediocre, service TERRIBLE. We were totally neglected. Still don't even know who our server was. Total disappointment. #NeverAgain",False,0,0,0,Jeremy L.,en
172,2019-06-05 18:37:26+00:00,4,"Great tapas spot. Service was good, food came out quick and rocked. Really really busy. I was there on a Monday and the place was jumping. 

If you don't like loud restaurants this is not your place. I was at a small table and had to lean in to hear. 

Great location to eat dinner even with the loud atmosphere.",False,0,0,0,Mike C.,en
171,2019-06-20 23:15:13+00:00,4,Great lunch.  Great scene.  Great service.  Only issue was that I left smelling like smoke - I suppose that comes with the open kitchen concept?,False,0,0,0,Eric W.,en
170,2019-06-26 01:40:59+00:00,1,"Food was actually good. Unfortunately, service was horrible. They made us feel like we were getting in their way.",False,1,0,0,Viralkumar N.,en
169,2019-07-09 01:13:16+00:00,1,"My wife and I waited 18 minutes at our table 
And never saw a sole. Very sad ! 
We've ate here before and it was wonderful.

The good : the brisk 31 minute walk to the restaurant from our hotel on the LES. Good thing thing there was no humidity tonight, oh wait ?",False,1,1,0,Shaun O.,en
168,2019-07-10 16:11:14+00:00,5,"I absolutely enjoyed my experience here. The food was delicious, restaurant is beautiful, waitstaff attentive and overall just such a great vibe. Everything we ordered was so yummy and came out quickly. The only downside it is a bit too tight so if you don't like rubbing elbows with others then this isn't your restaurant. All in all I had such a fabulous night but I also had really great company so that may have helped as well... perfect date spot!",False,1,1,1,Michellinda H.,en
167,2019-07-17 02:21:37+00:00,5,"Mike was an outstanding server! Wonderful experience, delicious food, friendly and made great recommendations. Drinks are delicious. Food comes out fast and is all customizable and made to order. Accommodated allergies and sensitivities. Will definitely be coming back and highly suggest making reservations as they are very busy and fill up quickly!",False,0,0,0,Tiffany C.,en
166,2019-07-19 18:23:45+00:00,5,A pleasant surprise. Excellent food and great service. Cocktails were very good too.  A bit expensive but reasonable.,False,0,0,0,Richard N.,en
165,2019-07-20 01:34:31+00:00,5,"Best first night in NYC I could ask for! The menu is exquisite. Everything delicious. Try the blueberry pisco, one of the best craft cocktails I've had in awhile. Nathan and his team were honest, attentive, fun, genuine, and made the whole experience even better. Don't skip dessert. I'd go back tomorrow.",False,0,0,0,Lisa D.,en
164,2019-07-20 04:10:03+00:00,5,"I had the most tender seafood in my life at ABC Cocina. 

ABC Cocina's menu (out to the three ABC restaurants) looked the most unique, so I decided to try this one. I went for lunch!

Roundup of rating:
+1 star for beautiful interior decor
+1 star for friendly, attentive staff
+1 star for DELICIOUS, food (family style sharing)
+1 star for fairly quick service
+1 star for showing me what truly tender seafood should taste like

Here are individual reviews of my favorite dishes:
Charred Octopus - 5 STARS!!
This was THE MOST tender octopus I've ever had. The dish had a refreshing, light vinaigrette flavor with a hint of spice. The little potato chunks were fried to PERFECTION. No, this is not an exaggeration, the charred octopus dish was just perfect. Words cannot describe my experience eating it, you will have to come to ABC Cocina to give it a try!

Spring Pea Empanadas - 5 STARS!
The warm pea filling had melted cheese weaved throughout and everything was hugged by the perfectly fried, crunchy empanada dough. The filling had a little spicy kick to it which added another dimension to the various flavors in this one empanada. Again, words cannot describe how good the spring pea empanadas taste, but you must order them.

Griddled Fish Tacos - 5 STARS!
Before trying these, I didn't even know that grilled fish could be this tender. The fish melts in your mouth, the taco toppings compliment the fish well, and the shredded mint adds a cooling surprise for your taste buds. 

ABC Cocina has mastered the art of cooking seafood. I definitely recommend this restaurant - with the combination of the atmosphere, decor, and food, you will not regret coming here.",False,2,1,2,Lauren L.,en
163,2019-07-21 03:45:14+00:00,4,"The restaurant was crowded and loud the night we went - full of energy.    Our group of 4 shared quite a few dishes.   Many of them were excellent including the Maitake Mushrooms, and the Tenderloin.   The Crispy Fish Tacos were also very good although I think grilling / warming the tortillas would be an improvement.  Service was good - lots of staff delivering plates, clearing, etc.",False,0,0,0,Diane W.,en
162,2019-07-28 18:01:48+00:00,3,The atmosphere is great and poppin. The drinks were great as well. The food however has gone down in taste and presentation. I wasn't wowed by the food... thought it was ok,False,0,0,0,Solz P.,en
161,2019-07-31 19:18:50+00:00,2,"I understand that restaurant week in nyc is not a restaurant's favorite time of year because they aren't making the profit they usually would. That being said, it IS an opportunity for them to put their best foot forward to entice potential new customers. The other part to this is that not all of us who take advantage of the prix fix are cheap vultures. I've worked as a line cook then a chef de cuisine for 14 years. I feel knowledgeable enough to give and honest review. The food itself was delicious but the service was quite poor. I understand the server was at the end of his shift and moving slow, but you can't make a customer dining by themselves wait for 10 minutes before you clear and bring the check. The management also was unapologetic when this was brought to their attention.",False,0,0,0,Catherine V.,en
160,2019-08-05 01:51:13+00:00,4,This place is super cute! I like the fact that their three restaurants are connected. We went there Saturday night and didn't have to wait so long for a table. The food was flavorful and the ambiance was great. Wish our waiter was a little better. Would definitely go back!,False,0,0,0,Ash I.,en
159,2019-08-08 19:10:26+00:00,3,Went there for Lunch. It was OK. Over priced. Beer was warm and full of foam. Server said it's the beer. I've been drinking beer for 45 years. Crock of Bull. Overall experience nothing to write home about.,False,0,0,0,Alan S.,en
158,2019-08-09 01:09:55+00:00,4,This place truly gets 5 stars for ambience and creativity. We came on a crowded Saturday night- sat promptly at 7pm and had our drinks at the table by 7:15. The menu is fantastic and everything looks really good. We opted for the split pea guacamole.. sounds funky but is truly refreshing. The grilled maitake mushrooms and charred octopus were some of my favorite dishes. The cured salmon with yogurt dill sauce was the biggest disappointment. The salmon tasted like it was dipped in salt for a few weeks and we couldn't taste anything for a while after trying it. I think it was a bad piece but it left a bad aftertaste. If it wasn't for the salmon I would have totally up'd this review to 5 stars. The tres Leches cake was phenomenal too. Very romantic trendy spot to go out with friends or a date. I would come back again for sure to try more any-day.,True,1,1,2,Alla L.,en
157,2019-08-12 02:56:54+00:00,5,"I love the atmosphere and concept of the place (furniture store / restaurant). Our server was lovely and the food was great. Definitely pricey but also definitely one of my favorite tapas place:

-Maitake Mushrooms (sooo tender and flavorful, also if you love goat cheese I definitely recommend)
-Arroz con pollo (full of flavor and great portion for money)
-Fish tacos (okay definitely could skip, there were some pickled vegetables that were too overwhelming)",True,0,0,0,Melissa Z.,en
156,2019-08-13 09:45:18+00:00,2,"I'm so sad that this place didn't meet my expectation because I love latin/spanish food and tapas. I was also looking really forward to coming here also because it's Jean georges restaurant. 

I came here for my graduation brunch and I'd say everything we ordered was mediocre at best.. we got patatas bravas, gambas and croquette and everything was bland, and definitely I had better at other venders. Restaurant is beautifully decorated and pleasing to be at but that what we ordered weren't just great. Maybe I should try other food next time? Not sure yet.",False,0,0,0,Jiwon L.,en
155,2019-08-28 11:10:25+00:00,3,"It was pretty inside. I thought the food was fine but I wasn't as amazed as I thought I would be after reading good reviews over the years. We shared the guacamole, mezcal cured salmon, crispy calamari, crispy seafood rice, and short rib tacos. It was good, don't get me wrong, I just wasn't blown away by the food.",False,0,0,0,Emma P.,en
154,2019-08-31 14:24:02+00:00,3,"Despite the nice atmosphere and an excellent service, the food is nothing special and overpriced: almost $30 for an ok rice with chicken (why?) and $20 for a simple chips and guacamole. The mushroom with goat cheese was probably the best one. Prepare your wallet...",False,0,0,0,Antonio G.,en
153,2019-09-05 18:37:49+00:00,5,"ABC Cocina has consistently mind blowing, mouth watering food! Every time I visit I am so pleased with the service, atmosphere, and menu. The dining room is beautiful and so cute down to the smallest detail. On my most recent visit I went during restaurant week and was impressed with the affordable price. I had the tomato salad to start and was blown away by how flavorful and complex it was. It was sweet, spicy, acidic, and salty all at the same time! Absolutely delicious!",False,1,1,1,Caylyn C.,en
152,2019-09-09 00:45:58+00:00,5,One of the most interesting meals I've had in NYC. The charred octopus and brussels sprouts salad were two highlights but everything we ate and drank was excellent.,False,0,0,0,Elizabeth S.,en
151,2019-09-12 12:05:52+00:00,5,"The food at abcCocina is exceptional but what really blew me away was the service. Four of us went for dinner for a friend's birthday and we couldn't discretely tell the waiter to bring a birthday cake, but kept mentioning his birthday when the waiter came around. Before we even thought of ordering our tab, he came over with a personal size flan cake and a candle on top. It was the most thoughtful experience. He was also very attentive to offer a 2nd round of drinks as soon we took the last sip. He was great. A good waiter definitely makes or breaks an experience. ...now only if I knew his name.",False,0,0,0,Diana V.,en
150,2019-09-15 10:04:38+00:00,4,I love this place so much. The ambience of the restaurant is always so great. The food is a bit pricey and the portions are small but it's hard to complain when it is so delicious.,False,0,0,0,Cristina S.,en
149,2019-09-24 03:38:53+00:00,3,Atmosphere and vibe was so great!! Cocktails were amazing!! The sweet corn empanadas were DELISH and so were the ham and cheese fritters! Mushroom tacos and chicken paella were a super let down... definitely would pass! Churros were great!! Will definitely be back for drinks and apps!,False,0,0,0,Alexis C.,en
148,2019-09-25 01:21:14+00:00,3,"Flan tasted like fish oil and I've had better tacos from a truck

Service was great though. Enjoyed the ham and cheese croquettes and the margs were on point.",False,0,0,0,Mike R.,en
147,2019-09-26 17:56:56+00:00,3,"Despite being a Jean-George fan, I found our lunch at ABC Cocina to be mediocre at best.  The sprawling dining room was beautiful and packed with local business people, though thankfully the staff was able to handle the demand.  The inconsistency of the food, however, was the issue.

The meal started well enough with fresh Guacamole, vibrant sungold tomato Salsa, and warm, crunchy tortillas.  The Grilled Maitake Mushrooms, on the other hand, were nothing special.  They were served with goat cheese and in a fresno pepper vinaigrette.  The tiny portion size made the dish seem more like a side than an actual appetizer.  The rollercoaster meal continued with the tender Baby Calamari, which were stuffed with smoky chorizo, a ripe tomato salad, and chunky chickpeas. The experience went downhill again with the mushy Shrimp cooked in a horribly spicy chili oil that overpowered any of the garlic flavoring that was also supposed to be included.  

Moving onto the larger plates, the Griddled Fish Tacos with aioli and a slaw of cabbage-chili pickle had no taste whatsoever.  The final dish was a Roasted Turkey Cuban and the highlight of the meal.  The huge, crispy sandwich was packed with succulent turkey, juicy ham from Flying Pigs Farm, gooey cheese, and zesty pickles.  It was funny how one heavenly sandwich could leave us with a good taste in our mouths and come close to saving the experience.  

Overall, though, we would have been better off taking our quick lunch to abcV, their vegetable-focused spot around the corner, serving surprisingly much better food.",True,4,2,3,Alison C.,en
146,2019-09-29 16:49:54+00:00,4,Moody ambiance with sophisticated lighting decor around the restaurant that spans back to the next block. Guacamole was some of the best I've had in all of Manhattan and the other dishes did not disappoint. Will definitely be back for more!,False,0,0,0,Priscilla B.,en
145,2019-10-17 20:01:54+00:00,4,"One of my new favourites!
Very attentive service, amazing ambience, good food.
Must try Crispy Fish Tacos and Churros. 
Do skip Fried Chicken Tacos, very bland and not very crispy.

My only complaints would be - 
First, their Main dishes, portions are smaller (this place has tapas style dining) it felt a tiny bit overpriced. 
As we were told by our server, you should expect to order 3-4 dishes on average between 2 people. We ordered 3 and + 1 dessert. 
Churros were served as a large portion.

Second, the food almost had no salt, they give you a tiny pinch bowl with sea salt to help yourself. 

We went here on a Friday night, the place was full, however, we did not feel rushed at all during our meal by the staff. Do recommend making prior reservations.",False,0,0,0,Neha A.,en
144,2019-10-27 04:01:34+00:00,2,Quick review: food is just not good. It's definitely over seasoned and over sauced. Fish isn't really fresh and the prices are total and absolute ripoff. They price tapas like full meals so be prepared to spend $100 MORE than a normal night out. It's borderline egregious. Pass on this place and save your money.,False,0,0,0,Martin R.,en
143,2019-10-27 23:03:59+00:00,3,"Really over priced for what you get. 
Weak drinks, inconsistent service, and ridiculously small entrees make this a never again for me. 
The food albeit tasty did not over shadow the rest of the deficiencies
So many other great choices in NYC at this price point - keep looking",False,0,0,0,George R.,en
142,2019-11-02 19:40:37+00:00,3,"Ever since my horrible experience at ABC carpet and home (see earlier review), I have been loath to try anything in the ABC family. I came here on a  whim, not by any choosing of my own, but since someone else was treating, I obliged. 

We sat in the back and there was a charcoal smokiness that permeated the area, making it difficult to enjoy the ambience while waiting. The bread basket was good, better than what I've seen on average. We got several dishes to share but none seemed particularly memorable. They were fine but they better be if two small tacos are $20!

I think JGV sells the experience, ambience, and brand rather than quality of food. At these prices, I will go to Danny Meyer's Gramercy Tavern one block up any day. 

3 stars for a Sat night.",False,1,0,0,Gera K.,en
141,2019-11-07 23:01:00+00:00,4,"What a solid lunch experience today. We did all the ""known for"" dishes, and I've now been indoctrinated to this establishment. Service is pro. Dishes on the menu look like average fare, however they are done +++100%. $19 for guacamole?!?!, but, yea, it was really good. The micro greens were spectacular, complimented the cilantro and lime. Empanadas that I can get at a food truck, three for $23?!?!  But yea, they were good too. Completely dry, not oily, super hot temp, flavors perfect, dough did its job. The raw fluke... flavors required me to close my eyes and feel the texture and taste in my mouth. The citrus oil was good enough to drink. As for the arroz con pollo, the crisp stole the show. I'm guessing they used par-cooked rice, it separated perfectly and the chicken was firm and soft in all the right places. Fantastic lunch spot, and I'll be back.",True,7,4,5,Frank T.,en
140,2019-11-09 20:10:33+00:00,1,"It's was less than average. I wait for the lobster more than one hour. 4 guest 4 entrées nothing in the mean time.
I wait for my lobster for about one hour. 
The fruit plate look like one made in 10 sec is a rush 390 for 4 people whitout alcool. It was very bad.",False,0,0,0,Helene H.,en
139,2019-11-17 17:03:00+00:00,5,"I'm OBSESSED with this place. The food is INSANELY good and the vibes and decor are very young and fun but still very classy. This place is my go to for special events and I look forward to going every single time; If you're looking for good classy tapas, don't hesitate just go to ABC Cocina and I promise you won't regret it!",False,0,0,0,Sophia G.,en
138,2019-11-26 19:14:46+00:00,4,"Huzzah, hat trick accomplished! I finished my damn ABCs and maybe now I can say I have officially become an adult. That's how it works, right? The Jean-Georges enterprise is a behemoth in the NYC dining scene and the Flatiron trifecta is the perfect example of why it has so much staying power here. All three restaurants are beautifully designed and trendy, with menus that can appease every type of palette. I had been to ABC Kitchen and ABV prior to my Cocina visit, and my expectations for this third venture were pretty accurate. ABC Cocina is a solid, well-oiled machine. While set up slightly differently (the entire menu is tapas-style), the vibe is similar. The menu is large and wide-ranging and all plates are executed with expert precision. No one thing blew me away, but every morsel delivered to our table was respectable at the very least. I highly recommend coming here with a larger party (two is fine, but four and up is best) -- there are plenty of communal tables and with such a lengthy food menu, I think it's safe to assume you'll want to try as much as possible. A little pricy as far as tapas go, but you're also paying for the Vongerichten experience.

We came here as a party of four on a Saturday night. Packed, as expected. A big, wide open dining space -- a key feature of all ABC venues. There are a few little, semi-private nooks, but the feel is definitely communal. 

So here's the situation: double date-blind date hybrid. Bf's friend from high school and her fiancé, who we hadn't yet met. Fingers crossed that we like him (we did, phew). But we couldn't predict our opinions knowing nothing about the chap, so obviously drinks were in order. We stuck with cocktails, which I think was a good choice. The table favorite was the
Spiced Pear Daiquiri (ron zacapa rum, ancho reyes, lime, pear), which three of us ordered by the end of the night. I'm not even a rum gal, but this was a perfectly-balanced, perfectly-autumn drink. My second cocktail of the night was the Whiskey Cider (berkshire bourbon, vermouth la copa, apple cider), also quite autumnal. Not *as* good but still solid. While I can't speak to the margarita section of the menu, it was reported to be a force and worth looking at.

Cocina is the perfect spot if you're into sharing. It's great for large parties with adventurous palettes, though there's something for everyone here. The menu is long and varied -- snacks, lighter bites (raw fish/veggies), Spanish staples, a substantial taco/empanada section and some more substantial meat-forward plates. I suggest trying something from every section if appetites allow. We ordered more than what I'll review here -- there were a few plates I didn't try to due to dietary restrictions. Everything was great, zero complaints. Our table was slightly removed from the main dining space so I initially worried about being forgotten, but the service was efficient once we put our orders in. Eats, below:

Raw shaved fluke with green chili dressing, crunchy rice, herbs: A
Light and tasty, a very elegant dish with lots of subtle flavors going on but nothing to overpowering. Nice addition of the crunchy rice for texture.

Tuna tartare, chipotle aioli, chilies, chives: A
Preparation was quite similar to a beef tartare actually -- the cut of the fish and the flavor profile -- but I didn't mind! Richer than the previous dish but still on the lighter side. Served with tortilla chips. Crowd-pleaser, a safe order for sure.

Beets, shaved apples, mustard vinaigrette, marcona almonds: A
One member of our party was allergic to apples, meaning I got a second helping of this (praise!). Perhaps the dressing was a bit heavy-handed, but overall I loved this plate. Fresh, sweet and nutty, great flavors. Everything worked together and actually worked as a good palette cleanser before our meat-forward dishes started to arrive.

Shrimp with sizzling garlic, chili oil: A
How a tapas bar does shrimp and garlic says a lot about the caliber of the place. It's a simple dish, but a classic that's virtually always a staple of menus like these. Luckily for Cocina, they nailed this one. Fresh, perfectly seasoned with a bit of a kick -- as well-executed as it comes. 

Maitake mushrooms with goat cheese, fresno pepper vinaigrette: A
One of my favorites of the night. I adore maitake mushrooms and these were delicious. Safe accompaniments here (pretty much always see red pepper and goat cheese/goat cheese adjacent served with mushrooms) but it was very well-done, all seasoned nicely. 

Octopus, smoked paprika creme fraiche, guajillo vinaigrette: A
As usual, I'm picky about my octopus dishes. I wasn't necessarily enamored with this but it was very, very good. Cooked nicely (that's the priority) and seasoned nicely, grounded in earthy accompaniments that supported the protein well. Overall, very well-executed and highly recommend for octopus fiends like me.",True,3,2,3,Molly T.,en
137,2019-12-04 01:40:27+00:00,4,"My family of 5 celebrated my cousin's birthday here. Her, being the only local one out of the group, suggested it so that's how we've come to hear about it. Apparently, there are multiple of these ABC restaurants, each specializing in a different cuisine (vegan, new American, etc.). This one is Spanish tapas. 

Walking in, I immediately love the ambiance, and was surprised to see how large the space is. (ABC is also a furniture store next door, so that's where they get their decor from. Don't get confused when you Google Maps it.) If you've ever been to The Bazaar by Jose Andres, this place gives off similar vibes. However, the menu, although sounds delicious, is not as creative and ambitious. The price tag is pretty high too for what you get, which is the main reason why I can't give it a full 5 stars.

We shared...
- Guacamole
- Tuna Tartare
- Patatas Bravas
- Mushroom Empanadas
- Crispy Fish Tacos
- Charred Octopus
- Crispy Seafood Rice
- Churros

Honestly, I enjoyed every single dish. I have no complaints on the taste, only the portion size. The breading on the fish tacos, for example, was outstanding and memorable. But $21 for 2 tacos? Hard to justify when I can get $1 fish tacos in SoCal. The pastry and filling of the empanadas were also a standout. Cocktails were good too. Service was decent, could've been a bit more attentive. My cousin said she likes ABCV more (the vegan one), so I'd be open to trying that next.",False,2,1,2,Jessica C.,en
136,2019-12-05 11:54:13+00:00,4,Love the atmosphere and vibe. Small plates concept with so many delicious foods to taste and enjoy. We ordered the chips and guacamole to start. The mushroom empanadas were que rico! And the tacos delicious too. For dessert the apple crisp with lemongrass ice cream!  Out of this world...  Service was clunky and inconsistent however.,False,0,0,0,Annmarie N.,en
135,2019-12-09 05:10:05+00:00,1,"I was really excited to bring a friend from out of town here when she was visiting, but I have to say I was extremely disappointed with the service and overall experience. Our server collectively said maybe twenty words to us the entire time. She didn't introduce herself, ask if we'd dined there before or ask if we had any questions about the menu. These are stereotypical things you'd expect, especially from a restaurant this nice. She was hasty and rude. She never checked on us. She didn't refill our drinks. She was hardly present when we tried to flag her down. She did not seem to care at all.

On the positive side, the food was great. My friend had the pancakes and loved the syrup. I had the arroz con pollo which was amazing. We also shared a delicious helping of guac.

I'd like to return eventually, but need time to recover from the awful service before I even think about it. It's quite possibly the worst service I've experienced in NYC since I've lived here.",False,1,0,0,Richard G.,en
134,2019-12-10 14:55:44+00:00,3,"My friend and I had a nice dinner; we both ordered the fish tacos and for dessert, the cobbler.  I was underwhelmed with both, unfortunately.  The waitstaff was terrific and the ambiance was wonderful.  Very crowded, very lively, but you could still have a conversation.  I am interested in returning to try other dishes, though.",False,1,1,1,Ms R.,en
133,2019-12-20 03:37:02+00:00,3,"I've always been a sucker for JG! ABC Cocina however was NOT my favorite. If your looking for really good drinks and a small bite I'll suggest it, food wasn't that great but the margs (jalapeño basil is a MUST) Made up for it along with the cool decor and buzzing atmosphere.",False,0,0,0,Crystal S.,en
132,2019-12-28 19:26:49+00:00,5,"I had a team dinner here a few weeks ago and everyone left so satisfied I had to write a review! Many of them have been to the sister restaurants next door so they knew what was in store. Due to the large dInner party size we had a prefixe dinner menu all served family style. There was about 18 of us. Although we did all fit on one table it was very tight. Unfortunately, there might be this assumption we are all tiny but we had 9 men and 9 women not all under 90lbs. It was a little tight but we made it work. 

Food was delicious! We started with guacamole and tuna tartare. Everyone was hungry so it was a great start! We moved on to octopus, chorizo, short rib and fish tacos. Eventually we tried arroz con pollo and that was the home run! Everyone still talk about it till this day. Overall food and drinks were delicious! I would plan another team dinner but perhaps with a bigger table.",False,0,0,0,S W.,en
131,2019-12-29 16:07:37+00:00,3,"The food at ABC Cocina is excellent. We order several dishes and they showed up one by one in a timely manner, tapas style. All of the dishes were delicious, our favorites being the seafood rice and home made chorizo. ABC Cocina is a very hip, happening place. I could have been a great evening if it wasn't for the service...
Our absentee waiter Michael only made guest appearances to take our order and to drop the check. The other times I had to flag him down was to ask for more drinks, then again to remind him that only two of the drinks were delivered, to bring a dessert menu, that one of the dishes were not delivered, yet still was added to the check. He never checked on us during service. He never apologized for the mistakes. Considering that our tap ranked up $380 we could expect a little more interest. We had far more attention from the busser and food runners. 
So, if you are willing to compromise superb food in exchange of terrible service, I highly recommend ABC Cocina.",False,0,0,0,Link S.,en
130,2020-01-05 01:05:27+00:00,5,"Jean-George's ABC restaurants never seem to disappoint and ABC Cocina is no exception. The atmosphere is lively and it is a fun restaurant to meet up with a group of friends. We ordered the guacamole and chips and split a few of the other dishes. A standout was the beets with apples and a mustard vinaigrette. Overall, a fun atmosphere and delicious dishes made for sharing. Just know that it's always crowded and reservations are needed.",True,0,0,0,Lianna T.,en
129,2020-01-05 01:11:56+00:00,5,"I'm a fan of all of ABC's restaurants. They use the best ingredients, they're inventive with the dishes, and the service is always attentive. Cocina takes the inventive part of that even further. I would not call this a traditional take on Spanish cuisine in any sense. Instead of trying to serve you the classic tapas dishes, they push the envelope with incorporating black truffle to the manchego. Even classic dishes like arroz con pollo they take to the next level by reincorporating the crackled skin as a garnish. Well done all around.",False,0,0,0,Harrison E.,en
128,2020-01-08 03:53:31+00:00,5,"Delicious food and lively atmosphere.  Our party of 4 enjoyed the potatas bravas; fritters, tacos, but the arroz con pollo was the best.",False,0,0,0,Diane B.,en
127,2020-01-12 19:43:26+00:00,4,"I really wish half stars existed. It wasn't quite 5 star blow your mind but still a little better than 4. I was in town for the night and my group of 5 girlfriends decided on this spot for drinks and dinner. I really wish everyone would have been down for the tasting menu, but with the amount of food we got I would say we tasted the entire menu. We started with the cheese board, guacamole, truffle, empanadas and tuna tartar (yes, I said started with). Everything was delicious and actually was the perfect size for sharing for all of us. It all came out in a timely fashion, along with our drinks and the water was kept filled all night. For our entrees, 2 of us got the crispy fish tacos (myself included), one of us got the pork tacos, one had the seafood rice and one had the arroz con pollo. There were rave reviews from everyone. The crispy fish tacos were amazing, and then we ordered another entree for the table to split which was the star dish in my eyes- the octopus. Pictures were a little difficult to take due to the lighting, but it's definitely a place I would go back. Oh yeah, GET THE CHURROS FOR DESSERT!

Must have- the truffle balls, or whatever they are properly called. They were absurd. The octopus. The crispy fish tacos. The churros.",False,0,0,0,Emily J.,en
126,2020-01-13 02:27:41+00:00,3,Wish I could give an extra half star. Guacamole was the best. Music was on point. Service was good. Food was inconsistent. The cheese plate was blah and the gooey ham and cheese balls were not gooey but had a strange taste. The portions are fair as it is a tapas restaurant. Nice experience.,False,0,0,0,Laura M.,en
125,2020-01-13 16:07:28+00:00,1,"Overrated, over-priced.  $25 for 2 tacos?  That's almost $15 a taco or $30 for 2 tacos with Tax/Tip.  Stay away!  Over-priced, what a rip off.  

Place is too loud as well, ambiance is terrible.  You can't even hear yourself.

Service is terrible.  You just see servers standing around when your water cup is empty.  

Stay away.",False,0,1,0,YY A.,en
124,2020-01-30 02:07:12+00:00,5,"I decided to give ABC Cocina another shot after a very good visit to ABCV.  All of my negatives from last visit were effectively addressed with much more attentive service (e.g. drinks brought promptly, reasonable spacing between courses, offers for more drinks). Food was also very excellent as per last time although I ordered mostly differently (didn't remember I had  ordered the beets  last time but then  I tasted them and still very good).  Last time I did not get dessert but I got the horacha Sunday this time which was delicious and highly shareable. 

I'll be back but still on the look out for return of apathetic service.",False,0,0,0,Steven S.,en
123,2020-02-01 23:09:12+00:00,1,"I just left ABC cocina and this review is not about the food or drinks, because those were actually quite delicious. 

I am giving this place 1 star because I came here to celebrate my sisters birthday and came with a cake. I told the 2 people at the front desk about having a dessert to celebrate (including the manager, Deanna,  as well as the bartender to get the plates and forks. Never once was I told about a ""plating fee,"" but yet when the check came we were charged $30 bucks to eat 2 slices of cake In celebration of a birthday.  We were never told about this fee, and when I explained this to Deanna it was brushed away as ""policy. "" 

I will not be returning here and would not recommend,  based not on the food or drinks but lack of transparency from management",False,0,0,0,Hannah A.,en
122,2020-02-07 15:23:44+00:00,5,Sean Michael helped us alot when we had a major issue. Will be coming back again for ABC hospitality and great ambiance.,False,0,0,0,Sube Z.,en
121,2020-02-18 19:55:09+00:00,5,"I absolutely love this restaurant! I came here last week for the third time and it continues to live up to my expectations. The margaritas are amazing. I haven't tried their flavored margs, but the classic one is to die for. The guacamole is also awesome. I had the fish tacos and you get two in an order. For me, it was the perfect amount, but some people might want to get a side dish. The fish was perfectly fried and super flaky. We did not get dessert because we were full, but I have had their sundae before and it is one of my favorite desserts in Manhattan. Definitely a must try restaurant if you like latin/mexican food!

Side note: It is a little pricey so I would make this more of a special occasion dinner.",True,8,1,6,Cara T.,en
120,2020-02-29 14:01:50+00:00,4,"I've been to ABC Cocina for dinner twice now, and each time the experience was bueno. I love all the ABC chains. In fact abcV is the only completely vegetarian restaurant I'll eat at! This chain of restaurants is *chef's kiss*. 

This time around I dined with my best friend before a concert. Everyone was super accommodating and, since we were early, they allowed us to grab a drink at the bar. As soon as the drinks got there, though, they ushered us to our table. Table usherer was wearing an awesome graphic print shirt too. How funky fresh.

The bartender took the time to explain to us why a specific tequila was being used in the drink we ordered and we sent her on her merry way and trusted her. Boy was she right - damn were those spicy margaritas good! It's at a place like this that I don't even ask the bartender to give me a ""skinny"" version mostly because I know how fresh the ingredients must be. You feel healthy downing these margs - my only complaint? A lot of ice. Would've appreciated a bit more drink before having to order a second. But these seriously hit the spot.

The share plate method of dining has not always been my favorite, but at ABC Cocina, I don't mind it one bit. The plates are large enough to be shared by 2 people, so when you're browsing the menu, you're essentially thinking about it like ""ok, this is an app for 2."" The waiters always tell you just as much as you should order. They let you know if you'll be hungry or if you should perhaps order one more dish.

I'd go hungry to this place and make sure you're in the mood to socialize. You'll always feel relaxed here.

Only reason this review is missing the 5th star is because, say it with me people, ""Sarah doesn't give 5 stars!!!!!‍.... unless it's like, the best steakhouse I've ever eaten at in my life.""",False,1,0,0,Sarah W.,en
119,2020-03-02 23:15:41+00:00,1,"Came in here on 3/2 around 5:30 with my friend trying to get a drink. Was super excited to try out their food since it looked so great but the bartenders failed to even hand us a food menu. Even receiving the drink menu took a few minutes when the bar was very slow. They also did not ask us if we wanted another drink. The party next to us got food menus, drinks and they checked if everything was okay as well.",False,0,0,0,Diana M.,en
118,2020-08-20 02:24:09+00:00,1,ordered take out from here and for $65 I would rather have ordered a pizza thats how bad it was. I loved this place and AbcV pre Covid but this was god awful and felt like it was saved and not cooked fresh. Also I hear not all the same chefs are there. Drove 20mins to pick up $65 worth of food that I threw in the garbage. Go somewhere else.,False,0,1,0,G P.,en
117,2020-09-13 23:45:23+00:00,4,"I'm so glad this place is allowed to operate during Covid with outside seating. We had the reservation for 8:30p and arrived a few minutes late. The hostess was quite unpleasant. First, she claimed we had not made a reservation and then was quick to state that we should order everything right away because the kitchen is closing soon. Not the best start but it was all erased by the absolutely A.M.A.Z.I.N.G waiter we got. He right away put us at ease and said there was absolutely no rush to order. His service was top notch throughout the dinner and it just made the food taste even better. The guacamole with their signature tomato salsa is a great way to start. Their salsa is so good that I ordered more separately as well. They offer cold pressed juices for folks like me who don't drink alcohol. I ordered their ""Green Glow - spinach, kale, green apple, citrus"" and it was extremely refreshing. The entrees were very fresh. You HAVE to try their sweet corn pudding (only available for patio dining) with blueberries and cornmeal shortbread to finish off the meal. The BEST sweet corn pudding I've ever had. The waiter was very attentive without being overbearing. Overall, an excellent experience and will be back for sure. The less star is because of the hostess who such a contrast to our waiter.",False,0,0,0,MEENU B.,en
116,2020-10-24 03:03:32+00:00,5,"Jean-Georges Vongerichte's ultra chic Latin American fusion restaurant was our brunch pick couple of months ago - way before COVID. I am late in reviewing this place but it truly deserves 5 stars! The ambiance is great here to make it a date night spot or just a casual meal with friends. Small plates so the bill adds up quickly but everything we ordered was on point. Friendly tip, make reservations because it's hard to get a table on the weekend.",True,0,0,0,Nur E.,en
115,2020-10-29 01:17:36+00:00,2,Highly underwhelming. The food is very highly priced and the taste just doesn't match the price point. I've been to ABC kitchen before which I loved but ABC Cocina is a waste of money.,False,0,0,0,Jahnvi D.,en
114,2020-11-09 02:03:05+00:00,5,"-guacamole. Very fresh. Great presentation. Homemade chips with it are the perfect amount of crispy.
-drinks: grape concord mimosa is delicious. I found it a little odd to see a mimosa on a dinner menu but it was absolutely delicious. I got two.
The mock tail was perfect for my partner.
-the hopper shrimp: very good with a squeeze of lemon 
-chicken tacos: had a great spicy kick to Them. The chicken tasted delicious. Highly recommend 
-flounder fish tacos: the whole thing tastes very fresh. There's a lightness to it a even though it's fried. The fish is a big piece which you don't get often when ordering tacos. Highly recommend
Aesthetics wise from the atmosphere to the serving of dishes, everything was perfect. we had a wonderful date night and will be back again.",False,1,0,1,Frish Y.,en
113,2021-01-03 19:33:49+00:00,5,"Came here a couple of months ago when NYC was still doing indoor dining, and they took very good precautions to make sure their guests felt safe. Everything we ordered was SO good, and the service was fast and friendly. Two of my favorites were the arroz con pollo and the octopus. Will definitely be going back!",False,1,0,0,Olivia C.,en
112,2021-02-17 13:44:34+00:00,5,"Great restaurant.  Unique both food and ambiance, great date spot, some interesting wines such as Carmenere. Affordable considering Jean Georges",False,0,0,0,Thomas A. D.,en
111,2021-02-24 21:03:47+00:00,1,"Was here for a celebratory meal but had a horrible and utterly unacceptable experience.  The General Manager, Dana Fortunato-Lawrie, was long on excuses and short on remedies.  She knew the ""right"" things to say, but when it came to expressing genuine concern for her guests, she really struggled.  The only staff members with a can-do attitude were the bussers.

Our waiter, a blue-haired individual, was rude and totally incompetent.  We ordered two alcoholic pitchers ($72 each!) and he tried to upsell us when we weren't even through drinking what we had.  Transparently exploitative and incongruous with the Jean-Georges image.  We were never checked in on and during our time at the restaurant we saw at least 2 tables leave in a huff.  Our waters and beverages were never topped up, and we were rushed into ordering more food than we wanted. 

With everything going on in the world, this is not the time to be slacking.  It is unfathomable that anyone, much less frequent Jean-Georges diners like us, was treated with such condescension and disdain.

We ordered the guacamole ($19); squash empanadas ($15 for two pieces); black truffle, fontina, and farm egg pizza ($26); roasted cauliflower ($27); ramen ($27).  The pizza was the best item we had; the other items were passable.  The ramen was totally inedible, forget ""broth,"" it was chili oil and water.  Disgusting.  Its only saving grace was the tiny portion.  Truly repulsive.

One of my friends actually cried at the dinner table because we were subjected to racism and transphobia.  Our treatment was appalling by any standard, but all GM Dana saw fit to do was bring out 2 mini-cupcakes and some churros ($15).  It was disrespectful and a slap in the face.  

Overall, a truly humiliating experience that no one should ever be subjected to.

DEFINITELY NOT RECOMMENDED.",False,1,2,1,Mickey M.,en
110,2021-04-04 22:51:26+00:00,4,"Good spot for a chic but casual Latin-inspired brunch. 

My friend and I split the crudo, mushroom tacos, and fish tacos. The crudo was fresh and citrusy. The mushroom tacos were super flavorful. And the fish tacos were nicely crispy. The price point is a little high- the tacos came in a set of two for $21. Brunch came out to $40/each at the end. We came here last minute and we're glad we did!",False,2,1,2,Serina W.,en
109,2021-04-05 11:19:54+00:00,5,"After almost a year between visits due to Covid, we finally returned for Brunch this past weekend. Happily, nothing has changed!! The food, service and cocktails are as amazing as before! Don't miss it!",False,1,0,1,Mark S.,en
108,2021-04-10 02:19:43+00:00,1,"I found the food to be horrible- very acidic/ salty/over seasoned, overly complicated and overpriced. I ended up eating only a few bites of everything. My hot lemon water was the best thing I ordered. Second best was the salad with strawberries and manchego. The rest I took a few bites and tossed out. 

Service was like eating at a cafeteria....ambience was mediocre at best. Will not be dining at any of the ABC restaurants in the future. There are far too many gems in the city.",False,0,1,0,Puja C.,en
107,2021-04-30 01:21:18+00:00,5,"Never disappoints! Their spring pea guacamole is incredible. Tacos are great, and drinks are good too! Love Jean Georges' restaurants!!",False,0,0,0,Flora G.,en
106,2021-05-29 22:48:03+00:00,5,"Five stars for the food,  staff and vibe of the place.  Really considered a four star with the long wait between the delivery of tapas plates.  Dining room wasn't anywhere near full capacity. May have just been understaffed at the time. Will give it a five and the benefit of the doubt that it's not always slow on delivery. They turned it around toward the end.",False,0,0,0,Sean P.,en
105,2021-06-06 16:44:33+00:00,1,"I have traveled the world and eaten at many fancy restaurants however, this was the worst experience I have ever sustained. Went for a preset birthday dinner, the menu we were given had much tapas on it and a few ""entrees"", followed by margaritas. When we sat down we asked if we pick what we want and if we pick one of the three margarita flavors for drinks. The waitress then said, ""you receive everything that is on this menu."" The food came it was portion servings for 1 person for about 4 people. It was not tasty and the bill came and was more than twice the price of what we were quoted for the party reservation. Most of the party did not eat the food and the drinks (in which we asked for confirmation) were not included in the price but instead $70 a pitcher and we had about 5. Communication was terrible, staff was uneducated on their role and establishment. Overall horrible experience and disappointment.",False,0,1,0,Tammia M.,en
104,2021-06-16 13:10:02+00:00,4,"Awesome cocktails & food. The crab cakes were very good, as was the guacamole. Definitely recommend coming through!",False,1,0,0,Sabrina L.,en
103,2021-06-22 12:07:59+00:00,4,"The portions are a little small but the food is solid. Also really liked the interior and the open kitchen.

I loved the grapefruit margarita, calamari (the breading was quite good and better than most), chipotle chicken tacos, and the arroz con pollo (the chicken was so juicy and delicious). We also ordered the pea guacamole (good but a crazy tiny portion), fluke crudo (average; I would skip), and the sirloin of beef (I would skip this one also; we ordered it medium rare but it came out more on the medium side).

For dessert, we got the strawberry rhubarb cobbler with buttermilk ice cream and the churros, both of which were also good.",True,1,0,1,Tansy W.,en
102,2021-07-10 17:42:36+00:00,1,Overrated garbage. They need to strip the chef of his Star. Tacos were HORRIBLE. Chicken rice was HORRIBLE and mushy. The only good thing was the shrimp and that was nothing special. Spent over $200 and was the most expensive and by far the most disgusting food we had visiting the city.,False,0,0,0,J C.,en
101,2021-07-11 18:05:38+00:00,3,"I do not recommend this place. Portion size is extremely small. Wait staff is slow.  Food came out fast flavors were amazing. Had mushroom tacos. The taco was crumbling apart and poorly executed. A little bland. The fish tacos should be called fish flavored tacos. It was all breading slaw and sauce no fish. Tasted great just extremely disappointed on the execution of such an eloquent fish. The fish had all batter and should have been cooked longer it was not as crispy as it should have been. Seemed sloppily made. The potatoes were delicious although I could fit the entire portion of the potatoes in my hand. The rosemary aioli and guajillo sauce was awesome sauce. Definitely recommend trying the habanero hot sauce if you choose to come here. Certain dishes for example all the bread dishes like French toast and churros they were generous with. Octopus is a must try and super tender and succulent. Will not be going back if you go try the octopus. Only tip for me.  
Don't go super hungry because you will leave hungry! Portion sizes are smaller than normal places for the quality of food",False,0,0,0,Jacqueline Z.,en
100,2021-07-13 21:45:53+00:00,5,"So delicious
When you sit outdoors you can order from the adjacent Jean G restaurant. Must try the pizza!",False,1,0,0,Candice K.,en
99,2021-07-16 02:28:00+00:00,4,"Food was good. Service was friendly. Was a fan of their french toast. We tried their trio of tacos, they weren't bad but needed a little bit more seasoning. The drinks were good.",True,0,0,0,Vishal P.,en
98,2021-07-16 18:26:42+00:00,5,"I stopped by here for dinner with a colleague, and we had a great meal. It is tapas style -- we particularly enjoyed the Arroz Con Pollo and the calamari. Our server was friendly. It is a bit loud but is great for conversation with a small party (2-4).",True,1,0,0,Dave D.,en
97,2021-07-25 03:16:24+00:00,2,"Great food, but I would wait until they are able to staff the restaurant better.  We waited 45 minutes and had 3 dishes brought all at once, which degraded the overall experience and our ability to enjoy each one on its own.  We had an apologetic waiter, but for the amount spent, it's not worth the trouble.",False,0,0,0,Lawrence Z.,en
96,2021-07-29 00:08:41+00:00,1,"I have been wanting to try ABC Kitchen for quite some time now. I made a reservation at ABC Cocina outside in order to do the ""taste of all three"" menus. I called the restaurant at 6pm to change my 7:15pm reservation to 7:30pm. When my fiancé and I arrived at 7:39pm on our 3 year anniversary and we were told that our table was given away and the reservation was at 7:15pm with a 15 minute grace period. Mind you there were available tables outside. I will not be coming back.",False,0,0,0,Michelle Z.,en
95,2021-07-30 03:13:08+00:00,4,"Another restaurant popularized by Kim K. 

This place does have some tasty dishes. I personally love the fish tacos and their churros. Their guacamole is also quite tasty. 

Great place for a quick bite after work!",False,0,0,1,Elle W.,en
94,2021-08-06 23:43:58+00:00,5,"Went for cocktails and tapas with a friend a few weeks back. We met around 5 on a weekday, and the restaurant was mostly empty. Apparently in pre-covid era it was impossible to get a reservation, but we had no trouble making one just a few hours before we arrived. 

Really, really good cocktails. Friendly and professional service. Food was good too, though we only tried a few appetizers. The pea guacamole was great, as were fish tacos. 

Nice atmosphere in the dining room, as well. And hey, if you want to buy a couch or some carpet, you can just walk upstairs to the ABC Carpet.",False,1,0,0,Vic M.,en
93,2021-08-08 14:26:52+00:00,5,"Got the spring pea empanadas, mushroom tacos,  squash blossom quesadillas, and sorbet. The mushroom tacos were the only thing I would have put in the ""good but not amazing"" category. The fact that the greens sat on top of the mushrooms meant you got a bite of either mushrooms or bitter greens. I probably would've liked it a lot more if they were more mixed. Everything else was DELICIOUS! Would totally go back",False,0,0,0,Kavita P.,en
92,2021-08-15 13:30:16+00:00,5,"The interior is beautiful and outdoor place is quite safe/distant. Went for a brunch (reservation on resy). We got frozen drinks m (sangria base) so it's fruity, great for summer days. Food wise, relatively vegetarians friendly with options marked.",False,1,0,0,Kay W.,en
91,2021-08-25 23:01:13+00:00,5,"I've always wanted to try an abc restaurant before and finally tried abc Cocina. I was a little nervous because of the recent mixed reviews, but we had an amazing meal here! 

I had the frozen strawberry hibiscus sangria which was a great drink to accompany the meal. Very refreshing. 

These are the dishes we tried--

table snacks:
guacamole (5)

light & bright:
long island fluke crudo (5)

golden & crispy:
patatas bravas (4)
hopper shrimp (3)

masa & tortillas:
pea empanada (4)
mushroom taco (4)

grilled & roasted:
maitake mushrooms (5)
charred octopus (5)
sirloin steak (4)

rice & grains:
arroz con pollo (5)

The guacamole, charred octopus, and arroz con pollo were my favorite dishes! Also really liked the fluke and mushroom dishes. 

I liked that the dishes were a mix of different cuisines and the service was amazing too! I really liked the ambiance and it was casual but classy. 

Overall, a great meal at abc Cocina!",True,2,0,0,Angela K.,en
90,2021-09-02 02:48:51+00:00,5,"Exceptional experience! 
The restaurants ambiance is everything you expect with a Jean George experience. Dim, Sexy, elegant, delicious. A true experience. Maria gave us amazing service and we felt very welcomed. Dana the manager came by to make sure everything was great and she made sure we felt like we were a true VIP customer as they make EVERY customer feel. Thank you. Can't wait to experience more Jean George experiences.",False,1,0,0,Manny M.,en
89,2021-09-15 02:46:02+00:00,2,"Eh save your money, especially if your coming to New York from out of town. The service and staff are horrible and the food is nothing special. I am getting more and more disappointed with Jean Georges chain with each place I try. I should know better by now.",False,0,0,0,Jordan M.,en
88,2021-09-28 22:43:07+00:00,4,"This was my first time visiting an ABC restaurant and I really enjoyed my experience. I like how all three restaurants and the home store are all connected to each other - at first I thought it was strange having a furniture store and restaurants under the same umbrella, but it kind of makes sense once you see the interior decor of each ABC.

The menu is pretty small but some favorites were the corn empanadas, the maitake mushrooms, and the melons with dipping sauce. I've never had anything like the melons before but I really liked how refreshing they were, with the perfect amount of bite from the spice. The corn empanadas were a dark horse and paired super well with the corn margarita, which was also a concoction I've never tried before. They had some other interesting margarita flavors as well, like ginger and spiced plum.

Overall I thought it was a very neat concept with interesting takes on Mexican / Spanish classics. Interested to see how the other two ABCs differ in cuisine.

PS - they say on the menu that the pitchers serve 5, but we got 3 between 3 people... oops?",False,1,0,1,Wendy Z.,en
87,2021-09-29 00:26:08+00:00,1,"I've been going to ABC Cocina for a while now (as well as ABC Kitchen, Nougatine and Jean Georges). I always enjoyed the fresh food and helpful service. Until now. My last visit was an utter disappointment. It took 20 minutes to have someone fill our water glasses, despite multiple efforts to flag someone down. The appetizer of melon coulis was an uninspired three wedges of un-ripened cantaloupe and honey dew. There was no taste to the melons. We mentioned this to the waiter, who just shrugged his shoulders. The fish tacos fell apart at first bite. 

Any self respecting chef or sous chef who pride themselves on farm fresh produce would not serve un-ripened melon. They would take it off the menu. We were told that it was end of season, so the melons were not ripened. 

The next day, I went to Trader Joe's (not known for the ripest produce), and found the sweetest Italian cantaloupe I've had in ages. Shame on Jean-George. Truly. I would be ashamed to serve sub-par food in such a restaurant known for quality of food and service. 

Now you're known for the money grab of serving bland, barely passable food at insane prices. I'll never return to a Jean-Georges restaurant again.",False,0,0,0,P. Peter H.,en
86,2021-09-29 13:09:37+00:00,5,"Super super good food! Such a wide array of food and all of them were great. 

Loved the Patatas Bravas",False,2,0,1,Alex L.,en
85,2021-10-16 10:08:43+00:00,5,"Went in on a whim with a friend and found an exquisite culinary experience with chocolate dipped churros to die for. Our server, Latricia, was incredible in helping us select the best dining experience for our tastes. Can't wait to go back!",False,1,0,1,Eli P.,en
84,2021-10-18 03:27:58+00:00,5,Absolutely blown away by the amazing food and the even better service. Such a pleasure to eat at a restaurant like this. All the staff were very attentive and friendly. The management was wonderful as well too! Definitely coming back to enjoy another meal here:),False,1,0,1,Leah C.,en
83,2021-10-30 15:28:53+00:00,5,"I recently went to ABC for a work dinner and oh my they delivered. The table was setup so nice with pre fixed menus printed and our company name on the top. Everyone was so kind and attentive. Didnt let our water glass stay empty for a single second. There were a lot of dishes and i dont remember the name and my fav. was all the salads, ravioli and chicken. I will be returning with my family.",False,1,0,1,Megha M.,en
82,2021-11-16 23:15:34+00:00,5,"ABC Cocina, part of Jean-Georges' restaurant triumvirate (Kitchen and V are the other two) in ABC Carpet & Home. It is safe to say that the three restaurants are now far more successful than the store. ABC Cocina is Jean-Georges' pan Latin American restaurant where he uses locally sourced seasonal ingredients. The cuisine is inspired by traditional LatAm dishes rather than actually being food you would expect to find in south of the Rio Grande. Having said that, the food is delicious and inventive. The cocktails are creative and go down easily. As at any Jean-Georges restaurant, the service is excellent. This was our first time back since the Pandemic and ABC Cocina is as great as it was when it first opened.",True,7,2,6,Frank A.,en
81,2021-11-26 19:41:16+00:00,5,"A friend and I had a impromptu thanksgiving dinner here, food was great, we had guac and chips as a starter, a few small tapas and then their thanksgiving plate with turkey, mash, chicken and stuffing and of course a few margaritas.

It took about 10-15 mins to initially get water and menus but after that the service was on point.

I would definitely recommend them and will be going back,",False,0,0,0,Kai A.,en
80,2021-12-05 20:20:01+00:00,2,"Such a comedown. Used to be so reliably great. Now the service is really suffering. Arrived on time for 12:30 reservation. Took a while for the server to approach. She was lovely but clearly overwhelmed (not her fault). My friend's entree arrived before our app; mine was MIA. Had to chase the server after 20 minutes asking about the whereabouts of the app and my entree. Asked for a fresh dish for my friend--later learned her eggs Benedict had an extra $25 charge for a few pieces of ham. I was asked if I wanted a fried egg with my arroz con pollo--also a $25 upcharge (!) with no mention of this beforehand. No comp for drinks or anything after the kitchen delays and service mishaps. Food is still good but disappointing experience, especially compared with pre-pandemic trips.",False,1,0,0,Ann D.,en
79,2021-12-13 02:15:18+00:00,3,"Overall disappointing and definitely not worth the price. I had been here a few years ago and really enjoyed it so it was a shame to see how far it has fallen. 

Pros: decor is lovely, drinks tasted good, and the guac with the hot sauce that is left on the table was good, along with the roasted tomato salsa that comes with the guac

Cons: everything else we had was relatively bland, had a very one-note flavor, and often times felt lacking in acid. We had the shrimp (perfectly cooked but bland. The runner who dropped the item at the table even said beware of spice but I could not find any heat); calamari (again the protein was well cooked but overall bland; squash empanadas (well fried and was not greasy at all but lacked flavor and needed salt); chicken tacos (chicken was cooked well and the salsa was good but it felt like it was missing a component. Maybe a slaw?) 

I also generally think the portions were VERY small for the price tag. 

The other major con was the waitstaff. Our server took over 20 min to take our order then basically disappeared the entire meal - never came back to even ask if we wanted more drinks until we were literally done with our entire meal. The food runners who brought out the dishes were efficient but basically just said what the dish was and ran away with asking if we needed anything else (like a new drink or water).

I would definitely skip and instead get tapas at Boqueria.",False,0,0,0,Sue G.,en
78,2021-12-13 19:48:05+00:00,3,"Had Thanksgiving dinner and it was a good choice that night. The server was pleasant and my family loved the food. I was seated towards another side of the restaurant which was more casual and noticed on my way to the ladies room there was another section more formal. I'd like to come back and try more on their menu esp on the formal dining area. Would recommend this to friends, family & coworkers to try if ever in the area.",False,0,0,0,Eve C.,en
77,2021-12-15 18:02:07+00:00,5,"I've tried ABC Kitchen and abcV, so finally get to try ABC Cocina which is part of Jean-George's restaurant. ABC Cocina is mixed with Latin and American flavors and its tapas-style. Loved the atmosphere and the food was so spot on. 

What I ordered: 
- Guacamole with roasted tomato salsa and warm crunchy tortillas
- Shrimp with sizzling garlic, chili oil
- Mushroom Empanadas with green chili mayo
- Spiced Ground Beef and Celery Root Empanadas
- Charred Octopus smoked paprika creme fraiche, guajillo vinaigrette
- Arroz con Pollo crackling skin, lemon zest",True,2,0,2,Jenn L.,en
76,2021-12-19 18:06:36+00:00,5,The best margaritas I've ever had - great atmosphere - great staff - amazing food - doesn't get any better than this,False,0,0,0,Alka S.,en
75,2022-01-20 13:33:42+00:00,3,"Food is amazing. It has a tapas concept. For two people I  recommend to choose 4-6 dishes. Empanadas and octopus were beyond any expectations! 
But service is far away from great. Our server during the entire time we spent there came 3 times : ask what we gonna to drink , ask what we order to eat and brought the check. I made a comment saying that plates were not changed AT ALL , had to chase other waiters to order drinks and I would like to see the dessert menu. His response was "" I thought other waiters took care of you"". Indeed they did but we had to catch their attention. So service really ruined my experience. But need to highlight again that food and cocktails were delicious! 
.",False,0,0,0,Yulia Z.,en
74,2022-01-23 00:24:01+00:00,5,"I came here for a Friday dinner with a friend and had a nice time! 

The ambience when you walk in is quite nice--very chic with flowers at each table. It is a popular and crowded restaurant so the tables are positioned a little closer together. If you've been avoiding crowds and people because of COVID, I would maybe re-consider indoor dining here. 

We order a couple of cocktails--I got the lavender negroni and also the grapefruit margarita. Both of which I enjoyed! The negroni was interesting, very boozy (which I loved), not too sweet with the lavender note coming in sorta like an aftertaste. The grapefruit margarita was very refreshing and light.

We also ordered the arugula salad with brussel sprouts and cheese. It was mixed with a tangy vinegrette that was also very tasty. 

For our entrees, we each ordered our own tacos. I got the flounder tacos which came out just fried and was very hot and crispy. The tacos were delicious! Each order comes with two sizable tacos--I had huge pieces of fish on each of my tacos. Super delicious and definitely hit the spot.

We also ordered dessert. We ordered the cocoa tres leches cake, which came with a scoop of delicious ice cream and a thin piece of caramelized banana. It had pieces of brownie sprinkled on top which also complimented the dessert dish very well. 

I would definitely come here again! The restaurant is a bit on the pricer side but I think well worth a date night or just a nice evening out.",True,1,0,0,Jenni W.,en
73,2022-01-29 06:15:02+00:00,4,"Great margaritas!! Their habanero margarita might be the spiciest I've ever had.

The food was also good, but the drinks were memorable.",False,1,0,0,Tuedy W.,en
72,2022-01-30 00:21:58+00:00,4,"Good food. Good service.
Missing 1 star because for some reason, the restaurant is SO COLD despite the doors being closed. I know, I went in the middle of winter, but no heating... really??",False,0,0,0,Andy L.,en
71,2022-01-31 20:49:30+00:00,5,"Nice, Vegan friendly place with an eclectic menu that delivers on variety and taste. This will satisfy any palate looking for delicious Latin inspired dishes. It's a modern take on Latin favorites. 

Can't stress enough what a tasty meal we had. 

Dishes are served tapas style in smaller portions and meant to be shared. With a Vegan at our table, we ordered a mix of stuff including, the arugula salad, guacamole and chips, calamari, French toast, mushroom tacos, flounder tacos, eggs Benedict, and the Beef empanadas. Every dish was simply delicious. Our two top choices were the empanadas and the crispy calamari. Both were perfectly cooked and bursting with delicious flavors. 

Service was impeccable and extra kudos for being open during the Blizzard Bomb. 

Very highly recommended!",True,2,0,1,Rolando N.,en
70,2022-02-14 17:58:46+00:00,4,Cute little spot in the city. The food was good and loved the ambiance here. It felt upscale with some nice comfort food with a slight spin. Check it out!,False,1,1,1,Natalie A.,en
69,2022-02-16 03:14:48+00:00,3,"Some good things, some mediocre. At end of today probably not worth price... 
Good: shrimp ajillo, mushroom empanadas, brussel arugula salad (although a bit plain), pastatas bravas, shishitos 
Mediocre: fish tacos and chipotle chicken tacos (fried chicken and no chipotle flavor!)
Fine: quesadilla (decent but bland)",False,0,0,0,S H.,en
68,2022-02-27 19:52:47+00:00,5,"I came here solo after a workout around the block on a Saturday around 1:30pm. The bar had a few seats occupied, but plenty open seats at the time. I  got the Huevos Racheros and Grapefruit Margarita (yes, after a workout - it was a Saturday, live a little). I loved the portion size, it was just right - unlike massive US portions. If you are a big eater, might leave hungry - but was just right for me. Both the bartenders were super friendly and it just was a nice casual meal by myself. I would definitely come back here!",True,2,0,0,Nivi R.,en
67,2022-03-01 02:16:41+00:00,5,"The food was delicious. There's nothing else but to say that it was delicious. The wife and I tried their arugula salad, the patatas bravas, the fried calamari, the crispy flounder tacos, the chicken tacos and the pork tacos.  For dessert we had the cocoa tres leches cake. And all was just delicious. Each bite just bring you joy. You're anxious for the next dish to come out and see how it'll surprise you. It makes the wait almost eternal. I would definitely recommend this place.",False,0,0,0,Eduardo M.,en
66,2022-03-05 02:08:04+00:00,4,"This place was perfect for an intimate conversation between friends snd the delicious food served as s catalyst for rich conversation. Everything was spot on. Empanadas, arroz con pollo,  octopus were all delicious!  The price was a tad high.",False,33,11,25,James R.,en
65,2022-03-05 14:12:09+00:00,5,Awesome food and good service! Def worth trying along with the other ABC restaurants - Kitchen and V! One thing I would mention is that it is very loud inside but their outdoor seating is great - spread out and have heaters!,False,0,0,0,Alana K.,en
64,2022-03-14 01:25:10+00:00,1,"The food was atrocious, the service staff overbilled for food for one extra person that didn't come. We were treated very poorly. Staff service is slow. For Spanish food we highly recommend baby brasa!",False,0,0,0,Matthew S.,en
63,2022-03-18 21:42:37+00:00,1,Rude and weak  hostess with fake smiling . And the Tables are dusty . She don't even care re-clean again or change our table . Slow service definitely,False,0,0,0,Ali G.,en
62,2022-04-02 18:35:45+00:00,3,"This restaurant was decent! TL;DR is some of the dishes were great, however for the price I don't think it's worth it. 

The ambiance and vibe of the place is nice and clean. The staff were nice and helpful with the menu.

Came here with a large group and ordered a lot of tapas. Some were excellent (calamari was the best, fish taco was also great), however others were okay (ceviche and octopus). 

But what got me was the price. $20 for 2 fish tacos? Would I really $10 for one of those tacos? I don't think so...

Overall, glad I came once, but probably won't come again. Except for that calamari dish, perhaps :)",False,1,0,0,Saddmun A.,en
61,2022-04-10 00:11:56+00:00,5,"Really good tapas for a high end budget, and excellent service.  Sat at the bar and we asked the bartender what he recommended.  We got the fish tacos and the potatoes bravas, both were so delectable and salty!  They came out in less than 5 minutes, too.  The tab was $40 for those 2 apps, but it was worth it.",False,2,0,0,Charlie E.,en
60,2022-04-18 11:39:48+00:00,4,"Solid with family style small plates. Like ABC Kitchen, fun industrial vibe. Good mixed drinks though the check adds up with the small plates",False,0,0,0,JB W.,en
59,2022-05-16 21:58:06+00:00,3,"Restaurant was average/good. Nothing to write home about. If I was passing it on the street and they had availability I would def go. Wouldn't really go much more out of my than that to eat here. Patatas bravas and chicken tacos were best dishes we ate!

Our waiter Victor was so nice tho!!!",False,0,0,0,Pauline M.,en
58,2022-05-20 20:35:11+00:00,5,"I had been here many years ago and I am glad to say my experience was as good as I remembered! We had some great margaritas to start off - ginger was my favorite. The plates are meant to be shared and they recommend 2-3 items per person so we got a total of 6 items for 3 people and we left VERY satisfied. 
Guacamole was very fresh and flavorful, really appreciated the fresh tortillas. The octopus was nicely cooked, I really liked the sauce and the potatoes that came with it. Hopper shrimp was good - nothing special but I love shrimp in any form.  The maitake mushrooms were a great addition, they  were meaty and had this great sauce + goat cheese - yum!
The tacos were our favorite part of the meal, we loved both fish and chicken options. Our server was super nice and so were the hosts. Overall amazing experience!",False,1,0,1,Giovanna P.,en
57,2022-05-22 12:46:53+00:00,4,"Came here for an anniversary brunch! Inside is a great atmosphere and highly recommend

Ordered the spring pea empananadas and patatas bravas for apps. Portion sizes pretty small considering the price! The waiter told us that taco orders now came with two, and on old pictures clearly can see 3 so maybe inflation problems! Apps were underwhelming, definitely wouldnt order again.

Huevis rancheros were decent, but seemed very lazy and no effort into putting it together. French toast wasnt anything special either. The entire time i was thinking ""damn these are good profit margins!"" 

Conchas were very good! They added a nice touch (giving it another star) for the anniversary by giving two cupcakes with candles (they looked and tasted like they were from Baked by Melissa lol) 

Overall, may just come back for dinner and try it out!",False,0,0,0,Vinny B.,en
56,2022-05-30 16:57:46+00:00,5,"My favorite restaurant in the city. The mushroom tacos have consistently been my favorite dish in all of NYC. If you like spicy, the Diablo margarita is to die for. I highly recommend the octopus, heart of palm salad with avocado and cherries, and Long Island fluke crudo. I would skip the quail and the bbq pork tacos. They're fine, but they don't hold up to the rest of the dishes.",True,2,0,3,Kelsey A.,en
55,2022-06-03 05:02:13+00:00,5,"Delicious! Our group enjoyed multiple plates, but my favorites were the beef empanadas and arroz con pollo with chicken skin.",False,1,0,1,Taylor G.,en
54,2022-06-04 23:17:55+00:00,4,"A lot to say about this establishment and it's all mostly positive. The restaurant is located adjacent to its sister restaurant that is all vegetarian and if you sit outside, there is a menu available that combines dishes from both establishments.

The vibe is quintessential downtown New York City with a busy side street and fancy decorations both inside and out. There is an amazing cocktail menu with fanciful combinations including a blueberry flavored whiskey sour. The taste is amazing and well crafted, expected for its pricing and geographical location of course.

For food, we ordered a bunch of vegetarian dishes and felt like kings sitting on the streets of New York with a European style atmosphere. Their best dish is a cauliflower one: whole roasted cauliflower, turmeric tahini, za'atar, pomegranate, red zhug, fresh herbs, and pistachio!

Also order the Green chickpea hummus, mint, ancient emmer pita and crudité. These two dishes alone demonstrate the shear power of some pretty killer vegetarian combinations. You won't be disappointed. 4 stars, and not 5 stars, due to its relatively small sample sizes and relatively high prices.",True,3,1,2,Erik B.,en
53,2022-06-12 21:53:44+00:00,4,Nice dining spot for eating outside on a weeknight. Diverse choices to satisfy everyone. Small plates to share. One benefit of eating outside is that you are permitted to choose from not only the main ABC Cocina menu but also the menu for the sister restaurants next door (ABC Kitchen and the vegan ABCv). Lots of choices! Service is friendly and attentive. Prices seem reasonable but many small plates can add up!,False,0,0,0,Oliver V.,en
52,2022-07-24 02:26:19+00:00,5,Came here on a whim and truly enjoyed the corn empanada. The flavors were just so unexpected in a great way. We also had fantastic drinks!!! The watermelon and tonic is a must try.,False,0,0,0,Jules D.,en
51,2022-07-26 10:32:41+00:00,2,"Incredibly disappointing experience. The food was overpriced, small, and underwhelming. The tacos as Los Tacos No 1 are better and you get more. The zucchini flower quesadillas was okay, somewhat bland. The children tacos were deep fried and all I tasted was fry. The worst part of the evening is we had originally booked for outdoors. Being it was so hot the host asked us if we wanted inside instead. I asked does the menu change if we move and he told us it does limit us to be inside. I then said it's so hot we should probably go inside for the AC. After being seated all 4 guests in my party are sweating horribly. I go back to the host and ask if they can turn up the AC because it felt like outside except without a breeze. He then tells me it is because their AC has been BROKEN ALL DAY! 

It was absolutely MISERABLE. No AC in a 90 degree day, when we left the restaurant the outside was just as warm as the inside. We were all miffed about sitting inside for ""AC"" and a smaller menu when there was no AC. We ended up not even eating most of the food because it was too hot and the food was not that good. The waiter tried to push more dishes on us too.

While I've loved every Jean Georges restaurant I've been to, and his son's restaurants, this is the first I will not return to.",False,1,0,0,Michelle J.,en
50,2022-08-07 23:55:49+00:00,5,"I came here for dinner and loved it!  The restaurant is quite big and has an outdoor patio in the back.  I really liked the decorations and vibe of the place.  I ordered the ginger margarita which was light on the alcohol but good with the ginger flavor.  There were two of us so we ordered 5 dishes since it was tapas style.  We basically got one dish in each category except for the rice and grains one.  First, we started with the potatoes bravas which were crispy.  I loved that there was a habanero sauce on our table when we sat down which went well with all the dishes.  Second, we got the heart of palm salad which I loved.  It wasn't really a salad per se, more deconstructed, but the heart of palm plus avocado plus the chili vinegaraitte was a perfect pairing.  Third, we got the shrimp which was my favorite dish of the night.  The shrimp literally exploded with flavor.  Fourth, we got the chicken tacos.  The chicken was breaded and the tortilla was stuffed.  As far as flavor goes, it wasn't as good as the other dishes but the habanero sauce went well with it. Finally, we got the charred octopus which came with the same sauce as the potatoes.  Would definitely come back here.",True,2,0,1,Aarti G.,en
49,2022-08-12 20:53:12+00:00,4,"ABC Cocina is a Latin small plates restaurant in Gramercy, part of the ABC collection of stores and restaurants. I typically do not do tapas/small plates restaurants because the bill is always huge, but this was the choice of the group. We ordered two rounds of margaritas (fav was the passion fruit) and a mix plates from each section of the menu. The highlights for me were the fish tacos and arroz con pollo as they were the most substantial. I'd definitely pass on the shrimp ($20 for 5 little shrimp that did not taste fresh) and empanadas ($20 for 2 beef empanadas...). Desserts were good, especially the churros. The meal was over $100 per person and ultimately I do not think worth the price, but I did have a good time and liked most of the food. Not a place I would return to, but if you have the pockets for it, you should enjoy it.",True,3,0,1,Ricky Z.,en
48,2022-09-08 01:48:02+00:00,4,"A great tapas type place.  We ordered 5 different small plates for two of us with two bottles of water.  Total price (without gratuity) came to about $190.00 - not bad.

Good flavor, unique recipes and good service.",False,0,0,0,Carmine B.,en
47,2022-11-20 15:24:28+00:00,5,From Nov 3 2022 - We were originally going to go to Bocca Cucina but ended up coming here instead as the bar scene was rather dead at Bocca. There is no signage for abc on E. 19th street but we found it quite enchanting and decided to go in. We sat at the bar which had a great bar scene Inc organic cocktails and small bites. Definitely would recommend checking it out if you've never been to abc Kitchen(s) restaurants. http://www.abckitchens.nyc,False,0,0,0,New York N.,en
46,2022-11-23 23:50:15+00:00,5,"Super tasty! The service is super good. My favorite dishes are Chicken noodles soup with lime, chicken rice and steak.",False,0,0,0,Angela W.,en
45,2022-12-10 06:13:21+00:00,5,"Great time here! Our server, I think named David I can't fully remember, but he was really really great! He gave us a lot of great advice on the menu and didn't steer us wrong once! We had the fish tacos which were my favorite, we also had the guacamole with good hot chips, the raw fish app which was also great, and the spicy sizzling shrimp which def had a kick but not too much for me, could be too much if you aren't good with spice. The ambience is also 10/10 really great experience overall",True,0,0,0,Claire L.,en
44,2022-12-19 22:36:57+00:00,4,Tasted good and had rlly fun vibes but i got food poisoning after. Was so sick. Good spot for drinks at the bar only,False,0,0,0,Jessica M.,en
43,2022-12-28 19:25:22+00:00,4,"I had high expectations going in and some were met, but others were a bit lackluster. Everything is tapas style and they recommend 6-9 for 3. The ambiance is chic and almost as whimsical as kitchen.  

Drinks: kiwi margarita- interesting flavor combos with kiwi chunks- not as tart as I'd like; ginger margarita and Meyer lemon collins were good, however, very light alcohol for all. 

Food: we ordered ham & cheese fritters, broccoli rabe quesadilla, fish tacos, sizzling shrimp, and arroz con pollo. My absolute favorite thing was the verde sauce that came on the side; the shrimp was a great portion size and loved the charred garlic and chili oil. Pass on the arroz con pollo- the crackling skin was fun but overall flavor wasn't there; broccoli rabe quesadilla- one tortilla folded in half with broccoli rabe, cheese and a sauce- uncut and not worth it. 

Service: recommendations were off; disappeared for long periods of time",True,0,0,0,Jessica F.,en
42,2023-01-06 18:33:57+00:00,3,"Service was great, but otherwise there's no return to go back here... the food is super mediocre, especially considering the price and the fact that this is a Michelin chef's restaurant! Ambiance was also nothing special.
You can get MUCH better food for this price in New York (or for a lower price).",True,0,0,0,Cate T.,en
41,2023-01-18 19:25:04+00:00,4,"Came here with friends for winter 2023 restaurant week. The ambiance is amazing- high ceilings, incredible decor, open kitchen. Truly a beautiful dining experience. The restaurant week menu was $60 for 2 dishes and a dessert. Our party of 4 also ordered 3 small plates a la carte. I left very full.

But generally I'd say I was underwhelmed by the food. It was good- nothing was disappointing but really the only thing that wowed me was the octopus. My friend that did a La carte only seemed to like his dishes more.

Service was incredibly slow at moments also. We wound up at the restaurant for over 2 hours. I'd like to come back again and try more of their a la carte menu but honestly for the price of the meal, I may hesitate to come back and opt for trying a new spot instead.",True,1,0,1,Julia A.,en
40,2023-01-29 01:28:01+00:00,4,"Nice selection of food and have a good variety. Tried several things including the Brussels sprouts, empanadas, and tacos. The tacos were definitely the star of the show. But also, the portions are quite big and of course excellent for sharing, but you can order less than you would at a usual tapas place. Also got a spicy mocktail which was pleasantly not overly sweet and had a good flavor.",True,0,0,0,Atisha A.,en
39,2023-02-20 11:22:14+00:00,5,Exquisite dining experience.  The octopus was the best I have ever had.  The wine perfectly complimented it all. The service (Dylan) was beyond compare.  She was so attentive and gracious.  The ambiance was the icing on the cake.,False,0,0,0,Kassandra F.,en
38,2023-02-25 15:01:44+00:00,5,"Came here last night somewhat reluctantly, as I think ABC kitchen is vastly over rated (partially because the service can be so terrible there). I am really glad I came as I thought ABC Cocina was amazing. We did the pre fixe menu which came with chips and guacamole, shrimp, tuna crudo, mushrooms, fish tacos, a chicken and rice dish and desert. It was honestly way too much food but it was a great experiences",True,0,0,1,Jordan W.,en
37,2023-03-05 00:47:23+00:00,4,"I've had a few friends try both abc kitchen and abc cocina and everyone always said they preferred abc cocina, so I thought I'd give it a try. I liked that the dishes were all tapas style so my friend and I got to try a lot from the menu and they had an extensive drinks menu. We ordered 6 dishes for the 2 of us and I felt like that was the perfect amount of food. 

Highly recommend, would order again:
- guac and chips (honestly this surprised me because it's just guac and chips, but the chips were delicious on their own and the guac had a nice kick to it)
- shrimp was most likely my favorite dish
- calamari texture and seasoning was really good

Fine, not great:
- Maitake mushrooms were a bit bland for me
- pork tacos were good but didn't blow me away
- salad with apple and some kind of cheese was a pass for me 

Our server was excellent - checked in on us periodically and made sure we had everything we needed but did not rush us by any means. We had a 6pm reservation and the place was almost completely empty when we first arrived, but the restaurant was completely packed when we were leaving when it was almost 8pm. Even though there were a lot of people as the night progressed, it didn't feel cramped or uncomfortable. Highly recommend and would come again, especially to try that octopus!",True,1,0,1,Jennifer H.,en
36,2023-03-23 16:39:44+00:00,1,Terribly overpriced. I paid $25 for two small tacos that seemed more like apps to me and I was still hungry afterwards,False,0,0,0,Irene T.,en
35,2023-04-02 17:51:04+00:00,3,"My girlfriend and I stopped by ABC Cocina for pre-dinner tapas and drinks. We were able to get seated right away at about 6:30pm on a Saturday. After discovering the beers were $15 (wtf?) I ordered the pineapple cocktail which was very good. We got the spicy beef empanadas and the apple, hickory gorgonzola salad. The empanadas were fine and the salad was a bit advanced for our liking. Our server was also a bit short/rude. I think he was upset we only ordered two dishes rather than his recommended two-to-three per person. I'm not sure if they forgot to charge us or if the sparkling water was free but that was a positive. Overall, a decent experience but with some small changes the experience could've been improved significantly.",True,1,1,1,Austin S.,en
34,2023-04-02 22:46:50+00:00,3,"Service at our table was not very welcoming or excited that we only ordered 2 tapas dishes. 

My boyfriend and I got the apple and hickory salad and for some reason it just felt overly seasoned + with large chunks of salt or something was off. Not used to this taste. We got the beef empanadas which were OK, nothing extremely special.

Overall, I can see how one would feel incentivized to come here because of the ambiance inside, but I think that it is a bit overpriced (beer is $15 and the tapas are a bit expensive too for what it is) and I'm not rushing to come back, unfortunately.",True,0,0,0,Sabrina P.,en
33,2023-04-12 04:14:59+00:00,5,"Went there on Sun evening (04.09). Very beautiful ambience. Decor is stunning. Food was great too! We loved guacamole, shrimp with chili oil and flounder tacos. Our waitress was very nice and attentive",False,0,0,0,Brianna T.,en
32,2023-05-01 19:29:06+00:00,3,"We got there a little early for our reservation and had some great drinks at the bar why we were waiting which was a good start. We had a large group for dinner so we ordered a lot of different plates so that we could try a lot of things.  Starting off everything came out really quickly, but the what they started with was more what i would consider more mains. We had ordered the guac and some salads but those did not come our first. We then were sitting around waiting for another 4 dishes we had ordered that for probably around 20 min, we asked our waiter about them and then 2 came out and had to ask the remaining 2 about 15 min later, The weird thing is it was the simple/starter dishes (guac and salads) that were so delayed. It was clear that they had forgotten about us or there had been some kind of error. Besides the service though i would say the food is ok but overpriced for what it is.",False,0,0,0,Lauren H.,en
31,2023-05-15 22:49:52+00:00,3,"We got 6 dishes for 3 people, which was an OK amount of food. We got the ham and cheese fritters, ground beef empanadas, patatas bravas, charred octopus, maitake mushrooms, and chicken tacos. I liked the charred octopus the most. The food was decent, but didn't blow me away for the price. The tacos were my least favorite of the items we ordered. Drinks were good, but our service wasn't great...our waiter was nice, but seemed super busy and it was hard to get his attention to get more drinks. The restaurant was also packed and made me feel kind of claustrophobic. I'd maybe come back again, but wouldn't be the one to suggest it.",False,0,0,0,Justin R.,en
30,2023-05-18 21:16:25+00:00,3,"Came here for dinner on a Wednesday and we were recommended to order 6 dishes since there were three of us. We got the organic arroz con pollo, spring pea empanadas, crispy calamari, hopper shrimp, charred octopus, and crispy gulf flounder tacos. The spring pea empanadas were surprisingly good. It's got a slight kick to them which made the empanadas really tasty. The portions could be slightly bigger considering how high they are priced. The downside is definitely the service. We felt like we were getting kicked out the moment we were about to finish our food because different staffs would come up to us to ask if they can take away the dishes even though we are clearly still working on them. This happened at least three times and at the end, they did the same thing again by repeatedly asking us if there's anything else they can get for us. This definitely made our dinner less enjoyable and created an unwelcoming environment as we are practically ushered to leave the moment we are finished with a majority of our food...",True,3,0,1,Meng Z.,en
29,2023-05-19 22:30:14+00:00,3,"This place is quite the scene and pricey for what it is. Very loud and dark. The gridled fish tacos were delicious but small and at just two tacos, not worth the $28 price (it also took very long to cook, and my friends were done eating their mains when the fish finally came out). Our server disappeared for about 20 min after we got the check. Another staff member ended up taking our payment. Just very slow service and overpriced for the food.",False,0,0,0,Melissa R.,en
28,2023-06-02 01:34:16+00:00,3,I like ABC kitchen and ABCV but I really didn't think ABC Cocina is as good as the other two restaurants. Tacos were not flavorful. Portions are small so you have to order a lot. The interior looks nice tho.,False,0,0,0,Jacey C.,en
27,2023-06-15 02:52:09+00:00,5,"Really fantastic experience! 

Food - are mostly small plates to share. The ingredients are fresh, thoughtfully seasoned and put together - nothing is overly greasy. I would say that the prices do add up as each item is fairly small.

Drinks - were lovely. The mezcal negroni I got was delicious.

Service - was thoughtful and efficient. The servers clearly knew what they were doing and made sure we had a great time.",False,0,0,0,C B.,en
26,2023-07-21 00:22:11+00:00,4,"Went here recently with my husband, the ambiance was great and all the tapas/small plates were great to share. I highly recommend the calamari and the beef empanada. Probably one of the best churros and chocolate I have had since visiting Spain. 
The cocktail list is extensive and creative.",False,0,0,0,Renita A.,en
25,2023-07-30 22:36:19+00:00,2,"I went for restaurant week and had a pretty disappointing experience. The service was not welcoming and we had to ask multiple times for water. Our drinks arrived after our first course only after we followed up about the status. The food was fine but nothing exciting, the empanada appetizer was boring and the strawberry dessert was too sweet. I'll be sticking with ABCV going forward.",False,0,0,0,Heather C.,en
24,2023-09-14 03:57:19+00:00,3,"Got here early.... And this is what I really liked... I know it may sound a little lame, buuuuut the thinly sliced squash salad w shaved parm and arugula was soooo delightful! Light, tangy, savory, refreshing...I thought the portion was small,....maybe it wasn't but I wanted triple.... It's very good, I tilted the plate and drank the citrusy dressing. I have no manners. The fish tartare was good....nothing outstanding.... Same goes for the ham and queso croquetas. The patatas bravas were so bravas... I feel like it's bravas for a reason. It was lackluster. The empanadas were good...had a nice corn filling and I think they were fried...it was good... the crunchy fish taco wasn't as crunch as I wanted it.
Overall flavor and texture were a 7/10. The only thing that stood out was the summer salad. $18 bux for patatas bravas is rough. Service on the other hand is lovely and very attentive. Drinks are strong.",False,0,0,0,Karen H.,en
23,2023-10-21 23:12:53+00:00,5,Very nice place. We went for the guest chef from Columbia and food was amazing not to mention service. I definitely want to go back for their regular menu.,False,0,0,0,Carrie P.,en
22,2023-10-27 20:16:45+00:00,4,"good food. Fancy environment. 
The mushroom is terrific. Seafood are really fresh. 
A good restaurant. Price is ok considering the food quality.",False,0,0,0,Sean Z.,en
21,2023-11-02 21:01:10+00:00,5,"Incredible! New favorite spot in the city. I wish I gave this place a chance sooner. Every dish here was an absolute hit. From the summer squash quesadilla, the chicken tacos, hearts of palm salad to even something as simple as the guac. Everything was incredibly delicious and well made. The margaritas on the other hand, spectacular. They come in so many different flavors. Perfect for a group dinner or event too. I've been here 2 times since and cannot wait to go back again.",True,1,0,1,Sejal M.,en
20,2023-11-11 05:11:57+00:00,3,"Amazing service and excellent food. We stopped here for tasting menu. You get a ton of food including homemade guacamole, calamari, tartare, salad, chicken and rice and fish tacos plus dessert. I also got a concord grape margarita. Everything was delicious.but the tartare missed the mark flavorwise. Still excellent choice.",True,3,1,2,Tiffany D.,en
19,2023-11-19 00:28:32+00:00,5,Great place for brunch. The dining area has an eclectic vibe. The food is delicious. We are family style so we could taste more dishes. The fish tacos had a nice blend of textures and sauce. There's a chance it could finish spicy. That was a nice mystery. The steak with chimmichurri was great. Finished it with the churros which was fun. They surprised us with a birthday salted caramel ice cream for someone's birthday. Very nice touch.,False,0,0,0,Agapito G.,en
18,2024-02-09 02:03:55+00:00,3,"As others have pointed out, it's overpriced for what you get. chicken and rice for +$34? 1 little taco for $13?  Spacing is kind've cramped. People constantly hitting my chair as they walk by. Drinks were good tho. Wouldn't come back.",False,0,0,0,General T.,en
17,2024-02-25 22:42:51+00:00,5,"We had a great dinner at ABC Cocina last night. All the food was delicious including the guac, patatas bravas, fluke crudo, hearts of palm salad and tacos. We also loved the speciality margaritas and the churros for dessert. The meal was a little spendy but at least you get what you pay for unlike many other overpriced restaurants in NYC these days.",False,0,0,0,Cedric B.,en
16,2024-04-01 22:09:53+00:00,5,"The food was incredible! I went there twice in one week. My favs were the arroz con pollo, grilled octopus and smash burger. We had the churros for dessert and it was the best churros I've ever had.",False,0,0,0,Mirabel N.,en
15,2024-05-13 22:30:10+00:00,4,"First time dining at ABC Cocina, and the first impression started off a little shaky.  My friend and I had a 530pm reservation and walked in and stepped to the side because the host was taking care of a couple of people who had just arrived before we did. 
So, while we were waiting for her to finish, a three people group came up on the other side to wait as well. So after she finished taking care of the people before us, she turned to the three group party and asked how can she helped them. 
Now, this is when my mind begins to wonder. I know she saw us come in and  step to side, waiting.
The other group wasn't even there when we arrived. Graciously, the older white lady in the group said to her (host), I believe they were here before us waiting.
I let her know we had reservations, and while she checked, I turned to the lady and said, ""Thank you.""
Now, in that moment, we looked at each other, and  both understood without saying a word. What had just happened. 
So as she takes us to our table, she sits us next to two gentlemen in the right-hand corner. So now, I'm thinking all these tables are free, why sit us here. Maybe the seating is based on the number of people from reservations. 
Also, the seat was shaky as well as the table. I let my waitress know, and she took the seat away and fixed the table. 
Now, from this point on, everything was excellent.
The servers here were amazing, attentive, polite, and friendly. We had at least 5 to 6 servers back and forth at our table, making sure everything was ok with food, water, and drinks. 
My rankings from what we had beef tacos#1. It was the best tasting beef I ever had in a taco, amazing. #2 calamari, perfectly seasoned crispy skin outside and tender inside with the tasty pickled onions and sauce. #3 chicken tacos perfectly seasoned crispy skin outside, tender inside and flavorful. I would like maybe something else added in taco, like the beef one.
#4 the mushrooms, never had these types of mushrooms before. Great flavor and nice texture with the cheese added and their hot sauce on the the table put this dish over the top. 
#5 Spring pea empanada was different but tasted good, hot, and cheesy. #6 guacamole was fresh and tasted good. I never had guacamole made this way before, and chips were crisp. #7 Heart of Palm Salad was good and fresh. Just could have been a little more on the plate. 
I had one fresh beet juice, and we also had a few basil margaritas. Overall, the food, drinks, servers, and the two gentlemen we sat next to made our experience delightful and fun.",True,0,0,0,Trevor B.,en
14,2024-07-13 16:59:35+00:00,2,"We ordered the tasting menu based on how it was advertised online. Turns out they took off two of the dishes and still charge the same price, which we didn't realize until the end of the meal. Additionally, the drink I ordered upon sitting down never arrived, which I flagged after the second course. After the fourth course, I was brought a drink that wasn't what I ordered without being asked if that was something I enjoy. Just dropped it on the table and walked away. No apology and very little effort to make it right. Will not be returning.",False,0,0,0,Becca H.,en
13,2024-07-20 17:13:28+00:00,5,We just happen to pass by this place and it looks so enticing. We had a glass of wine at the bar and it's quite pleasant. The place has a romantic ambiance. Lighting is a bit dark but charming. The bartenders are very nice. We had a great time and it's not very noisy at 5pm. Would love to come back and try the food.,False,0,0,0,Gwen G.,en
12,2024-08-02 13:51:57+00:00,4,"Came here for a late dinner after seeing Titanique the Musical, at 9 PM on a Tuesday, and was surprised to find it packed and loud inside. The decor is beautiful and the ambiance is really cool, but after spending a few minutes inside we asked for a table outside so we could hear each other speak without shouting. This was perfect for us. Service was slow, but we didn't mind. 

We shared a bunch of tapas: patatas bravas, spiced ground beef and celery root empanadas with tomato salsa, wood fired octopus with green romesco sauce, and crispy gulf flounder tacos with a cabbage chili pickle topping. For dessert, we ordered churros with chocolate dipping sauce. The food was plated beautifully and tasted amazing, but my favorite dish of the night were the spiced ground beef empanadas.",True,0,0,0,Mariana G.,en
11,2024-08-04 15:45:40+00:00,5,This is an excellent place to get cocktails/drinks and tapas or smaller plates. Their fritters were amazing (especially with the sauce) and their sangria was also very good. Attentive service and very cool interior decor (it is also connected to ABC Cafe and other restaurants so it might be confusing if you are dropped off by an Uber because ABC Cocina is on the 18th side but ABC Cafe is on the 19th side). Recommended!,True,2,0,0,Tim T.,en
10,2024-08-21 00:43:45+00:00,4,Popped in for a cocktail and some bar food. Yummy on both counts with lovely service.,False,0,0,0,Vanessa M.,en
9,2024-08-23 03:56:11+00:00,5,"Came here for restaurant week and it was SO good. Every single thing I ate here was good. 

I ordered the fluke, the Hake, and the churros. 

The fluke was well seasoned and flavored, although I would remove the corn because texturally it was too tough. I felt like I was going to chip a tooth eating it. But it was good either way. 

The Hake was seriously sooo good, flavorful, and flaky. It was done to absolute perfection. Would highly recommend this dish. 

Lastly I ordered the churros as my dessert and it was good, can't go wrong with this!

Ambiance, service, food were all excellent.",True,0,0,0,Lisa L.,en
8,2024-09-11 00:20:50+00:00,4,"I would say a solid 3.5/5. Good food and nice setting. It can get pretty loud but nice for sharing plates and catching up with friends.

I got the sweet corn empanadas and the passionfruit margarita and thoroughly enjoyed both. It was hard to track down our server to order more drinks and grab the bill, hence the bit of the lower rating. It also felt a touch overpriced but that is NYC for ya.",True,0,0,0,Rachel L.,en
7,2024-10-02 16:38:23+00:00,4,"I went to ABC Cocina for a dinner with a group and we had a lovely time. The ambiance is beautiful and the service is very friendly. The fish tacos were delicious, i am still thinking about them! A little pricey, but it's very nice!",True,1,0,1,Juliana G.,en
6,2024-10-05 02:35:10+00:00,5,"Amazing staff, good, and atmosphere. Unique menu, knowable and friendly servers, and good vibes.",False,0,0,0,Jillian S.,en
5,2024-10-25 09:02:25+00:00,5,"This was our farewell dinner in New York City, and it was so worth the price of admission! It was expensive, but so great! Each dish is savory and well prepared and the presentation is esthetically pleasing and artistic. Our server was wonderful.  My favorite dish was the guacamole because it was unique and cheese free. I also loved the ceviche and the octopus. A+++",True,15,3,14,Elisa G.,en
4,2024-11-11 00:14:36+00:00,5,"All I can say is amazing ! My only recommendation is that if you have a party of two, it would be better to have four pieces of an entrée as opposed to three.",False,0,0,0,rosie A.,en
3,2024-12-16 21:43:15+00:00,3,This place has be around a long time and is a NYC dining institution which has unfortunately slid a bit over the past few years. A most recent dinner at ABC Cocina with some girlfriends had me wondering why we spent $18 per cocktail on the drinks which sound and taste delicious but feel like they have a very minimal amount of actual alcohol in them (no one in the group felt even a hint of a buzz after having two cocktails each). The tapas dishes are very small so you have to keep ordering and ordering as the bill keeps growing and your belly is somehow not filling. Among the tapas there's hits and misses. The service is consistently good though despite it being a very loud and busy restaurant. Honestly I'll probably keep going because it's an easy meetup spot but will grumble about it afterwards.,True,0,0,0,Lana V.,en
2,2024-12-29 06:29:33+00:00,2,"It's a very expensive restaurant, and from the start, they rush you, taking your plate away before you've finished--it seems very rude to me. After traveling to so many countries, I believe that in New York, you're expected to eat quickly; there's no respect for the customer. It wasn't even full.
I strongly disagree.",False,0,0,0,Aida B.,en
1,2025-01-13 05:06:24+00:00,4,"Great food, great drinks, great vibe, great desserts and super friendly and quick service. 
I got the diablo which is a spicy drink and I thought it was very well made. 
They have a tapas style menu so I got to try a bunch of things - 
Guacamole: simple, fresh with warm just-out-of-the-fryer chips 
Yellowfin tartare: had a lot of different elements that really brought the dish together, although wasn't my favorite thing on the menu
Squash and cheese emanada: on the sweeter side, but not greasy or doughy
Mushroom quesadilla: was pleasantly surprised with this one. I'm used to eating quesadillas that tend to be very greasy and cheesy and although this had a great amount of cheese, it still felt pretty easy on the stomach 
Fish tacos: one of the most interesting tacos I've had, it hit all the flavor profiles - had some sweetness, freshness and spice 
Hopper shrimp: simple and amazing! 
Salted caramel gelato: the best ending to our meal

Overall, I felt that the food was wonderful, everything felt really fresh and light which I loved. I really felt like I was eating high quality food for a relatively average-priced NYC restaurant. Our server was also excellent. Would love to come back here.",True,0,0,0,Sanchita O.,en
0,2025-03-01 23:18:04+00:00,5,"Wow! This place was amazing. The food was delicious, the service was great and I would definitely come back. Our wait staff Lindy, Ines and were amazing and made us feel very welcomed!!  The churros are to die for!  It's a must try!!",False,0,0,0,Teresa R.,en
