,date,rating,review_text,is_elite,useful_count,funny_count,cool_count,user_name,language
661,2015-06-19 01:17:27+00:00,5,"Very nice atmosphere. The restaurant has a very unique and delicious menu. I recommend The Hen In The Wood appetizer with the black pepper pasta with poached egg. Enjoyable beer selection the IPA is on point. Very nice fine dining experience. Only disappointment was no invitation to the soft opening even though I work next door at the custom shoe store. Lovely restaurant, will be coming back soon.",False,0,0,0,Conor C.,en
660,2015-06-25 01:51:16+00:00,5,"Alsatian cuisine at its best. Yes true I am from Alsace but the following dishes were exceptionnal:
- langoustine appetizer
- sweetbread dumplings
- foie gras / squab

There were other good dishes my wife and I ordered (eg the quail) but if you order from the prix-fixe the above are a must-have.

The amuse bouches added a nice touch. Bread was good but not an Alsatian specialty ! The variation on Kugelhopf was interesting.

On top of this we had a gewurtztraminer from Alsace (2012 I believe) for $55.

Only thing missing was a tarte flambee - my favorite dish from The Modern.

Might be back for the tasting menu.",False,7,1,2,Benjamin K.,en
659,2015-06-25 21:44:54+00:00,5,"We went the third night it opened and had an extraordinary meal.  The service was formal but incredibly warm and gracious.  Every course was delectable. The restaurant is incredibly thoughtful from the beautiful plates, gorgeous interior, to a varied and dynamic menu to choose from.  Even the crumb dusters had character!  The cocktail and wine selections were both excellent as well.",False,3,0,1,Zoe R.,en
658,2015-07-12 11:46:39+00:00,5,"Already here second time after two days. Yep, it is that GOOD :) Also happened to catch up with a foodie friend, I suggested GK without even thinking. Because it is the best new restaurant top of my head right now. 

Since it is my 2nd time around, I will just go straight to the food. When I first time here two days ago, we prob tried out 1/3 of the pre-fix menu except for the pasta section. So my goal tonight is to try out the rest of the uncharted territory on the menu. So here we go.

Prior to the dinner we are presented the traditional Alsacien bread with chive fromage blanc. When it came on the table it is still warm - light crispy outside and flurry, scallion fragrant inside. My friend joked it is a healthier, tastier version of Chinese scallion pancake :/ The star is the chive fromage, it is just right amount of creaminess so it is easy to spread. And I love chive for its delicate, onion-y fragrance yet not as overpowering. Adding it to the fromage helps alleviate the heaviness of cheese. Before we knew it, we have scrapped all the cheese and bread...Warning! Don't do the same mistake as we do! There are three rounds of different bread during the meal. Take a bite each and stop!  We didn't and were stuffed before the end of our courses and I have to pack my main and skip the dessert :(

Amuse bouche - peach soup (apricot, last time, I think), corn custard and curried cracker with english pee puree. All taste as good as they are presented. Def wake up your taste bud and appetite. 

Starter: Langoustine tartar with flying fish roe, salty fingers, seasoned with cauliflower-macadamia puree. This is exceptional. I have always loved langoustine - I will have them everytime I go to Barcelona. Here the little monster is deformed and mixed with tiny, crunch flying fish roe and a salty little plant called salty fingers, dressed with nutty-savory cauliflower and macadamia puree. On top of that, some thin burn caramel (?) crisp. The whole combination is a piece of art, visually and gustatorily - sweet vs. savory, tender/juicy vs. crunchy/salty. It goes really well with the NV La Caravelle rose champagne. 

Remember I have also tried the compressed hamachi as starter (friend had it this time)? Which is better? Tough question. I like the hamachi more because it is more on the savory side and I am addictive to black truffle. But if you prefer lighter and refreshingly sweet/salty starter, go with the langoustine. If you could, get both :)

Moving on. I skip the pasta straight to fish and meat sections. I opted for the herb crusted Hawaiian Mero AND chef's signature dish, Squab & Foie Gras Croustillant (mind you, this is for 2 person).

I really enjoy the fish dish, which is presented as if an abstract painting - white fish, golden melted leeks, green baby ramps, mashed purple yam; all contrast against the bright orange stroke of pimento nage. Check out the pic! The mero, I figured, has a similar taste and texture of seabass tho prob less fat. It is cooked perfectly. Yet what's more interesting is the ""pineapple bun top"" accompany the fish - it is made of ""melted"" leeks and bouchot mussels. The melted leeks are leeks simmered in melted butter on low heat till it is super tender (hence the name melted) then adding white wine thyme (?) and mussels. It is savory, buttery and pack of flavors.  The pimento nage is a very nice touch, adding sweet herb and veggie aroma to the tender fish. 

Drum roll please! The Squab and Foi Gras Croustillant!! For all you have been to the Modern back in the days, you would recognize this is chef's signature dish. And needlessly to say, a master piece. The bird and foie are expertly cut, seared and wrap in ""sandwich"" with cabbage leaf. Then the squab & foie gras sandwich is rolled in a thin crispy dough sheet, served with summer veggies and bay leaf jus. Every bite is a symphony of juicy meaty squab meat and savory rich foie gras. It is a shame we are both beyond full by this point and we have to pack this home :/ 

Service is friendly and courteous as always. The maître d', Jonny, has already recognized me. For me, that is what fine dining is about, services and attention to details. For that, GK will be one of the top in my book. 

Before I headed out, I was gifted a little GK notebook with chef Gabriel Kreuther's autograph :) I am a very happy girl.",False,9,1,4,Nomad M.,en
657,2015-07-15 03:19:38+00:00,5,"Loved every minute here. Elegant deco, attentive service, and most importantly, beautiful food (yes, beautiful) from presentation to texture to taste. Every dish we ordered is like a piece of art.",False,2,0,0,Shirley C.,en
656,2015-07-22 20:42:08+00:00,3,"An assault on the senses or maybe I'm just too old to appreciate the hedge-fund magnitude of a restaurant where no surface remains un-designed.  Everything is artfully conceived and with all the current tasteful clichés from the miniaturized brushed steel hatracks brought to the table to hang purses to the specially conceived white wine glasses made to keep the fragrance in and the nose out.  Being old and sensible, we asked to exchange them for glasses that we could actually drink out of.  We couldn't figure out if the leather knife rests were  mouse pads in disguise.  And we were amused by the special silver plated utensils for the amuse bouche.    Too bad when the real show is behind some massive plated glass windows in the kitchen where a master chef is actually presiding in putting together the most intricate dishes being done in NYC.  With a menu and a mastery that rivals NYC's other prix fix four star restaurants, its four course menu is a bargain.  There's a difference in quality when the chef is actually present and on-the-line.  We were enthralled by his quiet intensity, his careful scrutiny of each order, old fashioned paper orders on a magnetic bulletin board, which he carefully annotated as plates were prepared.  And it was Gabriel who put finishing touches.  We watched him use tweezers to add garnishes.  And when you realize he begins before lunch and goes through dinner, we for the first time saw  the work behind these extravagant dining experiences.  The menu is as complicated as the décor.  The Alsatian touches strain to be heard.  What leaps off the printed page though are some amazing tastes bathed in subtle, memorable sauces.  Frogs legs melt in a exquisite sauce, a miniature sauerkraut and sturgeon tart is outstanding despite being presented under a glass bubble that kept in steam and made the tart soggy.  The dessert section descriptions sounded heavy and overdone.  I resigned myself to a chocolate something with kirsch, I hate kirsch, and was absolutely astonished when a pinnacle of dark chocolate soaring out of a sauce that tasted more like chocolate cherries arrived and I could have eaten more.  A cheese millefeuille was equally delicious.  Several amuse bouche appeared and 3 different breads.  This is a restaurant  that deseves to be about food and the chef. The best seats in the house look into the kitchen.  The staff is young, the chef is young, the food is exuberant, I only wish somebody had said, ""Stop Already, less is more.""",False,4,1,1,Melanie R.,en
655,2015-07-22 22:52:40+00:00,4,"My husband and I ate in the lounge twice.  We wanted to avoid the prix fixe--too much food. Don't like the restrictions. The tarte flambé was delicious, especially the traditional one. We had a lobster small plate dish that was good, but about $28.00. We would love to make GK a regular option but the ""ambiance"" is overkill.  I agree with the reviewer who commented on the purse rack and the silverware.  Way too affected, kind of felt like being in a classroom for hotel management.  Haute dining with no sense of humor or light touch.  Servers  trying way too hard to hype the food, the vibe.  I saw GK surveying the scene from the back and wanted to give my 2 cents on all the fussiness. But I suppose we are not the crowd he is seeking. I imagine that the food in the dining room proper is really good. I just think the service and everything surrounding the food needs some tweaking.",False,0,0,0,Jules P.,en
654,2015-07-23 13:21:08+00:00,5,"Absolutely amazing!! 
The staff was very knowledgeable and the ambiance was impressive yet very relaxed. The food was delicious and even the tableware was beautiful. The silverware was from VPur Moonlash collection. Love love love! I'd really like to try the squab next time. 

These are the things that really stood out to me: 
-Kugelhoph bread
-Raw diver scallops 
-Ruby Fizz cocktail 
-the amuse bouche charcoal cracker (not sure what cheese was in the middle) 
-the quail 
-tableware was unique every dish was a beautifully composed work of art
-my waiter was really young and handsome.",False,2,2,2,Bunny B.,en
653,2015-07-27 00:26:47+00:00,5,"Delicious meal in a very nice setting and while formal it didn't feel too stuffy. The service was excellent. Favorite dish was the squab which was fabulous and goes on my list of top dishes of all time. The lobster and Hawaiian mero courses were great as was the sturgeon tart. The langoustine course was interesting with maybe a little too much going on for my taste but it was not bad.  Desserts were expertly prepared. Yes, some people have complained about the funky stemware and silverware. I disagree that it impacts the meal much but understand their chirping.  They are something to talk about though. The fomage blanc they give with the first bread course is perfect. We also enjoyed the amuse bouches. Wines by the glass were all good. 

If I was to be critical I would say that I wish the entrees were slightly bigger like the mero fish. I also wish you could add a course but have different price points. I don't see the reason why anything you want to add is a minimum of $26 bucks. Most appetizers shouldn't be the same charge as a piece of fish or meat. Instead of the baguette with bamboo ash I would have loved to have tasted his tarte flambé!  All in all this is a solid fine dining destination. This is a high caliber of cooking. It is clear they are going for Michelin stars. I hope he will open up a casual place like other top chefs in the city.",False,0,0,0,Adam L.,en
652,2015-07-29 19:38:45+00:00,5,"From the friendly reception on, everything is as good as it gets.  Delicious, imaginative food, beautifully presented, far outstrips the already excellent food at Kreuther's two previous restaurants.  The service is wonderful, attentive without being fussy, correct yet friendly.  This is a place where everything has been thought out anew, from the cutlery, the astonishingly good wine glasses, a wine list full of excellent choices below $100, the originality of the food preparation and the elegant calm decor.  Our best new restaurant experience in years!",False,1,0,0,Alan G.,en
651,2015-07-30 13:15:03+00:00,5,"Loved this new restaurant! The space is beautiful, as is all the food - it almost looked too pretty to eat! My favorite dish was probably the creative, and incredibly flavorful, twist on gazpacho I had as an appetizer. Also, although usually I feel bad filling up on the free bread, make sure you try their bread course - it is noteworthy and delicious!",False,1,0,0,Cositas I.,en
650,2015-08-04 18:34:47+00:00,5,"This place made our trip to NY very memorable! The best meal ever if you love love food!  Alsace cuisine extraordinaire! We had the prefix lunch with a glass of  Alsace Reisling. Heavenly 1st & 2nd course! Location, Ambiance, service were outstanding! our friend from the UN recommended this gem of a place! Hats off to Chef Gabriel!",False,1,0,0,M H.,en
649,2015-08-07 23:31:43+00:00,5,"Came here for a friends' birthday dinner (party of 3). We had made reservations before coming but you really didn't need to make any. 

Decor:  Upon entering the restaurant, you immediately notice the decor and the vast open space. You see tons of exposed beams and a chandelier made out of shapes of birds. There is also a bar area and tons of couch type seating.

We all decided on the chef's tasting menu. At the end of the night, it was about 15 dishes, including petits fours and amuse-bouche.

1st dish: citrus cured mackerel - I really loved the way he prepared this dish. The fish was fresh, not smelly, and the pickled watermelon rind and vegetable vinaigrette balanced out the dish.

2nd dish: summer strawberry - this contained tomato gelee, lovage, crispy pig ears. The pig ears were light and crispy but I wouldn't call this dish adventurous. I thought the tomato gelee was a little too sour for the dish and the strawberry jam wasn't able to balance it out. I think if the pig ears had some salt, it could have helped.

3rd dish: charcoal cracker - this had english pea and goat cheese mousse. I don't recall the flower in the dish but it really made the dish quite aromatic and I thought it elevated the dish. The goat cheese mousse was interesting. I liked it and I thought it went well with the charcoal cracker. To me, it was a spin off of guacamole and tortilla.

4th dish: 10 days cured brandt beef tenderloin - this had razor clam vinaigrette and horseradish. This was by far one of my favorite dishes of the night. The cured beef was amazing. The 10 days of curing really added flavor to the beef. Basically, they just served the meat medium rare without any sauce and when I took my first bite, it was super flavorful. Tons of flavor with minimal work. I wish other places would serve their meat similarly. The horseradish wasn't overpowering and it was balanced with the razor clam vinaigrette. 

5th dish: langoustine tartar - it also had flying fish roe, salty fingers, cauliflower-macadamia puree. I absolutely loved the cauliflower-macadamia puree. It was quite aromatic from the macadamia and it felt like there was some ""roasted"" flavor in it. The langoustine was delicious as well but I felt it was a little too fatty. Despite some shortcomings, I would definitely order this again.

6th dish: compressed hamachi - it also had black truffle, foi gras terrine, and celery. This dish surprised me the most. I am usually not a fan of foi gras terrine. It's just like Pâté. However, this is the first time I've had a terrine paired with fish. Chef Gabriel was really smart pairing the two. The fish helped cut through the ""fat"" and the texture of pâté. In addition, there were big pieces of black truffle so this dish has tons of strong ingredients. Despite all that, somehow the fish really balanced it all. The choice of the texture of the fish was well thought out. It wasn't too chewy or too meaty or too fatty. On the side, they have 3 slices of grapes and 3 rounded balls of celery. I basically split the terrine into 3 bites and in between each bite I would ""palate"" cleanser with a slice of grape and celery. I would say that the slice of grape could have been thicker but it may not have looked as pretty or choose a different fruit. I think it's important to have the fruit on the side but I haven't given much thought into what it would be. I would highly recommend this dish.

7th dish: sturgeon & sauerkraut tart -  it also has american caviar mousseline and applewood smoke. I think there was too much ""cream"" for the tart. I liked the tart crust though. It was fluffy and had a nice crunch to it when taking a bite. At the bottom of the part, I think there was a leaf of spinach and I was surprised because spinach usually contains a lot of water but the tart crust was not soggy at all. Great technique! The sauerkraut was okay. It wasn't overbearing but I feel that there's an imbalance between the caviar and ""cream"".

8th dish: gnocchi - with black truffles and fava beans. I've had bad experience with gnocchi but I actually liked this dish. The gnocchi was light and not too doughy/chewy. The black truffles and fava beans really helped to add flavor to the gnocchi. I think the dish might put some people off because of the color profile but the flavors are spot on. If the dish could be brighter, it would be more attractive.

9th dish: baked dorade royale with fennel seed coriander broth and green tomato marmalade. I got a chance to learn about this fish and royale means that the fish was line caught versus net caught and it is the highest end of this fish. The dish was flavorful and this was my 2nd favorite dish. The fish tasted clean, fresh, and not ""fishy"". Everything was balanced. 

10th dish: mangalitsa lardo poached maine lobster with squid ink gnocchetti, cockle ragout, baby artichoke, and jamon emulsion. I thought this was another great dish. I didn't like the ""plant"" that was added. Ran out of space to finish my review.",False,3,2,0,Leo O.,en
648,2015-08-11 18:48:40+00:00,5,"This man can cook! This man can design! This man can run a world-class restaurant!

Gabriel has outdone himself with his new place. From the beautifully chic, yet cozy decor, to wonderful lighting and great acoustics, his new restaurant was worth the wait on every dimension. Beautiful table settings, a ""purse tree"" tableside, dishes that look like they belong in a design museum.

Imagine having a great table that's not on top of your neighbor's. Being able to hold a conversation over dinner or drinks without screaming. Waiting in anticipation for the next food course because the last was so amazing in taste and presentation. Professional and friendly service from the entire staff without being a nuissance. This is what you'll find at Gabriel Kreuther.

We had the 4 course menu and were thoroughly impressed with the entire meal. The food is so creative without being weird and too trendy. Gabriel's cooking makes us try things we would never try elsewhere because we just know it's going to be delicious. We've traveled, lived and dined at some of the best restaurants in Europe and Asia for many years and we put this at the top of the list. 

PS ... We were introduced to Tarte Flambe while Gabriel was at The Modern and spent 3 years in Europe trying to find one 1/2 as good as his. It's just as we remember it. So happy he has it on the bar menu!",False,0,0,0,Dana V.,en
647,2015-08-12 15:17:17+00:00,5,"Gabriel Kreuther has put together a delightfully curated experience in a beautiful setting in the Grace building off Bryant Park. The 4 course dinner comes is a great value for midtown, coming complete with 3 excellent bread courses and additional amuses throughout the meal. The dishes are technically complex, with a many elements coming together in each bite, but many of the flavors are familiar ones - like the red wine-marinated Brandt skirt steak - elevated by Chef Kreuther and his team. My favorite dishes were (in order of serving):

- Green tomate cocktail: not your typical tequila and lime type drink, this one adds a depth of flavor with the addition of a green tomato emulsion that creates a pleasant balance. I loved the design of the glass, too!

- Kugelhopf bread with chive fromage blanc: savory bread served with a buttery yet tangy spread, served with a story of Chef Kreuther's grandmother baking it in his childhood and a beautiful ceramic egg holding the fromage.

- Coffee cracker with corn creme amuse: creamy, slightly sweet, slightly earthy and totally tasty

- Langoustine tartar: the langoustine really shines in this dish which the chef makes interesting with a bit of acid and a crunchy brulee-esque crust that's fun to break with your spoon

- 10 Days Cured Brandt Beef Tenderloin tartar: this is really two dishes in one, the first a pure serving of the beef that was the most savory, umami-filled bite I've ever had, and the second served with razor clam vinaigrette which creates a great play of salt-acid-sweet-umami.

- Lobster: jamon emulsion and braised in mangalista lardo. YUM

- Braised pork collar and cheek: another strong showing for mangalista pork as it's savory, fatty deliciousness combines with sweet stone fruit and some sort of pickled vegetable to make every bite interesting and new.

- ""Comfort"" dessert: as our server called it, the ""sleeper hit"" of the dessert menu. nuttiness from pistachios combines with another brulee'd sugar crust and light flavorful sorbet for a great way to finish the meal

Also, don't miss the chocolates at the end of the meal - they were awesome.

I was very happy to saw that unlike many haute-cuisine menus, by the end of this one I was pleasantly full. The service was technically flawless and constantly available (there's a team of servers for every table and the multiple sommeliers were always around to provide tips). It did seem a bit busy the night that I dined, so they didn't seem quite as friendly as the atmosphere would suggest they could be. Overall though, our server gave quality advice when asked on everything from which dishes to order (and in what order) to which dessert wine to pair (a 2011 pinot gris fit the ticket).

I recommend heading up to GK soon to enjoy the masterful dishes before other people find out that there's a place serving the highest quality cuisine in a beautiful setting for a solid value. Oh, and they're opening a PDR in the next couple of weeks just in time for the fall party season.

Personally, I can't wait to go back to try a few more of the cocktails (good price and extremely creative for midtown!), the tarte flambee classic in the lounge (mmm cheese), and the squab & foie gras dish (looks amazing in all the pictures here!).",False,3,0,1,Nic B.,en
646,2015-08-15 00:46:24+00:00,1,"My husband and I ate here with business associates on Wednesday night and we have never had such a horrible experience with an incompetent and almost abusive waiter in our lives. My husband has several food allergies--most nuts, stone fruits, apples, and pears. And the waiter actually had the audacity to question him and tell him that if the stone fruits were cooked he could eat them. When my husband told that he could NOT eat them cooked, the waiter responded, ""Well I've never heard of that."" 

Thank god we weren't footing the bill for this monstrosity of a meal. They really have some nerve--completely stuck in the '80's with the idea of tiny portions = amazing food. If you eat at Gordon Ramsey's Maze or Le Bernadine you get amazing food, presentation, and you actually leave feeling like you ate something. 

This place is rubbish and their attitude sucks. What a freaking tourist trap. New Yorkers, go elsewhere and save this one for the people with the fanny packs.",False,3,7,0,Christine L.,en
645,2015-08-16 21:11:27+00:00,5,"Elegant and classy. Food is top notch, and presentations are a stand out.  I can't wait to see what they whip out in the fall! 

Warning-  if you're expecting lots of food, you might be disappointed.",False,0,0,0,Jairo A.,en
644,2015-08-22 15:43:41+00:00,4,"Some of the first things I noticed about Gabriel Kreuther was the stunning location and sightly decor.  The service was impeccable.  The amuse-bouches were delicious. 

The food in itself was good.  I wasn't blown away by my plates (Compressed Hamachi, Sweetbread Dumplings, and Montauk Fluke).  Regardless, I will be coming back here again.  The menu is extensive and the space is simply too beautiful to stay away.",False,0,0,0,Matthew D.,en
643,2015-09-03 16:15:45+00:00,5,"Not much for superlatives, but here goes:  Get a reservation before it becomes impossible, and enjoy one of the best meals to be experienced in NYC 2015.

This review will surely be quickly lost amongst the myriad soon to be posted about this place.  Brush the nit-picking complainers into the dustbin and focus on what's important.  The. food. is. astounding.  If this was in any other city it would be packed to the gills, they'd be renting out the local convention center to seat the drooling, fork-clenching masses. 

Four course (3 savory + dessert) prix-fixe under a hundred bucks.  Roast Squab, Langoustine Ceviche, Caviar, Foie Gras and all things luxe and tasty and crafted/plated with Classic French (Alsatian) precision... which from a value standpoint, factoring in the various amuse-bouches and individual bread courses and compound butters and chocolates and the to-go pastries for the next morning translates into the collective fourth floor of the Time Warner Center sending out job applications.   

Just checked wikipedia and the average Per Se diner spends $851.  Been there.  Loved it and treasure my T.Keller rosary beads.  But this place is in the ballpark, and just left of home plate.  It opened mid-June and this rolling stone is picking up speed.  Line up or be moss.",False,6,3,3,Sebastian Y.,en
642,2015-09-13 01:18:31+00:00,5,"Just had the most amazing dinner at Gabriel Kreuther!! Everything was impeccable from the deliciously creative food, beautiful decor, and top notch service. The $98 pre fixe menu was completely worth the price...on top of your four dishes you get 3 additional bread courses, an amuse bouche, and one pre and one post dessert. Surely one of my best food tasting experiences. The topper of it all was the staff who were the friendliest I've ever had at such a high end establishment. Mr. Kreuther you are certainly doing something right, so glad to have eaten at your restaurant that I opened a yelp account to review it!",False,0,0,0,Lyn R.,en
641,2015-09-14 13:40:07+00:00,5,"From start to finish this was an extraordinary experience. The space is gorgeous and we were welcomed warmly when we entered by Christina. 
The dinner service by Alex and Cody and Emilie was impeccable. Every single dish we savored was absolutely perfect. I am a huge gazpacho fan and their gazpacho with Maine lobster and cucumber was mouthwatering. Do not miss their signature sturgeon and sauerkraut tart with caviar which is gorgeous in and of itself.  We particularly enjoyed the Colorado Lamb rack. Be sure and partake in their cheese course because the presentation is very special. We are excited to return and also to try their lunch menu.",False,2,0,0,Michael E.,en
640,2015-09-16 19:35:15+00:00,5,"Came for the prix fixe lunch, everything was so well done, from taste to presentation and creativity.  Would definitely want to try the dinner and come back for lunch again.  Very beautifully done space as well.  I had the Nori Campanelle with Alaskan king crab and Truffle Juice Broiled Quail were both amazing.  Everything down to the freshly baked baguette and little treats at the end were made with such finesse, and the service was impeccable.",False,1,0,0,C. T.,en
639,2015-09-17 19:17:29+00:00,5,"One of the most tasteful and beautiful lunches ever! Blue shrimp appetizer was out of the world! We also enjoyed dorade Royal and Hawaiian mero- both dishes were first class!!!!
Wine and coffee selection just added to this beautiful and memorable lunch!
Let's not forget- the company was the cherry on the cake!
I will definitely return soon!! Not to be missed!
Food, service, wine and venue with relaxing music makes this spot a special one!!!",False,0,0,0,Eva P.,en
638,2015-09-23 21:17:08+00:00,5,"Terrific haut cuisine off Bryant Park.. ate dinner here the night before the NYTimes Review (3 stars) -- hope this place lasts; it deserves to -- will let the pictures do the talking (amazing!) :)

This is an independent review. I have no relationship to this store, nor to the best of my knowledge, know anyone who works there.",False,2,0,1,Steve S.,en
637,2015-09-26 15:36:18+00:00,5,"From the second we walked in the door, for our anniversary, every need was catered to. It goes without saying that the meal was exquisite - from taste to presentation - but we were blown away by the level of service. Truly an expertly-trained staff and want to give a particular shoutout to Cody, who showcased a level of sophistication and professionalism that fine dining is all about.

Mazel, team - well done! Michelin Star is around the corner.",False,3,0,1,Unsatisfied R.,en
636,2015-09-28 16:36:08+00:00,4,"KenScale: 8.5/10

Before opening his own restaurant this year, chef Gabriel Kreuther has been helming The Modern for a long time serving elegant and well-prepared Alsatian cuisine. His departure last year left me wondering what kind of food he will be serving at a new project that he said he'll work on. Finally, he opened the eponymous restaurant right across from Bryant Park, doing pretty much the same thing that he had been doing at The Modern. I'm not complaining even though the meal felt somewhat repetitive because the high quality of chef Kreuther's food is still well kept at his new restaurant.

The restaurant has a four-course prix fixe option for $98 at dinner, consisting of three savory courses and one dessert. While chef Kreuther's food seems closer to classical French, they are some interesting twists (as well as immaculate presentations) here and there that kept me excited with each meal. I didn't expect the raw marinated diver scallop to be immersed in jalapeno coulis to create a unique flavor to add to the tender scallop. I believe sturgeon and sauerkraut tart with American caviar mousseline is one of the carryovers from The Modern, and the complexity of flavor in this dish was also sensational. For the final savory course, I went with Colorado lamb rack in hay stack, which comes after brief presentation of lamb breast on the haystack. The meat was more or less perfectly cooked with juicy flavor that was memorable, and I really appreciated that the meat wasn't over-seasoned to my liking. Desserts from pastry chef Marc Aumont also offer some great selections. I went with the ""comfort"" dessert consisting of roasted apricot, pistachio mousseline and ten flavor sorbet, and it was not only beautifully plated but had the rich complexity of flavor that led me to finish the dish in 30 seconds. 

The restaurant has started getting extremely positive reviews from professional critics, so I suggest always booking ahead. I really liked the modern and elegant dining space of the restaurant, which would make it ideal for special occasions as well as business meals. There is diverse selections of wine (mostly from France), and you can definitely get some more affordable yet solid bottles here. Gabriel Kreuther is another welcome addition to New York fine dining scene. While there has been a lot of talk about casual wine bars and bistros taking over the city, it is restaurants like these that make New York's dining scene so much more sophisticated and something to look forward to.",True,6,0,4,Ken S.,en
635,2015-09-30 21:08:32+00:00,5,"I'm a sucker for beautiful wine glasses and silverware - I feel like a restaurant that cares to make an effort on these things shows attention to detail and a willingness to make all aspects of the dining experience unique and memorable for guests. Gabriel Kreuther impressed on all fronts. They use the VPur Moonlashes collection of silverware - such exquisite and unique pieces that I have been on a hunt ever since my visit to see where I can buy them retail. Wine is served in gorgeous Lehmann glasses - certainly a refreshing departure from the standard Riedels and Schott Zwiesels that proliferate in most fine-dining establishments. 

Now onto the food...The bf and I dined in the bar/lounge section of the restaurant because prices there are more affordable, and because I mainly wanted to try the tarte flambee that head chef Gabriel Kreuther is so famous for. I ordered the classic tarte flambee (which was a very reasonably $12) - it's like a thin crust pizza topped with cheese, onions and bacon. Sounds simple and rustic but oh so delicious! Seasoning was spot on, the crispy crust contrasted so well with the softness of the toppings, and of course...BACON! The other tarte flambees all sound super exotic - I will have to go back another time to try.

I also highly recommend the mangalitsa morcilla, which had such an amazing velvety and soft texture. And who knew that blood sausage and gewurztraminer would make such a great pairing! The acidity of the wine balanced really well with the richness of the sausage and the creaminess of the parsnip puree.

The menu is fairly limited in its vegetarian options, but the bf, who ordered the black pepper pasta and the summer salad (both vegetarian), was plenty satisfied with his meal. I am sure to come again and would love to try the prix fixe menu next time. Meanwhile, onwards with my hunt for a set of VPur silverware...",True,0,0,0,Honghui Y.,en
634,2015-10-01 04:16:59+00:00,4,"Overall: highly recommended. Had the tasting menu which is one of the best deals in the city as far as tasting menus are concerned. This is a 1 Michelin star at the moment that with a few tweaks could absolutely be at a 2 and I'm very excited for that.

The room is sizable but not in a soulless AltaMarea restaurant way. There is warmth there with light woods and cream colored seats. The space between the tables is simply enormous. My 2 top was approx 5 feet from another table in the corner. It was like dining on a couch, quite nice.

Service was fantastic. Everyone there was wonderfully cordial and was happy to discuss the menu and wine list at length. Sommelier was on-point and the dining room manager knows what he is doing.

My one issue with the operation is the way it feels like the restaurant is closing down at around 11-11:15 or so. There were tables still occupied and they closed the curtain to the kitchen which has the effect of removing some of the light from the room. A simple fix but important for later diners to keep that optimal atmosphere.

One note on the flat and dishware. Yes, it's slightly finicky at times. No, it won't impact your enjoyment of the meal. It's a matter of personal taste. I liked it, some may not.

The meal starts with some Alsatian style bread with a whipped chive spread. This was good but with two other breads coming later I wasn't about to fill up.  There are three breads total. The one mentioned previous and another with butter and the third another with whipped lardo. Yes to the latter.

AB - Fennel Pollen Gougere: (Better) Basically a puff with foie gras which was good except it could have done without the yuzu which made the small bite too acidic and overpowered the foie gras.

AB - Smoked Eel Mousse with Ogo Seaweed and Royal Trumpet Mushrooms: (Best) This was excellent, could have had this has a later course as well, just fantastic

1st Course: Langoustine Tartar - really lovely, great acid

2nd Course: Compressed Hamachi - enjoyed this a lot, an interesting idea although I do think the Hamachi is over powered by the foie gras, didn't care still loved it, the black truffle in-between brought it to 11

3rd Course: Raw Diver Scallop - the scallop was perfect and the jalapeno coulis and lemon confit just worked so well together

4th Course: Sturgeon & Sauerkraut Tart - I really enjoyed it but I wasn't blown away. The sauerkraut overpowered the sturgeon a bit. The caviar mousseline though was awesome, really great, overall still a positive dish

5th Course: Sweetbread Black Truffle Dumplings - I was so so so excited to have this dish and it wound up being my least favorite of the night. It sounds immensely promising. Who doesn't want a black truffle dumpling? I was completely disappointed. The truffle flavor was hardly present and after eating that the sweetbread was just an afterthought.

6th Course: Baked Dorade Royale - after the disappointment from the black truffle dumpling I was smiling again after this. The dorade was perfectly cooked and took on the coriander broth swimmingly. The green tomato marmalade was fine but didn't add a ton. I would order this as a main course any time.

7th Course: Shemogue Oyster - Really enjoyed this, the oyster was wrapped in lettuce and topped with caviar. Fantastic bite. The uni and rice cracker on top didn't hurt either.

8th Course: Lardo Poached Maine Lobster with Gnocchetti and Cockle Ragout - impressed with this although I'm not sure I tasted the benefits of being poached in lardo. Nevertheless it was very good and the layers of dish were enjoyable. The gnocchetti should be sized as small gnocchi as you can't get the real texture of the former's small size. The cockles were a nice touch. The ham emulsion added another layer of flavor to the lobster.

9th Course: Lamb Rack in Hay Stack - very good but not earth shattering, lamb was tender but a bit under-seasoned and I'm not convinced the hay stack does much of anything to benefit the lamb. Summer vegetables on the side were uninspiring for this dish in terms of flavor. They bring the dish out before hand in the hay stack and the aroma is wonderful. They should have served it in the hay stack because the aroma completely goes away when you remove it.

10th Course: Concord Grape Sorbet with Yogurt Meringue - solid palette cleanser

11th Course: Fantasy Chocolate Kirsch Amarena - yeah no, didn't like this at all. It was downright boring. I'll go so far as to say it's one of the worst tasting menu desserts I've ever had.

D 12th Course: Cafe Frappe - much better, whipped caramel cream and candied pecans make for a tasty treat although this wasn't enough to make dessert a strong point

Overall a really great primarily seafood tasting menu. Most dishes were hits, a few were enthralling, a couple fell flat. The desserts are a weak spot. That said I still highly recommend Gabriel Kreuther. It will only get better from here and I'm excited to see where it goes.",False,0,0,1,Jeremy E.,en
633,2015-10-03 02:13:19+00:00,5,Awesome experience with Exec sous chef Joe. Very talented. Beautiful dining room reminiscent of the bourgeois 60's.,False,0,0,0,Mere T.,en
632,2015-10-03 13:13:08+00:00,5,"Congratulations Chef Kreuther on your michelin star it is well deserved! My husband and I went there for dinner last night and were delighted. I absolutely loved the Amuse Bouche in a sea urchin container, the Nori Campanelle and the herb crusted Hawaiian mero- they all had that amazing taste of the sea without being overwhelming. A very difficult feat for any chef to do well. The Brandt beef skirt steak was also well executed, but didn't take my breath away like the others. 
The decor reminds me of back home in Canada with its high ceilings and long wood beams. Beautiful location right off the park. I was less impressed with the cutlery, although it looks dainty and elegant we didn't find it that functional. 
Overall great edition to the New York scene!",False,0,0,0,Veronica B.,en
631,2015-10-03 15:43:52+00:00,5,"All around fabulous dinner.   We went for a post theatre matinee dinner as it was just a short walk from the theatre.   I read the great reviews and was not disappointed at all.  The food was wonderful, the langoustino tartar was outstanding, the fish was nicely done, and the dessert, Ecstasy was truly ecstasy.  My spouse had the beef tenderloin appetizer, and duck.  With all of the freshly made breads, really loved the kugelhof with the chive spread spread, and the many amuse boy he's, it was a great fine dining experience.  The service and hostess staff were outstanding.   Rachel was our server but with the other staff were all great in explaining the various courses.  Also kudos to the reservation staff.  They were able to accommodate a slightly larger party than we originally had reserved at the last minute with a completely full restaurant.  A wonderful dining experience.  I hope that Gabriel Kreuther continues to wow the NYC dining scene with his creative and delicious cuisine.",False,0,0,0,Joan V.,en
630,2015-10-03 20:22:31+00:00,5,"Amazing spot.  We are in the bar area, plates were small and around $20 a pop but delicious.  We had the sausage, pepper pasta with an egg, and the tarte flambee.  Oh and the dessert.  All were terrific - would especially recommend the sausage.  The place has a great, upscale vibe and despite all the open space they've managed to carve the room into smaller spaces so it feels cozy.

The drink menu is well put together too.  A good list of German and Austrian whites and a good curated beer list too.  The smoked German lager was excellent.

This is a great addition to midtown - on the expensive side for dinner but a terrific option for drinks or a light dinner with a friend.",False,0,0,0,Arthur W.,en
629,2015-10-06 20:51:33+00:00,5,"Highly recommended by a sybarite friend of mine; he was right. Went there yesterday (10|2015) for lunch and was pleasantly impressed with great service, elegant contemporary bright setting, and a very creative menu. The food was excellent, especially their ""Foie Gras Terrine"" and the ""Baked Dorade Royale""; presentation was superb!",False,0,0,0,M C.,en
628,2015-10-08 16:25:43+00:00,2,"Am I the only one who does not love this restaurant?  

Gabriel Kreuther

The food we ate was well executed  and somewhat tasty but not memorable (other than the stomach ache it gave me).
The truffle supplement was $70 (before tax and tip) for tasteless black truffle that was shaved on the Squab & Foie Gras Croustillant and never exposed to heat.  In my opinion, black truffle requires some heat.  I tried it as is and found it tasteless.  I buried it under the cooked food and still found it tasteless (the food and dish were not hot enough to extract any flavor).  I mentioned it to the staff and received no response.  

Service was presented with a smile but it also lacked substance. 
My dining companion enjoyed the cacao beans provided alongside the dessert and asked to take the three remaining beans home but was told he could not as they would be reused.  Really?  
They kept filling the water glasses even when they were 85% full.  
They brought several breads with different accompaniments (creme/ butter/ lardo) but the bread plate was never changed.

The courses were served on large an impressive plates but the servings were lilliputian.

The sommelier recommended a $133 wine that was too young to be enjoyed (IMHO). It was Le Sang 2012 ($133  charged but $28 at retail shops). 

The artisinal cheese plate featured nothing special.  The server did not identify them.  I pointed to the Humboldt Fog and identified it and the server said yes.  It is a good cheese, but readily available at every supermarket in America.  The other cheeses were not memorable.  One remained on the ""board"" untouched as the server removed it without asking if I was done.  

We had: 
10 Days Cured Brandt Beef Tenderloin tartar * razor clam vinaigrette * horseradish.  (where's the beef?)

Sturgeon & Sauerkraut Tart American caviar mousseline * applewood smoke (crunchy and tasty but there were no pronounced flavors of sturgeon or sauerkraut).

Mangalitsa Lardo Poached Maine Lobster squid ink gnocchetti * cockle ragoût * jamón émulsion (supplement 15)

Nori Campanelle Pacific red crab * smoked parsnip purée * dulse seaweed (quite tasty if not a little too al dente)

Squab & Foie Gras Croustillant (for two) seasonal vegetables * bay leaf jus, with truffle supplement for $70.  (the pigeon was tasty, the cold shaved truffle supplement was tasteless)

Artisinal cheese plate. (meh)


All I have to add is ""tutto fumo niente arrosto.""",False,6,3,2,frank s.,en
627,2015-10-09 15:21:44+00:00,5,"This is my favorite restaurant opening of 2015, and totally deserving of it's newly minted Michelin star!  Gabriel Kreuther was previously the chef at the Modern, which was a 4* NYT pick, and he is continuing to do amazing things at his new namesake restaurant.  It's located right off Bryant Park on the ground floor of what appears to be an office building but it's a welcome new addition to the Times Square area which is sorely lacking in fine dining establishments.

There are two menus here - a $98 four-course prix fixe (two appetizers, one main, one dessert) and a longer tasting menu at $185.  I opted for the former, and between all the amuses bouches and bread courses it definitely felt much longer.  A quick sidenote on the bread - there are three (or was it four?) courses of it here each paired with a different spread and every single kind was absolutely amazing.  Normally I try not to stuff myself with bread but I couldn't help it so DO come hungry.

I started with the foie gras terrine, which had bits of duck proscuitto and was served in a butternut squash reduction.  I had the Sturgeon and Sauerkraut Tart next and this was absolutely delicious.  There was a generous amount of caviar on top and there was a great smokey flavor to it.  For the main, my dining partner and I opted to go for the Squab and Foie Gras Croustillant (this dish requires two participating parties although I think for a surcharge you can get it alone).  This was sensational and dare I say better than the Nomad Foie Gras Chicken (they aren't really the same thing at all except for the poultry + foie mix).  

I was absolutely stuffed at this point but powered onto dessert where I opted for the Fantasy (basically a chocolate cone with sponge cake and sorbet).  It was good but not as strong as the apps or mains.

Reservations are still relatively easy so do yourself a favor and go before it gets more difficult!  Service was spot on and they give you a small pastry to take home for breakfast the next morning.",False,4,2,1,Angela W.,en
626,2015-10-09 17:57:29+00:00,5,"I randomly searched on Yelp and decided to treat a friend of mine here for lunch. Turns out to be a great decision. The desserts are really, really good. The beignets are soft, chewy and amazing with marmalade. The beer sorbet that comes with the beignet is also really tasty. The chocolate coffee dessert is also very creamy and puffy. My date and I really enjoyed the two dishes we had.

We sat at the lounge and the decor is superb. The service is friendly. We ordered a la carte, got oysters and salmon ceviche. I have to say, I have had better for both, although both dishes are very beautifully presented. Overall, dessert is the strongest point at this place. Well deserving of its Michelin Star.",False,2,2,2,Ma L.,en
625,2015-10-14 18:19:11+00:00,5,"If you are looking for an exciting fine dining experience, Gabriel Kreuther is your spot. Located right next to the theater district on 42nd Street, this is an ideal spot for after theater or early pre theater dining. I would rate this restaurant as among the best in the city.",False,0,0,0,Tony R.,en
624,2015-10-20 20:31:13+00:00,5,"So so so good.  Better than La Bernadin imho. Service was that sublime balance of warm, knowledgeable but giving you the space to enjoy the moment and savour the flavours.  The highlights for me were the scallops, langoustine tartar and the compressed hamachi. 

Excellent special occasion spot.  In fact, the kind of place that will make any occasion special",False,2,0,0,Lisa M.,en
623,2015-10-28 17:47:56+00:00,4,"Beautiful presentation, great location, food could be a little bit tastier and larger portions. Extensive wine selection.",False,0,0,0,Diana A.,en
622,2015-11-03 10:00:34+00:00,5,"Definitely one of the best table in New York,
Great value, quite an experience.",False,0,0,0,Marg T.,en
621,2015-11-14 00:19:19+00:00,5,"The second I stepped into GK, I know there's gonna be discrimination between bar room and main dining room; however they did it in a mild way that both areas present amid ambience.

Since I'm in a hurry of an event at night, have to settle myself with the prex fixe menu, with three savory dishes and one dessert. Of course GK also offered a couple of small bites. Surprisingly, I liked their baguette a lot - with the crispy crust and a black filling, interesting! 

Coming to GK, raw is something that you cannot skip. Both the scallop and the langoustine tartare were freshly prepared and absorbed the flavor perfectly. Didn't remember the taste of blue shrimp (second course) clearly, probably because I'm not a big fan of milky soup...for the main course, I would personally suggest going for the duck, but people might have different opinions on that.

Ok now time for dessert! Cannot wait! Opted for the fantasy and textural. I guess if one thing I could remember, that would be how pretty the presentation can be - girls always go for beautiful stuff and I cannot help with that...

Back on track, delicious food, fantastic presentation, awesome atmosphere - not at all surprised GK was raised to one Michelin star within the first year of opening!",False,7,3,4,Elaine H.,en
620,2015-11-18 02:12:46+00:00,5,All the courses were great Wait staff very knowledgeable service was impeccable very nice atmosphere,False,0,0,0,Mark S.,en
619,2015-11-20 01:22:53+00:00,5,"Because of a 7pm theater time we changed our 5:30 pre-theater reservation to 9:45 (post-theater) and were very glad that we did! This is a delightful new restaurant near the theater district. the ambiance was warm and enjoyable, using rustic beams from a Vermont bard to create an inviting feel for this Alsatian-based chef. Service was superb and helpful and the food was fantastic!! They have one Michelin star after only a few months in existence but deserve at least two!!! A great experience in every way.",False,0,0,0,Myron W.,en
618,2015-11-23 19:08:15+00:00,5,"Great power lunch atmosphere, perfect for Suits and Celebs.  High end foodie's will not be disappointed.  Great service and the food itself was outstanding.",False,0,0,0,Aaron C.,en
617,2015-12-04 22:27:05+00:00,4,"The food was amazing and the ambiance was incredible! I was very impressed with the quality of food and service. The staff was incredibly professional and the seasonal salads and scallops were crafted to perfection. The only caveat is that it's VERY expensive; however, if you are looking for a delicious meal at a classy restaurant, this is the place to go!",False,0,0,0,Sarah B.,en
616,2015-12-10 17:15:33+00:00,5,"Came for lunch. Food was very good and service was in some ways even better.

Note the lunch menu on the day we came was different from the one posted on the web. They replaced the squab main option (for two) with a venison option (required supplement). We'd wanted to try the squab but went with other meat options instead. We added one course and skipped dessert, just ate the chocolates instead. 

First complimentary bread and amuse were good, the butter / mousse that came with it had a chive flavor and tasted amazing. 

The Cold part of the menu is the best imo, showcases the talent that makes this a Michelin starred restaurant. Highly recommend the langoustine tartare, foie gras, and above all the raw scallops. Scallops dish is amazing, so many flavors and perfect quality seafood. Foie gras was airy, and interesting with base of dark chocolate. Couldn't figure out what the orange sauce was, it came with two toasts tucked into a towel hah. Langoustine was a bit fishy tasting and I realized I don't really like the slippery quality of langoustine tartare, but don't think that's a ding on the dish or restaurant, it's just personal preference. Sturgeon tart is really good with firm smoked fish, tart sauerkraut, creamy sauce.

Mains were good, we got meat so it was all medium rare. Preferred duck dish over the beef, which is typical for me since I'm usually not that into Western style beef. 

All staff from front desk to servers were pleasant and professional. Hope to be back! Might opt for lounge instead since most of the dining room menu items I really wanted to try we have tried now hah. GET THE RAW SCALLOPS! Can't emphasize that enough.",False,1,0,0,Elle E.,en
615,2015-12-10 18:15:02+00:00,4,"This place is beautiful!  I wish my house was decorated like this place.  I went for lunch.  There is an option for a 2 course menu for $52 (If I remember correctly) and each additional course $22.  We each did 3 courses.  I had the Foie Terrine which was fantastic!  I then has the Diver Scallops and the Mero.  My partner had a couple cocktails and a very nice red burgundy they pour by the glass.  I just had coffee, which was also very nice.  We had to be to an appointment and did not have time for dessert.  The service was a little slow.  We waited almost 15 minutes between course one and two with empty drinks.  I could care less about the food taking that time but it would have been nice to have been offered a re-fill on our drinks.  The bread was also very good!  We will have to come back and try dinner.",False,0,0,0,Jaquline C.,en
614,2016-01-02 06:50:42+00:00,5,Beautiful decor. Delicious food and presentation! The hostess Sade was very nice and helpful :) I had a great time dining here. Service is way better than Le Bernardin! GK deserves at least 2 Michelin stars not 1!,False,3,0,0,Zhou C.,en
613,2016-01-07 18:42:19+00:00,5,"I enjoyed a fabulous meal here with a colleague!  The location was amazing as it was near our hotel and office.  I should start that I adore meals like these...

My colleague and I were both impressed by the food and presentation.  Service was superb and I liked their tasteful uniforms, which were a posh grey suit ensemble for the ladies.

We were seated near the kitchen and I enjoyed being able to look in and see Chef Gabriel Kreuther preparing his creations.  

I enjoyed one of the foie gras offerings (the seared one, not the terrine), the lamb (which was prepared to perfection) and their Fantasy Chocolate Kirsch Amarena.  Wasn't a huge fan of the dessert but it was my own fault for selecting something chocolate.  All of our selections paired perfectly with a Brazilian bottle by Lidio Carraro.",False,3,0,2,Sofia H.,en
612,2016-01-10 14:15:33+00:00,5,"When I first saw the menu for this place I did not think it was something I would enjoy. I love a good meal but there are some things that I am just not down with eating and animal insides is one of them. So when I saw that a whole bunch of the menu items included foie gras and concluded that there wasn't much on the menu for me to choose from, I was concerned. But boy I was I wrong!

First of all the space is amazing and if you are wanting a less formal experience, the bar area is much more laid back. The main dining room offers a tasting menu and it allows you to choose ANY three savory mains and a dessert. That was key for me because I didn't have to pick anything from the first section of the menu which didn't have any items that really spoke to me. So instead, I opted for a choice from the second section, the fish section and the meat section. I had the sunchoke soup, the halibut, and the skirt steak. For dessert I had the caramelized apples. Other people at the table had the sturgeon and sauerkraut tart, the hamachi, the foie gras, the Hawaiian mero, the duck and the pork. For dessert, they had the chocolate kirsch, the pear and vanilla mousse and they gave us the grape meringue to share. Everything was delicious.

They started us off with some scallion bread with scallion butter, which was a great start to the meal. Then they gave us an Alsace tart with bacon which was amazing. The bacon flavor was really dominant and I knew after this that my perception of the meal was way off. This was going to be a kick ass dinner. They also gave us smoked eel with arugula vichyssoise, these black biscuits filled with kale and ricotta, a fresh baguette with butter, rosemary buckwheat rolls with mangalitsa pork lard, a pre dessert of pear marmalade, ice cream, red wine gelee, and a gingerbread crumble, a beautiful display of chocolates, half with yogurt and grape and the other with caramel and passion fruit, coconut and chocolate pocky sticks, and finally to finish us off they gave us a coffee mousse with caramel, biscotti, a caramel custard, and crushed pecans. Out of all of that delicious food, the only thing I didn't care for was the pre dessert and that's because I don't like gingerbread. 

Seriously everything here was expertly prepared. The sunchoke soup was so silky and delicious and had so much depth of flavor, without being too rich. The halibut was cooked to perfection and the sauce had elements of sweet sour and salty with cockles, shrimp, reisling and grated bottarga. The skirt steak was so tender and expertly prepared, and the green peppercorn sauce wasn't overly peppery. Overall this was one of the best meals I have had and it is definitely worth the price. Don't miss this place.",False,3,0,1,Sami F.,en
611,2016-01-14 20:01:33+00:00,5,"Excellent lunch, presentation and service. Very creative preparation and just delicious.",False,0,0,0,Yuliya K.,en
610,2016-01-15 20:08:23+00:00,5,"Super good food and services! Went there today for lunch and ordered two course prix fixe. Personally recommend: Herb Crusted Hawaiian Mero and Sturgeon & Sauerkraut Tart. 

So the Mero dish is a very tender fish, with crusted mussels on top, dip in a yummy sauce. Its also the waiter's favorite. The tart is very pretty and crispy. Sturgeon and sauerkraut is something that tastes like white kimchi :p

I really like their complimentary dishes -- pretty and delicious. The restaurant really put a lot of thought into this. See pictures!

The whole meal costs $100/each person including tips.",False,2,1,1,Yuki W.,en
609,2016-01-16 00:24:15+00:00,5,My family went to the restaurant Christmas week and had a memorable dinner. The service was impeccable. The chef's creation are as tasty as they are beautiful. It is only a matter of time before the restaurant receives it second Michelin star. I would recommend that you attend now before the critics review this wonderful. The fois gras dishes were superb. The roasted scallops were jumbo sized. The three courses of bread were perfection. The squash for two was infused with the flavors of the meats juices. The duck breast was perfect. Desserts were sculptural beautiful. Petit fours and a take home cake completed a perfect night.,False,0,0,0,D C.,en
608,2016-01-18 05:05:50+00:00,3,"Beautiful space. Competent but sterile, soulless service (although they made a mistake on the bill which could have been remedied more gracefully) 

Precious food for precious diners.  People need to stop pretending that is OK to give a restaurant $250 / person and still leave hungry. I don't mind dropping serious coin when the art and creativity are on par with substance (i.e. Torrisi, Bouley, Daniel, EMP ETC) but this was just comical . 

Minimal piece of shrimp for the amuse Bouche was uninventive. Marinated diver scallops could've easily been done at home. Kraut tart was delicious . Halibut entree drenched in butter. Dessert was sexy

Were it not for the accompanying bread , I think I ate 8 tablespoons of food over the course of the evening

It's up to YOU NY...",False,3,2,0,G L.,en
607,2016-01-22 20:35:23+00:00,3,Beautiful restaurant with a stunning design. However the dinner options in the bar area were poorly explained to us by the host and we found ourselves with overpriced limited options. The food in itself was good.,False,0,0,0,Phillip C.,en
606,2016-01-25 00:30:02+00:00,5,"Outstanding food and service, would highly recommend.

A friend and I treated another friend to his birthday here as a surprise, but he had (to our surprise) dined here earlier this week. However, the server noticed him and said, ""Welcome back,"" as we sat, which was surprising yet entertaining and generally reflective of the service we had that evening. We had the chef's tasting menu and specifically requested that we have the langoustine and the lobster as part of our meal, which they gladly obliged. The langoustine in particular was delicious, but everything that we had was very well executed and tasted great, especially the foie gras dishes.

The drinks were also excellent, and the ambiance as a whole was fantastic. Definitely a place I'd recommend for a nice, more upscale meal.",False,5,3,1,Dennis J.,en
605,2016-01-31 15:58:08+00:00,3,"My wife and I don't get many chances to go out, so we try to go somewhere special when we do. We've been to most of the high-end French restaurants in the city and were excited for this one.

We arrived early so we could have a cocktail in the bar. The space is welcoming, though the ceiling in the main dining room has the most institutional paint color in the whole place - odd, to be sure.

We ordered cocktails, and five minutes later a server said they had just sold the last one of mine. An 86ed cocktail? Yes. So I decided to order a Sazerac, which I like with one large cube (call me a philistine, I like ice). The server confirmed one large cube, after asking if I'd prefer a sphere. Then, about ten or fifteen minutes later, the drinks came. No ice in mine, one large cube for my wife. I reminded the server about the cube. I shouldn't have. They dropped in the cube, but the drink was already so weak that further dilution was a mistake. My wife's was the same. Fail. Not to mention the spicy shrimp (or fish skin?) crisps served with the drinks - they weren't bad, but I can't imagine too many diners wanting a seafoody snack with their cocktails.

Our table was ready fifteen or twenty minutes late, but as our cocktails were delayed we didn't mind too much. On to the meal. The amuse featured more crisps - beet and nori this time - that were fine. The Parmesan dumpling was so-so. We ordered the 2012 Rolly Gassman Pinot Noir, which was good for the price: earthy, a little sweet, and clean, if not exactly complex.

Our first courses were outstanding - we had the velouté and langoustine tartare, which reminded me of fresh amaebi. The next courses were less so. My wife's halibut was hearty but lacking contrasts in flavor, except for the garnish. My sturgeon tart arrived under a smoky dome - hasn't that trick been done to death by now? - and tasted like the smoked salmon Benedict I could buy around the corner for $15. The mousseline tasted like Hollandaise and congealed within minutes. Between the sauce and the smoky sturgeon, I couldn't taste the American caviar on top or any sauerkraut. Sorry, but I didn't come here for breakfast. I couldn't even finish half of it. To their credit, the servers offered to bring something else. I declined.

We shared the croustillant next. When I order a dish meant for two, I expect it to be served out at the table. This was not - the croustillant was already cut in half and delivered on separate plates. Regardless, it was hearty and very good. I've never had a small bird cooked so tenderly.

The palate cleanser was another highlight, with berry and ginger. The desserts were, again, fine - tasty, but nothing to blow our minds.

Other points: The servers seemed a little green, certainly competent but lacking the knowing confidence of more experienced staff. We liked the warm ambience; at least, we found it warmer than the minimal, modern rooms at Jean-Georges and Le Bernardin. But I think we'd go back to either of those - and certainly to Bouley as well - before we returned here. For the money we paid, we expected a bit more. This was a four-star meal where we were paying for five, hence the three-star review.",False,2,0,1,Bergen F.,en
604,2016-02-01 02:08:14+00:00,4,"Had a nice meal here last night for my father's bday. Been wanting to try GK for a while since it opened and it's so close to my office. Made a reservation through Open Table and everything  went smoothly. They called to confirm the day of as you would expect. 

Wine list is pretty nice and it comes in an iPad which I actually don't like but thats personal preference. I think corkage is around $100, last time I checked so similar to Per Se ballpark. As another Yelper mention it is very odd for a meal like this to not have wine pairing as a option. I guess different to Masa, Brooklyn Fare or Atera you get to choose your courses rather than a chef's table type of deal but with the limited options it should not be hard to have a flexible pairing. My father was still under the weather and I only really drink to pair with the food so we opted for some champagne to start and a half bottle. 

Service is excellent and food was very good though the portions are much larger than I expected. I added in some wild caviar to the mix and for 30g at 85, it was a steal. We have the bay scallops, Foie Gras Terrine, 2x Sturgeon & Sauerkraut Tart, Long Island Crescent Duck, Brandt Beef Skirt Steak and for dessert the Revisited, Pear Vanilla and the Textural, Concord Grape Pistachio. 

Out of everything that we ordered I would say the bay scallops and the 
Wild American Sturgeon Caviar were the best. Total for the bill was around high 5s. I would say that michelin got it right on for GK, it's a true one michelin star. 

Areas of improvement for GK: 
- Prepared wine pairing option 
- Perhaps smaller portions, before I even got the 3 course I was fairly full and it was an uphill battle at that point 
- Need more space between the tables. This one I am very serious on. I took the seat on the outside and every time someone walked behind me I felt it. Also I was able to hear the full conversations on the tables to my left and right. This means that they can hear mine as well, which does not make well for private conversations or business.",False,0,0,0,Scott W.,en
603,2016-02-01 15:50:01+00:00,2,"I have aligning opinions with the rest of the folks here who rated this place poorly; our complain in common? SERIVCE.

I dined here Friday on a 8pm reservation.  Immediately observation of the restaurant was the gigantic atmosphere is a bit ""stiff"".  Note: don't leave your stiletto at home.

We did the $115 menu consisting of 3 savory + 1 sweet course with complimentary amuse bouche, bread courses, and palate cleanser in between.  The menu is divided in First, Second, Fish and Meat course and diners are able to mix and match their 3 savory courses whichever ways.  The sweet courses were very seasonal-focused, not too sweet and really good. Our hostess, waitress, and even bus boys were all great.  Our cup of water were never emptied and our server was great at walking us through the entire menu.  For wine, we were introduced to their wine manager.  (I say wine manager, because this man who helped us does not uphold any quality of a properly trained sommelier)   He picked a wine for us on an extensive ""ipad"" wine list from his mediocre knowledge and description but everything was still fine besides his lacking.  We carried through dinner with great conversation about the food, wine, and gossips.   

Our perfect Girls Night Out quickly changed when a remark was made at an instant one of my friend held her phone up for a photograph of a beautiful dish. Sure, Asian-taking-picture-of-their-food is a common mockery and issue for many restaurant to maintain their ambiance.  I am sorry for this stereotype.  It was in our absolute intention to first act as respectful diner then as obnoxious paparazzi.  We paid utmost attention and respect to the beautiful plating. We shared opinion and articulated the flavor and texture of each courses. We took photographs in hopes to share our positive experiences with others.  Isn't that what a proper dining experience should be?  I am sorry a certain type of comments that contained prejudice were made at us in the dining room, FRONT OF THE HOUSE, literally a feet away from our dining table.  And of course the remarks were made by their wine manager.

We confronted the Maître D and GM of this, but only received brushed-off apology from the GM: ""I don't know what I can do at this point but to offer you complimentary champagne"".  How genuine .  Besides this incident,  I would never compare the services to somewhere like say, Eleven Madison Park.  But it was decent, just not justifiable for their price tag. There was a lot of hustling and bustling in the front of the house.  We had at least 3-4 faces through the night who helped us instead of one designated server.  During course number 3, because my friend went to the restroom and return later only 2 of us were served first.  It was awkward.  Overall the service here never felt personable and lack substances.  Until their front of the house staff can catch up to par with the superb production from their kitchen, they need to get over their heads.",False,13,5,4,Allison S.,en
602,2016-02-05 10:18:00+00:00,5,"Amazingly delicious, EVERYTHING was fabulous!!!! The vibe, the comfortable booth, the amazing service, the FOOD= ALL of it was SO GREAT!!!  We felt welcomed from the minute we walked in, and the space is impressive and beautiful.  We ate slowly and never felt rushed even though we had late reservations,  and we had got the wine pairing with the tasting menu and the sommelier was very knowledgable.  The latin waiters are all adorable, and the all sauces and foams and delicious fish and every dish was so pretty--SO beautifully presented.  It's a sin that this restaurant is only one Michelin star, it really deserves THREE.  I can't wait to come back.",False,1,0,0,Elizabeth R.,en
601,2016-02-06 16:10:06+00:00,5,"Outstanding food and service. Perfect execution of every dish, including the bread. And when we were there, apparently another table had some questions and Kreuther himself came out of the kitchen and talked to the other table. To be honest I was just going for the tart but pleasantly found all the other dishes were stellar. would definitely recommend!",False,1,1,1,Viv X.,en
600,2016-02-07 03:48:12+00:00,5,"I had just returned from San Sebastian before dining at Gabriel Kreuther.
Everything GK was as good as the best, the food was perfect and the staff was close to invisible but yet very attentive... perfect service!
A not to be missed restaurant in NYC.",False,0,0,0,Mimi F.,en
599,2016-02-11 15:29:33+00:00,5,"Nice place, great service, the food is amazingly good and tasty!!!",False,0,0,0,Wendy T.,en
598,2016-02-13 23:41:13+00:00,5,"One of the best tasting menus in New York!! The service was fantastic, just like the food.
EVERYTHING tasted so fresh and flavorful. I got the supplemental Halibut with FG to start and it was one of the most unique dishes I've ever had - totally decadent!

I had the Mero for the main and it tasted like it was just caught,  They use gastronomy in several dishes and wish there was more because they are experts!

I'm not big on desserts but could not believe how incredible the meringue grape dessert was. It's quite a filling meal, so this was the perfect light topper for a perfect dinner.
Will go back!!",False,2,0,0,Jennifer A.,en
597,2016-02-15 19:29:32+00:00,5,"Truly divine. Their Valentine's Day details filled me with so much happiness - ornately patterned gold menus fastened with jeweled butterfly and tuxedo button pins... Cut out romantic/restaurant-themed words for us to ""make our own love poem""... Vanilla bean fortune cookies at the end filled with love-themed proverbs and quotes. Amazing. And the staff were so, so friendly and kind. 

The food (obviously) was all IMPECCABLE. Zero complaints. My husband's favorite was the porcini mushroom cappuccino. So imaginative and flavorful! Blown away.

I have high standards, and they were surpassed in every imaginable way. A perfect evening I'll remember forever.",False,1,0,0,Robin D.,en
596,2016-02-16 22:36:14+00:00,4,"After walking by this restaurant so many times we decided to go in for a dinner on a late Monday night. Chef Gabriel Kreuther has an impressive résumé and his restaurant is an evident outcome of that success and experience.

To our surprise main dining room was completely packed and there were only couple of tables available in the bar/lounge area. We just wanted to have few dishes to share and couple of glasses of wine anyway so sitting in the lounge and ordering a la carte suited us just fine. Main dining room only serves the four course prix fixe at $115/pp or the Chef's menu at $195/pp. Perhaps we'll try that for a special occasion.

Lounge menu is somewhat more casual and rustic. While diners in the main dining room are enjoying truffles and caviar, lounge patrons have options like Tarte Flambe (Flatbreads), various house made sausages and smaller dishes which are perfect for sharing with wine, beer, cider or cocktails.

Some of the musts are; Sturgeon Tart, Beef Tartare, Fois Gras, Maine Lobster Cappuccino and the Duck Confit. There were some other dishes that both sounded and looked very good but they will have to wait for the next visit.

Sommelier helping at the lounge area was very knowledgeable about the wine pairings and she offered large number of wines by the glass, more than your average restaurant so no need to commit to a bottle.

Finished the meal with the Beignet and the Coffee Macchiato Dome on a sweet note.

Although some what pricey, quality of the food, preparation, service and ambiance justifies the cost. Our table overlooked the Bryant Park on a wintry night while we stayed cosy with our French countryside fare and red wine. Enjoy!",False,1,0,0,Sebastian S.,en
595,2016-02-22 21:01:11+00:00,5,"WOW. 1 tasting menu. 3 girls. 13 courses each. 3 hours of culinary bliss. Start to finish, everything was fabulous. The food was amazing. I looked like I was crying at times because it was so good I didn't know how to quietly react.  Wine was amazing.  Service- Cody- was amazing. I knew it would be a wonderful night as soon as he brought over a purse tree for our handbags.  I think my favorite dish was the hamachi with foie gras because I found myself thinking about it during bootcamp class the next morning! 
What a treat, loved every moment.",False,3,0,0,Linda Y.,en
594,2016-02-23 05:31:44+00:00,5,"What a wonderful experience we all had at this restaurant, would recommend it to anyone visiting NYC ... it was a  beautiful place and had such nice space to celebrate my birthday evening with my 8 girlfriends.  The staff was excellent and the drinks were tasty and fun.  The desserts were over the top. We will be back for sure  ...the food was great and the staff was so accommodating..
""My Birthday was fantastic""  ... Thank you.",False,2,0,0,Suzy B.,en
593,2016-02-23 16:40:29+00:00,4,"Just go. Try it. The presentation beautiful. Sashimi perfect. Foie gras melted in my mouth. Duck impeccable. Dessert super, super chocolaty. And they fill you up with different types of breads and butters between each plate. Everything was so FRESH. Quiet inside the restaurant in such a busy area of the city.",False,1,0,0,Michelle C.,en
592,2016-03-06 15:01:44+00:00,5,"Beautiful interior, outstanding food, professional service.

This is a one-star Michelin restaurant and you can tell:  refined food, amuse bouches, palate cleansers, pre-desserts, chocolates after dessert, small portions.

- Foie gras terrine was superb; basically a ball of foie gras rolled in truffles
- Hamachi appetizer with truffles was amazing
- The sunchoke soup was superb
- The sauerkraut tarte is more of a mousse:  avoid if you don't like caviar as the flavors blend really well together (and you'd miss out only getting half)
- The wagyu beef was, shockingly, not the best -- I'd give it a 4 out of 5 and one was ever-so-slightly overcooked

The service was professional but not fawning.  The by-the-glass wine list is a irritating because they offer both 3 and 6 oz pours so I accidentally ordered $46 glasses of champagne instead of $23 ones because of the confusion.  At a restaurant of this quality, a glass of wine should be a glass of wine; let's get rid of the two sizes thing.

The desserts were superb.  An amazing touch to serve the final chocolates in a cocoa pod.",True,1,0,0,Dave K.,en
591,2016-03-14 01:17:31+00:00,3,"3.5 STARS

We had a nice meal at Gabriel Kreuther. Though the food was generally good and inventive, there wasn't anything that totally blew me away. The squab and foie gras croustillant and langoustine tartare were my favorite dishes. I thought the restaurant space was nice, but didn't have a cohesive feel. Also, it seemed as if they were understaffed and our server, while she was very friendly, was often gone for long stretches of time. 

I still enjoyed my meal at Gabriel Kreuther, and I feel like I'd give the restaurant another try, but I wasn't 100% sold on it.",False,3,1,1,Victoria J.,en
590,2016-03-18 18:00:55+00:00,3,"I read all the reviews on here, and I am just not sure what happened, but our meal was not amazing. It wasn't bad, but it wasn't balls-to-the-wall great. The flavors were fine, nothing made the angels sing. The current menu is different now from what I had (langoustines, scallops, and duck), and the only thing memorable was the chocolates served in a cacao pod, because the chocolates rest on a bed of nibs which are quite fun to eat. I also remember how long the service was (~45 minutes between the second and third courses), and the whole meal was just a belabored and overextended affair.

One of the reviewers on here said it was a sin that GK didn't have more than one Michelin star - like someone at Michelin needs to go to confession because they didn't shower the restaurant with stars, but honestly, one is enough. And going here once was enough for me and going here none is probably enough for you, if you're interested in checking out the ol' Gabester.",True,4,2,5,Han C.,en
589,2016-03-19 03:22:23+00:00,5,"Perhaps it was my selections, or it just might be the oeuvre of the restaurant but this place bends a little more heavily toward the German side of Alsace than the French. ""Sour"" (tart) flavors are ever present and pickled accents show up on most plates. The German wine pairings seem to work just a touch better. In reality, it probably makes no difference. This was a stunning assortment of food. I really enjoyed everything. 

The Veloute appetizer was rich and creamy, the sauerkraut tart capped with a light mousseline and hiding smoked sturgeon was like nothing I've tasted before and the duck was served as a beautiful pink shard with an earthy sausage next to pungent, complimentary red cabbage. Dessert featured a basket of tropical fruits mixed to properly rest a well used palette. 

Before leaving one of the staff members asked about the highlight of the evening. I was dumbstruck. Each and every element was so on-point I stumbled through an incoherent response. Isn't it great when food makes you a blathering fool?",True,3,0,0,Jeff D.,en
588,2016-03-19 20:24:16+00:00,2,Not sure how this restaurant has received the accolades it has.  Interior is gorgeous but service was  slow and lackluster to the point that empty plates weren't cleared after sitting there for extended periods congealing. Food was certainly nothing to write home about - and definitely not up to expectations. No one was blown away at our table and the men left hungry. Dessert of caramelized apple gel balls with bland vanilla ice cream was woefully sad.  A lot of hype for such mediocre food.  Really not worth it when there are so many other excellent choices in NYC - choose better.,False,2,1,0,Adk M.,en
587,2016-03-25 20:53:09+00:00,5,"With family now living in different parts of the country,  our times all together are rare, so we decided to treat ourselves and celebrate our daughter's birthday with dinner at GK.  From the time we were seated and our daughter was presented with a personalized menu until we departed several hours later, we enjoyed and savored every moment.  The service was stellar, with each member of the team knowledgeable and attentive, yet unobtrusive.  Each course, from the amuse-bouche, first, second, third, bread, meat, fish, to dessert, was delicious and created with the freshest of ingredients, plated elegantly and served with synchronicity.  The sommelier, after asking about our particular tastes, suggested wines that paired perfectly with our meals.  Our thanks to the entire staff for making our evening one to remember.",False,1,0,0,Helen B.,en
586,2016-04-02 02:47:39+00:00,3,"I went to GK for my anniversary. The place is well decorated. The recommended wine pairing is excellent. I tried the dinner prix fixe (3 savory- 1 sweet). The food was good for a one-starred restaurant but the service was not good enough. The only problem was that my duck wasnt warm enough but I didnt say anyrhing about it. Also, our table had pieces of bread which should had been cleaned but no one did until I asked a server to do it. The servers dont explain the food in a fluid way. Anyways, I had a great time. I would go again when they change the menu.",False,1,1,1,Diego C.,en
585,2016-04-03 00:22:09+00:00,5,"From start to finish, we had a fantastic dining experience at Gabriel Kreuther!  Beautifully decorated, delicious cocktails, amazing food and attentive service. The desserts are a work of art! It was a perfect evening and I highly recommend GK!",False,0,0,0,Lisa S.,en
584,2016-04-05 12:14:46+00:00,5,"We went to celebrate my husband's birthday and were treated like a king and queen! The service was impeccable! Everyone was incredibly nice, precise, and the attention to detail is truly an art! It almost feels like a performance how synchronized the servers' steps of service were but not over the top like other upscale dining experiences we've had in the past. 
The food is something we've never experienced before and was just phenomenal! We honestly left the dinner and were in a cab heading home and were saying ""wow, what just happened?! That was beyond amazing!"" 
The restaurant's ambiance is spot on and while it is incredibly beautiful and pristine, it has rustic elements that make you want to redesign your own home!! 
Thank you, Gabriel Kreuther (front of house,back of house, Colby Lehman!, everyone!)! Our night was one we will never forget! My husband felt so special and it was the BEST way to celebrate his birthday!",False,0,0,0,Deanna S.,en
583,2016-04-08 03:31:21+00:00,5,"Don't like the location, but everything else was beautiful.  From the moment you walk through the entrance, you'll see their seamless and perfect service while it's not stuffy.  
I sat at the bar while waiting for my dinner companions.  The bar area is really nice and modern but still with the discreet but thorough service.  Dinner was wonderful and really beautifully presented.  There were some small things that we weren't sure if they were edible or we didn't know exactly what they were.  But when asked, the staff always had a detailed answer, which told me they were well trained and well informed.  The restaurant is modern with some classic touch - every section you look, you'd find something different.
My expectations were totally met, and I walked out feeling that $ was worth for the wonderful dining experience.",False,4,1,1,Harue J.,en
582,2016-04-11 02:00:08+00:00,3,"I was very excited to try this place based on the reviews, 2016 Michelin star nod and a personal recommendation from someone while we were having dinner at Chef's Table at Brooklyn Fare.  

I don't get why the reviews are so stellar. 

Food: We had the Langoustine Tartare, Sunchoke Soup, 7X Colorado Wagyu Beef Strip Loin, and the duck, Tropical and Coconut Exotic Fruits and the chocolate dessert.  Everything was just okay, nothing stood out, nothing was memorable.  There are so many amazing restaurants in NYC.  I don't think this one measures up to the greats, but I'm glad that I tried it once. 

Atmosphere:  The dining room is very elegant.",False,3,0,0,Christina T.,en
581,2016-04-12 03:51:47+00:00,5,"Sincerely, what an incredible meal. The food
was beyond. (We ate in the bar... Do not miss the sturgeon tart, or the flounder tartar. And of course the tartes flambé). The service was incredible. The room was exquisite. I had to stop myself from stealing the silverware. 

I loved everything. It was just beyond and I will remember it forever. Thank you so much. Your staff took extra care of us and we really appreciated it.",False,0,0,0,Jody F.,en
580,2016-04-12 19:54:59+00:00,5,"What a wonderful experience!  Loved the room, service, and amazing food!  The best fois gras ever.  Chef Gabriel Kreuther's rocks.",False,0,0,0,Recky B.,en
579,2016-04-13 00:41:09+00:00,5,"So wonderful - food, service, ambiance, wine - it was all magnificent!   My husband and I went on the recommendation of the concierge so we didn't really know what to expect.  Gorgeous presentations.  Amazing food!  We asked the sommelier for a wine pairing and she accommodated us. When we asked her to write down what we drank with each course (we each had different things) she printed up both of our menus and delivered them in the menu sleeve for us to take with us.",False,0,0,0,Sally S.,en
578,2016-04-16 13:34:42+00:00,3,"I was very excited to try this place after a recommendation from a friend. I went last night 4/15. Maybe I should've lowered my expectations or ordered different items, but the second course and fish were just mediocre bordering on inedible. The space is gorgeous with beautiful wooden columns and the service was amazing. The servers took care of us the entire time. For those reasons I'll give this place 2 stars. 

Now I'm going to give a 3rd star because their bread was really good and the first course and dessert were also both good. But the rest of the meal was just so bad especially for the price we paid that I can't in good conscience give another star. This place is more like 2.5 but I'll round it up to 3.

The items I ordered: Foie Gras Terrine & Black Truffle Praline, Crispy Sweetbreads Roasted in Duck Fat, Nova Scotia Halibut. The Foie Gras was great, but when is foie gras not great. The Sweetbreads were just alright, there was something with the flavors that didn't go well for me. The halibut was really bad, it was very dry, it tasted like it was overcooked. The butter sauce was good but it just couldn't save the meal, I barely ate it. Which is sad for a $180 meal after tax+tip. My friend order the Alaskan King Crab and Diver Scallops and she said both also tasted like they were overcooked.

I've been to my fair share of restaurants with great tasting menu and this dinner was just so disappointing that I don't suggest eating here. Maybe the kitchen had an off night but the food was just not worth it for the money. I'm honestly left wondering how this place received a Michelin Star.",False,1,0,0,Margarita C.,en
577,2016-04-20 14:03:27+00:00,5,I am a regular here -- innovative dishes and great service.  GK should get at least 2 Michelin stars (at least in my book ;)),False,1,0,0,SwimchampNY C.,en
576,2016-04-29 14:32:49+00:00,5,"Great everything!
In April 2016, about a couple of weeks apart, we had two dinners at Gabriel Kreuther. We were his fan from The Modern and wanted to explore his new venture. On both occasions, we had a great experience. First, the welcome and the ambiance were fabulous. The décor is very pleasant and the tables are set such that one has breathing room. The service is remarkable in that the server to client ratio seems to be around 1:3, with constant attention to everything. The bread service is interesting as several kinds of bread are brought to the table during the meal, with different spreads as well as butter. The ficelle however, is hot from the oven, crisp on the outside and chewy on the inside, delicious. We tried several items from the changing prix fixe menu and can recommend the foie gras terrine, the squab/foie gras croustillant, the king crab, the sunchoke soup and the langoustine tartare. The interesting thing is not so much the main ingredient in these dishes as the complementary flavors that enhance them in the sauces. GK has a great wine list, with some less known gems at reasonable prices as well as very good wines at not exorbitant prices. Sommelier service, especially Mr. Gorsuch, is most helpful and accommodating. We look forward to our next trip to NY; thanks GK!",False,0,0,0,Kutlu S.,en
575,2016-04-30 00:53:18+00:00,4,The food presentation is impressive and comes close to being considered art on occasion. The service is very professional and the atmosphere is crisp as you should expect here. The food was good overall and in some cases excellent. An enjoyable investment!,False,6,3,4,David E.,en
574,2016-05-06 02:39:01+00:00,5,"Coming here for the first time while reading mixed reviews made my experience there all the more memorable. Due to the mixed reviews, I didn't set the bar too high. I think that made it all the more special.

We had a reservation at 6pm but got there earlier. Got seated at around 5:45 and the waiter was extremely courteous. His name was Cody! 

Without even getting a good look at the menu, my boyfriend told me I didn't have to choose. He already chose carte blanche for us.

We started with a moist, delicious bread with a compound butter. My boyfriend and I love good baked breads so definitely a plus there. Then came a cute course that was composed of 4 miniature starters. The most memorable was the yuzu pâté de fruit.  Next came the caviar which was just delicious. Reminiscent of caviar on mashed potatoes - just more elegant! 

Next came a compressed hamachi with fois gras terrine. I'll be really honest with you - I've never had foie gras. Okay, I've never had truffle either but the foie gras I've heard of from food network. Never would I have thought I'd eat it much less like it! The truffle gave it an earthy taste as well. 

My boyfriend's favorite came next which was the ocean trout. It was so creamy and reminded us of an extravagant salad. Would definitely want to savour again! More bread came and it was so reminiscent of our dates at L' ecole and his days of courtship with bread. It definitely kept me smiling the whole night. 

Onwards to our next meal was - sweetbreads! Gosh, never in a million years would I believe I'd try that. Just like the foie gras though, I sucked it up and decided I will try it. It was actually not bad! Pretty good and very rich. I actually didn't think I'd like it but it definitely surprised me for liking it. Next was the king crab - and being a person who doesn't eat crab much, I loved it as well. It was also lighter than the previous dish which was pleasant. After that, we had another dish which was a tad spicy - loved it. The mangalitsa morcilla. Too bad my mother called and I missed out on what made it. 

More bread - the rosemary buckwheat rolls - very fragrant. Dwindling down, our next star was foie gras - and the chef was not shy about it at all. When I smelled it, the aroma reminded me of Vietnamese pho & after speaking with my boyfriend, it was also very reminiscent of Chinese restaurant's roast duck. Braving myself for a big chunk of it, I dug in and loved it. Definitely more fatty and softer than the texture of roast duck - but more delicious. Yum!
Our final entree was the duck confit which was a perfect way to end the meaty portions of our meal.

The next upcoming was the dessert. Something tart to clear our palate was the rice pudding with pineberries, strawberry gelee & elderflower champagne granite (my boyfriend just said darn! We should've gotten champagne). Then came a congratulations on a plate with a candle that starred the fleur de temps & raspberry white chocolate. Lastly was a demonstrative course of crème brulée by our lovely waiter Cody. 

Our course of multiple tastings was definitely pleasing and I would definitely go back. But it wasn't only the tasting menu that's got me wanting to come back.

The wait staff was extremely courteous and attentive. Cody even realized my boyfriend got me a gift. Coming to our table, he asked about it and found out we would be new graduates. Taking that into consideration, it surprised us in our desserts. Even put a candle for us which made our meal tonight all the more special. But honestly what made their staff more attentive was when my boyfriend sneezed. He walked over and told him ""bless you"". With that kind of attention, how could our night not be special? The other wait staff constantly refilled our water and cleaned after our breadcrumbs. I'm very glad I came here in lieu of my graduation formal. Definitely more worth it to be with someone special and a welcoming atmosphere by everyone there.",True,1,1,1,Jenny C.,en
573,2016-05-06 15:38:08+00:00,5,"This place is a 1-michelin star restaurant that really should have 2 stars.  I assume they'll get there shortly because it is very inventive with excellent attention to every detail.  We came here for a pre-theater dinner and absolutely loved the tasting menu and wine pairings.

They have custom plates, custom silverware, custom wineglasses that are designed to convey the food and drinks in the way most intended by the chef.  Lots of little bites come in between courses to keep things interesting, and topping it off with impeccable service leaves you feeling like a million bucks.

I would definitely come here again.",False,1,0,0,Chad T.,en
572,2016-05-12 03:57:05+00:00,3,"Overpriced - a bit ostentatious for my taste. It's certainly not classy - they wanna be though.service was good, waiter was very helpful. Area managers were walking around with their hands behind their back - not pleasant at all seeing that. They looked like prison guards, observing. Way over the top. Food was average, very disappointed.",False,0,0,0,a h.,en
571,2016-05-13 20:17:07+00:00,4,"What a wonderful dining experience!  The four-course tasting menu comes dear, but it is worth every cent.  My friend was held up at work, but they sat me at a beautiful table anyhow, rather than making me wait at the bar.  That wouldn't have been an unpleasant situation either, but going to the table is what I preferred.  The cocktail menu has a great blend of classic and new, with even a section for non-alcoholic drinks.  I tried a fruity drink with gin, watermelon and basil called ""In Bloom.""  It was perfectly refreshing.  Then I switched to my standard Jack Daniels. The menu leans towards seafood, and what amazing food it was.  amuse-bouche was so playful and had a great blend of salty, sour and sweet flavors. The courses were perfectly timed and each one was delightful.  But the bread, oh my how wonderful was the bread?  There were three different flights of bread, each paired with a different kind of spread.  The first was the best--so good actually that we asked for another one and polished it all off along with the chive cream smear. I loved the seared foie gras and fruit chutney.  So sweet and seared to perfection.  I nearly appalled my friend by adding salt to it, but that wasn't because the chef did anything wrong, I just like a salty foie gras. The halibut was cooked to perfection and my tropical dessert was unusual in a great way.  Something to note was that the decor and flatware was just gorgeous.  I have never seen anything like it and I wanted it all.  The only reason why this wonderful place gets 4 instead of 5 stars is that the service got a little less attentive towards the end, but I think that is due in part to how busy the restaurant became.  I will save up to return again sometime in the not-too-distant future.",False,0,0,0,Michelle T.,en
570,2016-05-17 10:00:11+00:00,2,"Took a client for business lunch, service was very slow. Great restaurant but will not come back very slow service for lunch.",False,0,1,0,Mnk C.,en
569,2016-05-17 19:41:48+00:00,5,Phenomenal. Top notch service to match the top-notch cuisine. Can't wait to go back.,False,0,0,0,Ray S.,en
568,2016-05-18 00:53:43+00:00,4,Dinner was fantastic. The tasting was relatively quick at around 2 hours. My favorites were the foie gras and sea scallops. Service was excellent.,True,3,3,3,Bo B.,en
567,2016-05-22 19:40:14+00:00,5,"This place is excellent, a 5-star restaurant indeed! Came here for an early dinner before seeing a Broadway play. The restaurant is in a great location as it is close to the theater. This is one of the fanciest restaurants I have been to. The service is impeccable, I truly felt I was on an episode of Top Chef the way the food was presented, executed and served. The Food was absolutely delicious! The flavors opened up my palate to flavors unknown. Although this restaurant is quite pricey, you definitely get what you pay for here. I would love to come back and try new dishes as I'm pretty sure the entire menu is spectacular.",False,2,1,1,Krystal S.,en
566,2016-05-24 16:07:22+00:00,3,"Expensive for meh quality food. My family and I were really looking forward to eating here, but the meal was honestly mediocre. 

First course, chilled white asparagus soup with what I can only describe as puffed wheat that tasted eerily similar to Kashi granola. It was bland and I felt like I was eating a bowl of granola. 

Second course was tempura soft shell crab. It was alright but again lacked flavor. 

Lastly the wagyu beef that was served cold with two pieces of asparagus. The beef was alright but not worth the extra surcharge. 

THE SAVING GRACE OF THIS PLACE ARE THE DESSERTS. I had the decadence and caramel cake. And the breads of course.",False,0,0,0,Lisa M.,en
565,2016-05-24 23:39:26+00:00,5,"Excellent excellent place!!!!! Loved this place so much - the food just melts in your mouth!!! I got the duck confit entree and beignet as dessert . Best duck confit dish I've ever had so far!!! Their fork and knife were interesting too! One note is that if you want to order individual item alone (if you just want to order one entree for example), ask to be seated at the bar. If you get seated on the restaurant side, it is a four-course meal only.",False,2,0,0,Heather H.,en
564,2016-05-28 18:17:54+00:00,5,"Modern French at it's finest.. big, bold and surprising flavors are beautifully presented at GK. Highlights were the scallops. I really wanted the raw scallops from the bar menu as my first course (they were nice to do it for me) and it was out of this world. Every bite was light, fresh and the flavors kept evolving as I mixed the components. The entree scallops were perfectly cooked.  Passionfruit dessert was heavenly. Loved the chocolates served in the cacao bean at the end. Nice touch. I agree with the other reviews that the restaurant should have 2 stars. I enjoyed it much more than Eleven Madison and Bouley. Only negative was service, but perhaps it was an off night.",False,0,0,0,Alexandra B.,en
563,2016-05-28 22:29:59+00:00,4,"5 star service, 4 stars for food, 5 stars for ambience. My first visit was for a special Valentine's Day menu, and it was a really lovely experience. Creativity seemed to outweigh taste for some of the dishes, but overall there was a very nice progression of courses. The bread, amuse bouche, and chocolates were generous. I also appreciate half pours on a wine list, which allows you to make your own wine pairings throughout the meal. 

I recently visited for a birthday dinner and sat in the bar area which is a la carte. They were very accommodating and patient (not always the case with large parties!). Portions are on the small side, so I recommend an app + entree + dessert per person. 

The scallops are a refreshing app and they come dressed with a bit of sea urchin. Foie gras and the sturgeon tart were also excellent choices for a bit of old-school glamour. The tarte flambé is a flatbread (we got the mushroom) and is perfect for sharing. The Baked Dorade had the most delicious foam, a lighter entree option with great flavor composition. The duck confit is heartier and cooked perfectly, not too fatty with crisp skin. The only disappointment was the saffron gnocchetti, which lacked depth of flavor and was surprisingly unsatisfying for a pasta. It may have been my mistake to expect gnocchi when it was actually more like shell pasta - not airy and pillowy, yet also not al dente and chewy. 

The ambience couldn't be better - elegant and comfortable with floor to ceiling windows facing Bryant park. I would recommend the tasting menu over the bar. The price difference really accounts for the added touches throughout the meal, and the prefixe price is very reasonable for other restaurants of this caliber. They really know how to take care of their diners - highly recommend as a restaurant for special occasions.",False,5,1,2,Lillian Y.,en
562,2016-05-29 14:40:53+00:00,5,"Hard to not give Gabriel a 5* rating.  Truth be told, I would give it a 4.8 if I could, but obviously we can't do that.  My wife and I went here for lunch to celebrate our 20th anniversary.  I had made my reservation on OpenTable through the Gabriel website.  So I was a little taken aback when we got there that they said they did not have my reservation in the system.  I searched my emails and looked at their reservations on their system to no avail.  No reservation under my name.  I was a little bummed out as I had been looking forward to this meal.  No worries the host told us as we could sit in the bar/lounge area.  While this was not ideal and I was still steaming my wife was fine with it.  

Our server was fantastic (sorry I do not remember his name) and the waitstaff in all was also great.  We ordered the bar lunch special menu (an appetizer, entree and dessert) along with an extra dish.  My wife had the classic tarte flambée (personal I loved it while my wife thought it was good, not great), the grouper (spectacular) and the cheesecake (excellent).  I had the pea soup (spectacular), tripe (very good to excellent.  Would have said excellent as there were too many potatoes.) and the beignets (very good, not excellent.).  The staff also sent out a special tart, to celebrate our anniversary, which was excellent.

Besides the fact that my reservation that was not in the system (I later found out, after returning to home, that when I submitted, after entering my credit card details, the credit card system was ""temporarily off line"" (I never waited to receive confirmation and the screen was still on my computer when I opened it later that evening!) and some very, very minor food gripes, Gabriel Kreuther's is a place I would love to return to some day in the future, especially for dinner.",False,0,0,1,L. Hook V.,en
561,2016-06-01 20:14:55+00:00,5,"How to critique  an excellent lunch hour or two.  Reception was warm, service, competent and intuitive, and as for the food...just wonderful...A bit more generous than expected (a caution from the waiter might have helped us avoid over ordering), but the carry-out will serve us well.  Presentation was only exceeded by the taste of each offering.  A beautiful room and deserving of repeat visits.",False,0,0,0,Thelma S.,en
560,2016-06-05 17:18:16+00:00,4,"4.5 Really, but fell a little short of expectations.

To start, really great staff, our plane was late getting into JFK and Jet Blue succeeded in losing our one bag with the dinner wine in it (Frank Family Rutherford Reserve '07 and Chateau Montelena '96 - AHHHH), leading to a desperate call to GK from the cab.  They kindly and calmly changed our reservation from 6:30 to 7:45, giving us time to recover and actually get there.

The location is billed as ""Overlooking Midtown's verdant Bryant Park"", but there is actually no view at all from the main dinning room, however, the space is elegant yet relaxed.  The service was exceptional, especially the gracious Sommelier who helped me climb back from the loss of my favorite wines with an excellent Cremant Rose and Hestan second growth (we did eventually get our bag and wine back).  They keep the bottles off the table, and they were a touch behind in keeping up with the glasses, but possibly all for the better.

The four of us combined to try most of the offerings.  The Wild American Sturgeon Caviar was outstanding with a very unique presentation of Caviar layered onto a creamy mixture reminiscent of creme fraiche and al-detente potatoes, one of the most successful tastes of the night.  The Chilled Provence White Asparagus Soup was fabulous, and the Seared Sullivan County Foie Gras was perfect. The most successful Third offering was the Grilled Maine Lobster with shellfish-coconut nage, really well-developed and inspiring.  All of the bread was amazing.  The desserts we tried succeeded more on presentation than taste.  There were some misses in our opinion as well.  The Compressed Hamachi was unappealing, introducing an odd bitterness to an otherwise amazing fish.  The Langoustine Tartare was bland, and the Foie Gras Terrine & Black Truffle Praline, Soft Shell Crab Tempura, and Crispy Sweetbreads Roasted in Duck Fat were OK not great.  The Wagyu Beef Strip Loin was a little short on cabrales blue and seasoning, a bit disappointing.

We will definitely be back.  You can not go wrong with a meal of Wild American Sturgeon Caviar, White Asparagus Soup, Seared Sullivan County Foie Gras, and Grilled Maine Lobster !  That pairing is truly 5 Stars.",False,0,0,0,S B.,en
559,2016-06-06 02:19:07+00:00,5,"My family celebrated my son's graduation @ Gabriel K .Surely, it was a beautiful dining experience,full of wonderful surprises.The food,service,and the staff were great.Foie gras was the best!!! in my opinion.",False,1,0,0,Chrissy B.,en
558,2016-06-11 15:55:43+00:00,5,"I was here for my semi milestone birthday on a Saturday evening. A beautiful and airy dining space with a lot of richy looking people... I saw many elegant dresses and fine jewelries...  In any event, we had the tasting menu which lasted for almost 3 hours - I believe it was about 10 savory courses plus desert.  It hits all the spots - caviar, uni, foie gras, truffles, wagyu, etc. Everything was creative but not overly complex. Three hour meal can be a bit exhausting and the service could be faster but I was not uncomfortably full at the end the dinner and was able to enjoy till the last course (without wine paring).  I believe they have pre theater and I'd try that next time.",False,1,1,1,Akira O.,en
557,2016-06-12 20:16:59+00:00,5,Everything was absolutely perfect from start to finish!  An amazing experience!  We can't wait to go back!  The space is breathtaking with attention placed on the smallest of details.  Every course was delicious!,False,1,0,0,Shannon M.,en
556,2016-06-16 13:52:38+00:00,2,"I went here for lunch with my sister, and it was awful. Nice service, but the space is big and soulless, and the worst part was the food. I don't mind a tiny dish for $29, but it has to be amazing, unfortunately it wasn't even any good, it was bad. We sat at the bar, and watched as bartenders fumbled around gallons of ice tea. I realize it's only lunch, but with these kinds of prices and pretentions they've got to nail it.",False,1,0,0,Art E.,en
555,2016-06-18 01:38:38+00:00,5,"I had the pleasure of visiting Gabriel Kreuther Bar twice while in NYC for work. I found the staff both gracious and attentive, and the fare excellent. I highly recommend the boringly named but fantastically complex ""West Wind"" cocktail, which I would rename ""A Song of Smoke and Ginger"". The Gran Marnier Baba is also not to be missed; it may sound good on the menu but the presentation will exceed expectations.

Many thanks to Sam, Cesar, and the rest of the staff that made both of my visits exceptional. I don't know when I may return to NYC, but I do know that I will make a point to return to Gabriel Kreuther Bar!",False,3,0,1,Erich N.,en
554,2016-06-24 20:27:28+00:00,5,"Stunningly sensuous spectacular dining experience. It says French on Yelp, but this is Alsatian food very German influenced. The main dining room is a sophisticated room with round creme. Banquettes and a few artfully placed pillows. This meal was stellar.
Ate:
Two course savory $52 plus desert $16 plus wine $15 Lunch
Dorade with green tomato marmalade w/ coriander fennel foam
Young organic poussin w/ licorice jus
Decadent blackberry over chocolate mouse & milk chocolate w/ caramel glaze
The foods starts coming and doesn't stop. Amuse bouche looks like a beach scene with umbrellas & coconut mango cold soup. The kugelof w/ scallions & fromage blanc is a mix of cake & bread kind of like a brioche. That's the first bread course. The dorade with its foamy top is lick the bowl amazing. The poussin was very good & loved the licorice jus. Second bread was whole wheat ficelle with cultured butter. Dessert was a work of art & the special milk chocolate mousse with caramel was bananas. Not finished, a coconut shell with house made stunning chocolates arrived. #PUREPLEASURE #PERIOD!",True,6,1,3,Franny A.,en
553,2016-06-28 21:04:29+00:00,4,"My husband and I had early dinner at the bar last Thursday. Since we are vegan, I emailed the restaurant in advance to make sure they can accommodate, given our culinary preferences. I received a prompt reply from their guest relations, assuring me they will be all set. I appreciated the attitude. 
Btw, you can now make reservations for the bar area, via Opentable. Note that the ""bar"" does not refer to A bar, but to the left side of the restaurant. There are actually two bars at GK - one on the right side of the restaurant (referred to as 'the main dining room', more formal) and one on the left ('the bar').
Staff was very friendly and attentive, food was beautifully presented, as expected from such an establishment, but I must honestly say, nothing extraordinary taste wise. Had the sweet pea soup, the spring salad (all vegan), the chef's entrée, which was prepared especially for us, and delicious fruit and sorbet for dessert. 
Again, solid meal, but didn't knock us off our feet, and we did expect them to do just that.
Also worth mentioning- maybe due to the early hour - 6 pm - crowd was mainly in their 50s - 60s,  so you might want to take this under consideration ;)",False,0,0,0,Liz K.,en
552,2016-07-04 06:00:53+00:00,5,"AB-SO-LUTELY. YUP!

I am extremely picky with high-end Michelin-type restaurants. I eat at about 3 per week and am mostly unimpressed. I was told that GK was a game changer and quite good. I figured that I had to check it out!

First of all, the presentation was amazing. I was blown away. I have eaten at Alinea (in Chicago) where they give you a helium balloon made of apple for dessert and everything is extremely well presented. In NYC I've eaten at almost all of the 3 Michelin starred restaurants and a huge handful of the 1 & 2 starred.

GK for NYC takes the cake. In my opinion, it's better than 11 Madison Park, absolutely.

I had a cocktail with watermelon and basil which was so light and refreshing. It started my evening off on the most positive note. I have a stomach issue and have extreme reactions especially to acidic drinks, so it was awesome to be able to choose from a menu with an extensive selection of juices and cocktails to choose from.

The staff was great. There was one hiccup where a course was swapped (I received the wrong plate and had to switch), but I didn't mind it one bit. Other than that, everything was perfect from start to finish. The waiter had great recommendations and was very accommodating to my stomach issue. It's refreshing because even in some of the very high-end establishments, waiters are not briefed on what allergies mean what (for instance, a lot of the times when I say I have a stomach sensitivity to acid, they bring me a drink with grapefruit or OJ in it which are both extremely acidic). Awesome to know we were in good hands!

Now on to the food
+ Cured Tasmanian Ocean Trout with sweet peas * parma prosciutto * dill - MUST ORDER. Absolutely heavenly. I tried some of the other starters and this was by far the best.
+ FOIE GRAS - Perfectly seared and heavenly. I'm a HUGE fan. 
+ Grilled Maine Lobster - Also heavenly.
+ Awakening * Strawberry Rhubarb with poached rhubarb * buttermilk panna cotta * strawberry sorbet - Again, perfect.

There were some little things that the waiter brought out (for instance, palate cleansers) which were extremely well presented and tasty. I almost don't even want to post pictures to ruin the surprise. 

For a special occasion, business dinner, business lunch, any type of lunch/dinner, romantic dinner, or just simply the want to embark on a culinary journey, Gabriel Kreuther is your place!",False,33,10,24,Melanie A.,en
551,2016-07-08 03:22:49+00:00,5,"I love the attention to detail in the ambience, plating, and silver/plateware. The squab and foie gras croustillant is a must try if you like foie gras at all. I got a lobster dish as my main course, but I thought it was not very memorable compared to the squab and foie gras. They also served many different types of bread with different pairings between each course which I really enjoyed.",False,1,0,0,Sonya Z.,en
550,2016-07-08 15:20:21+00:00,5,"Drinks and appetizers at the bar area were awesome, definitely will make plans to come back for dinner! ""The William"" and ""West Wind"" were phenomenal. No doubt, all cocktails are carefully crafted with painstaking attention to detail. Mushroom/onion/chive flatbread was delish and an ample portion to share as a hearty snack.

Great setting/ambience and bonus points for location right across the street from Bryant Park, can stroll right over. Corporate crowd certainly tends to dominate the scene here, but I would go for a special personal occasion as well.",False,2,0,0,Ashwin M.,en
549,2016-07-09 19:19:54+00:00,5,"Spectacular lunch - one of the best we've ever had in our 13 years in NYC. Not being zillionaires, we highly recommend trying GK's prix fixe 2-course lunch and splitting a dessert. 

You will have SO many wonderful bites. This isn't one of those joints where you need a sandwich after the meal. Generous, intriguing amuse-bouche with 5 different items. Two distinct breads and spreads, one for each course. Plus complimentary truffles & marshmallow with the check. Tremendous flavor and freshness across the board. Fancy but not fussy.

Warm staff greetings and service from the debonair host, waiter, servers, everyone. 

Honestly, this is exactly what a fine restaurant should be. Go.",False,1,0,0,Samantha C.,en
548,2016-07-10 17:18:21+00:00,5,"We had an amazing evening at Gabriel's. The chef tasting menu is a must,  every dish has its own personality and variety of flavors. Every detail is looked after, and every dish takes you through an amazing tasting trip. From the #amuse beach dish, all the way to the fabulous deserts the menu is a must if you are visiting NYC. My compliments to the chef.",False,1,0,0,Efrain B.,en
547,2016-07-12 23:17:16+00:00,4,"Another multi-course expensive place to dine in Manhattan.Well stars for the food and ambience, the personel hat and purse stand, the sour cream butter with the bread( divine) . I will not be going back, i was invited by a friend on an expense account. Too much about everything for my taste, but the butter, and the Martini were 6 star.",False,1,0,0,Donald A.,en
546,2016-07-17 03:41:22+00:00,5,"Good service and outstanding food. The ambiance was good, really nice decor, and have I mentioned the food was amazing?
The hostess could have been friendlier, the sommelier acted as she was better than any of us, but our server was friendly.
It still deserves the 5 stars.
Cheers",False,0,1,1,Jozsef G.,en
545,2016-07-27 15:19:24+00:00,5,"Oh gosh. I was lucky enough to be taken out here for lunch, and it was fantastic. We all did the 2-course lunch prix-fixe (there is no a la carte dining here) and split two desserts. I had the spiced beef tartare and Hawaiian mero, both of which were executed flawlessly. The mero may have been one of the best fish dishes I've ever had, and married French preparation with Thai flavors.

Desserts were fantastic and presentation was especially lovely. We ordered the Decadent and the Tropical, and the Decadent was definitely the bigger hit of the two.

Service was on par for this caliber of restaurant.

Lunch also included four (!) amuse bouches and two bread courses. All in all, a fantastic value if you have the wallet and the time for this experience.",False,6,1,2,Yuting Z.,en
544,2016-07-31 06:07:29+00:00,5,"Beautiful ambiance, incredible food, stellar service!  I can't say enough about this restaurant.

I found it online and am so happy I did.  My husband and I had the most delicious meal and left delighted and stuffed.

What a lovely find in NYC!",False,0,0,0,P R.,en
543,2016-08-01 15:56:41+00:00,5,"Wow, so enjoyed my experience here, even before I finished my dinner I already made a plan of coming back in two weeks.

The food is truly amazing. I love that the food is so flavorful, to me the food is comparable to any michelin two stars restaurants. I may not pay extra money for my beef course next time, that is not worthy the extra dollars. 

Service was great, but I can see there are room to improve it to make it more professional and more upscale. It is a relatively new restaurant, so I am confident that can be done very easily, especially the management team are very positive, warm and really care about the customers. 

Will definitely suggest this amazing restaurant to all my friends!",False,0,1,0,zi x.,en
542,2016-08-04 15:56:53+00:00,5,"Do not go through life without having tried the foie gras terrine & black truffle praline. Life changer right there. 

Every facet of the dining experience at Gabriel Kreuther leaves me in awe. From the decor to the impeccable service to the carefully crafted attention to each dish (especially including the transitional ones), everything was to perfection. 

Do make a reservation and allow your palette to be blown away.",False,1,0,0,Caroline W.,en
541,2016-08-06 00:50:03+00:00,5,"First you need to understand how far I am willing to go for good food. When traveling you must research great restaurants in the area and when staying in Morristown, NJ I couldn't find much. So as I flew into Newark and I immediately headed to Manhattan for dinner.

Using my 5 star rating (1 star for each category): 

Atmosphere (.75) - restaurant was beautiful but the bar area is open next to the dining room and I could hear crying babies and cackling, which ruined the mood.

Service (1) - fabulous. I ordered a glass of champagne but after starting my meal I realized I wanted red. They took back the champagne with no fuss/no issues and never charged me for it.

Food (.75) - 4 courses + 4 intermezzo. Bread/butter choices w each meal (didn't love all the choices). Trout was sooo good (and I don't even like trout). Foie was amazing, perfectly cooked. Halibut was perfectly cooked and a big portion for a tasting menu. The dessert intermezzo of homemade marshmallow was fabulous but I had the cherry almond as my actual dessert that was only ok, I little lacking in flavor.

Would I recommend (1) - absolutely. Great food at a great price.

Would I go back (1) - yes

4.5 stars",False,3,0,0,Jess W.,en
540,2016-08-11 17:35:58+00:00,5,"We loved Gabriel's food at the Modern and were looking forward to trying his new place. It did not disappoint! The decor is beautiful, the cocktails really well thought out and the food is amazing. 
We started out with Caribbean/hispanic amuse bouche which was unexpected but totally delicious. The fried queso blanco was really really good.   
 Do not miss the sweetbreads. No matter what, don't miss the sweetbreads. They are hands down the best I have ever had. I could have put that sauce on a on a rock and eaten it. 
The smoked trout was delicious and balanced, the smoked sturgeon cream was amazing. I wish I could have ordered two.
Desserts and the breads (different type of bread with spread comes for each course) were wonderful as well. The chocolate mousse with caramel was also some of the best I have ever had. The dacquoise was also very decadent. 
Service was flawless. Attentive and friendly but relaxed. Can't wait to come back and eat at the bar. That menu looks great and Gabriel is serving his liverwurst from the Modern there. You will never taste better. 
My only complaint is that you can't possibly eat everything but you will try. 

This is a restaurant you come back to a few times to try out the whole menu.",False,0,0,0,L P.,en
539,2016-08-15 22:18:35+00:00,1,"The food itself is a solid 3. Found a gnat in my trimbach, so that takes it down two stars. 

We sat for the 3 savory + 1 sweet prix fixe and ordered the following:

First--
Citrus Cured Tasmanian Ocean Trout
Foie Gras Terrine & Black Truffle Praline

Alright, first off, the trout was doused in some sort of weird nondescript sauce, with nary a hint of the wasabi mentioned in the menu description line. I felt like I was stuck in Smorgasburg, eating crap quality salmon diced up and served in a bowl (or as they would like to call it: poké). This was a poor showing for sure and I definitely expected something more impressive. 
The foie gras dish? Meh. Everyone knows what foie gras tastes like, so at that point I'm not going to be blown away by the texture, taste, or appearance of the foie gras. I'm hoping to get some measure of inventive creativity, but instead am presented a balled up foie gras in ...truffle---yay for originality-- surrounded by a prison of dry, yet somehow moist, cubes of toast. Nope. 

Second: 
Sturgeon & Sauerkraut Tart
Crispy Sweetbreads Roasted in Duck Fat

This set was much better. The sturgeon came in a large dish enveloped by your typical gimmicky smoke bowl (à la most cocktails served at Angel's Share in St Marks) but I found this dish to be absolutely delicious and was pretty much what I expected when sitting down for a meal at this wildly popular restaurant. 
The sweetbreads were cut pretty poorly and came in large globules that were a bit awkward to chew or even cut...but I can't say that this dish fell flat. It was decent. 

Third:
Nova Scotia Halibut
Long Island Crescent Duck Breast

The halibut was good...but when is halibut ever not good? It's the easiest fish in the world to serve and I don't think Gabriel did anything remarkable to spruce it up or enhance it in any way.
Duck Breast was definitely on the heavy side, but perfectly doable.

Dessert:
Decadent - Chocolate Caramel
Tropical - Coconut Exotic Fruits

Desserts were fine. Again, nothing that blew me away and nothing too memorable.

What I do remember though is the gnat chilling in my wine as the server poured it. That's cool. Really--it is. It just means you have a crappy way of storing wine, and likely that the wine was sitting open for a long period of time before it finally made it over to my glass (talking hours more than minutes here...if not, dare I say-- days?). What is not cool is the server's handling of the situation. He glanced at it, said ""oops sorry"" and quickly scurried away. Brought back a new glass, and poured it again. Now-- if I have to be completely honest, it would've been nice to see him offer SOME form of apology in the form of, oh I don't know, another glass of wine? or...maybe an extra amuse bouche? I got nothing man. And that's frankly so unprofessional and such a shame, especially if Gabriel Kreuther is really trying to establish himself and itself as a restaurant on par with the best of the city. Because if that's the level of service you're providing to your diners, then you're a very, very long way from being called one of the best restaurants in the city.",False,3,2,0,Henry Y.,en
538,2016-08-20 22:56:30+00:00,5,Celebrated birthday with two other friends who were born on the same date. What a coincidence right?!!!!,False,1,0,0,Ling W.,en
537,2016-08-22 00:16:35+00:00,5,"There isn't anything I disliked Gabriel Kreuther yet easily prefer it to Jean-George's, where Kreuther used to be.

I dined here  for lunch and got the prix fixe menu ($52 for 2 courses or $78 for 3). For dinner the prix fixe is 4 courses for $125. The ambiance is elegant yet comfortable, warm, and inviting. To the left there's a stunning bar-area with multiple tables in a lounge-like setting. To the right is the official dining room with several 2-person and 4-person tables.

Service was continuously attentive yet friendly as well. Each person made just enough small talk and was still knowledge in each and every course.

Standouts included the coconut amuse bouche- absolutely gorgeous and delicious! All dishes I had were amazingly delicious as well. The duck breast dish I had was so moist and absolutely exquisite with the broth- quite easily better than French Laundry/Per Se's liberty duck dish.

Nice touches like a bread course with each dish was wonderful. I also liked the chocolates mignardises at the end- beautiful yet tasty!

All in all, easily a new favorite in NYC and can't wait to return. Easily accommodates a casual or special occasion alike!",False,5,1,1,Veronica S.,en
536,2016-08-26 03:27:07+00:00,4,"Had a great night celebrating my friend's birthday. Here's a breakdown of the pros and cons and why I ended up giving this place 4 stars instead of 5. 

Pros:
Great food (duh)
Great drinks - had a watermelon-basil-gin drink. So refreshing. 
Great wine selection - especially if you like German wines like Rieslings! I love dry Rieslings and not a lot of restaurants have a good selection. This place did.
Great menu - I liked the fact that you can do a 4-course prix fixe or the chef's tasting consisting of 7-10 courses. 

Cons:
1) The server was rushing us a bit. We sat down at 5:30 and the server didn't really give my friend and I time to enjoy our wine. He came by once to explain the special and came by a few minutes later to take our order. My friend was a little hesitant but I could tell the server didn't care. Here's the best part - he got my dessert selection wrong! I ended up not saying anything because I was too full to care. 
2) I understand that every restaurant has to sell and aim for the up charge. But this place overdid it a bit on the black truffles and caviar. There was a spätzle appetizer that, in my opinion, was fine without the black truffle. But if you wanted it, you had to supplement $35 for roughly 1/2 a black truffle for each person. I think I would have been fine with that up charge for an entree (same amount of black truffles). It was a bit too much and unnecessary for appetizer. 
3) Another issue with the up charge. So we paid $75 for 1/2 ounce of caviar to start. For this amount of money, normally you would get a few extra pieces of blinis. Here, we got 5 nickel-sized potato chips. Really?? Couldn't we get a bit more?

I would have liked to give them 4.5 stars but decided to round down. This is because I couldn't get over getting rushed while the restaurant had empty tables all around us. If a restaurant was packed and I was rushed to accommodate other reservations, I totally get that. But we left at 9 and I definitely saw lots of empty tables with no parties waiting to be seated. For a $720 tab (for 2 people) and no waiting parties, there really was no need to rush us.",False,0,0,0,Lillian P.,en
535,2016-08-29 19:17:42+00:00,4,"We had a company dinner here and while the food was delicious, the service was good, but at this price point, the service should be great, which is the reason for 4, instead of 5 stars.  Service was a little bit more challenging to get their attention that one would expect, with the exception of the hovering bus boys. The server basically disappeared after we placed our order and we coudlnt' recall seeing her again until the check presentation.

We ordered cocktails for the table and one order, the first, was forgotten, so we waited for it to arrive and no one noticed that 7 people were not drinking their cocktails for quite a while.  Eventually, we had to flag down a person and the missing drink was re-ordered and then delivered and we all had our round of, not quite as cold as we hoped, cocktails.  (Though they were delicious!)

 A well curated wine list was available and the sommelier, was knowledgeable about the list.  His suggestions were excellent matches for our meals and shockingly affordable, even though we didn't mention a thing about price.  A mineral heavy riesling from Alsace and a surprisingly bright grenache both paired excellently with everyone's 2nd and 3rd courses.  Everyone wished we'd had the opportunity to order a bottle for the first course, as well but we didn't see the sommelier before the first course had already come out. At about $200, it was the least amount we've spent on wine for this annual dinner, in the past decade.  There were more opportunities to keep refilling our glasses, that were missed.  None of us had hangovers the next day though, so I guess that was the silver lining.

The food itself was wonderful and presented in creative glassware and tableware.  Even the flatware was uniquely styled.  (The brass colored spoons were my favorites of the evening.)  The paired bread courses are a wonderful idea and executed brilliantly.  The mushroom? soft bread with a chive fromage blanc was the best of the evening's bread courses, imho.  We all chose to do the 3 savory + 1 sweet course pre-fixe and were all quite pleased.  My favorite of the courses was the lobster (though the claw meat tempura was a bit of an odd side addition to it and I wonder if it was even necessary.  It also wasn't my favorite because when someone tells an Asian person ""Tempura something""- they will expect a crispy panko shell and I was disappointed.  Crispy, it was not.) though after having a bite of someone's scallop course, I'd say the two were neck in neck as the best of the evening.  My duck was delicious if a bit predictable and the chilled honeydew soup had some delightful tapioca? pearls which were a nice surprise.  I had a rhubarb and herbal sorbet as my final course and it was the perfect size to complete the meal.  It was whimsically plated and perhaps my favorite plating of the evening. Also the unexpected coco pod chocolates and macaroon finish were just delightful.

All in all, a wonderful evening that ended up being about half of what we traditionally pay for our annual dinner (though the lion's share of that was because we only had 2 bottles of affordable wine for 7 people).

On an unrealted to food note... whomever is doing the hiring over there definitely has a preference for very pretty men, front of house.  Some so pretty it might hurt to look directly at them (the sommelier and an Italian? food runner come immediately to mind). Strangely enough, they also prefer very stern looking women, out front.  They are beautiful but in the Katinka (Milla Jojovich's character) in Zoolander, kind of way. None of this will affect your dining experience but they definitely add to the ambiance of the place.",False,1,0,2,Lady M.,en
534,2016-09-07 02:54:02+00:00,5,"We came here for my husband's birthday dinner and had a wonderful experience.  The food was great, but what made the evening so memorable was the service.  Everyone went out of their way to make us feel special, when all I had asked for was to write ""happy birthday"" on the dessert.  We were first brought to the chef's table by the kitchen for a complimentary drink and two appetizers (a tuna and caviar dish, and a mushroom flatbread) before bringing us to our table.  

We ended up ordering the tasting menu because we couldn't decide what we wanted.  Most memorable dishes for me were the compressed hamachi with black truffle and foie gras terrine, abalone that had just arrived that day, roasted diver scallops, grilled lobster, and a grilled quail.  

Another shout-out for the very attentive service throughout the meal.  I'd highly recommend Gabriel Kreuther, especially for a special occasion so you can feel extra pampered.",False,3,0,0,Yvonne C.,en
533,2016-09-11 00:08:54+00:00,4,"We had drinks and shared a few dishes at the bar dining area on a Friday early evening. Great experience, we loved the restaurant, but the service was a tad disappointing. 

- space: modern, elegant, and warm, beautiful restaurant 
- food: well executed and delicious in a very refined way
- drinks: kir royal were very nice, I had the apricot flavor and paired well with the dishes 
- service: a bit off for a Michelin stared restaurant; one of our food items was not brought out and we had to ask for it; waiter did not ask if we wanted another drink despite our glasses were empty; waiter transitioned into the dining room and we were ignored. 

Given the food, drinks, atmosphere, we plan to return to try the main dining room, albeit with some hesitation.",False,1,0,1,J Z.,en
532,2016-09-11 03:11:50+00:00,5,"This place is excellent in every way. The som, Emilie, has been rated the best in NYC (and if not the world, should be).  The food is amazing. Delicious, imaginative, and always changing in the best way. This is my favorite restaurant for a bit of a splurge night out.",False,1,0,0,Caitlin B.,en
531,2016-09-20 01:03:05+00:00,3,"What do you do when you're sickly but you have a long anticipated reservation that will cost you almost as much to cancel it as to go?  You take a nap in the park next door like a hobo and just hope for the best.  

Despite feeling like I was trapped in a bubble and been hit by a bus or two, my first dinner at Gabriel Kruether was a life altering meal.  I'd never tasted dishes that had so much going on in terms of texture, temperature, and flavor. I could be best compared to the first time I had Thai food in Thailand with a perfect balance of sour, salty, sweet, and hot.  The Fennel-Cockle Veloute did just that. The warm soup poured over the icy watercress granite with caviar for texture, and these little shrimp that got slightly poached from the stock.  Hot, warm, cold, crispy, smooth...how on earth is this all going on at once and it's working?  The smoked sturgeon and sauerkraut tart was almost as divine with it's flaky crust, smokey fish, smooth topping and that perfect hit of acid from the kraut. Oh and the bread! Perfect, crusty, piping hot bread.  I think Gabriel Kruether must be some kind of wizard to be able to whip up these beautiful, flavorful masterpieces.  Well, the wizard was there that night and everything was wonderful.   Unfortunately, my condition worsened throughout the evening and we had to skip dessert and get it to go.  The servers were great and recommended the one that would travel best and made sure we were good to go and everything was okay with our meal.  The dessert was still amazing the next day.  My only complaint that night was that the wine pairing I had asked was nothing special.  I didn't really care though since the food was so good.  This first visit was a solid 5 stars.

Fast forward to last month for my birthday.  My husband took me back here since I'd been raving about it for the past six months.  We decided to go all out and do the tasting menu since the four course blew us away last time.  I just ordered a cocktail instead of the wine. Everything started off on the right foot with tasty cocktails and fresh bread.  The appetizers were interesting in terms of acid and texture like I'd hoped.  Then we got into the main courses, and it was a train wreck from there.  Overcooked lobster, tough, dry chicken, pork fat for bread for someone who said they didn't eat pork, sugary Americanized dessert, long lulls in between courses, non-existent servers, and being charged for a supplement we never received.  This is inexcusable for the amount we were paying. It's probably needless to say, that the wizard was not in the house that night.  This was nothing like my experience in February, but cost us twice as much!

All of this is inexcusable for the price we paid, but I think if we would have stuck with the four course menu, some of these problems could have been avoided.  For example, on the four course menu you choose the dessert.  We got the tasting and got one giant chocolate sugary dessert off the regular menu.  In any other tasting I've had, you either pick something or they give you a few different things, or you get something special not on the regular menu.  Secondly, the portions were too large for a tasting.  I was full after eating the first main course.  They need to pace things out better.  This experience was about 2 stars since the bread and appetizers were good and service didn't start to fall until the mains.

I give Gabriel Kruether an average of 3 stars between the two visits.  I don't know if I'll be back though with some many wonderful fine dining options in New York City.  I will always have that memory of that one really good meal.  I guess that's something.",False,1,2,1,Courtney J.,en
530,2016-09-28 21:15:41+00:00,4,"Made a reservation to have dinner at the bar. They have decent drinks here, some really interesting ones. The beer selection wasn't great, to be expected. Tried many dishes on the menu. The sausage was amazing. The service was great, very formal. The place is a bit stuffy, but nice overall. The prices are high as expected.",True,0,0,0,Jonah K.,en
529,2016-10-03 03:09:43+00:00,5,"This fine meal began quite badly for us, entirely through my OWN FAULT.  We got to Gabriel Kreuther in a cab, and I put my hand back to get my wallet to find the pocket was empty.  I left Mitchell at the restaurant, and the cab took me back to our hotel to search for my wallet.  In the end, it delayed our meal about 45 minutes, and got me very stressed out, but staff in Gabriel Kreuther quickly helped me forget the ordeal of the previous hour, and that counts for a lot, to me.  Thank you!

Here's our menu for this spectacular meal, which I'll go through as time and energy allows.  This was a truly phenomenal meal, and our main waiter, Alex, along with a team of others, went out of their way to give ""fine dining"" true meaning with the way they served us.  Along with the meal, we enjoyed glasses of a vintage bottling from Dom Perignon along with the precursor of Siberian Osetra Caviar.  We moved on to a full bottle of 2009 ""Altenberg de Bergheim"" Grand Cru Blend from Marcel Deiss in Alsace, and finished with a half bottle of 2012 Opus One Cabernet Blend from Oakville AVA in the Sonoma Valley.  These wines were all selected by Mitchell, with nods of approval from the sommelier.  100/100 for the wines!

DINNER  Friday, September 30th, 2016
Siberian Osetra Caviar - 1 full ounce
This caviar is firm in texture with a nice pop, buttery, and with a lingering clean aftertaste.  It comes from the Acipenser baerii and is sustainably farm raised by Carolian Caviar, a Scandinavian producer in Varkaus, in southeastern Finland.
We've never dined on so much caviar before, but ooh lah lah, was it ever delicious!  Thank you, Mitchell, for so generously treating me!!   100/100

Savory Scallion - Kougelhopf  - chives - fromage blanc
Lovely savory flavors, which followed the caviar very nicely, and went very well with Mitchell's choice of the white wine blend from Alsace.   95/100

Rambutan-Orange - Blossom - lime zest - yuzu
Refreshing, and again nicely complimented by the Marcel Deiss - 95/100

Jackfruit-Tequila - aleppo pepper - orange zest

Coffee Seared Yellowfin Tuna - poblano peppers - macadamia nuts
two different versions were served, owing to my aversion to peppers.  The tuna was delicious!  95/100

Foie Gras Terrine & Black Truffle Praline - muscat gelée - seven grain toast
two of our favorite things, foie gras and truffles, and BLACK truffles, at that!  100/100

Cured Hawaiian Striped Marlin - wasabi leaf - finger lime - crystal lettuce
Fish  is definitely  a favorite for Mitchell, and this was a real winning combination of flavors.  100/100

Wholegrain Ficelle - cultured butter

Scottish Langoustine a la Plancha - smoked potato - mint - shellfish-coconut emulsion
Another winning combination, this one especially nicely paired with that Marcel Deiss, Mitchell really picked a great wine to compliment the menu!  100/100

Mangalitsa Morcilla - potato salad - parsnip puree
a bit like some comfort food, as we come near the end of the dishes we enjoy with the Marcel Deiss   95/100

Rosemary Buckwheat Rolls - whipped lardo - chili  garlic

Hazelnut Curried Veal Sweetbreads - arborio porridge - leeks - pickled cilantro
I simply adore sweetbreads, and am always thrilled when I see them on the menu.  These were really different from others, but just by what was combined with them, superb!  100/100

Long Island Crescent Duck Breast - fennel - roasted broccolini - pickled mustard seeds
I feel sorry for anyone who won't eat duck breast!  Done to perfection, and very well combined with the fennel, this worked so well with our Opus One, and vice versa, it was a real highlight to a marvelous meal.  100/100

Goat Milk Panna Cotta - pear marmalade - cranberry sorbet - rice tuile
Decadent Chocolate Caramel - mixed media crumble - chocolate mousse - caramel ice cream
Crème Brûlée Frappe - red fruit gelée - coconut dacquoise
Desserts sometimes just kind of go over the top, to where they're overwhelming instead of enjoyably closing to a delightful dégustation.  While certainly not minimalist, these three were pleasing and enjoyable and an easy ending to a complex and very enjoyable time at one of Gabriel Kreuther's tables.  Our thanks to our servers, the sommelier, and everyone working behind the scenes!  100/100

Chocolates - Petits Fours

Service was impeccable, and merits another 100/100
When averaged out, for us, the composite numerical score for Gabriel Kreuther is 98.5%
Thank you for helping us have a very memorable evening.

I've tried to upload the 32 photos I took here, but they just won't go through.  Maybe I'll manage in the future.",False,8,0,4,Michael Ó.,en
528,2016-10-06 10:42:25+00:00,5,"This place will have three Michelin stars soon, so go now. Had the sturgeon and was great. The fish was also amazing. Skip the flat bread, it's not worth it. The duck was fine but not amazing. You can order all of these at the Bar.",False,0,0,0,Zac H.,en
527,2016-10-15 14:52:39+00:00,5,"What a wonderful experience! We didn't have reservations but were able to eat at the bar. We had the flounder tartare which was amazing , served with a delicious multigrain bread. I had the champagne spraetzel and lobster which was outstanding; my husband had the sausage with sauerkraut- he said he could've had three they were so tasty. The service was attentive and perfect!",False,0,0,0,Antoinette N.,en
526,2016-10-16 17:42:26+00:00,5,"Well this deserves 5 stars, because the place looks great, service is great, and food was great. It just didn't blow me away, other than the price. Only a few wines by the glass avail. $14- $29, small pour (maybe 5 oz)
The wine list, expansive on Ipad, ran from $120- $thousands.
Even half bottles, we did half Riesling $39, half red $65, I think those were near the least expensive, but very good. 
The presentations were all very nice, obviously small portions, but between the amuse (smoked trout, was great), and the multiple bread courses, you do fill up.
The room is chic, tables for two are a little bit too big (go figure), your too far away for a romantic dinner. 
It was a nice experience, not my best, but sometimes things just don't click.
Very attentive service, all around.

Ordered:
2 glass Pinot Blanc, VG
1 glass Riesling, VG
1/2 btl Riesling, VG
1/2 btl Margaux, very good

Foie Gras App, very nice, not great
Sturgeon Tart, fume was nice
Hamachi/Foie, very rich
Poached Foie Gras, great
Wagu Steak, very good
Scallops, didn't blow me away
Etheral Almond, Ok
Concord Grape, very good

2 Coffee

$550 incl.all",False,0,0,0,RON D.,en
525,2016-10-16 23:11:46+00:00,5,"Fantastic! Need I say more? Well, I guess I do need to explain my 5  rating. The dining area has a relaxed feeling, but modern. The wooden pillars keep it Midwestern I guess? 
The food is crazy delicious and some playfulness on the presentations. Great wine selections and great staff. I've hardly seen the timing of plating or removing of the dishes. But if you have more than 2 people at a table, they have a sequence to this, cool to see and like I said I hard have seen this done with classical ease. 

Found out they earned a Michelin star last year and I see why. 
Oh and saw the kitchen, and you know what? There were minimal conversations between chefs. The food was called out, acknowledged and done.  

Again, fantastic flavors, service and a feel good ambience with a great wine selection = 5 
 A must to try when in NY.",False,1,0,0,Tyler C.,en
524,2016-10-24 19:44:29+00:00,5,"Fantastic restaurant.  Amazing food, impeccable service with a very nice view.  One of the nicest meals I've enjoyed in NYC.",False,3,0,0,Yui S.,en
523,2016-10-28 14:03:17+00:00,5,"Just amazing! This place is wonderful... everything from A to Z is so well taken care of.. from the moment you walk in... Sam .. ""the bar manager"" sorry if I am mistaken about it. He just make us feel more that welcome.. beautiful bar..service and drinks are spectacular!! Then when u are moved to your table.. the most amazing food journey starts .. 
The New Zealand langoustine carpaccio
The Grilled Monterey Abalone soup is so..so good. The Long Island crescent duck breast.. out of this world! Everything was good! The desserts were even better .. a must. The service? I don't think 5 stars is enough for it.. Alex.. Miguel .. "" I am so bad cause I forgot the name of our server.. who was always so attentive I really thank him for all! And last.. A big shout out to the general manager Thierry Chouquet and his crew.. I finally made it there Thierry !!! Thank u.. for everything.",False,4,2,3,Guillermo M.,en
522,2016-10-30 21:55:36+00:00,5,"Everything we expected and more.

From the moment we arrived, we knew exactly where Gabriel Kreuther gets their Michelin star from. It was the warm and friendly welcome, the massive attention to detail, the unique food, and most importantly, the fun experience.

Kreuther once said:

""When I grew up, I never understood, why do I need to wear a tie to enjoy a good meal? It doesn't make my meal better. Why don't they let me go in in one of those places and just walk in with jeans and enjoy my dinner? It doesn't mean that when you have a tie on that the wine is going to be better...""

And that attitude is exactly why we picked this spot in the first place. Though there is a dress code (business casual, jackets for men are encouraged but optional), don't expect a stiff environment under the high ceilings and the hundreds of birds that surrounds the dining area. Our experience was everything but stiff.

Fun. Fun would be the word I choose here. Every single plate served comes with such a fun twist, we kept wondering how the chef managed to create the perfection that was served before us.

When the glass coche was lifted off of the sturgeon and sauerkraut tart topped with American caviar mousseline, be prepared to be taken by the whiff of the applewood smoke that leaves just the perfect trail on the dish.

The bread always comes warm, and in great variety in between the courses. The complementing small plates was a great bridge as we move from one course to another.

Service? Amazing attention to detail. To a point that they've noticed my husband's left-handedness and adjusted his silverware placement. Interior? Gorgeous and comfy.

Come with loose, stretchy pants. You're going to need to make room for plenty of goodness in this spot ;)",False,6,0,3,Santita N.,en
521,2016-11-05 23:58:12+00:00,5,"Love this place! Perfect balance of minimalism new American and fill your tummy dining. Great service and very beautiful environment. For less than usd200 for four courses, it's a decent price and good value for money. I will definitely be back with friends in tow!",False,0,0,0,L C.,en
520,2016-11-20 07:03:24+00:00,5,"We couldn't get the reservation at their dining room, thus we ended up only in their lounge. We ordered Maine lobster croquettes, liverwurst, foie gras terrine & black truffle praline, sturgeon tart to share for two of us. Everything was well executed but their foie gras praline was to die for. It was small but big in flavors and also melting in your mouth. We regretted that we didn't make the reservation early enough to be able to dine at their dining room.",False,0,0,0,Tommy C.,en
519,2016-11-25 02:38:05+00:00,5,"Simply one of the best restaurants I have ever been in the city. Very well decorated place, with innovated, delicious food. My girlfriend and I really enjoyed our experience here.

I would definitely recommend it to my friends and I would love to go back.",False,1,1,0,Lin T.,en
518,2016-11-27 17:10:17+00:00,5,"This is one of the best fine dining experience. It's up there with the inn at little Washington. If you've heard of them. 

But this is our first Michelin star restaurant, and it did not disappoint. 

I'm not going to go into any of the details of our meal. I think that it's an atrocity if I were to spoil it for other customers. It's the surprise of flavors, and beauty that you pay for! 

I'll just say that the service is Michelin quality. They are very detailed. Even figured out that I was left handed and set up my utensils to accommodate. They made sure of my wife's food allergies and accommodated it with out compromising quality and taste. 

The decor is amazing as well as the food. Each dish was a work of art and my heart sank every time I had to ruin it to eat. It truly was beautiful and the taste was right on par. Not one complaint!!!! The most amazing experience we have had in a while!",False,1,0,0,Lance N.,en
517,2016-12-01 02:00:56+00:00,5,"Remarkable service, even by New York standards.   I came for a business dinner and unexpectedly my business partner fell ill just before our reservation.  We sat and tried to work through but had to end the night before our dinner.  But not before being able to experience a carefully crafted, creative cocktail as well invented as I've found in the city.   The waitress was thorough and spoke passionately on recommendations as I waited out whether we were going to eat or not.  She was attention, patient and passionate.  Our waiter brought my partner tea and was genuine in his concern and understanding of the situation and trying to make her comfortable.
The entire experience, rather than throwing the restaurant back onto the end of the 'sometime' list gets a fast pass to the top of restaurants in the coming weeks to come back to and really be able to enjoy their wonderful menu and service.",False,1,0,0,Jacques V.,en
516,2016-12-08 21:34:42+00:00,5,"Again, the Gabriel Kreuther team didn't disappoint! 

My party and I ordered the duck confit and sturgeon tart. My favorite was definitely the duck confit dish, which was tender and well-balanced. If anything, I probably order the duck confit way too often! 

The service was attentive but not overbearing. Sam was our server and we had delightful, little conversations each time he came by my table. He was professional, sweet, and charming. Gosh, do I sound like I have a crush on him now? 

Consistency is something that I look for in restaurants. Gabriel Kreuther hits this factor very well - without having a snobby bravado.",False,0,0,0,Heidi W.,en
515,2016-12-09 04:16:21+00:00,5,"Highly recommend the bar at GK. Went their Saturday night for drinks and apps and it was awesome.  Great atmosphere, great selection of scotch and bourbon and steak tartare was incredible!",False,0,0,0,Chris T.,en
514,2016-12-14 11:31:08+00:00,5,"Had a meal at it's neighbor - Aureole a few days before dining here, it was disappointing so I was kind of expecting similar experience. But I was wrong. This place was awesome. I loved everything I ate. The Hamachi was indescribably good, so was the soup and the duck breast.
Was a fixed 4 course meal.
Price was quite expensive obviously, but it IS a Michelin one star in NYC, so that should be no surprise.
Love the service. Waiters were extremely friendly and polite, so was the front desk.
Bathroom was very nice too.
5 stars fo sho.",True,1,0,0,Andrew L.,en
513,2016-12-22 16:12:31+00:00,5,"In my opinion, Gabriel Kreuther merits the title of Best Restaurant in New York. The mantle has passed from 11 Madison Park (although you could argue that 11MP lost the title when Danny Meyer ceased his involvement with it). The food is fantastic, the room beautiful, the service exemplary, and the atmosphere warm and welcoming.

Gabriel Kreuther is formal in a classic American way, i.e. relaxed, warm and friendly, but rigorously focused on technique in the preparation of food as well as in the guest experience. In other words, the restaurant staff hold themselves to a very high standard, but guests are not expected to kowtow. That approach is very different from that of the classic high-end restaurant, where the guests are expected to be slightly awed and properly cowed by the pyrotechnics on display. GK doesn't hide the pyrotechnics, but the staff is so pleasant and competent that you feel that you're an integral a part of the process rather than an onlooker. After a meal at GK, guests leave feeling just a little more sophisticated, well dressed and smart than they did when they came in. 

The food is wonderful. A lamb dish I had at lunch was the most memorable I have had in years, and took me back to one that Daniel Humm did years ago at the original 11MP (unfortunately, it's no longer on the menu). Foie gras is treated with the respect it deserves, with a terrine that is brilliant. My wife concluded that her roasted scallop dish was the best presentation of scallops she's had in years, if not ever. The quail, pork and duck were all wonderful. 

The wine list is also great. It includes the great names and vintages you would expect of a top-end NYC restaurant, but also a surprisingly large number of well priced wines from less well known regions and producers. The sommelier is incredibly helpful, and clearly loves her job. Her enthusiasm in figuring out what to recommend is quite infectious.

I am so happy we have this wonderful restaurant in NYC. GK re-establishes NYC as one of the finest food towns in the world.",False,0,0,0,Shiv R.,en
512,2016-12-23 19:22:48+00:00,5,"Had a phenomenal lunch at the Bar. For my appetiser, the tarte flambé is an absolute delight that perfectly balances the richer flavours with the lighter notes. The main course of grilled sea bass is unexpectedly juxtaposed with barley, forming a surprisingly harmonious union in my mouth. 

But the best part of my lunch is the dessert. The Grand Marnier Baba is refreshing and just the right amount of sweetness. The surrounding citrus notes, combined with a rich Baba and vanilla ice cream, resoundingly confirm why this place is superior to the Modern.",False,0,0,0,A N.,en
511,2016-12-25 22:53:48+00:00,5,"The best of American service and French technique. Everything is amazing. The desserts and the chocolates are of great quality and the perfect level of sweetness. The execution is as good as the best pastry shops in Paris. The staff is very helpful, professional, and friendly.",False,0,0,0,Cannelle T.,en
510,2016-12-26 16:41:19+00:00,4,"This is a review for the bar.

I had to try this place after finding out he left the modern to start his own restaurant, but procrastinated enough so that I got to try this place after the bar was opened.  The structure is very similar to what the Modern offered.  Dining room offering 4 course prix fixe and tasting menu whereas bar offers a la carte menu.  The interior structure was built in which you can see the dining room from the bar very well.  

We ordered a cocktail/mocktail and then had appetizer, entree with dessert to share.  I thought my sausage (liverwurst) was very well made and cooked.  Thought flat iron steak was adequately cooked with nice sauce to embellish the flavor.

Overall I thought it was a good experience and it would be worth trying the dining room in the future.",False,2,0,1,Jay I.,en
509,2017-01-01 00:58:47+00:00,2,"Just had a $115 prefix three course dinner with my sister tonight. Quite mediocre. Nothing special. Very pricey for the food. Because I had had an excellent experience with their lunch before, I am very disappointed this time. Wine and service was good. So 2 stars.",False,0,0,0,Tom N.,en
508,2017-01-01 02:38:03+00:00,3,I was only here for drinks one night but found the place to be sterile. I also found it hard to understand what the bartenders were saying. Very heavy accents,False,0,0,0,Alex T.,en
507,2017-01-02 19:47:50+00:00,5,"Came here for lunch one day with the wife when we had the day off. They offer two savory course for $58 and we also ordered the wild American sturgeon caviar.

The service was great and decor",True,3,1,3,Tony C.,en
506,2017-01-10 00:53:40+00:00,4,"Came here for the bar lunch pre fixed menu.  It was a good meal.  The lobster stew as as an app was only okay.  A little salty with no payoff from that and not flavorful.  The trout was delicious. Well-cooked, seasoned and had interesting flavors to it.  The shitshito peppers were spicy and better cooked than other places (it's a common app now).  If you want dessert, head next door to his chocolate shop if you don't want dessert at the bar.  Cocktail was not worth it--boring even though the description seemed interesting.  Very good service.",False,1,1,1,Jackie K.,en
505,2017-01-10 02:10:49+00:00,5,"Gabriel Kreuther's fairly new eponymous restaurant is a winner!  My husband, an old friend and I had the two course prix fixe lunch in the dining room today and the meal was outstanding.  From the amuse , the foie gras poached in gewirtztraminer and the sable and sauerkraut, the quail, the pork and the absolutely divine scallops in chorizo foam (who knew), the meal was beautifully presented and served with the utmost professionalism of a kind I haven't experienced in a long time. The sommelier was a young, knowledgeable professional who, in the absence of a desired red alto adige, suggested a terrific and well-priced substitute  from west of the A.A. in a similarly mountainous region of Italy to the south of Switzerland.  So many of these high end restaurants are tired.  This is definitely not one of them",False,1,0,0,Alice S.,en
504,2017-01-10 20:22:04+00:00,5,"Ok....This is not a normal rating for me as I tend to not offer 5 Stars.  Nor is this the type of ""hearty"" food I usually eat- pizza, hamburger, etc. 
I have eaten at the restaurant twice and find that it is always excellent.  Today we did the 2 course Prix Fixe and all 4 courses were excellent. 
As usual they brought out a Chef's selection bite to start and then added a small course in between the two selections. 
Well done again.",False,1,0,0,Michael M.,en
503,2017-01-19 05:03:56+00:00,5,"Hands down some of the best food I've eaten recently. 

My girlfriend and I did the chef's tasting menu (carte blanche) to celebrate our anniversary. The food and service were phenomenal. The foie gras terrine, langoustine tartare and veal dumplings were particular standouts...

From start to finish, every aspect of our meal was memorable. Well worth the money.",False,0,1,0,Vic S.,en
502,2017-01-23 00:36:33+00:00,5,"This is absolutely one of the most inventive meals I have ever had. Flawless service, amazing and incredibly creative cuisine, and like nothing else I have tasted. It wasn't too precious and every dish had something I ACTUALLY wanted to eat. Also foie gras in 2 out of 4 courses which made me a happy girl. A great value at $120 per person. We came here on an absolute whim on a Thursday night and really can't wait to return the next time that we are in the city!",False,0,0,0,G. O.,en
501,2017-01-24 20:20:49+00:00,5,"Had cocktails and dinner here last night and found everything about it to be superb!  The service, staff, and food all exceeded my expectations.   Cocktails were on point, wine selection was extensive, and dinner was perfect.  Couldn't have had a better evening.  The manager, Sam Willy was very helpful and friendly and checked on us several times to make sure we were satisfied with everything.",False,1,0,0,Charles A.,en
500,2017-01-25 23:05:29+00:00,5,"Had an amazing dinner last Wednesday evening, January 18, 2017!
As fans of the Modern, we were happy to follow Chef Gabriel to his new restaurant and it was well worth the trip. 
We don't get to NYC too often so we were looking for something special and we found it.
Drinks at the bar-Thanks Katy and dinner in the gorgeous dining room.
Staff is fabulous and the sommelier, Kelly, was delightful.
I am still dreaming of dinner.
Thanks for making everything a night to remember.",False,1,0,0,Susan W.,en
499,2017-02-02 20:41:58+00:00,5,"Thank you for not kicking me out for being the only person in the whole restaurant for dinner who's not in a suit or formal wear. I apologies for coming in sweats and a sports jacket. My girlfriend and I came here for dinner but prior we were exploring the depths of New York so I was a bit under dressed. And thank you for having portable chargers for my phone! Saved my life in the world where technology is key and people cannot live without their phones. 

We sat in front of the kitchen where we watched the line chefs to magic and as well watch this empty table for VIP guests only be empty. We saw a couple sit down for all about 5-10 minutes, sipped on a glass of wine and then left. Seems like something the rich and famous would do, except we don't know who they are. We did however, spot Mr. Kreuther a few times in the kitchen! 

The food was tremendously good and the service was perfect. I think we'd come back if we had the chance. New York never disappoints. Great experience, great service, great food, i'll be back!",False,0,0,1,Kevin W.,en
498,2017-02-08 01:52:33+00:00,5,"I'd been excited to go to Gabriel Kreuther since I read about its opening, but I only finally made it for an early birthday dinner with my wife this past week. The entrance is a bit innocuous (the chocolate store, with the chocolates being prepared at the window, certainly is more noticeable), but once you step inside, you forget you were just on 42nd Street heading towards Times Square and step into a wonderfully expansive space. With high ceilings, a well-stocked bar, and a main dining area that is separated by support beams that don't totally silo off the room from the bar at all, it has a very accessible and laid-back feel, despite the high-class nature of the food. While we had a variety of waiters serving us, our main waiter was really friendly, taking time to explain the dishes, soliciting our opinion of our food, and even asking us where the best soup dumplings in town were (a bit of a random divergence in conversation). The drink menu is solid, with good cocktails and an interesting beer menu (I had a smoked doppelbock - a complex beer that was a bit heavier but worked well towards the end of the meal).

The food here is a choice between a prix fixe 4-course dinner for $142, or the tasting at $215 - so you will definitely be opening your wallet no matter what. We went for more variety and settled on the chef's tasting, which turned out to be the right choice. My wife and I got a couple different courses along the way, allowing us to sample from a wider choice; the really nice gesture was comping us a course that charged a supplement - something that I don't think I have had anywhere else. We started out with a few unique bites, with the gelatinous 'Martini' standing out - very lightly alcoholic, but a very refreshing finish to help cleanse the palate for the meal ahead. I also very much enjoyed the thinly-sliced tuna, which was topped a healthy amount of herbs, giving each silky bite a lively taste. We then went on to the foie gras, served up as a terrine and coated in a black truffle praline...pure earthy, creamy decadence with each bite. I really liked the lightly-toasted cubes of seven grain bread, which paired very well with the rustic truffle flavoring of the dish. To finish off our initial courses, I had the striped marlin - a delicious fish, with the Hawaiian roots coming out with the sweetened macadamia-infused wafer on top. The langoustine tartare, though, is to die for - it's as fresh as any shrimp served at a sushi store, with the roe adding bursts of crunchy saltiness to the smooth, refreshing bite of each piece.

We moved on to the second course dishes, and the tart was a fantastic dish to start off on. I've never been big on sauerkraut, but the faint vinegary flavor really worked well with the egg and the dollop of caviar served on top, and the hint of smokiness gave it a very homey taste. These were followed up by a succulent veal dumpling, served in a rich consomme and topped with some shaved truffle (on the house - it wasn't part of the dish) - a perfect dish for a winter tasting menu. We then diverged again, with my wife getting the grilled lobster, while I was served the roasted scallops. The scallops were absolutely amazing - cooked perfectly, but with a fizzy emulsion of chorizo(!) topping it, giving it a very airy spice that really worked well with the kohlrabi-infused sauce the scallops were served in. The lobster was perfectly succulent, with a lighter coconut sauce serving as the base and giving the dish a bit of a tropical feel. Next up was seared foie served in chartreuse and poached in Gewurtztraminer - a slightly tipsy but heavily fruit-infused way of serving this iteration of foie gras - and definitely one of the better preparations I have had. Our mains were concluded with the amazing rack of lamb - such rich flavor smoked into each bite, and the jus really capturing the smoky flavor of the preparation.

The desserts were generally on the lighter side; we started with a very light coconut panna cotta with lime foam, clearing the way for the rest of the sweet dishes. This was followed by a pear jelly and sorbet served with a couple large pieces of gingersnap cookies wafers shaped like a moon - a mellow outing that wasn't the best dessert I had had, but one with a very pleasing aesthetic to finish dinner late at night. The creme brulee 'shot' was excellent, especially with the rich jelly/puree at the bottom filling up the airiness of the puffed-up frappe. To finish it off, we were served with a few chocolates, served in a cracked-open cacao bean - from the chocolate shop - an excellent sample of the delicious bites prepared next door.

With a phenomenal space and even better food, this is definitely one of the better dining experiences in NYC. The cost makes it a bit more prohibitive relative to other favorites I have in town, but it's worth the visit for a special occasion or for a bite in the bar space...a very cosmopolitan, delicious take on modern American dining.",False,1,0,1,Asuka N.,en
497,2017-02-08 04:06:38+00:00,5,Great experience dining for lunch and the food was amazing. Would strongly recommend this restaurant for lunch and you should definitely try their dessert!,False,1,1,1,Catherine C.,en
496,2017-02-08 16:15:09+00:00,5,"What an amazing restaurant. 
We had the Carte Blanche (Tasting Menu) and it was worth every penny.  The chef does an incredible job at combining and bringing out the flavors of ingredients he uses while making them look like beautiful art work. 
Service was first class as well. One of the best meals I've ever had.  It was a magical evening!",False,0,0,0,Sao T.,en
495,2017-02-08 21:51:56+00:00,5,"This place is beautiful! The service, the decor and the food are just amazing. 

The service is top notch! They have a price fix price for a 4 course plus dessert or another of 7-10 course meal. Now when you see the food, you may think it's beautiful but I will not get full. However, they bring out a ore appetizer, a different bread after every course and everything tastes amazing! 
Did I say amazing? Yes absolutely amazing. 

The chef has played he has made himself and the cacao pods he has also made and serves chocolate in there after dessert. I felt so bad not being able to eat everything on my plate, but I wanted to try the next thing that was to come. 

It's an experience you should try. We paired our meal with a nice wine. They have quite an extensive list to pick from.  

If you are in NYC. Make a reservation here. It really was excellent and every single person working there was so nice!",False,1,0,0,Mitsouko C.,en
494,2017-02-13 20:47:39+00:00,5,"Stunning meal. I actual had a reservation at Noma in Copenhagen but decided it was too far a trip for a meal. But with a friend in NY that same day we decided to splurge and go to Gabriel Kreuther for dinner. We weren't disappointed. 

We did the Chef's Choice. A multi-course meal that was truly excellent. I think this place is underrated. Thought it's not cheap. The service was impeccable. The dining room is modern, white, and beautifully decorated. The kitchen is partially open so you can see the chefs at work. 

Highlights were the langoustine, marlin, lobster, truffle veal dumpling, blood sausage. Topped off with the aptly named Decadence, chocolate mousse. Everything was beautifully done and flavorful but not overly so. 

Dinner is a splurge but lunch in the main room or lounge are good deals. 
Highly recommend",False,3,0,0,J. Karim A.,en
493,2017-02-15 13:39:10+00:00,1,"Race segregated seating. I was there on Valentine's Day and was seated on the lower level. It turned out that the ground level was white people only. If you stops by you can take a look through the window, obviously there are no other races seated on the ground level at all.",False,4,0,0,Wei W.,en
492,2017-02-16 00:47:33+00:00,5,"Came here around 6 with a reservation on Lincoln's day (nice that it is open on a holiday)! The staff were accommodating and nice, they even gave us a portable charger because our phones were dying. The interior is also very beautiful -- elegant without being overly pretentious. The dress code is also nice because it means I get to dress up but not too dressed up where I become a human popsicle in NY's cruel weather. Ok sorry I got a bit carried away. 

I'll talk about what is important -- the food.
We had the four course meal, which included palate cleansers and a new type of bread and butter/spread in between. Every dish had beautiful presentations. For the first course, I got the foie gras terrine while my date got the langoustine tartare. It's my first time ever eating foie gras because I had always been afraid of it being too gamy, but I gave in to the power of the yelpers. What can I say? I was so glad because it was freaking delicious - the granola with the terrine had a nice contrast and flavor. My date's dish was just okay, nothing spectacular to me but he liked it. Second course I really wanted to try the infamous sturgeon and sauerkraut tart but my love for potatoes made me get the Yukon potato soup; which was great with an explosion of flavors and textures. My date got the poached foie gras, it's nice but after a while it can become overwhelming. Luckily they gave us so much bread that he was able to spread the foie gras and enjoy it that way. Third course, I got the pork tenderloin and yes they put the tender in loin because it was delicious and juicy. My date got the lobster which was also yummy, I wanted to steal his dish. Lastly, the dessert. I got the mango almond and he got the apple cassis. Both were amazingly balanced with the sweet and sour flavors, which was nice after the meal. Then they came out with the cocoa pod, which was so cute. I took like 800 photos. But the chocolates were overwhelmingly sweet for us (with enough water, it was nice). 

Wow I wrote at least 300 words explaining how nice this place is! Yay!",False,2,1,1,Maggie L.,en
491,2017-02-16 23:34:46+00:00,3,"Came here for a Valentines day reservation.  The location of the restaurant is right across the street from Bryant park and the interior is beautiful!! 

However.   We got seated downstairs. The downstairs area looks like a bland catering hall. White walls. Corny paintings on the walls.  A stuffy, boring basement.   Completely ruined the ambience....  

The cocktails were amazing.  I usually drink wine or beer but my hubby and i tried their specialty cocktails and they were amazing....well for $35/ glass....they better be.  
The food was good.

The service waa really below average.
We had at least 7-10 people bring and take away dishea from the table.  

One random guy walked by, askes my husband how his drink was and without waiting for an answer, took, it away.  There was still 1/4 left!

One of the dishes that was brought to us was not explained at all.  The servers brought it, poured the soup over and left!!!  ....i think thats part of the experience !

In between meals, we were supposed to get a palate cleanser...fun bread and butter, etc.  Well, between 2 courses, they forgot to bring us one.  The tables to our right and left had a long bread that we didnt get.  And besidea thia, everyone was getting the same thing because it is a fixed menu.

The food was good.  But eating quietly in a basement with impersonal service....will not pay $$$$ for ever again.",False,0,0,0,Marina K.,en
490,2017-02-25 14:35:11+00:00,4,"We came for Valentine's dinner which was a prix fixe. The meal was excellent and the setting in the heart of Times Square was perfect. You cannot tell where you are during dinner as the space and windows block out the noise. Service was good and the food was cooked perfectly. They have farmed caviar, which didn't have the same saltiness of caviar from Russia but it was good with the cracker & buttermilk cream that they provided. There is also a chocolate shop next to the restaurant, which is worth a visit either before or after dinner.",True,0,0,0,Tony T.,en
489,2017-02-26 02:12:48+00:00,5,We ate in the bar area on a weeknight. Super busy so I was glad we made a reservation. Incredible food and service. The dumplings were one of my favorite dishes. Plus the wine list was never ending - great selection. Will need to go back to try the other dishes.,False,0,0,0,Christie M.,en
488,2017-03-03 11:25:41+00:00,5,"Superb. Truly great restaurant. Gorgeous dining room, striking art and floral arrangements. Dish after dish of delicious culinary art, served by attentive non intrusive staff on dishware also highly imagined. Zagat has this as #7 on their top restaurants in NYC, for many excellent reasons.",False,0,0,0,Charlie R.,en
487,2017-03-05 03:15:19+00:00,4,"Dining here ended up going not as planned but can say that the staff was extremely professional and accommodating.

Was going to dine here with the wife but she ended up coming down with a bug.  Showed up to the restaurant at the scheduled reservation.  The staff didn't blink, quickly adjusted the place settings for only 1 and seated me immediately.  There were no questions asked, no attempt to push me to the bar to dine instead of the dining room.

As for the meal it was excellent.  The sturgeon tart and the decadent dessert were real standouts.  Love the time and care that goes into the bread courses and that they have one in between every savory course.  The only criticism is that one of the courses just did not agree with me.  The hamachi/foie gras course just did not work for me.  There wasn't enough acid to cut the richness of the foie and just overwhelmed the hamachi.  Otherwise enjoyed everything I ate.

I hope that I get a chance to come back here with the wife and we both get to experience the goodness Chef Kreuther has been serving.",False,1,2,1,CJ S.,en
486,2017-03-06 14:14:12+00:00,5,"Wow. Worth every penny and every calorie! Was not expecting a prix fixe menu but the options were very unique and enticing. Be prepared for a delightful gastronomic experience. Thoroughly enjoyed the smoked eel carbonara (couldn't really taste the eel in the sauce but got the smoky flavor and the squid ink mini gnocchis were flavorful with a good bite for the texture), the Nova Scotia halibut was fantastic (mushrooms were very good with it but sauce was a bit heavy for me) and I enjoyed tasting my friend's duck breast and foie gras appetizer (really one of the best I have ever had). My hamachi/foie gras appetizer was likely the least liked but the additional amuse bouche and rosemary rolls and baguette wirh pork lard and butter made up for it. 

Dessert also was mind-blowingly delectable. Go big with the chocolate options - whether the milk chocolate or dark chocolate! Beautifully presented food with a lot of flavors. Edible art that brings a flavor explosion in your mouth. 

Decor was classic and elegant but still warm and not pretentious. Service was impeccable. Definitely worth coming, especially for a special occasion!",False,0,0,0,Agnes S.,en
485,2017-03-11 05:25:59+00:00,3,"Had dinner at the bar/lounge. Service was good. Food was solid, although nothing extraordinary. The steak and cavatelli were both fine. The chocolate tart was the best part of the meal. 

However, I'm only giving 3* because of the foie gras appetizer. The cost of the appetizer ($39) was absurd given the minuscule amount of foie that was served. When they brought the dish to the table I thought I was being robbed. I know foie gras is expensive but this was ridiculous - you can get much larger portions at a lower price point and that taste better at many fine dining restaurants across the city.",False,0,0,0,George F.,en
484,2017-03-12 20:51:08+00:00,5,Excellent food with very good attention to detail. I enjoyed every single bite of the prix fix menu. Staff was friendly and attentive Wylie every need without being pushy.  Fantastic wine list. Watch out as this place is expensive. Would go back,False,0,0,0,Cornel F.,en
483,2017-03-14 18:55:45+00:00,5,"Food was amazing! I loved everything I got and it's definitely worth your money. If you look at the pictures, you'll realize that everything is pretty small-portioned. But you still walk out suuuper full. On top of whatever you ordered, they also give you some extra amuse-bouche and desserts. I took my chocolates to go cause I was so full... :3

I think my favorites of the night were the Langoustine Tartare, White Truffle Shaved Over Spaetzle (I'm a white truffle fanatic), and the Yukon Potato-Rosemary Soup. Probably will never forget those dishes. Ever. The Nova Scotia Halibut was cooked perfectly. The Comfort Caramel Pear Dessert was yummy and had a BEAUTIFUL presentation. 

I think the only thing that didn't work out for me (my own fault really because I didn't realize it) was that everything I ordered was creamy. I got the Langoustine Tartare (less creamy), Yukon Potato-Rosemary Soup, White Truffle Shaved Over Spaetzle, and the Nova Scotia Halibut. So towards the end of my meal, I was a bit overwhelmed by the creamy taste. And yet, after every dish I kept repeating ""oh. my. god.""

*Advice: I know the Savory Scallion Kougelhopf (bread) is yummy, but don't order more. My boyfriend and I loved it and made the mistake of ordering another one. Little did we know that they give you another set of different breads as you work through your meal, and you really don't need the extra order because you become so full at the end. 

Service was top-notch. Absolutely no complains. Our waiter was very accommodating and he explained all of our dishes really well. Not to mention he professionally answered our numerous questions with absolute patience. Wonderful! 

Interior is fantastically elegant. A beautiful blend of white, gold, & grey. I'm also a big fan of how the restaurant is well lit because I despise super dark restaurants. Just being in the restaurant made me happy. I'll definitely be back. Probably not soon because $$$$, but I will eventually come back!",False,2,0,1,Steph L.,en
482,2017-03-23 18:20:05+00:00,5,"My favorite spot , been here a few times, will back soon. Also the bar I visited a lot . Love the wine ... and the chocolate next the door .. made by hand .... delicious",False,0,0,0,子墨,en
481,2017-03-23 19:44:19+00:00,5,"One of the best meals that I have ever had. Came during lunch with a couple co-workers. We had the option to sit in the bar dining room or the fine dining room - we went with the fine dining option but the open space bar room was just as nice.

To start off with, they provided this soft bread with green seasoned butter, which was so good. The butter was very light and melted right away into the bread. They then provided us with complimentary amuse-bouche with three different items including fish, bread tart and this matcha jelly. They were small pieces but each one was delicious and unique! They definitely didn't skimp out on the creativity here.

For my starting course, I got the blue shrimp tartar, which was the last they had for the day. I can see why - this dish was surprisingly good! I was a little disappointed at first when I couldn't even see the tartar but then i realized that the tartar was stuffed in the mini lettuce / brussel sprouts. It was definitely a unique way to do it. The dish itself was light and refreshing but still very flavorful. It was a great way to start of the first course.

The main course came out immediately after we had all finished the first course. I got the roasted duck which came with a side of some kind of vegetable medley with some crunchy pieces on top. They also poured the sauce on the duck out of a small pot at the table, making the presentation overall very cool.

We finished off with desserts and i ordered the lambent which was this milk chocolate mousse with a sweet graham cracker like bottom. It also had pieces of milk chocolate and citrus flavored sauce, actual citrus and sherbert. The dessert had a very unique presentation and tasted amazing.

Finally to top it all off, they gave us complimentary Gabriel Kreuther chocolates - one with cinnamon and one with vanilla. They were both great but by that time, we were already beyond stuffed.

Other than the amazing food, the architecture and interior design of the space was beautiful  and there was no bad spot to be seated at. Their cutlery, plates and bowls were also very unique and different than anything that i've ever seen before at other places.",True,2,0,1,Jen L.,en
480,2017-03-26 21:38:16+00:00,5,"Celebrated my boyfriends birthday here and absolutely loved it. We had dinner fairly early at 6PM so when we first arrived the restaurant was pretty empty. 20 minutes in, it got pretty full and the ambience was perfect.

One negative prior to the start of dinner was that we didn't receive any hand towelettes so I had to go to the bathroom to wash my hands.

We all ordered the 4 course pre fix and all the dishes were beautiful just like art. We also had a complimentary appetizer. Before and after each meal, different types of breads were placed on the table. All very yummy. The portions were tiny but very filling. 

Dessert prettty much topped all the meals put together and were absolutely delicious. All the desserts were amazing. 

What topped everything else was the service. Never had better service anywhere else. Will love to come back for some more dessert !",False,1,0,1,Marta D.,en
479,2017-03-27 04:33:40+00:00,3,"Given it was half empty, service was poor. We arrived at 5:30 and asked to be done by 7:30. We had to beg to get our order taken - and no, we did not get the check until 7:45. The decor/ambiance was nice but not exceptional. As for the food - pick wisely and there are 5 star choices. The baked Dorade Royal is superb - the flesh is moist, almost silken. The foam packs a lot of flavor. The dish looks a bit blah but trust me, it tastes great. The foie gras terrine starter is rich and unusual. The famous sturgeon/sauerkraut tart was ok, I don't get the hype. The eel carbonara was deeply flavored but a bit disappointing - there are no pieces of eel - just eel flavoring in the sauce.( Honestly, the descriptions of the food can be misleading.)

Disappointments: the desserts! We got the pear caramel and the apple crisp and both tasted like nothing - except for the tiny excellent scoop of fruit sorbet. The pear was hard and the other ingredients were crispy - so it was impossible to put them together for one bite. It was like nibbling a sweet cracker and then nibbling some hard pear. Too deconstructed. I thought the apple crisp was similarly spectacular looking and meh tasting - though my dh liked it. The duck breast was also subpar - it was undercooked and tough. I like medium rare duck - this was barely cooked. I would have returned it but we were running late.

This is the kind of place I would enjoy if I wasn't paying for it. If I have to spend my own money - there are other much classier and consistent restaurants in New York. Jean-George V. has nothing to worry about!",True,0,0,0,Deborah P.,en
478,2017-03-28 01:20:58+00:00,5,"Wonderful experience, excellent food.

Brought our 15 mo old and they were fantastic.  Maitre'd saw me entertaining my toddler counting herons and invited us for a tour of the kitchen.  Was honored to meet the executive chef and see the back room.  

I have a gluten allergy and they were very helpful and easily accommodated.

Dishes were delicious!",False,0,0,0,Eloise v.,en
477,2017-04-04 00:46:45+00:00,2,"Noisy bar and ""flamed"" my orange zest oil with a bic lighter...""classy"", right?",False,0,2,0,dan w.,en
476,2017-04-15 02:16:50+00:00,5,"Wowza.   Impeccable service and food experience.  I brought my little food judges with me and they loved the wagyu beef, himachi, lobster and foie gras.",False,0,0,0,T4hm33D B.,en
475,2017-04-22 00:34:07+00:00,5,Love this place for elegant meals in the dining room or a nice business lunch in the bar.  Reggie at the front is great. Food is refined and delicious. A worthy treat!,False,0,0,0,Enzo S.,en
474,2017-05-01 14:34:55+00:00,3,"Got a table for 4 so we were able to try most of the dishes.  

Here are the winning dishes for each course:
1st course - Foie Gras Terrine & Marcona Almond Praline
2nd course - Smoked Eel Carbonara
3rd course - Long Island Crescent Duck Breast

While we thought the dinner was good, we were not impressed.  However, all the desserts we ordered were amazing!  That was what we all walked away raving about.  

The décor is modern, simple, chic and welcoming.  However when I looked around the room, there is just one wall that did not fit the room.  It looks like Grandma's wallpaper.",False,0,3,0,Nas L.,en
473,2017-05-10 15:01:30+00:00,4,"Gabriel Kreuther is a delightful place, with its subdued and unusual elegance, and the attentive, unobtrusive service offered. The wine list is extensive, with - no surprise there - some very interesting Pinot Noirs from the Alsace. The menu was balanced; my husband started with a lovely tartare of langoustine, whilst I had delicious smoked striped marlin. The main course was also excellent: a juicy an perfectly cooked duck breast and a very good halibut. The disappointment was the foie gras; firstly, the portion was hardly larger than a sample; secondly, the acidity of the kumquat completely dominated the delicate smoothness of the liver. A pity, as this was the only flaw in an otherwise lovely dining experience.",False,0,0,0,Alex L.,en
472,2017-05-17 23:58:35+00:00,5,"Food was good, however service was excellent. 

Came to eat post graduation and was welcomed with a personalized menu along with a complimentary dessert. Appetizers were fairly good (I had the langoustine tartare). Entree (Duck) was good, but not anything special. What truly shined was the dessert (wild strawberry fromage), it was incredibly delicious and threw me back to eating strawberries in Paris. 

All in all, a good meal.",False,0,0,0,Cliff C.,en
471,2017-05-21 03:34:15+00:00,5,"If I could give this restaurant 6/5 stars, I would. It honestly was one of the best dining experiences of my entire life. From the amuse-bouche, entre-courses, and attentive and helpful service we received, I enjoyed every minute of my dinner. They beautifully blended innovative culinary creations with classic food combinations in a wholly satisfying manner. The food is also plentiful--I could not have finished my meal without my boyfriend's help! It was truly a highlight of my time in New York.

Recommended courses:
-Of the second courses, the asparagus is a truly special standout
-Of the desserts, both the ""decadent"" and ""awakening"" were sinfully delicious",False,1,0,0,Rachel A.,en
470,2017-06-07 20:04:02+00:00,3,"Today was my 3rd visit to Gabriel Kreuther. The previous two times that I've dined there, I've been impressed with the food. I dined at the bar and had 2 courses + dessert. I was really unimpressed with the tarte flambee. It was soggy and tasted average. Really enjoyed the chocolate tart though.",False,0,0,0,R. C.,en
469,2017-06-12 17:32:52+00:00,4,"4 stars.  I have mixed feelings about this place.  I've been a couple times for lunch, most recently this summer and haven't decided whether it's somewhere I like enough to keep coming back.

The service is wonderful, everyone is nice and attentive.  They try to set everyone's plates down at the same time, but sometimes they mess up the timing, so if they're going to go for that, they should nail it down better.

This most recent time, we told the server that one of us was in a rush and needed to finish her meal, and they were very accommodating to this request, and brought things out for her faster than the rest of us so she could leave.

We received an amouse bouche, which was very tasty.  I think it was sweet corn marmalade with caramelized plantain hummus. 

For my appetizer I ordered the Foie Gras Terrine & Marcona Almond Praline.  Thought this was delicious, and though it had crunch from the almond crunch, I wish they gave some bread to spread the foie gras on.

For the main course, I ordered the Roasted Crescent Duck Breast, which was a HUGE portion, they give you two pieces of duck breast.  I thought the duck was a little over cooked for my taste of medium rare, and the crust was a little flaky/fell off, but the flavors were there.

We skipped dessert, because we were full and also were trying to wrap up our meal since we were tight on time.  The lunch tasting menu price is reasonable for the portion sizes and is comparable to others in this league.",True,7,2,2,Elyka A.,en
468,2017-06-13 20:56:37+00:00,5,"Solid Five-Star. One of my favorite French restaurant in the city. My friend and I went there for lunch, which is a delicious while worthy experience. 

We both ordered the well-renowned Sturgeon & Sauerkraut Tart, the combination of American Caviar with applewood smoke, so soft! I like it so much that I even want to reorder again. For the main course, I ordered the Roasted Red Snapper. With its delicate design and well-cooked snapper, I would say it's one of the best red snapper I've ever had. For dessert, I had the Mandarin Milk Chocolate. It looks pretty, first. It tastes amazing, second. I don't like something too sweet, but dessert at GK was just perfect regards sweetness and portion. 

I would highly recommend this place, especially with its lunch, affordable while in high quality.",False,1,0,0,Jessica H.,en
467,2017-06-14 05:09:12+00:00,5,"Possibly the best meal I have had in years!  Pictured are the green salad, white asparagus second course, Halibut, chocolates to end off the evening.  This is a wow dinner.  If you want to impress your tastebuds, dine here.  If you want to wow friends, family or clients, dine here!!!",False,0,0,0,Eric S.,en
466,2017-06-17 15:28:40+00:00,5,"Items Selected:
Granny Smith - Red Delicious Apple, Blueberry
Kugelhopf - Chive Fromage Blanc
Mango-Jalapeno Pate de Fruit - Masa Cracker, Corn Puree, Tomatillo, Avocado, Pickled Onion
Fried Plantain - Shiso Leaf
Foie Gras Terrine & Marcona Almond Praline - Smoked Pear, Cider Gelee, Five Spice Granola
Red Wine Braised Tripe Gratine - Du Puy Lentils, Thyme
Filone - Cultured Butter
Roasted Crescent Duck Breast - Black Trumpet Crust, Fleischnacka, Ginger Jus
Grand Marnier Baba - Fresh Mango, Vanilla Ice Cream
Lambent, Mandarin Milk Chocolate - Peanut Butter Crunch, Mandarin Gelee, Milk Chocolate Crème
Pistachio Financier, Chocolate Tablet, Roasted Pineapple, Chocolate Praline

Answering several questions about the sustaining appeal of Fine Dining in an era of 'hip' eateries serving share plates, Gabriel Kreuther opened in 2016 to great acclaim from critics and fans of the Chef during his days at The Modern, the eponymous restaurant immediately climbing to the top of a Big Apple Bucket List thanks to previous memorable afternoons dining in the shadows of MoMA.

Located at 41 West 42nd Street, a sizable footprint with both Bar and ""Main Dining"" menus much like that at The Modern, Garbriel Kreuther is best described as Alsace by way of New York both in terms of its offerings and a flowing space backed by a beautiful display kitchen, the walls adorned with art and beams supporting high ceilings - every bit a 'white linen' restaurant, yet at the same time young and vibrant.

Long considered one of New York's most admirable toques, Michelin Stars following him from kitchen to kitchen since his days at Jean Georges and L'Atelier, Chef Kreuther's first foray as Chef and Proprietor sees him joined by many staff members from his previous stint, the midday Manager on duty a youthful woman who stated that she had been with Kreuther for almost ten years while another server had also migrated over from the Modern along with Marc Aumont who remains one of Manhattan's top pastry talents while pulling double duty at the Restaurant and Kreuther Handcrafted Chocolate next door.  

Open six days a week for Dinner, Monday through Friday for a slightly truncated Lunch menu, it was having spoken to the restaurant in advance regarding the addition of Bar items to the $29 per plate Prix-Fixe that seating was offered along a lengthy banquet just two-tables away from Hollywood royalty, the service ever gracious for both he and everyone around him with as a savory Kugelhopf arrived even before an order was placed, the springy Bread excellent on its own and better with spreadable Chive Fromage Blanc.

Porting over some ideas from The Modern, though Kreuther's unique marriage of Continental Cuisine with Fusion is a fairly recognizable style that yields beautiful plates that remain accessible, it was with a non-alcoholic beverage of roasted Red Delicious apples and Blueberry that a pair of nibbles arrived, the Fried Plantain wrapped in a raw Shiso Leaf dynamic, if not a bit sweet, while the spicy Pate de Fruit topped by a Crisp with Corn, Avocado and Onion seemed oddly Mexican for a man from Southern France operating in Midtown Manhattan.

Always offering both hot and cold preparations of Duck Liver, and at this point actually four different dishes when accounting for both the Bar and Main Dining menus, late-Spring sees Kreuther's Foie Gras 'Praline' served after a roll in crushed Marcona Almonds atop Smoked Pear and Five Spice Granola, the flavors and textures both wide-ranging and well thought out with no additional Bread required for spreading the Terrine.

Turning to the Bar for course two, the menu there largely Alsatian with items like Liverwurst, Veal Dumplings and Flammekuech taking center stage, it was shortly after finishing the Foie Gras that a steamy bowl of Tripe arrived with Lentils Du Puy forming a thick and comforting Stew along with two types of Beans, both this dish and a follow-up of Duck Breast in a Mushroom Crust taking rustic ideas and spinning them elegant - the latter going so far as to pair the roasted Fowl with a classic French Pastry Snail filled with Forcemeat.

Unable to resist such good Bread, both the Kugelhopf and Filone with Cultured Butter mostly gone along with all of the toasted Baguette used for sopping up the Red Wine broth from the Tripe, it was with the Grand Marnier Baba from the Bar acting as a palate cleanser that the meal was placed in Chef Aumont's hands, the Fresh Mango and Vanilla Ice Cream deliciously hidden beneath a cloud of Milk while ""Lambent, Mandarin Milk Chocolate"" proved that Citrus and Cocoa can work beautifully when made with skill and subtlety, the crunchy Peanut Butter base and crumbled Pistachios beneath Orange Sorbet foreshadowing Mignardises including classic Financiers, a half-Macaron shaped Roasted Pineapple Chocolate and crunchy Praline.",False,10,3,6,Michael U.,en
465,2017-06-24 14:32:02+00:00,3,"While this hot, relatively new spot on the north side of Bryant Park is on my list to check out, the tab to eat here runs just a bit higher than I aim to spend on dinner, even the appetizer crawling sort for the most part. But, throwing a touch of caution to the wind, I joined my friend John at the bar for a couple of ""adult beverages"" before heading on to meet other friends for dinner. We had to at least try one of the more reasonably priced bar menu items (it's telling that the bar is packed with people having bar food ($18-39/item) and cocktails ($19-45 each), but the dining room virtually empty (where dinner runs either $142 or $215 for the two menu choices, without beverages). The classic Alsatian tarte flambe is plenty delicious, even if it is the least expensive item on the menu. I'd happily eat it again, though I'd probably go elsewhere for good pizza instead.",False,0,1,0,Dan P.,en
464,2017-06-26 04:15:12+00:00,5,"This restaurant is so damn good! My friend and I got the two course meal for $58. I had the sturgeon & sauerkraut tart and it did not disappoint. I normally do not like sauerkraut but this tastes so good! For the main, I ordered the Grilled Black Angus Beef Tenderloin and my friend had the Berkshire Pork Tenderloin. Both were so well plated and melted in our mouths. I preferred the pork tenderloin but both were so delicious! We also ordered the ambrosial mango almond and lambent mandarin milk chocolate for dessert and they did not disappoint either! Perfect way to end the meal. On top of that, the service was impeccable.",False,0,0,0,Frankie F.,en
463,2017-07-09 14:08:47+00:00,5,"Whether this is your first foray into fine dining or you're a seasoned veteran, GK will not disappoint. I've had nearly everything on the menu, both main dining and bar, and am yet to find something I don't like. It's not cheap, but it's worth every penny. An unpretentious staff is more than happy to assist win any request, and seems to know what you need before you even ask. Don't leave without trying one of the specialty cocktails either!",False,1,0,0,Jacob Z.,en
462,2017-07-10 17:32:34+00:00,4,"Snacks were amazing, appetizer and entree were quite greasy for me, probably because I ordered foie gras... maybe that was a wrong decision. Will order something light if I come back again.",False,0,0,0,Vicky Z.,en
461,2017-07-12 23:45:50+00:00,5,"What a treat! The sturgeon and sauerkraut tart was innovative and delicious! Another appetizer we had was the foie gras which had a cherry compote, almond covered the ingredients matched perfectly.
For the main course we both had the tenderloin, it was like butter!
We ordered a rose champagne , le caravelle, reasonably priced and was balanced well.
Desserts were good , their chocolate is great.
Service was excellent.
This will be one of my favorite restaurants now.",False,1,0,0,Michele C.,en
460,2017-07-15 01:14:33+00:00,5,Simply amazing experience that relies on good flavor and drinks to tell a culinary story. Their drinks were deceptively smooth and strong and the tasting menu was the best food I've ever eaten. I'll definitely be going back when I'm back in NYC.,False,1,0,0,John P.,en
459,2017-07-15 21:12:55+00:00,5,"Came here for a business lunch, and the lunch prix fix menu has very good value. I got seared foie gras for first course and diver scallop for the second. The group also ordered two desserts to share. The apple slices on the foie gras balances the greasiness and make a good combined taste. The diver scallop is accompanied by some bacon-flavored ingredient which makes the seafood more sophisticated. Two types of bread were served and both are good. Another thing worth noting is that the restaurant is very generous with complimentary dishes, we got two complimentary appetizers and two complimentary small-bite desserts, which are all somewhat innovative and very different from one another.",False,3,0,0,Shuyang D.,en
458,2017-07-16 18:02:07+00:00,5,"Consistently wonderful.  The food is very creative, good portions, fabulous presentation.  The service is always on point.  The price point is reasonable for what you get.",False,1,0,0,Nicholas D.,en
457,2017-07-26 12:30:25+00:00,5,"NY has a slew of amazing dining options and Gabriel Kreuther certainly ranks high on that list. The decor is not too ostentatious, the food is exquisite and Luis, along with the rest of the staff knows how to take great care of their patrons.
As soon as you are seated, you are promptly greeted and provided a wine and cocktail list. Not that this is out of the ordinary, but what is is that the cocktail list goes into the history of Bryant Park while providing interesting descriptions of cocktails that would have been available during that time period, but with modern ingredients added. The wine list was also exceptional and includes a few wines from France which I do not know a lot about, so I was grateful to the sommelier for patiently explaining and recommending a bordeaux that met my needs.
As mentioned by other Yelpers, they are very generous with complimentary bites to accompany your prix fixe dinner. I was completely stuffed by the time I left!
For the amuse bouche, they bring several options to include this wonderful bread with a cheese/butter spread. 
For my meal, I chose:
-Hamachi, black truffle & foie gras mille-feuille
-Seared sullivan county foie gras
-Grilled main lobster
-Decadent chocolate caramel

Each dish was aesthetically pleasing and just as delicious as their presentation. Throughout my meal, Luis also brought me some french bread and rosemary rolls. Both breads were very soft and warm accompanied by their own spreads. Also, after dessert, I was provided more complimentary dessert! Four pieces of their incredible house made chocolate and two coated bread sticks. The price is so reasonable and for the amount of food and service you receive, I would bet that Gabriel Kreuther would be hard to beat. I will be recommending this establishment to all of my friends and I cannot wait to come back when the menu changes to see what other delectable delights are in store.",True,4,0,1,Quin T.,en
456,2017-07-29 02:57:05+00:00,2,"Went here today for a special dinner with a friend - what a mistake! Overprice, over pretentious food that no longer even a hint of joy left in it.  The wine list has more $500 and up bottles on it than I think I have ever seen - and it is not that extensive...  if you want to impress your dinner date with the size of the bill and nothing else - this is the place.",False,1,1,0,A M.,en
455,2017-08-02 04:55:59+00:00,5,Excellent service and great food! Try not to eat too much bread so that you can enjoy the food. We took home the chocolate they gave us at the end and it was delicious.,False,1,0,0,Celicious A.,en
454,2017-08-02 11:31:36+00:00,5,"Absolutely fabulous! This was my first experience going to a Michelin Star restaurant and I wasn't disappointed. The space was so beautiful and felt like I was in a different world. The temperature of the room was perfect; not too cold and not too warm. My coworkers and I went here for lunch and were graciously met by our server who was in a pristine looking suit and tie. He was very accommodating, gave great recommendations and answered all of our questions (and we had a lot). He was very patient and always had a smile on his face.

There was a whole book of drinks that included the history of Bryant Park which was interesting to read about. I don't want to call it bread because it does not do it justice, but we were given a bread like starter with the most amazing green colored spread. I cannot tell you what it was, but I can tell you I can eat that for the rest of my life and be happy. We then were given an amuse bouche of four items. One was a cantaloupe shooter, a chip that tasted similar to a shrimp chip, a melon gelatin bite, and I forgot what the last one was called but it was a small ball completely packed with flavor on a small fracker. I didn't know such a small item can taste so much and well for that matter.

For an appetizer I got the sturgeon and sauerkraut tart. OH EM GEE. That was incredible, I highly recommend it. Part of the tart that is listed on the menu is applewood smoke. The course comes out in a glass dome and the server takes it off and swirls the smoke around in front of you. It was quite an experience. For my main course I got the Spice Roasted Dover Scallops. I have never tasted scallops done so well in my entire life. The lunch meal was a prix fixe for $58, which isn't bad compared to other Michelin star places, and the meal lasted about an hour and a half to two hours.

I was nervous that the smaller portions would leave me hungry, but that was far from the case. I was pleasantly full without feeling like I over ate. It was the ideal amount of food.",False,2,0,1,Emily H.,en
453,2017-08-07 20:08:53+00:00,5,"Decorate exquisite + Food delicious + Romantic ambience + Good service quality = Enjoy 
o (^  ^) o",False,0,0,0,Chloe' L.,en
452,2017-08-10 01:04:15+00:00,5,"Superb experience in a cozy lighted environment 
Great service
Exquisite tasting menu",False,1,0,0,Ilona L.,en
451,2017-08-12 18:36:18+00:00,5,My favorite upscale restaurant in the city. Incredible food. Incredible service. Love love love. The little chocolates you get at the end are heavenly.,False,0,0,0,Jane P.,en
450,2017-08-30 03:16:10+00:00,5,"Amazing dining adventure! Each item presented was spectacular, wine pairings even better. Staff knowledge and attentiveness was spot on! I will be back, wonderful! Looks like I gave them 4 1/2? Negative they are a solid 5!!",False,1,0,0,John S.,en
449,2017-09-05 02:09:05+00:00,3,"My boyfriend thought the food was heavy, and I told him the cuisine is Alsatian. But still, the bread with each course was unnecessary. The acidity in dishes can be overwhelming, but as someone who drinks rice vinegar straight out of the bottle, I appreciated it. The somm was overly aggressive trying to get us to buy bottled ports while I felt like I could barely walk. The dining room was crowded and loud, so I am not entirely sure that I came to the same place as the Michelin guys who gave it a three star comfort rating.",False,1,0,0,Joy Y.,en
448,2017-09-07 12:35:31+00:00,3,"This place is good, but it is def not worth the money you pay.  The quality of food is just not up to par with let's say Daniel, which you pay the same amount, but the food is exceptional.  I think if it were 200 less, I would recommend it, but now I would say pass.  The service is great like any high end restaurant, but the food is just disappointing.",False,0,0,0,Penny T.,en
447,2017-09-10 11:19:13+00:00,5,"I love this place!

Last night was my fourth visit to this restaurant and each time I enjoy it more. Although I wasn't jazzed about the food choices in a couple categories of their prix fixe menu this time (I know eel is one of the ""it"" ingredients right now but how many people actually like it?? And, sorry, but sauerkraut is a good way to ruin a tart), the choices I made were, as they always are here, prepared perfectly and tasted amazing. I especially loved the amuses - a clever take on a clambake, including a clam chowder croquette with liquid center and a corn fritter; incredible!! - and the tenderloin entree, which melted in your mouth but was over far too quickly. 

This restaurant has one Michelin star but I suspect it won't for long. With their level of hospitality (service is excellent and very accommodating), their beautiful space (the lovely design of the restaurant alone makes it special and worth a stop) and the quality of their food (some of the best in the city), they should at least have two, maybe even three! Absolutely one of the top restaurants in NY. 

And, just when you think it can't get better, did I mention they operate a gourmet chocolate shop next door? Oh, yes!

If you can get a reservation here, do, because I predict it won't be as easy in the future.",False,2,0,0,Neil A.,en
446,2017-09-13 19:51:28+00:00,3,"Went for a dinner with friends as four of us on a Sunday night. As expected as for one star Michelin Star restaurant which you would not be disappointed with the food. Quite variety food for the tasting menu and a wide selection of wines. Breads offered at the beginning and during the courses, a bit of salty for all the dishes that night as four of us felt the same. The manager or the owner (I believed he was) came out to greet each table except our table.....oh well....Service was standard, no complaint. Worth a try but not necessary will coming back.",False,0,0,0,Honey T.,en
445,2017-09-17 12:51:18+00:00,5,"To put it simply, this was the best meal and dining experience I've had in years.  I won't attempt to detail the nuances of the different courses that were served because it really must be experienced first hand.  The food was excellent - in taste, in presentation, as well as in creativity.  The service was first rate, very attentive but not intrusive.  The ambiance - elegant and quiet yet not stuffy or pretentious (le bernadin anyone?).  I highly recommend dinner at Gabriel Kreuther and am looking forward to my next evening here!",False,1,1,1,Julia K.,en
444,2017-09-25 16:15:30+00:00,5,"Deserves every bit of its 5 star rating. The quality of the chocolate is just extremely high. Gabriel kreuther is an extremely talented chocolatier.   

I ordered the frozen hot chocolate which was absolutely amazing. You can taste the rich dark chocolate in every sip.   Was quite upset when it was empty. :(. 

I also got another item that was absolutely  amazing.   I forget the name, however the picture list shown in my review. I will come back 100%. 
On the expensive side but is worth every penny.",False,1,0,0,Anish P.,en
443,2017-09-27 00:22:26+00:00,5,"My dad and I came here after the concierge at the Roosevelt Hotel suggested it. I'll never be able to thank the concierge enough because Gabriel Kreuther is AMAZING. 
Obviously it's not cheap, but you are paying for the best food and service. All of the staff is incredibly attentive, helpful and kind. They made my dad and me feel like we were family. They look after you, provide the best recommendation, answer any and all questions, and ensure you are more than happy. The waiter learned I had just moved to New York, so he had a little chocolate cake with a candle and congratulations written on the plate sent out with dessert. I honestly can't speak highly enough of the service. 

For wine they suggested Emmanuel Giboulot Côte de Beaune - it was absolutely perfect. We asked for the waiter's suggestions ordering. For the first course I had the Cured Hawaiian Striped Marlin - it was delicious and there was a lot of fish. For the second course my dad and I both had the Sturgeon & Sauerkraut Tart - also amazing. For the third course I had the Spice Roasted Diver Scallops and it was TO DIE FOR - the best scallops I have ever had. For dessert I had the Fromage Blanc Fresh Strawberry - also outstanding, the strawberries were perfectly ripe. 

If you're looking for somewhere to really take your time to sit and enjoy company and the best food, this is the place.",False,0,0,0,Natalie B.,en
442,2017-10-04 02:25:11+00:00,5,"The food is great waitress was very  attentive, knowledgeable and professional. No negatives. Every request was honored and food was amazing. I would recommend as a solid 5.",False,0,0,0,Tory S.,en
441,2017-10-04 11:56:08+00:00,5,"From the moment you enter this restaurant you are treated to an experience. The ambiance is magnificent to match the Michelin star cuisine. We had several courses and with each one there was a new experience, breads to complement the food, cutlery was changed and wine served. The attention to every detail makes patrons feel welcomed and pampered.  A very memorable experience and highly recommended. We topped the evening off with a visit to the chocolate shop and brought the taste of it home for the following evening treats. Over the top!",False,0,0,0,Sonia K.,en
440,2017-10-06 00:15:40+00:00,5,"I usually save my 5 stars for cheap hole in the walls or mom&pop shops, but 5 stars here is very well-deserved. I came here with my boyfriend to celebrate his promotion. I put into OpenTable the reason for us coming and the entire staff seemed to be informed and congratulated him throughout the entire meal. Out of all the Michelin restaurants I've been to, the staff at Gabriel Kreuther was the most welcoming and attentive. Somehow we were able to get the best table in the restaurant according to our waiter. We were put into a cozy corner right under a window where you had a view of the entire restaurant.

We decided to go with the Chef's Menu for $215pp. There is no set menu for this. Instead you can express your likes and dislikes and they create a tasting menu based off your preferences. You can even request them to include certain items from their regular menu. I highly recommend the Chef's Menu for special occasions and if you have a lot of time. There was a total of 18 courses over a course of 3 hours.

They explain to you every course, but sometimes it is hard to catch what they are saying. But in the end they do present you with a printed menu of your entire course. You can see our tasting menu here: https://www.yelp.com/biz_photos/gabriel-kreuther-new-york?select=BiWnWuPW-4aeZ7fv5LdBPw&userid=DC1hfeeSaYr2E1xwiEL81A

Among the 18 courses, these were the ones I most enjoyed and recommend requesting for the tasting menu:

Savory Scallion Kougelhopf with chive fromage blanc - We started out with this delicious scallion bread. It tasted very similar to an Asian scallion bun, so I enjoyed it immensely because of that. I believe they will give you one of these before your meal so this is an item you will not have to request.

Scallop Chip - This chip came as one of the four canapés in their Taste of New England course. To make the chip, they minced scallop and tapioca and dyed the chip with charcoal. I could snack on these all day if each chip wasn't so incredibly expensive.

Surgeon and Sauerkraut Tart - I was afraid the tart would be too creamy, but the mousseline was perfect as was the fish. The tart came with applewood smoke, which made for a fun presentation.

Foie Gras Terrine & Marcona Almond Praline with smoked cherry cider gelée and five spice granola - This somehow reminded me of a savory truffle. I loved the texture of the almonds and granola. 

Seared Sullivan Country Foie Gras with peach marmalade, pickled peaches, watermelon radish, mustard seeds and popcorn pudding -  I never really enjoyed foie gras until having this dish. The foie gras was incredibly rich and fatty. It went so well with the popcorn pudding and pickled peaches.

Frozen Lime-Rosemary Marshmallow with apricot gelée and candied almond tuile cookies - I normally don't enjoy marshmallows, but this was delightful. The marshmallows didn't have the off-putting gelatinous texture. This was a really refreshing dessert.

Fromage Blanc Fresh Strawberry - This consisted of fromage blanc sorbet and sweet strawberries on a hazelnut crumble. This was one of the best desserts I've had in a while. I was so full after so many courses, but I wanted more of this dessert. I'm sure their desserts change seasonally but if you are able to request this dessert definitely do.

We ended the meal with chocolates from the Kreuther Handcrafted Chocolate shop right next door. To our surprise, they also brought out a chocolate mousse cake with ""Congratulations"" written on the plate.

The only thing I did not enjoy as much were the breads served in between courses. Compared to the Kougelhopf in the beginning, the ficelle loaf and rosemary buckwheat rolls were not as stellar. I wanted to try everything, so the bread just made me too full in the end.

Needless to say both food and service here are top notch. There were so many courses, I actually almost felt overwhelmed. I definitely would not have been able to finish it all if it wasn't paced for 3 hours. I hope one day I can treat my parents to a meal here.",False,10,6,10,Jocelyn K.,en
439,2017-10-06 16:50:34+00:00,5,"Gluten free versions for many of their dishes!! 
One of us had Celtic disease and the staff were all knowledgeable and accommodating, serving gluten-free versions of the dishes. They even had gluten free bread to start!!
We did pre theater and they got us out exactly when we had to leave, and we never even felt rushed. 
Amazing food, presentation, service and atmosphere. Very much recommend!",False,0,0,0,Jack J.,en
438,2017-10-08 05:12:23+00:00,5,"Wow, we had an incredible pre theater dinner at the bar tonight. Service was impeccable but restrained, drinks were excellent and the food was truly a revelation.  We started with the lobster croquettes, decadent but light as a feather and followed with three of the alsatian specialties.  The kugelhopf is a lovely little savory bundt cake with rich, thick chive fromage blanc to dip it in.  The veal and pistachio fleishnacka were luxurious but delicate.  The country sausage is really special; as someone who typically finds sausages hard to digest and heavy, this was incredibly flavorful, balanced and melted in your mouth with violet mustard they should seriously consider bottling and selling and yummy sauerkraut.  They brought nori crackers to the table at one point which were delicious as well.

Dessert was a tour de force. My partner was celebrating his birthday, so they brought a sort of caramely tart for him which he loves. They also had printed a menu for him that said Happy Birthday with his name, a thoughtful touch to the service.  We also ordered the beignets, airy and perfect with the marmalade and a scoop of caramel ice cream, and the chocolate and petit fours. The Kreuther chocolates are delicious and served on a sliver of chocolate on a bed of cacao nib.  They were served with cheesecake macarons, also perfection. Thank you Gabriel Kreuther for a showstopping meal! We can't wait to return for more bar snacks and to try the dining room!",False,0,0,0,Trinity W.,en
437,2017-10-10 06:33:24+00:00,4,"Came here for the 4 course pre fixe dinner, fairly standard Michelin Star experience. Very attentive service, a lot of bread served in between courses, very specific ingredient choices and mixes of flavors that are unique to fine restaurants. I didn't give it 5 stars because there was no dish that got seared into my memory - I was lazy and didn't write this review for a few weeks and I already can't remember what I liked about each dish in spite of the pictures.",False,2,0,2,Tracy X.,en
436,2017-10-22 18:01:44+00:00,5,"I went there for lunch and had a great experience. The food was very tasty and served very aesthetically. Of course, you can't leave without trying some of their desserts - they are fabulous! You might want to buy more for later in their neighboring chocolate store.",False,0,0,0,Tom K.,en
435,2017-10-23 14:21:47+00:00,4,We went for my birthday celebration and had the four course dinner. We are vegetarians so the chef prepared his own menu. Each dish was interesting and tasty. The service was great and the atmosphere is light and airy. Desserts - the Apple crisp was average but the chocolate one was predictably good. Overall a nice restaurant for a special occasion.,False,0,0,0,Jane K.,en
434,2017-10-28 04:31:49+00:00,5,"This is a sleeper gourmet dining spot in midtown. Little known but highly recommended. The space is beautiful -- very open and spacious, with lots of light. Service is, as expected, top of the line. The food is also unique and diverse. The lunch prix fix menu does the job.",False,0,0,0,Troy H.,en
433,2017-10-30 22:05:11+00:00,5,"We came here for an anniversary dinner and everything was exquisite. The food, the presentation, and the service were all top notch. The head server fully accounted for our evening of culinary delight. They reserved a cute corner table for us in the back and even provided customized menus for us to keep. 

All of the dishes were inventive and flavorful. The risotto and foie gras were out of this world. For dessert, try their apple crisp. It's simply amazing. 

The chef keeps it real in the kitchen back there -- each dish took its time, and there was considerable waiting time between courses. They do not rush their craft. 

The sommelier made an awesome wine recommendation. He asked for our price range instead of pushing expensive bottles on us without asking about our preferences first. He was knowledgeable and friendly. 

All in all, a 5 Star experience and we will be back for other occasions!",False,0,0,0,Leah C.,en
432,2017-10-31 02:14:48+00:00,5,"This was an amazing dining experience.  The location is terrific, across from Bryant Park.  The staff was exceedingly attentive and detail oriented.  They were knowledgeable and friendly.  Prior to our meals, the small plates were delicate, yet very flavorful.  I started with the chestnut soup, which was terrific.  The chestnut purée was complimented by the mushrooms very well.  My main dish of black bass was perfectly prepared and delicious.  Love this place!",False,0,0,0,Ray S.,en
431,2017-11-12 01:09:40+00:00,5,"Sat at the bar. Ordered the squid ink orecchiette. Wonderful dish. Exquisite interior. Truly terrific restaurant, ambiance was lovely.",False,0,0,0,Arteen Z.,en
430,2017-11-19 02:50:50+00:00,5,"Very delicious chocolate. Tried the mint, coffee, passionfruit and salted caramel flavors. All were amazingly soft and beyond tasty. Highly recommend to try it.",True,0,0,0,Alexandra B.,en
429,2017-11-19 09:07:31+00:00,5,"A very nice place, probably deserves a second star for its food and great wine list and somelier. The service staff seems to not quite being used to the level of its own place. But, they will do that last little step to perfection hopefully with little effort. The restaurant is well designed, the food is the star of the evening. The beef tenderloin was cooked to perfection, a bit much salt, but an impressive execution. The languatine tartare was sublime, a masterpiece. The seared foie gras a top level showpiece. The amount and selection of bread was entertaining and tasty. I always like white bread at the table, but I am old school. Coffee tasted great, the dessert as always in the US charismatic but not overly sensual. I would like to come back and a spirited recommendation is in order. Compliments to the chef!",False,0,0,0,Lars H.,en
428,2017-11-26 05:53:58+00:00,5,"Amazing lunch, great value, wonderful hospitality and sublime food. Foie gras, beef tenderloin, sturgeon tart and Mr Aumonts dessert were exemplary. Look forward to returning",False,0,0,0,Liam H.,en
427,2017-11-27 03:15:08+00:00,5,"Just to keep it simple - everything was fantastic!  The service as soon as we walked in the door was delightful.  The ambiance is serenely elegant.  We had the 4 course tasting and it was all ingenious execution of an inspired vision we've not encountered before.

Deserves all of its accolades.  Deserves the visit and appreciation of anyone who adores creatively delicious food.",False,1,0,0,Chaim L.,en
426,2017-12-03 04:02:27+00:00,5,"Amazing dining experience. From the greeting to the final glass of wine, the service was impeccable and the food Devine.  A must-go !",False,0,0,0,Lesley C.,en
425,2017-12-12 13:43:04+00:00,5,"This place is good, careful execution, tasty but small courses. Unusual ingredients and a sense of occasion about it. It's porbably not he final say in terms of food taste and flavor but it makes up for it with invention and presentation. It will be expensive so reserve for business or occasions.",False,0,0,0,Vincent B.,en
424,2017-12-24 16:17:50+00:00,4,"We went here last night to celebrate our 19th year wedding anniversary after having had good experiences when the chef was at The Modern.  We had looked at the menu online and the food does not disappoint or leave you hungry.  

My wife had a migraine and lately I don't like to drink as much alcohol when dining out, so we were really happy to see a selection of non-alcoholic ""cocktails.""  They offered four and we tried all of them.  They were all delicious with perfect balance of sweet, sour and interesting herbal, spice or other notes.  So nice to see a place put as much effort into creating a great drink for diners who don't want to have alcohol.  One of the managers was explaining to us that they use this non-alcoholic gin substitute for several of these drinks - you basically get the flavor profile of gin without the alcohol - sounds like a great to me and I can say the resulting drinks were fantastic.

We started with caviar service and had no regrets for splurging on this extra.  A nice half ounce portion for two people served on curry crisps with a nice buttermilk mousse.  

Some standouts for food included: the foie gras terrine, which was served in a ball shape encrusted with pistachio served over a bed of petals and a gelee and accompanied by a type of bread that was like a waffle with jam and other toppings.  The seared foie gras was also delicious and served with an assortment of fruit and mustard type sauce.  
The hamachi/truffle/foie first course was nice, with the main element being the fish and the other two background supporters - not a bad thing, just make sure to get a dish were foie is the main element if that is what you really want.  The sturgeon and sauerkraut tart is another solid dish - covered in a luxurious caviar mousse and served under a glass dome full of smoke - fantastic and beautiful presentation.  The squab an cassoulet was a filling a rich dish with multiple tasty components and the grilled lobster was also well done, with its accompanying carrots and fried leeks being especially noteworthy.  

Desserts were very nice with a starting palate cleanser before the main offerings.  In addition to the two desserts with our prix fixe, they also sent us a third dessert to celebrate our anniversary.  This third was a delicious chocolate caramel.  Our main desserts of Ambrosial/mango and Decadent/Chestnut red currant were very nice ways to end the meal.  Afterwards they brought some chocolates and macaroons which were very nice and we decided to go to the bakery next door to get some of those things for the kids. 

Bread service was very good; instead of a bread cart or tray, they continually bring different breads during the course of the meal.  This included a rosemary bread served with pork fat and another offering with a delicious creme fraiche.   

Some things to note: table water service - if they offer sparkling or still but you really want NYC tap, make sure to specifically ask for that, otherwise you will likely end up with a water charge on the bill (like we did).  Service: while service was friendly and efficient, we did feel like they took some of the food away a little too quickly, when we still had some portion left to enjoy.  The food is rich and filling, and while eating we would stop occasionally to digest and talk only to have the staff come take the food away.  We could have easily said we were still enjoying that course and they would have had no problem I'm sure, but it was just something we noticed a few times.  Otherwise we appreciated the staff and the conversations we had with several of them.  They seemed genuinely happy to have us there and wanted to make sure we were enjoying our experience.      

Overall, it is a very nice restaurant, with great service and food.  Total for water, one alcoholic drink, five non-alcoholic drinks, caviar service, and 2 prix fixe was $510 before tip.",False,3,1,2,Frank M.,en
423,2017-12-30 19:02:33+00:00,5,"We made a reservation for my birthday a month back. My first comment is that the service was amazing... perfectly done and attentive but not over attentive. 

Words cannot describe the food as it was innovative and creative, tasteful, well portioned, and by the time we were finished, there was no question if we had enough to eat... it was plenty. 

I have to comment on the service again... it was in the top 5 of restaurants I have attended over the last 20 years... yes... that good. My suggestion for them is to keep it up. 

Overall, the ambience was tasteful but I would not call this the type of New York restaurant where you go Ronen seen, but nonetheless, a great experience and to add my name to the menu, just a nice touch",True,2,0,0,Gary H.,en
422,2017-12-30 19:41:48+00:00,5,"1. Impressive service:
    A. We came here for anniversary celebration. We made our reservation 2 hours before our dinner, but when we arrived at the restaurant, everyone says ""Happy anniversary"" to us, even during our whole dinner---their memory is impressive.
    B. They also prepared a special menu for us, I keep it as a gift.
    C. They gave us a small beautiful cake as an anniversary gift. Nice.

2. Delicious food: Dishes are creative, beautiful and delicious.

3. Modern romantic decoration: The whole restaurant could become a classroom for learning modern art, great sense!",False,0,0,0,Mo M.,en
421,2018-01-02 14:43:58+00:00,5,"Came here on a Saturday night for a Christmas celebration with my boyfriend. The decor itself was worthy of a Michelin star. The dining room is probably one of the most beautiful I've been in. We were seated immediately, and given copies of the menu. We had some help from the staff about the wine to pick, and then ordered all our food. 
Shortly after ordering, the first amuse bouche was brought out. This consisted of some sort of peppermint flavored jelly, and pastry in the shape of gingerbread men, to celebrate the holiday season. 
We decided to go with the four course prix fixe menu, but there were many small in between bites, so we ended up eating a lot more. 
Everything was excellent, but the seared foie gras, pennsylvania squab cassoulet, roasted Maine lobster and foie gras millefeuille were clear standouts. The service and presentation were also outstanding. If you're going to have one splurge meal in NYC, this should be it.",True,1,0,0,Su L.,en
420,2018-01-02 20:39:17+00:00,4,"We ordered the four course prix fixe dinner with wine pairings. The fluke was quite bland and was overpowered by the wine. The hamachi, black truffle & foie gras mille-feuille and its pairing was much better but not extraordinary. The risotto and its wine pairing stole the show: this was by far the best course! The wonderful flavors of the food were nicely complemented by the wine. The squab was neither here nor there: not terrible but I've definitely had better. The same descriptor applies to the desserts. The servers and the sommelier were attentive but lacked warmth. Overall, this was a solid 4-Star experience at a 5-Star price.",False,0,0,0,R P.,en
419,2018-01-05 23:09:02+00:00,5,"Everything here was great!! The service, the ambiance and the food. The food was elegantly plated and was delicious... 
(they also have a chocolate store next door which I also recommend) the staff is very professional and friendly. 
That day we had tickets for the ballet and were running a little bit tight with time... the staff managed to get all of the food served in a timely fashioned and we we're sat at our table promptly. If it wasn't for their great service we would've missed the first portion of the ballet. THANK YOU SO MUCH!! :)",False,0,0,0,Pia M.,en
418,2018-01-11 23:41:02+00:00,2,"Was in last Saturday night to celebrate my husband's birthday and we sadly had a less than stellar experience. The service was the biggest issue we encountered, and incredibly disappointing for this level of restaurant. 

When we arrived about 10 minutes early for our 9pm reservation, the hostess told us our table would be ready closer to our reservation time and that we were welcome to sit at the bar. We ordered some cocktails to enjoy while we waited, which were excellent. As someone who has to limit my alcohol intake, I was pleased to see a wide array of creative mocktails. At around 9:15 the hostess came over and said they were running behind because people from previous reservations were ""lingering"" and that they would seat us as soon as they could. While I understand that backups do happen (especially on a Saturday night) I feel like at fine dining restaurants, the service is just as important as the food considering the price tag attached, and it just seemed unprofessional and a little odd that she was blaming diners for scheduling incompetence on their end instead of genuinely apologizing and taking responsibility for the delay. Another fifteen minutes went by and at 9:30 we were finally seated by the same hostess, who halfheartedly apologized and then quickly followed it up with, ""But you know...these things happen and you can't push people out."" Way to make your customers feel special (especially when you know they're there to celebrate an occasion). It also didn't help that a couple who waltzed in 25 minutes after we did were magically seated at the same exact time as us. 

Despite the frustration of how our evening started, we brushed it off and looked forward to what we hoped would be a great experience from that point forward. Unfortunately the inattentiveness continued, as it took a good amount of time to even be acknowledged by a waiter and given menus. Service continued to be slow throughout the meal. 

As for the food, it was solid and thoughtfully presented, but not particularly memorable or mindblowing, and the portions were definitely on the smaller side in comparison to recent prix fixe meals we've had at similar establishments like Daniel and Marea. 

We both left feeling cheated, disappointed and wishing we had gone somewhere else.",False,2,1,0,Heather D.,en
417,2018-01-14 21:32:20+00:00,5,The best restaurant I've been to. The service and the food were phenomenal. I'll be back.,False,0,0,0,Chris P.,en
416,2018-01-15 00:26:28+00:00,5,"This is what ""fine dining"" is all about.

Midtown is my LEAST favorite neighborhood in Manhattan, I avoid it like the plague.....however, we wanted dinner on a Saturday night before a play, so what's a girl to do?

Consult EATER and GRUB STREET....and boy, were they right.

Don't be afraid of the Michelin star rating, just go.   

Eat in the lounge and dive into chef Gabriel Kreuther's gorgeous Alsatian specialties like his Alsatian Tarte Flambe w/ lardons and creme fraiche....a gorgeous Alsatian sausage on choucroute w/ moutarde violette.    (we were fans when he was the head chef at The Modern).
Don't miss the hamachi crudo terrine and the sturgeon caviar tart.

Sip some wonderful Drappier Rose Champagne and feel like a queen.
The staff is the best in Manhattan.  So warm and welcoming.

and don't forget the apple strudel and beignets with dipping sauce if you have room (we always have room for dessert).
Gratis box of GK chocolates and macarons on the table with our dessert.

They treated us like VIPs and we forgot for a minute that we were on 42nd St.

This was a fantastic evening with fantastic food and service to match.
Felt like we were in Paris for an evening.

Great place for cocktails while in midtown too......

Go.",False,3,1,1,Stacey C.,en
415,2018-02-03 19:15:05+00:00,5,"Amazing. This restaurant is heads and shoulders above Ai Fiori or Gramercy Tavern. A totally different class. Pork was amazing as was risotto, beef, fish appetizer. Desserts incredible. At this price point beats out others.",False,0,0,0,Tbone B.,en
414,2018-02-04 03:53:58+00:00,2,"Very disappointed with some of the dishes: foie gras and fish didn't pair well and deserts were too sweet and lacked any originality.  However, the biggest disappointment was the $75 wine pairing, it was a roller coaster ride starting with an over ripe Gewurtsraminer  then cider (with fish?), then Carignan red with beef (cab would have been much better), and ending with Sauternes with chocolate (horrible pairing).  Did Gabriel Kreuther try this and approve it?",False,0,0,0,Frederick R.,en
413,2018-02-04 18:57:28+00:00,5,"Amazing experience and the second favorite Michelin meal I've ever had. (Well ahead of two Michelin three star meals). We ordered the chefs menu and he customized both of the meals based on our tastes. Also, they included a signed copy of the order along with a printed copy which was a great touch. Overall, I cannot recommend enough with the taste and presentation.",False,1,0,0,Adam K.,en
412,2018-02-10 14:37:41+00:00,5,"I hardly know where to start this review. How do you describe the best meal and service of your life? In a word dazzling!

My wife and I opted for a Kir Royale accented by elderberry to start the evening. The uniqueness of this drink set the creative tone that never ended through the courses. Dinner began in earnest as we ordered the Chefs tasting menu. The staff was crazy attentive yet not overbearing. Our French sommelier was also a champ in guiding us to wine heaven.

Highlights were a gnocchi dish with fresh black truffles shaved table side by the Chef himself, the lobster, langoustine tartare and the tenderloin. Flavors were complex and displayed a layering of texture and creativity which earned their Michelin Star! 

We finished with cheese that included the best Epoisse I've ever had. As if wasn't enough our sommelier took us to the kitchen where we met the whole team.

Can't wait to return",False,2,0,0,Tommy M.,en
411,2018-02-13 15:30:43+00:00,5,"The food was phenomenal and the service was impeccable.  The tables were set far enough apart that you had privacy and didn't have to listen to your neighbors conversation.  
If you only had one choice to pick a restaurant don't miss this opportunity.
 Bonnie Y.",False,0,0,0,Bonnie Y.,en
410,2018-02-14 06:11:56+00:00,5,"My party of six had a incredible dining experience here this evening. I'm truly shocked this restaurant only has 1 Michelin Star, it definitely needs 3 stars.

The formal dining room is beautifully decorated and has a elegant ambiance. 

The service was superb and everyone was on point this evening. 

The food- Each course was presented perfectly, creative and delicious courses.

I'd suggest this restaurant to anyone",False,0,0,0,Bradley M.,en
409,2018-02-15 03:17:53+00:00,5,"Delicious food, exceptional service and great atmosphere (very spacious and comfortable).  Great place to take clients for lunch or dinner if you are in the midtown manhattan area.",False,0,0,1,Grace M.,en
408,2018-02-15 16:45:14+00:00,2,"Came here for Valentines Day dinner, for which they raised the price to  375 pre-fixe and 285 for wine pairing (which I opted out of). I've been to the majority of other Michelin star offerings in the city, and I think this is the most I've paid just for the base dinner, so going in my expectations were sky high. Due to the high price tag, my comparisons are anchored to other fine dining establishments (Per Se, EMP, Jean George, Ko, Brooklyn Fare etc) If I'm not mistaken, only Masa has a higher price for pre-fixe

We were seated at a table side by side with a full view of the restaurant. The decor was a bit gaudy and high ceilings gave the space a cold feel.  While service was attentive, the servers seemed to pace around nervously and were a constant presence, vs in other fine dining experiences the waiters seem to disappear into the background and only appearing at exact the right times. They also were less warm, friendly, and polished than what I have come to expect at NYC fine dining places. 

While the food was very good and creatively plated, it was not particularly creative nor memorable. The pacing was also off - there were two times when the we waited over 30 mins between courses, so the dinner felt dragged on. 

I hate to be overcritical of a restaurant, but when you have the fortitude to charge these kind of prices for a meal and don't deliver, you deserve to be called out. Overall, I would probably not go back nor recommend it.",False,1,0,0,james l.,en
407,2018-02-23 02:26:50+00:00,5,"The ambiance is sophisticated and romantic, it is definitely more spacious than most restaurants in New York. The food was not bad, interesting first course that integrates aroma into the eating experience.",False,0,0,0,Summer X.,en
406,2018-02-25 22:32:59+00:00,5,"Very fancy and modern restaurant. The service was exceptional. My friend an I had a 7 meal course. Every meal was delicious and had an exquisite taste. We had a chance to see their kitchen and meet the chef Gabriel. We had a very good time. Thank you, Gabriel.",False,0,0,0,Katriel B.,en
405,2018-02-27 23:12:45+00:00,5,"Great French restaurant with a very delicious food, beautiful designed and perfect service . Very enjoyable !",False,0,0,0,Selbi J.,en
404,2018-03-06 02:35:40+00:00,5,"Great good accompanied by great service. My favorites were their hand cut tagliatelle, porcini consommé and the baked Hawaiian Mero finished with a beautifully plated dessert, lambent Mandarin milk chocolate. Another interesting piece was the petit fours that they shared served in a cocoa bean cast that represented the history of chocolate from its raw style to a finished Tahitian vanilla ganache. This place definitely ranked higher than my expectations!",False,0,0,0,Purvi N.,en
403,2018-03-06 23:22:11+00:00,5,"1 Michelin star? A clear oversight. This restaurant deserves at least 2.

I would like to express my gratitude for the experience I had just a few days ago eating at Gabriel Kreuther. Everyone from the hostess when I entered, to my waiter, to those who brought my food and drink were exceptionally professional. I ate on both sides of the restaurant (which have different menus) in order to gain the full experience. 

One of the best (2) meals I've had in terms of the food and the full potential of the experience. Gabriel Kreuther elevates the art of food. I went to 4 restaurants with Michelin stars on my recent business trip to New York. This is by far the best one. 

I had a much, much better time with you than when I ate a few months ago at other well-regarded restaurants in London or at the other well-regarded restaurants at which I ate in New York. Not that they are not excellent, but you shine. 

I can't wait to come back. I look forward to it. You work hard and it shows (shines).",False,2,0,0,Jackson F.,en
402,2018-03-11 17:42:22+00:00,5,"Beautiful ambiance, exceptional service, creative 'mocktails', and delicious food!",False,0,0,0,Komal H.,en
401,2018-03-21 03:13:43+00:00,5,"Thank you a wonderful pre-theatre dinner.  The service was gracious and on point. The menu was well selected and quality impeccable. Thank you again to an amazing team.  Also, completely taken with the coucou clock. Bravo to the decorating team.",False,0,0,0,Koula D.,en
400,2018-04-03 01:22:31+00:00,5,"This post is long overdue. In fact about two years overdue. We came here to celebrate our 17th anniversary of marriage 04-30-2016. Miguel was our server. They made this experience divine. Miguel and his crew made sure we were taken care of and went the extra mile as the night continued. You will forever be part of this wonderful day because 19 years before this day, we met on this same block in our early twenties. We are about to celebrate our 19th year married we remember you guys for making our day extra special. See you soon for one of our anniversaries! Thank you Gabriel Kreuther!",False,0,0,0,L R.,en
399,2018-04-03 15:02:53+00:00,5,"Love, love, love this restaurant (one of my favs. in NYC) and Gabriel Kreuther's modern French cuisine.

I don't know what the %^&* the Michelin inspectors are thinking, but this place is not a one Michelin star restaurant, way underrated. imo, GK is on par with the some of the greats in NYC, i.e. Gunter Seeger, Le Bernardin, EMP, and Bouley at Home, and deserves at least two stars. 

Just had one of the best dinners on my 2nd visit to the Kitchen Table (the table is all yours for the evening).  It's slightly more expensive than their tasting menu in the dinning room, but you get a wonderful view of the kitchen, and some of the courses are presented directly by the chefs.

Love the wine list here (they have some really nice wines by the half-bottles).

Impeccable service

Highest recommendation

: 10 calendars",False,7,2,3,Go Bruins 1.,en
398,2018-04-05 12:53:36+00:00,5,"Superb !!!!!

Gabriel Kreuther epitomizes everything wonderful about dining in NYC. Beautiful and creative preparations using squab. It will satisfy those who miss the days when the chef used to be at the Modern. The kitchen perform very well as far as the quality, plating, and timing. The service was impeccable.  A+ all around !!!!",False,0,0,0,Sam H.,en
397,2018-04-15 16:07:47+00:00,3,"I was disappointed in this place; went with a group of friends in early March and was subject to a large group of 8 people who were very drunk and very loud ; ironically my age range (the only sober one was a 30 year old); very well off; from Dallas so being from Houston Texas I was ready to walk over and wag a Texas finger at them but did not do so since it would really upset my spouse.  The restaurant manager came over after they left to apologize but that was way too late for action; the restaurant continued to serve them wine (counted 7 bottles) for 3 hours prior to them leaving.

I expect much better of a great restaurant; too bad...",False,6,4,1,Deborah H.,en
396,2018-05-15 13:18:40+00:00,3,"This is an update to a review from about two years ago. Went on Sunday for Mother's Day brunch. Service is still off a bit. Plates came to table and were  put in front of the wrong diner.
At 2 PM half the tables were empty, one couple sitting in bar area yet it took quite awhile to be served cocktails.
Again place was pretty empty yet server came over to take our food order before cocktails had arrived. I said could you give us a few minutes. About three minutes later another server came over to take the order. Again I said could you give us a few minutes after we have our cocktails. During this exchange, my daughter asked what was the entrée that was being served at the next table. The server explained it to her. He then used that as a pretty stumbling attempt to force us to order when he came back over in about three or four minutes and said to her so I see you want that terrine, what else looks interesting? Very annoying and clumsy.

Food portions are pretty minuscule, even for fine dining. The geometric precision of the dishes is great but at some point you wonder if you would like less geometry and more food. 
Part of the amuse Bouche was a circular ceramic dish, the base of which was multicolored pastel jelly upon which sat six jelly like cubes of different infusions. There was a twig Sticking up in the middle of the plate. Also came a piece of slate with some other items, some of which had leaves underneath. Server had to explain what was in edible, namely this twig, leaves and jelly on the bottom of the plate. Pretty ridiculous
Gave this place to tries but will not be back",False,0,0,0,Alex D.,en
395,2018-05-19 03:18:12+00:00,1,"Went here in their private dining room. I really hope they didnt pay 250/p. Boring food, sloppy service.",False,2,0,0,Kathleen P.,en
394,2018-05-19 17:43:26+00:00,5,"Overall, it was a memorably good meal with excellent service in a somewhat noisy environment, given it's location in a hotel.
    We enjoyed the amuse bouchés, particularly the non-bread items. After our orders were taken and wines served, for example, the waiters brought out small plates of herb-flecked gelee, chocolate bon bons filled with some kind of savory broth, and soft cocoon-looking bites, which they said represented fire, water, earth and wind. It was clever--the green ""water"" gellee, for example, tasted like a cucumber mojito.
    We loved the foie gras appetizers. Entrees were delicious, as well, although when I ordered ""squab 'en cassoulet,"" wish I had known I wasn't having just a substitution of squab for duck in a cassoulet. (I love cassoulet!) Instead, it was an order of roast squab (good, if a tad over-cooked) surrounded by a small spoonful of beans, a bit of cabbage and a tiny amount of sausage. 
     Desserts of chocolate mousse and coconut panna cotta with strawberries were beautifully presented. Before we left, the restaurant also brought out tiny chocolates, which we were too full to eat. 
    Everyone in my party was impressed with our experience (a couple of us having dined at ""Daniel"" & ""Alain Ducasse"") but no one could understand why GK isn't more well-known? It's not for the faint-of-wallet, though. Four prix fixe dinners, 1/2 bottle red wine & 3 glasses of (very good but not overly spendy) white wines = a little over $850 before tip.",False,0,0,0,Laurie M.,en
393,2018-05-19 20:28:24+00:00,1,"Gabriel Kreuther is a nice Alsatian French restaurant on the ground floor of the Grace Building by Bryant Park.

I had the tasting menu and the food is absolutely incredible. I see why it ranked in the top ten on Zagat. Five stars.

But at a high end restaurant, I expect a bit more than a set of waiters who left us without any wine for nearly 15 minutes in the middle of the meal and did not bother to check in with us. Other times the service was not too attentive.

Not exactly what I was looking for in a $500+ meal.

The 5 or so support waiters didn't want to step up even when I gently started holding up my hand, and our main waiter was busy taking Instagram photos for the Millennial customers next to us.",False,3,2,0,V W.,en
392,2018-05-22 04:14:27+00:00,5,Place rocked. Great staff. Great service.  Decent affordable wines or stupid pric d wines. Your choice.  Pretty room.  Had a great time.,False,1,0,0,Alvin W.,en
391,2018-05-29 02:25:49+00:00,5,"Great experience! Food is delicious, with amazing presentation and great service! I think they deserve more than one star!",False,0,0,0,Sarah G.,en
390,2018-05-29 12:59:36+00:00,5,"Our third visit and it was as wonderful as the first two! For us, dining at Gabriel Kreuther is left for very special occasions such as my wife's birthday. They effortlessly go out of their way to make the experience special from start to finish. The service blends perfectly with the sublime cuisine to create a 3 hour (approximately) experience that is worth the cost. Spoil yourself & make a reservation!!",False,0,0,0,Mark S.,en
389,2018-06-03 11:39:29+00:00,1,Very bad experience. Made a reservation for wife's birthday mainly because they are supposed to put name on menu. Didn't happen. It was supposed to be a pleasant surprise that ended up backfiring. My wife told me she heard a waiter calling the woman at the next table by my wife's name and blamed me for screwing up.  My blood pressure rises whenever I walk by here since that day.,False,3,2,0,Darryl S.,en
388,2018-06-04 20:57:51+00:00,2,"We got the tasting menu. The waiter asked if we wanted black truffle shavings on one of our entrees. We said sure and he never said anything else and never mentioned an additional charge. We got the bill and for these shavings on just one entree was $125. I'm sorry but if you're going to charge $125 in addition to the cost of a meal you have to at least mention the price. That was so unbelievably unprofessional. 

Not to mention the waiter was MIA practically the entire time, we had to ask the busboy to get him at one point when we wanted another drink. I've been to other Michelin restaurants, the service here was seriously lacking compared to those.",False,0,0,0,Stephanie P.,en
387,2018-06-12 18:02:59+00:00,5,"Went for my birthday. I enjoyed the food but I am not a big fan of French pâtés. Cavier and bread was good, we did the 4 course pre-fix desert and final course was more towards my taste. Other then my preference it was a great experience with great service and food.",False,1,0,0,Mike S.,en
386,2018-06-23 17:19:43+00:00,5,"Dinner on 6/21/2018 with my DH, four courses including dessert for $155 per person, plus a cheese course.  More than enough food!  This was my fifth meal at Gabriel Kreuther, a mix of lunches and dinners.  The bread is well worth the carbs - the rosemary rolls with the lardo paste was our favorite.  Loved the hamachi, black truffle & food gras mille-feuille, the sturgeon & sauerkraut tart, and the roasted black bass.  Squab with crispy skin and duck brisket was exceptional.  It was a treat to sit close to the window looking into the kitchen.  I highly recommend!",False,2,0,0,Christine K.,en
385,2018-06-25 02:21:06+00:00,5,"Outstanding. A dining experience like no other. Everything here is incredible... the presentation, the service, the bathroom with upbeat French music. I have never felt so pampered and catered to in my life. It's almost like a spa experience, but for food.

I had the foie gras as my appetizer and the pork cutlet as my entree.... I would highly recommend. Everything was delectable, including the greens (and I'm not usually fond of vegetables).",False,1,0,0,Melissa K.,en
384,2018-07-06 19:38:45+00:00,5,"GK is an extraordinary restaurant in a city filled with good restaurants.  I cannot recommend it enough, it is amazing gastronomy, flawless and stunning service in elegant but relaxed environs.  I have gone both for business and personal pleasure and it never fails to please.  It is excellent value relative to the quality of food and style.",False,1,0,0,Jo H.,en
383,2018-07-12 00:18:33+00:00,5,Spent our one year wedding anniversary here and got the three course prix fixe.  Food was incredible as usual and service perfect.  They went out of their way to make our meal special and even had a celebratory hand written card by chef Gabriel Kreuther (who was present).  Has been my wife's favorite restaurant since I brought her here for a birthday dinner.  Thank you again for a wonderful experience.,False,1,0,0,Paul H.,en
382,2018-07-24 19:16:58+00:00,4,"4.5 Stars ! I came here for lunch! I had the Sturgeon & Sauerkraut Tart to start. I was really surprised at how good this was. I had no idea how this would taste and I was pleasantly surprised with how well the flavors came together.  I had the pork tenderloin for my main. This one I wasn't that big of a fan of. The pasta that it was served with really didn't add anything to the dish for me. Finally, I had the chocolate caramel dessert. Honestly this was my favorite part of the meal ! It was so good! If you go for nothing else go for this dessert!",False,1,0,0,Renee W.,en
381,2018-07-26 03:38:25+00:00,5,"Came me here for lunch for the second time. Everything is excellent. Started with the refreshing amuse bouche that included this frozen lemongrass drink and this lychee creation.  This was followed by a perfectly cooked seared foie gras complemented by a nice fruity sauce.  For entree, we all got the beef tenderloin cooked medium-rare.  It was only a few ounces and wow it was good. Definitely could have eaten more of that. The jus was so good we used all the bread to soak it. We passed on dessert but they gave us complementary mini brownies - so good and a few chocolates. The choco store is next door and not to be missed. Will definitely be back!",False,0,0,1,Jazz C.,en
380,2018-07-31 17:10:15+00:00,5,"We went here for my birthday. I knew the service would be great after seeing the birthday card from the restaurant waiting for me at our table. The food was fantastic - standouts were the Foie Gras Terrine served with banana bread, which I thought was a new and inventive presentation and flavors that weirdly worked really well. The ""Ambrosial"" dessert was also amazing. It was like a margarita in dessert form - hit sweet, sour, and salty notes.  Will definitely come back.",False,0,0,0,Ellie T.,en
379,2018-08-30 19:05:06+00:00,5,"Every bite is an amazingly delicious work of art!  The staff is friendly, courteous, informative and professional.  Only my second time here and we will be back.  The chocolates are also an absolute must try!",False,0,0,0,Joann D.,en
378,2018-09-03 05:15:05+00:00,3,"Well very overrated was there with a friend the food tested good small portion selection of wine and beer expensive place for the elite I don't even know how they get such a high ratting so many better place in NYC  Daniel ,le Bernardin ,boulet anyway if you want nice rip off go there's",False,0,0,1,Claude S.,en
377,2018-09-20 06:44:23+00:00,5,"Definitely my current favorite haute cuisine dining experience in NYC.  Every dish is scrumptious, beautifully presented and supported by outstanding service.  The decor and vibe of this place are both top notch.  And you'll definitely be tempted to nick a few items like the gorgeous golden apple sugar bowl!",False,0,0,1,Paul B.,en
376,2018-09-21 19:49:26+00:00,5,Finally tried this Michelin restaurant. The environment/ decoration is excellent. It is amazing that the three course lunch prix fixe has so many free bites! The waiter forgot to give us the bread and butter at first but gave us later after we asked for bread.,False,0,0,0,Mengjia Y.,en
375,2018-09-27 17:14:14+00:00,5,"Outstanding! Fabulous! Incoryable! 6 course tasting menu was fantastic. Don't let the Michelin 1-Star rating fool you. The level of perfection from the chefs to service from the Sommelier stands at 3 Stars to me. I feel the higher you get in Michelin ratings, the more extravagant chefs become in trying to create entertainment. In doing so, sometimes the food experience is lost on the artistic creation of each dish rather than focusing on memorable taste profiles. Grabriel Kreuther is a perfect mesh between memorable taste profiles and entertainment. It's a relatively modest price point but well worth the experience.",False,0,0,1,Jeremy R.,en
374,2018-10-07 12:58:36+00:00,5,"Wow.  Just wow.  From start to finish, this was an unforgettable dining experience.  Our table was situated near the large glass window overlooking the kitchen, in a comfortable table/booth.  The dining room is warmly modern, with just the right noise level to give it a fun, hip feel.  Without going through every dish, we opted for the nine course tasting menu, with the wine pairing, and it was spot on.  First, the wines were from mostly small and interesting producers (mostly French), and the sommelier a master at explanation.  Second, the food (with one small exception), was beautifully presented and richly flavored, with multiple layers of taste weaving through each dish.  While you certainly could do less dishes (four courses, etc), why not go for the glory?  For a special occasion -- if you're a foodie -- this is the place!",False,1,0,1,Alex G.,en
373,2018-10-19 19:22:34+00:00,5,"Well, let's start out by saying they must be gunning for another Michelin star because I don't think one star is enough.  We all had the four course tasting menu with the restaurant's suggested wine pairings.

Starting with the service, you know when you visit a restaurant and you are served by at least ten people that there is an attention to service which is obsessive, in a great way.  And when most of them can describe your dish in detail, yes that is Gabriel Kreuther.  We engaged the sommelier who had to pour at least two or three different wines with each dish, since each had to be paired uniquely.  He was knowledgeable and could answer all of our questions.  Many interesting wines were served, including orange wine which was so good, it made a believer out of one of us who never liked it before.

On to the food which was in all cases sublime, no shortcomings at all.  I had one of his signatures, the sturgeon and sauerkraut tart with mousseline and Applewood smoke, you could taste everything in perfect harmony.  The Hamachi black truffle and foie gras mille feuille was visually stunning and gorgeous in the mouth.  The squab was classic French in its preparation and although I thought the mustard greens could have been toned down a tad, the wine picked up the greens beautifully.

Others have mentioned the décor, it is beautiful and soaring.  Tables are placed well and the noise level is perfect, not noisy or deathly quiet.  You get a big city vibe which is exactly what it is.  I hope to see them get a second star!",False,4,1,3,Matt K.,en
372,2018-10-23 23:10:08+00:00,4,"From the Drink list, the choices on your 3, 4, 6 courses and the calm. I relaxed and indulged in a swank and wonderful place. The chef is gifted. The service is 93. There are a few too many new folks which denotes an opportunity in retention. For the price I expect just a tad better management/culture.",True,0,1,0,Mark F.,en
371,2018-10-30 12:56:55+00:00,5,"This was far and away one of the best meals I've ever had!  Every dish was delicious and beautifully presented.  From the sturgeon and sauerkraut tart to the cedar plank trout with champagne sauce to the ambrosia dessert, this was really a special occasion dinner.  The service was friendly and very professional.",False,0,0,0,Joanne W.,en
370,2018-10-31 19:27:31+00:00,5,"Oh wow, this is a terrific restaurant! We went to dinner there for the first time last week and were blown away by the quality of the food and service, the atmosphere, the wine list and a dining experience that should qualify this establishment for its second Michelin star. Our comment are based on just one visit, however, so we'll withhold an opinion on its ranking among NYC's finest, except to say it ought to be close to the top of any list. 

The service is really amazing. There are legions of staff alertly responding to every service possible requirement, and they do so in the most unobtrusive manner, never distracting, always available. It was awesome. If course that wouldn't matter of the food was outstanding, which it was. Counting the various amuse-bouche that arrived it seemed we must have had a 10-course meal. Every course was beautifully  prepared to our requests and/or astonishment, and the serving sizes were finely calculated to leave us comfortably satisfied yet wanting more. How did they manage that? Our orders -- beef tenderloin, lobster, hamachi, fluke -- were just plain delicious, and the desserts, whether chocolate or pears (our choices), were stunning to view and even better to taste. We've had no better meal in quite a while. 

The atmosphere here is open and gorgeous. Diners are not seated close to one another (a rarity!) and the openness of the dining area is both handsome and noise-reducing. It's just plain lovely. By the way, there's an excellent wine list -- not the largest to be found in NYC restaurants but one with some very fine wines and some less-expensive choices -- and we found a super Burgundy at the suggestion of the knowledgeable sommelier. 

Finally, yes it is expensive. But you get what you pay for in this case, and what you pay for is an outstanding dining experience. Let's give 'em that second Michelin star and move on....",True,5,0,3,Bill S.,en
369,2018-11-04 03:14:42+00:00,3,"I'd give two stars for the service & noise-level, but five stars for the foods/presentation. My husband and I wanted to start the birthday meal with a glass of Veuve Clicquot, but the server said, ""we might be out of it tonight. Let me check with the sommelier."" turned out to be unavailable for the day.. Okay..things happen..  and later when we tried to order a glass of Gevry Chambertine, and again, he went on saying, ""I don't think we have it today. Let me check with the sommelier..""  turned out to be also unavailable for the day again. Why would you even have anything listed on the menu if you don't even have them? As a Michelin Star restaurant, this is absolutely unacceptable. 

Also, my red wine was spilled during the serving and instead of offering to replace the whole table cover that was soaked wet, the waiter simply brought me a little cloth napkin to cover the wet area. Are you kidding me? Another major no-no for a Michelin-star restaurant. 

There were by far too many people working in the dining area. Some of them were completely lost about what they were supposed to do and were standing and chatting one another. Our 9-course meal was served by different server each time and I also agree with the previous comments made that most servers were non-English speakers with little knowledge of the dishes being served and had such heavy accents that my husband and I didn't understand anything what the server was describing about each dish. Moreover, we didn't understand why we couldn't locate any cheese trolley or cheese plates offered on the menu, whereas this super-premium Spanish Jamon Iberico Cinco Jotas ham was proudly offered and displayed in the center of dining hall in a 'French' restaurant. ""C'est vraiment bizarre,"" according to my native French husband. 

Overall, a major room to improve in their service and 'attention to detail' department and a long way to go if they want to add 1 more Michelin star, but the foods and presentation were superb and we enjoyed the entire 9-course meal.",False,2,2,0,Michelle P.,en
368,2018-11-07 04:06:18+00:00,5,Absolutely spectacular meal. The sturgeon and sauerkraut soufflé was the dish of the night for me.  Beautiful wines from the extensive and well thought out wine list.  Fantastic service.   A great choice for a special occasion.,False,0,0,0,Gena D.,en
367,2018-11-07 14:04:40+00:00,5,"Upscale, elegant, classy, expensive come to mind at the posh NY eatery. Great service, wonderful drinks at the bar, escorted to our table with grace... worthy of the extra Michelin star recently garnered. A wonderful experience, make reservations so you will not be disappointed. Creatively artistic and delightful in their culinary wonders without being pompously and unnecessarily extravagant as all too often is the case when a chef is trying to live up to the hype. Worth a visit. A Relais & Châteaux establishment: Caractère, Courtoisie, Calme, Charme et Cuisine:-)",False,4,0,3,Peonia E.,en
366,2018-11-11 19:38:36+00:00,5,"Always been a fan since they opened. Food is excellent and exciting, service is always top notch.  The team has changed and I miss seeing them. The seasonal dishes and the staple dishes are solid. Beautiful venue and ambiance. Amazing desserts; they have their own chocolatier next door.",False,0,0,0,Yohan K.,en
365,2018-11-14 16:13:32+00:00,4,"I went here with my boy friend (now ex) for my birthday. I always passed the Grace building , but didn't notice the restaurant. I remember walking towards the building and was worried I was being taken to Chipotle. Nothing wrong with Chipotle, but for a girl friend's birthday?... Then I saw where we were going and I was relieved. Phew!

I walked in and the person took my coat and was asking me how I am doing. I, being a small child, was like ""good. It's my birthday today."" The guy was caught off guard because he knew it was my birthday because it was noted on the reservation and he was leading to wishing me a happy birthday. It was sweet and I just felt very special. The menu had ""Happy Birthday Alice!"" on top and I got to keep it!

Okay... so how was the food? The food was good. I don't really recall anything being over-the-top or super delicious, but I think these chef tastings or pre-fix are more about the experience than really about the food. I always end up being so full and exhausted after one of these. I have to admit though, the cocktails were not as good. I remember getting this really Kool Aid like red cocktail that alarmed me a bit because it was so artificially red. 

This place is definitely a place to celebrate a special occasion and show someone that you care. The staff makes you feel special and the place is really classy. I have a tendency to ""steal"" spoons at restaurants, but stopped myself here because their utensils are customized and designed by a butcher. Oh how beautiful their silverware was. I really wanted to cop one, but I thought I would be talking to an actual cop if I did.",True,1,3,0,Alice R.,en
364,2018-11-16 17:22:42+00:00,5,"Innovative presentations, an astounding mix of flavors, with impeccable service and tastefully appointed dining room. I was blown away from the dining experience, and my only regret is not having tried this place sooner. 

And on top of that - the waiter is knowledgeable and helpful in recommendations for gluten free dishes. They also offer gluten free toast with a butter that's to die for, and I absolutely loved my amazingly aromatic quail main dish. 

Look forward to coming back - before they get their other Michelin stars and the price jumps up - I can't imagine this place staying at just a single star.

Hungry cat approves, and starts scheduling her next return date ASAP.",False,4,0,1,Annie H.,en
363,2018-11-16 22:13:15+00:00,5,"A blood donation beforehand might cover the cost. But you can always make more blood.

Dropped in for a first-time post-theater bar menu meal.  Beef tartare, fennel mushroom pizza, sausage and pretzel bread.  It sound so mundane without the hemorrhage of flowery adjectives. 

But it is delicate and fabulous. Perfected tastes and flavors savored in a beautiful setting.   Plan to eat slow and bask.  It's really that good. 


Oh, the pictures do no justice. But the perfect glamour food photos hardly matter in magazines nor yelp.  Can't eat the screen.   But sniff close and smell the fennel.",True,2,4,1,Ziv H.,en
362,2018-11-19 18:27:00+00:00,4,"Wonderful presentation and service. They print out the menu for you to take home too. I was so full I couldn't finish their signature chocolates at the end. Right across from Bryant Park. Fancy but not stuffy. 

Note: You have to take the stairs down one flight to go to the bathroom.",True,1,2,2,Elsie W.,en
361,2018-11-25 03:36:48+00:00,3,The service was excellent but the food was disappointing. None of the breads were special. The lobster entree had the taste of the lobster overridden by the sauce.  The bread with hog lard was tasteless.  There are many special restaurants in New York; to my taste this is not one of them!,False,0,0,0,Jon L.,en
360,2018-11-27 22:01:39+00:00,3,"Their marketing team reached out, and we finally connected after several tries. The team at GK really seems to care about the customer experience, and while acknowledging that there were several hiccups in the service that evening, I got the impression that they took the feedback seriously, wanted to improve and would take pains to ensure no-one else would have a similar service experience - as i noted in prior review - food was excellent. 

After the conversation, i felt assured that this would not happen again to other diners and have gone from - never again - to weighing whether to return to give them another chance to prove themselves.",False,0,0,0,Chloe L.,en
359,2018-11-30 00:00:00+00:00,5,Delicious date night dinner celebrating their 2nd Michelin Star and our first night in NYC! I highly recommend the chef tasting menu and the cocktails are not to be missed.,False,1,0,0,Amy B.,en
358,2018-12-02 03:09:47+00:00,5,"One of my most favorite restaurants in NYC now.
Highly recommended for dinner tasting menu with wine pairing. The service is fantastic and the food is wow!!!

The only thing I didn't like was the appetizers. Shiso covered with white chocolate was my least favorite dish that night. And three welcoming bites were wired. But other than that all the dishes were fabulous!!!!

The main course is amazing.

Try all the bread. Every single bread is a masterpiece.

All the staff members seem to be very happy smiling and attentive. Very professional.",False,4,0,1,Miki N.,en
357,2018-12-02 12:23:20+00:00,5,"This was an amazing experience from the second we walked in and were warmly greeted. The ambiance was just right - tables well appointed with comfortable seating. The service was professional, friendly, and knowledgeable about what they were serving. The food was delicious- I especially liked the seared fois gras. We had the four course menu with wine pairings and it was absolutely delightful. This is worth a revisit.",False,0,0,0,Patty T.,en
356,2018-12-02 19:04:01+00:00,4,"Wonderful dining experience. Ambience is classic yet not prestigious. Service was solid. Very knowledgeable. Sommelier was first class. Competitive with Daniel restaurant. He was very strong on wines from southern rhone. The dishes were good yet flavours blended. Nothing tremendously unique. Also, was the food truly inspired from Alsace? I didn't get that sense. On a side note, please be prepared for a 3-4 hour experience. Net net likely a 3 1/2 out of five. 

Enjoy!!",False,0,0,0,John I.,en
355,2018-12-05 19:51:17+00:00,5,"Holy cow!  My colleague and I sat at the Chef's table last night in the kitchen. Incredible experience to watch the symphony of food play out.  The terrific service started with the friendly check-in with the hostess and coatcheck. The wait staff were attentive, polite and professional. Nancy Schumann and Chef Joe Anthony provided great food and service.  We had the nine course tasting menu with wine pairings by Philippe Sauriat. But let me be clear, the food is the center piece of the experience... tasty, fun and inventive, yet not over the top.  Some chefs try too hard and get overly experimental when customers just want very good, tasty food. Gabriel Kreuther delivers. Treat yourself...HIGHLY recommend.",False,0,0,0,Dan B.,en
354,2018-12-13 19:58:51+00:00,5,"Pristine experience fit for royalty. My experience at Gabriel Kreuther was an unforgettable one. The concept is so well thought out, and every detail executed to perfection. The dishes and cutlery alone were an experience. I didn't confirm but I'm pretty sure they used Cutipol silverware which is my favorite! You must do at least a 4 course pre fixe, which includes a first, second, and third course, followed by dessert. I loved how many people they had working there because this allowed for the restaurant to work flawlessly, as a well oiled machine, and everyone- from the sommelier to the back waiters and beyond- was on point. The dishes, of course, were perfection. Each dish was elegantly crafted, the chef creating flavors I had never even dreamt of! Everything was superbly balanced, and although I am usually extremely critical, I wouldn't have changed a thing. Chef Kreuther's expertly polished French techniques shone bright in every bite. Might I add as well, we were celebrating my mother's birthday and were greeted with a hand written happy birthday note from the chef which we thought was a very nice touch. They also brought out a lovely candle adorned dessert with her name handwritten in chocolate. I cannot wait to return to this heaven on earth place!",False,1,0,0,Bri B.,en
353,2018-12-19 17:04:03+00:00,4,"Gabriel Kreuther is exactly what I imagine when I think fine dining. Service, atmosphere, interior was all immaculate and tasteful, while the food was all either delicious or at least different. Our table chose to opt in for the six course meal, and the chef thoughtfully gave us two different dishes per course so that we can try more of the menu. The staff was very accommodating, even when a slightly tipsy friend who did not have a reservation arrived they pulled up a chair and included him in the final course for dessert. All in all would recommend to someone who wanted to go to a nicer place for a special occasion.",False,3,0,0,Eric K.,en
352,2018-12-24 02:47:49+00:00,5,Spectacular in every way. The service was unparalleled.  My husband treated me to an amazing experience here to celebrate a milestone birthday. Completely unforgettable.  Deserving of every accolade! Splurge!,False,0,0,0,Mrs M.,en
351,2018-12-24 03:01:43+00:00,5,"What a wonderful experience! The restaurant is absolutely stunning, exactly what you would expect from a fine dining restaurant. It's actually not that large but the bar/lounge area is available for some seating.

The service was wonderful as they were professional and very helpful. I ordered the 2 course lunch, starting with the hamachi tartare and the roasted fluke. The hamachi was absolutely delicious although I wasn't sure how you're supposed to eat it. I think you were you are supposed to use your hands instead of a fork. The fluke was cooked to perfection brussells sprouts and bacon, while in a light mushroom sauce.

Highly recommend for a special occasion or a business lunch if you want to impress.",True,2,0,0,Douglas K.,en
350,2018-12-24 23:22:36+00:00,5,"Excellent food.  Trout w roe was by far the best, but everything we had was amazing and we loved it.  The service was the best we've had yet!",False,0,0,0,Jessica S.,en
349,2018-12-30 18:57:47+00:00,5,"Came here in different seasons of the year, the most memorable dish was the ""four seasons"" from the spring menu - unique, colorful and one of the a kind plating. Flavor wise my favorite is the hamachi/foie gras/black truffle ""sandwich"", apparently a menu classic available for a la carte in the lounge area. 
If you're a petite person, highly recommend the 6-course tasting menu over 9-course. Ordered 9 and couldn't properly enjoy the main entree which came on last right before the dessert. Service was...solid, could be better though comparing to other restaurants in the same category. The lighting is a bit brighter than most other French restaurants, but we enjoyed looking at the modern art on the wall.",False,0,0,0,Lily W.,en
348,2018-12-31 18:02:10+00:00,4,"My friend and I stopped by Gabriel Kreuther since we were in the area and had always wanted to try this restaurant. This review is for the bar seating not for the main dining room. The bar menu is typical bar foods and we had the beef tartare, shishito peppers, and potatoes. All met my expectations but if you're looking for a full dinner, the bar area will not be for you. 

The unexpected highlight of the evening was speaking with the Sommelier. We were looking for a bottle of orange wine (a rarer find on wine lists) and he detailed the options for us. He checked on us a few times to make sure we were enjoying the bottle and at the end of our meal, he kindly sent over two glasses of champagne! 

For a last minute dinner choice, the service exceeded expectations. Looking forward to returning for their main dining room soon!",False,3,0,2,Pheabe C.,en
347,2019-01-05 03:02:02+00:00,5,"If i could give GK 10 stars I would.  From the restaurant atmosphere to the service to the food everything was just absolutely perfect!!! I came on my birthday and they left a handwritten birthday card on the table which added such a personal touch!  We did the 6 course tasting between me and my husband and they let us each try different dish so we actually ended up with more than 6 dishes and i cannot even pick my fav becos all the dishes are devine.

I absolutely love the presentation of each dish, they are all presented in small cocottes/ textured plates etc and serve semi table side which are so charming! All the flavors are very sophisticated and simple.  I briefly mentioned that I dont eat pork but my husband does and they were so accomodating, they let my husband try some of their pork dishes while making sure there was no pork in mine.  GK deserves their two michelin stars (they should get 3!!)

This is such a memorable dinner I will never forget!",True,1,0,2,Kerri O.,en
346,2019-01-06 18:43:46+00:00,5,"I had my wife's 40th bday dinner here - we chose the chefs menu (6 course)... amazing!!! The service and personal attention is really something that needs to be recognized as not many Michelin type restaurants provide in this way. The staff is professional but are very down to earth and fun - they make you feel really comfortable (Not strict and stuffy). They were beyond accommodating with adjustments to the menu for all 6 of us (you are not locked into what you see - but I did call a few days ahead to share likes and dislikes). Our som Matt was extremely helpful in choosing wines. Paul Lee (manager) was also soo helpful/fun and gave us a tour of the kitchen.
The food is over the top and so is the experience!!! our guests who are also foodies - said this was the best Michelin rated restaurant experience they have ever had- I agree.
Thank you again!",False,0,0,0,Michael K.,en
345,2019-01-06 23:11:48+00:00,5,We had an amazing evening here. They have a great selection of wines. The food was super delicious and the service was impeccable. The four course dinner is 155 and they also offer wine pairing. We were seated facing the kitchen which was very cool because we got to see everything cooking in action and Gabriel himself! We had the himachi black truffle and langostino tartare. I loveeeeed the langostino tartare! Omg it just melts in your mouth. For the second dish I had the sturgeon tart and they served it covered in smoke and it smelled and tasted delicious! We then had the lamb for two for the main dish. We had the chocolate and grape sorbet for desserts. Such a great meal! Would recommend it for anyone who likes French food but hates the hassle of sitting for a ten course meal! This place has done a great job with both food and service. A well deserved Michelin one star.,True,1,0,1,Callie S.,en
344,2019-01-07 20:33:27+00:00,4,"This is true fine dining, with extremely attentive service and elegant food. I got a rosemary martini which was as smooth as silk. The two different foie gras preparations were spectacular. But not everything quite lived up to my expectations. The citrus cobia was not really special, to me, and my companions 4-cheese ravioli was also a bit average. I did love the charcoal grilled squab, and my companion loved the cedar-planked trout. I choose Texture for dessert, and while the pistachio and grape ice cream/sorbets were delicious, the large swaths of meringue overwhelmed the dessert and added excessive sweetness. Our waiter was chatty and very non-intimidating, but maybe a bit *too* chatty. To be honest, this is the first time I have ever eaten at a 2-Michelin-star restaurant, and it was a very enjoyable experience with many amazing little taste sensations, including special breads and butters with each course, several amuse bouches, and a lovely wine pairing. But there were a few places in which the meal could have been even better.",False,0,0,0,Evelyn U.,en
343,2019-01-08 20:59:10+00:00,3,"It pains me to downgrade my review, but I mulled it over for a couple of weeks and have to do it. 

Let me preface with this: the food is still outstanding and my favorite dish from 2016 was still freaking amazing (langoustine tartare)!! Please check out my photos, you won't regret it. The amuse-bouches were a little too funky for us (everything based on some form of chocolate) but the rest of the dishes were great. The interesting approach was that since my wife and I each did the 6-course meal, we would have some courses that were the same, and other dishes were different. The idea behind this was so that we could share, and everyone could maintain their dietary preferences. 

Upon arrival, my wife loved the decor (as I did the first time I came as well) and the host team welcomed us perfectly. We were lead to our table and greeted by the service staff, again perfect. This is where things got a little weird. Our server was very aggressive on the upsell - used-car salesman style. We were there to celebrate so we were ready to splurge but we didn't really have a chance to let her know our preferences. She would interrupt us and make suggestions, and every single one would involve an upgrade. We had indicated that we were interested in the 4-course prix-fixe but before we could ask some questions about that menu, she directly jumped to the 9-course carte blanche menu as a better representation of the chef's prowess. That makes sense, but my wife can't eat everything and there's some dishes that I've had before. My wife and I had debated between the 4-course and the 6-course anyway, so we mentioned that we toyed with the idea of the 6-course and she basically went on further about 6 courses being better than 4 (OK we get it!). Hoping to end this so we could start enjoying our dinner, we decided to go with the 6-course...But again, the upsell didn't stop. It was a celebratory event, did we want to start with champagne? Sure, I wanted to cheers with my wife so we said ""of course!"" She recommended three options, which of course turned out to be the three highest priced options on the menu (would have been nicer to have been shown ALL the options from the drinks menu, we know our champagne). ""Did you want caviar?"" No thank you. ""Did you want the white truffle?"" no thank you (We went to Per Se the night before and were drowned in white truffle so we were pretty set). ""The white truffle cost can be split, so you guys can both have the vessel dish and we can share the shavings between you two!"" No thank you and that wasn't the issue anyway. The one good thing though is that when I requested to have the wine pairing, I opted with the classic pairing and she didn't trying selling me on the higher priced pairing. 

She did make sure to get my wife's dietary preferences eventually but the ordering process went from being a casual exchange to a full on sales spiel. It didn't feel like the service was there to enhance our experience and make us happy, it just felt like they wanted to sell us the full thing and call it a day regardless of what we had in mind. 
After this rough start, things went smoothly again. The sommelier came through and introduced himself and poured my first drink while he explained to me how many glasses I'd be getting, and how much in each glass. In the end, for $105, the pairing was well worth it. Many interesting wines and nicely paired with the dishes that came out. Unfortunately, another issue here. From the beginning I notified the sommelier that I didn't care for dessert/sweet wines. He started asking for my preferences, asking if a port would work but I told him that I feel the same way about port so that was a negative. At that point he said ""No problem, I will bring out champagne...Champagne goes with everything!"" I was happy about that and agreed, and went on with our meal. Just over 2 hours later, when dessert came out, so did the dessert wine. At that point, we had to leave right after dessert for another appointment, so I didn't feel like arguing or sending it back so I just drank it. 

Throughout the meal, our server was often visiting in the beginning, but halfway through the meal she was less available as the sommelier would still check on us periodically. She did come by to bring our dishes and present them, and she did do a great job with that. After dessert, about 2.5 hours into our meal, we were ready for the check. For about 15 minutes, my wife and I sat there staring blankly at the dining room with nothing but water on our table. When our server finally came she just brought the check and said please take your time - didn't ask us if we wanted anything else. In the service team's defense, we didn't specify that we needed to be out by a certain time and the next round of diners was arriving. 

I guess they were probably too busy upselling the new diners to notice us. While the food was absolutely 2 Michelin stars and service was somewhat precise, this whole thing bummed me out.",False,1,0,0,Chau N.,en
342,2019-01-12 02:57:28+00:00,1,"This is supposed to be a schnitzel; however, it was an over cooked carbonized sheet of $34 garbage.  3 bites and I am tapped out. Bartender asks if I want something  else. Me: ahh well what is not burnt on the menu? That is inedible.  
  Manage comes over - sir I understand this was not cooked to your expectations.  WTF. Didn't look at the food. Didn't ask what was wrong. Didn""t look at the returned dish.  Just passive statements about my tastes. Why is that is was my expectations that were not met -- especially at this fancy pants facade?  You see at Gabriel it's your issue not theirs. Manager let's me know that I won't be charged for the item. Wow thanks.  I feel awesome now.  Then he proceeds to tell me that he likes this place so much that he quit and came back. Me... Man I am hungry and you fed me some garbage and now I need to lean into your backstory. Me hangry, you not getting it... Then another manager comes over. No context transfer between the two.  Hi -- I understand you had some issues with your meal. YES!  Check the dishwasher ask the line cook ask the other manager. We have a nice chat about customer service and then we laugh about where I should go to eat as at this point I am done with Gabriel's spot. So I start typing this review to channel some energy and hope that if others hit this craptastic service and food you have some perspective about where you are sitting.  I offered to share this directly with the chef, but manager number two laughed at me assuring that he would read it online.  Have a goodnight Gabriel - I am headed to Ai Fiori or maybe to just get a slice from some guy who actually gives a f+_k about their house and guests.",False,1,2,0,Short A.,en
341,2019-01-12 03:27:00+00:00,5,"This place deserves its Michelin stars! From outstanding food to amazing service, they really try to spoil you. 

I came with my wife, sister and brother in law who were visiting from overseas. 

We were seated promptly and ordered drinks. We started with appetizers and enjoyed them. My sister isn't a big fan of raw seafood and when the appetizer arrived she didn't eat. The staff at restaurant noticed and offered to bring something else. My sister being said no, but they brought an amazing mushroom flat bread.

I loved the hamachi, Farro crusted fish and lamb chops. The desert was amazing too!

The service was amazing and one of the best I have seen in a while. The staff went out of the way make us comfortable.",False,0,0,0,S S.,en
340,2019-01-12 04:47:26+00:00,4,"** Review for the bar, not the restaurant 
If you are looking for a classy drink venue around midtown after work, the bar at GK guarantees a Michelin deux etoiles experience. The location is easy to access. Atmosphere and service are best fit for business occasions. It happened to be not busy at all on a Friday afternoon. That said, a reservation is still recommended just to be on the safe side. 

The most memorable item on the table was the ""rendez-vous"" cocktail. The spicy aftertaste from the jalapeno is not so unique, but when combined with hibiscus, honey and a strong dose of rhubarb, the end product is worth at least 10 minutes to take in and think through. Only recommend for those who are adventurous enough. 

The ""now and then"" is also unique but much easier to take in - a strong yet well-balanced mix of gin, chartreuse and vermouth. Definitely less layered compared the previous one. 

The bread sticks, not usually something one pays much attention to, are surprisingly delicious. It is the black and white sesame seeds that cover the sticks that make them so special.",False,0,1,0,Chelsea J.,en
339,2019-01-20 23:47:45+00:00,5,"I took a good friend here for his birthday dinner, and it was an exceptional experience from the moment we stepped in till the moment we walked out. We had dropped by the Gabriel Kreuther chocolate shop next door before arriving for our dinner and picked up some treats - when we were seated we were greeted with a hand signed card wishing my companion an lovely birthday, and since the restaurant was quite warm, they took our bags of chocolates to store in their fridge while we enjoyed our dinner. The service was accommodating, without even a hint of the pushiness some others had experienced. The chef was kind enough to allow me to select a couple of specific dishes that I had been so excited to try as part of our 6 course tasting. In fact, they gave us each different dishes on some courses so that we could enjoy more of the menu.

Rendes-vous cocktail: Volcan di me Tierra Tequila * Rhubarb * Honey * Hibiscus * Jalapeno -  exquisitely layered cocktail that was tart, fruity, and kissed with a hint of spice.

Alsatian Kougelhopf with whipped chive fromage blanc - What a way to start a dinner. Dreams are made of these savory little delights, perfectly paired with ethereal clouds of fromage blanc. We ate every slice of this despite knowing we might be overstuffed later and suffer from regret. But my friend said, ""You'll REALLY regret it tomorrow if you don't eat every bite now"" - and was 100% right. If only I could pick this up for breakfast daily. I wanted to sneak into the kitchen and steal a tray of these warm little treasures to hoard at home. I'm a little bit obsessed.

Amuse Bouche: sticky rice topped with mango, pickled vegetables and barley tea - this trio of tiny starters was a gentle nod to the approaching lunar new year. Standout here was the meaty barley tea, it was a lovely way to prepare for the next course. 

HAMACHI, BLACK TRUFFLE & FOIE GRAS MILLE-FEUILLE with celery * grapes * truffle vinaigrette - our first course was lovely, though the foie and truffle flavors did compete with the hamachi a bit.

LANGOUSTINE TARTARE with flying fish roe * salty fingers * cauliflower-macadamia purée - this was Perfection - this was our favorite course of the night.

CITRUS CURED BLUE COBIA with watermelon radish * wasabi * yuzu coulis - citrusy and refreshing, this is a lovely course for summer, but was completely overshadowed by the langoustine tartare.

In between the courses, another bread dish was served with butter (wheat maybe?) - while still warm from the oven, and lovely - nothing compares to the kugelhoupf, and this was overshadowed completely by it

STURGEON & SAUERKRAUT TART with caviar mousseline * applewood smoke - it's no surprise that this stunner is a signature dish here. The tart is brought to the table under a glass, and when the glass is lifted, smoke swirls around the table evoking fireplace memories of winters past. Tender and smoky, this is beautiful and delicious.

SEARED SULLIVAN COUNTY FOIE GRAS - combined with duck prosciutto and chanterelle mushrooms, this was pure decadence and an absolute joy

Another course of bread punctuated the dinner, this time two lovely rosemary rolls shaped like roses with a sort of meat lardo type spread. I had one bite, and then had to tap out given everything else we had already indulged in

GRILLED BLACK ANGUS BEEF TENDERLOIN with roasted salsify * hazelnuts * red wine jus - tender indeed, along with short rib, deceptively small looking - I could not finish this and had to make the birthday boy finish this (no complaints from him though!)

HARVEST * PEAR * CARAMEL with pear tatin * cider sorbet * caramel crémeux - I love pear desserts, and this was a welcome contrast to all the richness we had been enjoying.

DECADENT * CHOCOLATE * CARAMEL with mixed media crumble * chocolate mousse * caramel ice cream - I really enjoyed the contrasting textures of this dessert, and if you're a mousse fan, this will not disappoint.
 
In addition to our dessert courses, a separate hazelnut dacquoise dessert was brought out to celebrate my friend's birthday - complete with lit candle and chocolate well wishes written on the plate and garnished with sugar shards.

And still there was more!

orange cake: I failed to catch the name of these itty bitty bites, and they weren't on the menu, but they tasted like tiny bites of orange fairy cake. In my fantasy, a bowl of these decadent little morsels would sit on a bed-side table - perpetually refilling itself. 

Last, and certainly not least, a cocoa pod housed a couple of pieces of Gabriel Kreuther to round out to the night, I think we had the mexican chocolate and the vanilla, but to be honest, you can't go wrong with any of their chocolates.

This is everything I love about fine dining without any of the pretentiousness - I'm definitely a huge fan, and this is a great special occasion restaurant for special people in your life. I definitely want to return to enjoy seasonal changes!",False,4,0,1,Jennifer C.,en
338,2019-01-29 00:13:07+00:00,5,I would definitely recommend all people who want to experience fine dining + Michelin stars while you are in NYC like me. This is the exact place and maybe even better than what I imagine fine dining in NYC. Service was great + Wine was perfect... Of course food was more than amazing.,False,0,0,0,Min S.,en
337,2019-01-29 02:35:21+00:00,4,"YUM! Service, food and ambiance were all top notch here. The icing on the cake: they brought me a little mini coat rack to stand next to our table to hang my coat on. I've never seen this before! Only reason not giving 5 stars is the fact they were almost too attentive - several servers came over to us asking for our order / if we needed anything immediately after another just left. I liked the attention but was hard to talk with all the interruptions. Definitely a splurge so go with work if you can!",False,0,0,0,Katie W.,en
336,2019-02-01 16:17:53+00:00,5,"What a surprising experience! Discovering the culinary treasures of Alsace in NY...! For a French food amateur, it was really refreshing to discover a French Chef who offers a different angle.
Service was great and intellectually exciting, teaching us so much about the region's traditions. The wines, the tastes and the designs on the plates took us to a peculiar experience to recommend strongly.",False,0,0,0,Mayshad W.,en
335,2019-02-03 12:39:35+00:00,5,"Having been to many Michelin star Restaurants around the world and in the city, I can assure you Gabriel Kreuther is a class act. From the service on the phone to the entire evening itself, the entire staff was superb. The food was spectacular and the cocktail delicious. Absolutely worth the trip. Will be returning.",False,0,0,0,Parth D.,en
334,2019-02-04 23:05:27+00:00,5,Great bar area if you need access to top notch food and drink with no reservation. You should also love sausage.,False,0,0,0,John E.,en
333,2019-02-06 16:53:34+00:00,5,"This the best restaurant I have been to in years. I have traveled around the World but now I can have great French food in New York. GABRIEL KREUTHER at 41 West 42nd St between 5th &6th Ave was a fabulous lunch. As you enter this fabulous Decor restaurant the Hostess gave me a smile. Right then I said this restaurant is great. The table for a single PERFECT. As soon as you sit you receive a taste from the Chef - Delicious. After looking online I wondered if the food wood taste great like the beautiful pictures. Well, YESeven better. 
The SEARED SULLIVAN COUNTRY FOIE GRAS was unbelievable delicious. The taste so good. It melted in your mouth. It was pure Heaven. I tried to eat slowly but couldn't it was too good. 
I ordered the FARRO CRUSTED BLACK BASS. I would give this main course an A++++. Succulent, with a crust that was so tasty along with black trumpets, braised Brussels sprouts that was finely chopped that was flavored perfectly that it blended together with the shellfish emulsion. WOW!!! Amazing taste. 
The dessert was also from Heaven. How they do this beautiful plating it's a work of art. The ETHEREAL* CITRUS * HERB yogurt PANNA COTTA surly a work of art. I just stared at it to try to see just how it was assembled. It was simply delicious and the tartness was perfect after such a  fantastic meal. Wish I could have personally thanked the Chef but Jonathan Garcia, server Captain was great explaining to me the beautiful plate settings. He was plus I must say ALL the staff was professional and lovely. All seemed happy working at such a beautiful restaurant. The red wine which was recommended to me was sue peen. GI Gevrey Chambertin was great with the fish and Foie Gras. 
Can't wait to return to try their Cavier and Truffles. Thank you Gabriel Kreuther for such a fabulous lunch on a great sunny warm winter day. 
Anita Trottman still thinking about my lunch.",False,0,0,0,A T.,en
332,2019-02-12 20:20:20+00:00,4,"Had the following and it was all delicious:

Pork tenderloin
Seared foie gras
Mandarin chocolate pb and strawberry panna cotta desserts
Two types of bread, amuse bouche, and petit fours

Lovely, friendly service. Very accommodating if you need to finish lunch in a certain amount of time.",True,2,1,1,Stef S.,en
331,2019-02-14 16:24:57+00:00,4,"Majority of my votes go towards the friendly and knowledgeable staff and the cocktails, and slightly less towards the food (Feb 2019 dinner menu).

Here is why: 
A michelin star menu means everything is supposed to blow your mind in terms of flavor right? Not all of my 4 courses did. 
The desserts, the Foie Gras Terrine, and the Langoustine Tartare were amazing! (too bad you can't just go for these two because they dont do a la carte lol)
Foie Gras Terrine is filled with flavors and makes you wonder how all the ingredients come together. But I didnt understand all the fuss about the signature dish Sturgeon & Sauerkraut Tart. It tasted like an egg benedict on a bed of crispy tortilla. 
The Australian Lamb and Maine Lobster entrees were tender and good size portions, but again the flavor was nothing unique that would make me think about them hours later...how I'm thinking about the the Foie Gras Terrine right now!
Also, what's with not having the same dinner menu as an a la carte option at the bar like how other fine dining restaurants are doing? (i.e. Daniel). I was so full at the end of my 4 courses because I also wanted to enjoy the bread.. I shouldnt have to feel forced to do a gazillion courses just to experience a fine dining restaurant. 
The dim lit ambiance by the bar/lounge felt extra romantic than the main restaurant area..I recommend going here but for the bar area because the cocktails are fantastic, with a more intimate vibe :)",False,0,1,0,Henali P.,en
330,2019-02-15 18:47:43+00:00,1,"I am very disappointed with the way I was treated yesterday by the maître d' and front of house staff.  I used to be a regular at Gabriel Kreuther; but after the treatment my husband and I received, I will no longer spend my money at the restaurant.  I wanted to sit at the bar for a glass of champagne to celebrate Valentine's day, the bar was empty 7 seats were available and I was told that I could not sit at the bar due to reservations.  I've celebrated Valentine's day at the restaurant every year since it opened.  I had my birthday party in the lounge with over 85 people and was told that the restaurant had never been that packed -- that they had a photographer come and take pictures so they could use it for content.  I am simply painting the picture that I am a frequent patron, and have never been treated the way I was treated by the prior front of house staff.  I am not sure if I was turned away because I was African American or another reason, but the staff was beyond dismissive and rude.  I hope the restaurant provides coaching to the new staff because the restaurant is great and the chef is amazing.",False,3,0,0,Nikki S.,en
329,2019-02-18 01:24:02+00:00,1,"If it wasn't a thousand dollar meal I would probably giver it more then 1 star but given the price tag I have no choice .  At the bar I told the bartender I wanted a cocktail but couldn't decide I told him I don't like heavy dark liquors and wanted something light and fruity.  I'm going to assume he must not have heard me because he made dark liquor martini.  Thankfully he didn't charge me and swapped it out for a glass of wine.  Now on to dinner we picked the chefs course tasting menu with wine pairing.  The waiter had a very heavy accent and couldn't  understand what he was saying so had no idea what he was serving us.  In Addition my friend mentioned she had an allergy to coconut they served us an intermezzo made with coconut.  Thankfully my friend realized what it was before she ate it.  None of the courses stood out for me nothing was amazing.  They didn't even ask us if we wanted coffee and grabbed the check out of my hand before I was done with the meal.  I also told the waiter how much I love their chocolate and could I take it to go m, and would he mind giving me extra pieces.  Well after paying $1,000 and nearly killing my friend with coconut he couldn't even be bothered to give me a few extra pieces.  What a disgrace.  I do have to say that I love the chocolatier and is by far the best chocolate I've ever had.  My advice skip eating here and just get the chocolate .",False,1,0,0,Jennifer B.,en
328,2019-02-18 16:23:14+00:00,4,"My favorite aspects of the dinner weren't the dishes though some of my favorites were the Green-Walk Hatchery Trout On Cedar Plank & Four Cheese Ravioli (pictured below). What caught my eye the most were the plating options & presentation it served as a nice compliment for the modern perspective on the traditional Alsace dishes. What I found to be the tastiest at the dinner is one of the opening bread dishes called kugelhopf. Physically it is reminiscent of an angel cake, but it has one of the most subtle yet savory tastes with just enough garlic to prepare your palate for what's to come. Overall I would visit Gabriel Kreuther again during another season to see what they have to offer I'll also make an effort to visit Kreuther Chocolate next time.​",False,0,0,0,Selene K.,en
327,2019-02-19 03:51:37+00:00,4,"I've wanted to go to Gabriel Kreuther for so long, and my boyfriend took me here for Valentine's Day! Our waiter was super attentive. Loved the foie gras and truffle carbonara with yolk.",False,0,0,0,Nancy Z.,en
326,2019-02-24 14:19:31+00:00,5,"Wife's birthday dinner before a show. They knocked it out of the park and wasn't expecting anything less. Excellent food- so much variety and everything was incredibly tasty. The service was impeccable. Everyone here we encountered is a consummate professional. Quite expensive, but worth every penny. Highly recommended for a special occasion or business meal where you're looking to impress.",False,0,0,0,Chris W.,en
325,2019-02-25 01:53:05+00:00,5,"I've been to this restaurant three times and have loved every experience. Once for drinks, dessert, and finally the food!

Although I haven't had a chance to dine in the main dining room(recommend making res), I love the bar area. It's quite large with booths, tables, and of course bar seats. Bar menu is different from dining area menu but nevertheless great options!

Hen of the woods flambée: mushrooms are so good, perfectly cooked and slightly crunchy. Flatbread isn't too doughy, loved this. 

Duck confit with risotto: I believe our server said risotto(?) the grain tastes more like farro in texture, had more of a bite to it. The duck is so so good. Super tender meat and loved the sauce accompanying it. 

For dessert, you really can't go wrong with anything. I've had the apple pastry dessert, chocolate, and the beignets. 

I loved every single thing I've tried here and I seriously doubt you can't go wrong with anything on the menu. 

Service is amazing, friendly, love love Gabriel Kreuther.",False,4,1,3,Hannah C.,en
324,2019-02-25 20:54:59+00:00,5,I have been to many 2 and 3 star Michelin restaurants. This was my first visit to Gabriel Kreuther but if the food and service are always this good they'll be a three star next year. Was just at Le Bernardin on Saturday and it was awesome but GK just as amazing. Michael at the bar was charming and attentive and Chris (manager?) was really friendly and knowledgeable. We sat at the bar and had an amazing lunch. The space is gorgeous and the vibe is not pretentious but still very upscale. An amazing find. I only hope they don't get too popular!,False,0,0,0,Christine B.,en
323,2019-03-02 07:57:09+00:00,5,"Great food and incredible service. The staff are very friendly and I could tell they take a lot of effort. The dining room is huge and open, and very pink. The food tastes great while being interesting. Definitely deserve its stars.",False,0,0,0,Austin C.,en
322,2019-03-02 13:15:28+00:00,5,"Very knowledge stuff with delicious food ,one of my favorite restaurant in nyc now ,highly recommend .",False,0,0,0,Kevin X.,en
321,2019-03-06 20:45:45+00:00,4,"Great service, delicious food but not memorable compared to other two-star Michelin restaurants. 

One interesting thing to share: the piece of Japanese newspaper under the tea cup had content about gynecological disease, which doesn't make sense at all for people who can read and understand...",False,0,4,0,Steven J.,en
320,2019-03-07 12:07:50+00:00,5,"We celebrated our anniversary there last month.
We ordered the pre theatre prix fixe menu.
If you choose that menu, make sure to arrive a little bit 6.30pm. My husband sat down at 6.33 and they. gave us the regular menu. We requested the pre theatre and we finally got it but the waiter looked at his watch, which I didn't like.

Price very good for this menu, $115
Their signature starter, the tart was wonderful
The fish and deserts were good 
The desert with the nice cake was amazing 
The bread was excellent 
We liked the little additional things they brought
The China was very refined
Service was very good
We had an additional desert  served to celebrate our birthday 

The decor was nice but to me a but a little bit too simple and a lot of people were there for business. They could enhance the experience with few more candles and flowers on each table 

It was overall a beautiful experience",False,1,0,0,Sarah B.,en
319,2019-03-15 20:13:06+00:00,2,The two stars are for the good service - the food was not good haha my friend and I were both very disappointed. I had read such great reviews I was really looking forward to dinner. Would not recommend. They were super nice though. When we left they handed us packed leftovers and we told them we didn't pack anything and the hostess said oh they packed up your stuff regardless. So we said oh ok brought it home and saw it wasn't our food!!!! So gross!,False,0,0,0,MJ J.,en
318,2019-03-22 17:35:19+00:00,1,We have sat down for an hour and still no food. I'm terribly hungry. The bar area did not allow for us to have their real menu. It's been a disaster so far. I'm very upset.,False,4,0,2,Jerry L.,en
317,2019-03-24 21:52:19+00:00,5,"Brought my mother here for a special dinner while she was visiting, and wow, we were so blown away. Service is impeccable, and I really have to thank the staff for treating my mother like a queen. 

We opted for the 6-course Chef's Tasting menu for $195, and we absolutely loved the experience. My mother is a great home cook herself, and is often hard to impress because many restaurants make dishes that we could easily replicate at home.. but every dish we got here was truly a culinary travel through the chef's creative mind. You cannot find these dishes anywhere else.

I also really appreciated that they took note of my dietary restrictions. The chef made each of our dishes differently to accommodate.. which means we got to try double the number of dishes! :) 

Highly recommend Gabriel Kreuther. This is a meal/experience to remember!",False,2,0,0,Kathy Y.,en
316,2019-03-24 22:10:13+00:00,5,"I went to Gabriel Kreuther with 3 others as a more intimate celebration for a birthday and I was very impressed.

The service here is phenomenal. The staff is highly attentive and extremely courteous. The servers go into careful detail and pride when explaining each of the courses and they leave you ample time to enjoy each meal as well as time between meals - we spent around 3-4 hours there for a 4 course meal. The food here was stellar - Gabriel Kreuther certainly stands to deserve its Michelin Star rating. And as it was for a birthday, the cake that they provided was perhaps one of the best cakes I've had.

I would highly recommend Gabriel Kreuther to any foodies and those looking for an amazing experience all around.",False,1,0,0,Samuel L.,en
315,2019-03-25 15:12:21+00:00,1,"It was unfortunate that we couldn't try the tasting menu because our group of 10 people had to be seated at the bar section and apparently we cannot order the tasting menu there. 

Maybe we would have broken our group to 2 smaller groups so we could have moved to the main dining room but we were so devastated upon the news that we couldn't think straight. 

And I looked around the restaurant. It was the Friday lunch during March madness so it was not that the restaurant was fully packed anyway. So I don't really understand why we couldn't get the tasting menu just because they couldn't sit us at the main dining room because of the party size. It was like we were penalized by showing up with a big group of people.",False,2,1,1,Kai F.,en
314,2019-03-31 11:55:24+00:00,5,"Wow...just wow. Service was exemplary and food was out of this world. We did the six course chef's tasting with wine pairing. The chef for a few courses bought our table two different dishes and two different wines, so we got to experience so much more. The sommelier's wine choices were phenomenal, and he gave us a background of each one from the type of grape to the winemaker to the area it is from. Decor was beautiful as well! The kitchen was immaculate. Thanks to the staff and chef for one of our most memorable, if not most memorable, dining experiences we have ever had!",False,0,0,0,Petros P.,en
313,2019-04-02 18:28:28+00:00,5,The food can be a little out of your comfort zone (foie gras is one of the dishes I had) but very delicious food and very attentive staff! I highly recommend!,False,0,0,0,Taylor M.,en
312,2019-04-05 07:03:55+00:00,4,"Dined here March 29, 2019. Kitchen Table experience was exceptional. As many reviewers noted, one samples almost twice as many tastings which was not expected and incredible. There were a lot of interesting items that were new to our palates. Ordered the rendezvous cocktail (enjoyed the kick of the little pieces of jalapeno) and sampled the blanche de bruxelles beer (very refreshing) and the 2014 Cecile Tremblay Chambolle-Musigny Les Cabottes wine. Personal favs of the meal were the following: kougelhopf with chive fromage; caviar quail egg buttermilk mousseline; foie gras terrine & pecan praline; citrus cured blue cobia; farro crusted black bass (not huge on cooked fish but enjoyed this); local emmer pasta; the skin on the 14 day aged LI duck breast got devoured (normally the fatty parts get cut off & discarded but this was yummy); the decadent chocolate passion fruit (the chocolate crème that oozed out of the frozen top portion was divine - although many people enjoyed the ethereal rhubarb Turkish tea dessert); and the coffee cremo with speculaas cookie. The rosemary buckwheat roll was probably the least liked by the table (it was a bit hard) although the lard was interesting and worth a try. 

Staff was superb here with one exception (see paragraph below regarding sommelier). Our Table Captain Luis was really amazing! We got to take photos with the chefs and even got a grand tour at the end (taking us throughout the restaurant). Highly recommend this place - definitely well worth the money. We were NOT hungry afterwards (as some people feared beforehand). One receives the level of service you'd expect from a fine dining establishment without the stuffiness or pretentiousness. A handwritten signed card from GK himself was also given to celebrate the evening along with a scrumptious financier cake. It's also really cool to have given us our ""soigne"" that the Chef used for the meal. The tableware was unique especially the dinnerware which was different each course. Everyone walked out with some ""goodies"" and a nicely printed souvenir menu to commemorate the meal.

However, there was one low point to the evening: a bottle of wine was ordered at the table, and it was expected that both the bottle and the cork would make its way back to the table after it was uncorked; however, the cork got tossed. Typically, especially for special occasions, the cork is kept as a memento; however, he was rather flippant after the inquiry about the cork in saying one could ""write him up"". That attitude was not well received.",True,2,0,1,Sylvia L.,en
311,2019-04-06 14:56:31+00:00,5,"Where to begin? This is really one of our top dining experiences in the city (anywhere really). It's spendy - but the experience and quality are unsurpassed. Though formal fine dining, the staff strive to make the experience approachable, relaxed and inviting. Gabriel Kreuther exudes luxury without being too forced; they make fine dining comfortable. Even the space embodies this approach. Though white table cloths abound, the modern, airy design with its whimsical pops, averts the sleepy formality so many of its competitors exhibit. The cuisine is impeccable in conception, execution and presentation. No gimmicks here, a truly honest approach. Some may deride this as 'unmemorable' (wowed these days means a cool Instagram post of an edible something or other) - but I think just the opposite. Instead of hiding behind wizardry, the kitchen nails technical aspects and presentation is beautiful. Wine list is incredible, with a myriad of French gems, and we love Phillipe the wine director. So glad they earned a second Michelin star, well deserved!

Atmosphere
- Elegant luxe, a real fine dining sensibility, but with a refreshingly modern approach.
-Light and airy, high ceilings and windows unto Bryant Park.
-Formal, though not imposing. Most patrons are quite well dressed, but suit/tie are not mandatory.

Food
Chef Kreuther's food is flawlessly executed and superbly balanced. He has a real talent in mixing textures to achieve interest (even in the plating!). Enjoying his creations is a real treat, and we find the four course prix fixe ($155) to be an amazing progression, with harmonious components and precise implementation. Tasting menus ('Carte Blanche') are also available. We enjoyed:

- Hamachi, Black Truffle & Foie Gras Mille-Feuille (celery, grapes, truffle vinaigrette): How creative! A classic at GK - sense of the sea, but all of the flavors are delicately balanced.
- Foie Gras Terrine & Pecan Praline (cider poached quince, pomegranate, chestnut cornbread): Love the use of texture against the foie, particularly the praline. Elements pair so nicely and really evoke the season. Perhaps my all time favorite foie gras!

- Seared Sullivan County Foie Gras (apricot preserve, smoked prosciutto, amaretto gastrique): Another excellent use of foie with textural balance, similarly well paired. The smoked prosciutto makes the dish quite unique. More decadent, thought he fruit undertone helps cut through.
- Four Cheese Ravioli (sunchoke broth, bacon, pumpkin seed crumble): Delicate, with a sense of earthiness. Rich, but crunchiness of bacon and crumble avoid monotony. Highly recommend!

- Aged Long Island Duck Breast (salt baked celeriac, eucalyptus, truffle coulis): Served for two, with four separate mini accompaniments. Presented and portioned tableside. Glistening moist and tender. The coulis is insane. Very enjoyable and unique.

- Fragrant (sesame, yuzu caramel-chocolate parfait, halva, yuzu sorbet): Elegant - neither too sweet nor too dense. The yuzu was our favorite element. 
- Ethereal (citrus, herb citrus gelée, herb sphere, yogurt panna cotta): Lives up to the name! A refreshing, and light conclusion. The nuance of flavors is incredible, nothing gets lost.

Beverage
Gabriel Kreuther's wine program is among the best in the city and is filled with treasures. Naturally, it's focused on French selections having depth across regions. The list is extensive, and contains a mix of benchmark names and lesser known producers. Much of the selection is $250+, however there are plenty of sub-$150 bottles interspersed throughout. Also, wine pairings are available for both the prix fixe ($85-130 per person) and tasting menus ($105-230 per person).

We began with the Jean Velut Lumière et Craie Blanc de Blancs ($29/gl) which was outstanding. A range of unique sparkling selections available by the glass ($19-59). With our meal, we absolutely loved the 2009 E. Guigal Vignes de l'Hospice ($330/btl), a stunning Syrah from St Joseph - one of our favorites! To conclude, the 2008 Château Guiraud Sauternes was excellent ($29). You can't go wrong letting the wine team here guide you.

Service
-Incredible! Everyone we encountered in the dining room was warm, friendly, and truly hospitable. The staff really make the experience enjoyable and relaxed.
- Wine Director Philippe Sauriat not only knows his stuff, but is truly passionate about wine and we really love that he shares this passion with the guest.",False,0,0,1,D. L. J.,en
310,2019-04-10 02:19:28+00:00,5,"Creative dish. Five star service. Well deserved Michelin two stars (at a reasonable price). Personal favorites are hamachi/black truffle/foie gras, langoustine tartare, duck breast, and the rhubarb dessert. Crafty chocolate on ""chocolate"" on ""chocolate"". Not too impressed by the famous Sturgeon and sauerkraut cart.",False,0,0,0,Lydia C.,en
309,2019-04-11 21:21:38+00:00,5,"In summary, two michellin stars are more than justified for this treasure nestled on the border of Bryant Park, one of my favorite parks. The decor and ambience were both inviting and refined. We prepared our stomachs for the four course pre fixe, which could not have been more satisfying. The langoustine tartare was as satiating as it was transient. We feasted on the grilled black angus beef tenderloin and Australian lamb rack, which were grand. More than anything, one must try the dry aged, Iberian jamon before leaving this life. Dessert more than satisfied our sweet tooths, and service made us feel warm and fuzzy, allowing us to happily give away our dollars. Would recommend.",False,0,0,0,Kevin Z.,en
308,2019-04-17 17:35:28+00:00,1,"At one time a favorite. Now has descended to the depths of ""who cares"" which the pervasive attitude overall. The ""bar"" menu continues to vanish in variety and quality. The support staff try very hard to lift servers who are less than knowledgeable and who could care less about satisfaction of the patrons. The last three times we dined in the bar the decline was precipitous.",False,1,0,0,M S.,en
307,2019-04-21 07:43:18+00:00,5,"Alsatian Restaurant 
Alsatian Chef
Alsatian Art pieces
Alsatian Stork 

Perfect, divine, extraordinary, excellent, impeccable.
Rustic yet delicate",False,0,0,0,David S.,en
306,2019-04-28 05:14:44+00:00,5,"This restaurant is fantastic. The food, the decor, and the atmosphere is an amazing blend of elegance and comfort. 

We tried a number of items on the menu and were not disappointed by anything. 

The staff was educated and helpful and always right there with whatever we needed. 

GK's surpassed my expectations, even for a New York restaurant where the bar is set high. I will make this a mandatory stop every time I return to the city.",False,3,0,2,Briana W.,en
305,2019-04-29 05:11:39+00:00,2,"First - LANGOUSTINE TARTARE
Taste: 2/5 a bit salty and a lil bit sweet, but it ended up bitter, for real
Texture: the lobster was really fresh but it's like chewing gum after the first few bites

Second - SEARED SULLIVAN COUNTY FOIE GRAS
Taste: 3.5/5 it tasted okay but the dish was a bit too heavy
Texture: extremely smooth

Third - GRILLED BLACK ANGUS BEEF TENDERLOIN
Taste: 1/5 it came with three tiny pieces of beef in total and one of them was covered in roquefort. They noted that in the menu but I never had roquefort before (should have done some serious research). It turned out awful for me. But if you like blue cheese, you'll definitely enjoy it. The other two pieces were just dry and mediocre. I didn't enjoy the sauces at all.
Texture: see above.

Dessert - DECADENT * CHOCOLATE * PASSION FRUIT
Taste: 2/5 when they say dark chocolate crème, they are really serious about it. Don't even try if you're not a fan of bitter and strong dark chocolate flavors. I didn't really enjoy the mixture of passion fruit and dark chocolate itself, but I appreciate the effort.
Texture: Smooooooth

The service was 4/5, and our waiter offered me a chance to replace my third dish with a duck leg; it was much better than the tenderloin.

My friend who came with me had been there for 3 times, she had a strong feeling that the quality of food couldn't live up to her expectations anymore.",False,3,4,0,Essie L.,en
304,2019-04-30 00:14:39+00:00,5,"Love this French place so upscale and the food is excellent and service is excellent. My wife love eating there for her birthday, Valentine's Day and lunch. Lol She love there chocolate store next door!!!",False,0,0,0,Eddie W.,en
303,2019-05-17 18:38:38+00:00,4,"Excellent food, somewhat chilly atmosphere, good but not great service.

Went here with two dining companions and had the shorter of the two tasting menus on offer: six courses, plus the obligatory multiple amuse-bouche and dessert bouche. I have a dairy (cow's milk) restriction and the restaurant was good about accommodating me. Unlike some restaurants that charge large for tasting menus and then serve low-cost ingredients like salmon and chicken, GK went with high end ingredients: foie gras for the first course, caviar for the second, white asparagus for the third, a beautiful trout for the fourth and an exception smoked duck breast for the final savory course. We added a cheese course and the server was kind enough to recommend two goat cheeses of the three cheeses offered so I could participate.

The atmosphere is very corporate. The space is repurposed from its original incarnation as part of the cavernous lobby of the Grace Building, and though they've done a decent job with fabrics and materials, the place is still very cool, almost cold in atmosphere. It's also surprisingly noisy for a restaurant with so much fabric to absorb sound. We were tucked into an alcove by the window but the sound from the harder-edged bar area made its way to us.

The service was generally good but we had three notable hiccups, surprising at this price point. First, I arrived after my companions were seated and they were already sipping a glass of wine. I was escorted to the table, made my hellos, and as I was still pulling in my chair the server came over right away, dropped the dinner menus and started to walk away. We had to call her back to ask for a drink for me. No ""welcome to GK"" or anything from her either.

Second, I had slightly different food from the rest of the table due to my dietary restriction. On one of the middle courses, the server was hellbent on getting in his required speech about what was being served - yes, depending on the course, you get either a short description/list of ingredients OR are subjected to a full-on ""here's what you're getting, here's where everything's from, let me tell you the story behind why we do it like this, I'm sure you're interested."" Well, we had a speechifying course and the server had put my plate in front of another diner at the table. We all tried to make eye contact and interrupt him, but he was going to get in that speech, dammit, so we had to wait. When he got to the end of the spiel and we corrected him, he all but harrumphed as he moved the dishes. Not even a ""so sorry about that"", just a petulant rearrangement and he was off.

Third and most egregious, which made me think about bumping GK down to three starts, wine service. One member of our party is a true wine person, and as soon as the sommelier approached, two of us indicated her and said, this is who will be selecting our wine this evening. She and the sommelier had a long involved discussion about Alsatian wines, the wine was chosen.....and then the server comes to show the bottle AND  pour the taste for the only man at the table. C'mon.

Overall I thought this was a very good but not great experience. I loved the food but was less enthusiastic about the less-than-polished service and all the talking that came with the presentation of each course.",False,0,0,0,Emmeline C.,en
302,2019-05-23 00:26:26+00:00,5,Just left this fantastic restaurant..the room is beautiful and the service impeccably superior. We had Tanzia as our server who explained every single delicious tasting that was brought to us. Our water glasses were never empty.  This is an amazing dining experience from start to finish. My husband and I were celebrating my birthday and our anniversary and the desserts and presentation was beyond...loved loved loved,False,0,0,0,Elayne S.,en
301,2019-05-23 02:06:23+00:00,5,"This was the perfect choice for our 15 year anniversary celebration. The service was superb from the minute we stepped in. We had the best corner booth in the venue and there was even a handwritten note from the Chef himself wishing us a happy anniversary. How sweet is that!  

We really enjoyed the meal as well. We opted for the 3 course meal and I had the wine pairing while my husband had a lager.  The food was delicious and the sommelier has the perfect wine pairings to go along with my choices. In addition to our dessert, we even received a special happy anniversary cake that we enjoyed very much!

Thank you GK and staff for making our celebration so special.",True,0,0,0,Ellen C.,en
300,2019-06-06 01:33:15+00:00,5,"I was in town for a conference, and decided a late birthday celebration was in order.  I travel a fair amount for work, and am not uncomfortable dining alone, but have never done it as a 2 star Michelin restaurant before.

The space...elegant but not fussy, bright, and views of Bryant Park.

The food...incredible.  I've done my fair share of fine dining meals and usually, well, usually there's a course or two that you wouldn't be upset to never have again.  Not here..every single dish was utter perfection.  The caviar/crab, the trout, the polenta/shrimp, the duck, there's no way to name just one favorite.  And the wine pairings were divine, I also learned a ton along the way.

The service...honestly, they couldn't have done a single thing differently.  They made me feel at home, and not the least bit awkward for a solo diner at a special occasion place.

I loved everything about my experience here.  Can't recommend highly enough.",False,0,0,0,Carolyn H.,en
299,2019-06-07 20:04:36+00:00,5,"We did the heritage testing menu with wine parings. Absolutely worth it by any means. The service was extremely good, the containers are beautiful, the setting is gorgeous, everything is so elegant. We have a group and the chef decided to offer us different dishes even though we all go with the heritage tasting menu. Any they were give 2 Michelin stars end of last year! Bring your loved ones to this for special occasions!",False,0,0,0,Z K.,en
298,2019-06-15 04:33:20+00:00,5,"This is by far the most FABULOUS restaurant we have been to in NY and maybe anywhere, and we do travel and visit some amazing restaurants.
Food, presentation, cleanliness and of course service, all is PERFECTION. They have received 2 Michelin Stars but they need 3 stars at minimum. 
They say the detail is in the detail, and this restaurant is a great example to the meaning of that very word. We will fly to NY just to eat here again very soon. 

To your kitchen and to your wait staff,
Please continue to do what you do, it may not be your name on the door but YOU, along with your fabulous Chef, are what this restaurant is all about! 
BRAVO!!!!",False,0,0,0,Francesca M.,en
297,2019-06-17 05:23:49+00:00,5,Top notch food and service. So many amuses bouches my mouth was smiling all night. Highly recommend the risotto. Extensive wine list.,False,0,0,0,Stephanie B.,en
296,2019-06-25 04:36:49+00:00,3,"It's a great place to get something to eat pre show. We had the heritage tasting menu and overall not bad, although some dishes are not adventurous and are more on the safe side. It's not difficult to create something very tasty with caviar, lots of butter, scallop, and salmon roe. Really these are fail safe ingredients. But for a restaurant this caliber I expected things to be more creative. 

The foie gras dishes were pretty memorable. The duck was slightly chewy at certain parts, but I enjoyed it because that's my favorite kind of meat and I'm biased. 

4 stars for the food and I'm taking another star off because the service is the weirdest I've experienced at high end restaurants. 3 of the servers were awkward, and the guy who I believe to be the sommelier (I might be wrong, we didn't order wine) seemed young and was nervous talking to us. We ordered drink with him but it was forgotten until we reminded them. Towards the end they forgot our coffee again, which is annoying because by the time they checked, we were already done with dessert. Furthermore the coffee tasted like water which indicated to us it probably was not made properly. The lack of staff training detracted from the experience",False,2,0,0,Rebecca L.,en
295,2019-06-25 18:28:08+00:00,5,"What can I Say:  this is a true fine dinning experience. The chefs at Gabriel Kreuther's are true Culinary Artist.  The service was impeccable, the wine was delicious and thoughtfully selected, the food was sublime.  This is a must experience restaurant for anyone who like fine food and best NYC top chef's have to offer. Go and spend an evening at this truly amazing restaurant.",False,0,0,0,David Z.,en
294,2019-06-27 16:23:15+00:00,1,"SO BAD !!! I have been all these top restaurants all over the world ! This was one of the worse one! First of all, food was OK. nothing ""wow"" and nothing too bad. But the service is unbelievable bad. I arrived on time and the restaurant is half empty! The host asked me to wait at the bar for no reason. I mean if u have all the table ready you should have set people down. After I set down I have been waited for 30 mins to get my first course. Unbelievable slow ! And if you bringing your owe wine ? The fee is 105usd per bottle. Even per se and eleven Madison park all these top restaurants charges only around 40usd. Most ridiculous thing is. Can't bring over 2 bottles. ( even you are paying 105usd per bottle. !!!! Seriously! As somebody who has been to all these top restaurants. This one was really Bad !",False,1,0,0,Lin L.,en
293,2019-07-14 16:37:25+00:00,5,"Took babe here for his birthday and opted for the lounge since he's a very nonchalant diner and is pretty much happy with anything. We got a round corner table so we can sit next to each other, which is our favorite kind of seating. It was very intimate- the lights were slightly dim, we were sitting right next to each other, but you get the point.  The atmosphere was beautiful, the servers were good, but not as good as EMP (probably would have been better if we dined at the dining room). However, the food was better and more creative than EMP and that's what matters the most. If you're looking to celebrate anniversaries, birthdays, etc., this is the place! 

Savory Kougelhoupf ($8)-5/5 $8 for bread of this quality? GIVE ME. Where do I even start? The bread? The chive fromage blanc? Both absolutely divine. The bread is fluffy, moist, and cut so you can easily pick up the piece and spread their creamy and smooth chive fromage blanc onto it. They give a generous amount of the spread too so go wild! The spread just had the perfect amount of flavor and was not too overwhelming. A must for starters. 

Temperance ($12)- 4/5 I don't drink so I was delighted to hear that they had  some interesting non alcoholic drinks. This one had seedlip spice 94, strawberry, vanilla, and orange. It tasted great and refreshing, but you definitely get more of the orangey taste and a faint vanilla taste almost like orange soda but healthier.

Hens of the Woods Mushroom ($25)-5/5 Anyone who does not like mushroom has to try hens of the woods. They're just the best kind of the mushroom on Earth. I mean the flavor, the texture, it's amazing. Then they add the cheese to it so it's basically like a pizza. And cheese only makes things better so this dish was damn good. I also spread some chive fromage blanc onto it and it was delicious! For $25, GET IT. 

Sturgeon & Sauerkraut Tart ($42)-4/5 I chose this dish cause it looks so beautiful. The presentation was lovely as well. It's covered in applewood smoke and that aroma just fills you when they lift up the cover. The sturgeon reminded me somewhat of tuna (the texture and slightly fishy smell/taste). But it tastes great with the caviar mousseline and the flaky tart. 

Citrus Cured Montauk Fluke ($34)- 5/5 I'm not too too crazy about raw fish. I always feel like theres' a risk in eating it, but these were too good to pass. And I love fish with lemon or citrus, so I had to get it. This dish wasn't fishy and tasted like summer. It's cold, the watermelon radish and cucumber vinaigrette complemented the dish very well. 

Roasted Montauk Monkfish ($42)-3/5 This was my least favorite dish and unfortunately it was the main as well. I love fish and I especially love monkfish although it's a pretty ugly looking fish. But fish and tomato broth does not go well together in my opinion. There was also bread crumbs with the fish which I wasn't too crazy about. I don't really like squash either and that was all over the dish. But my man really enjoyed it so, maybe I'm just picky. 

Comfort- White Chocolate ($20)-5/5 Honestly, I wanted to try all their desserts, but we were quite full and the server recommended the white chocolate. It is probably one of the best desserts I've had. The lemon Tahitian vanilla soufflé was so soft, fluffy and delicate. The limoncello sorbet and lemon confit was perfect (not too sour or sweet). You have to dig to the bottom of the soufflé to really capture all the flavor and combine it with lemon and ughhhh it's so good.",False,29,15,29,Jessica D.,en
292,2019-07-28 19:11:41+00:00,5,"I'm so happy I came here! Everything was excellent, including the service.  I was able to get a last minute reservation for same day, which I was happy about.

The dining room is gorgeous. It's like walking into a lodge, with exposed wood beams, highs ceilings, a very open floor plan, nice art, and an open window into the kitchen (which I appreciated). The bar space was separated off, but was empty. 

The service was impeccable as I'm sure you can imagine, and everyone had such gusto and you could tell they all enjoyed what they did. 

As for the food: 
1. Bretzels - like somewhere between a breadstick and a pretzel 
2. Pina colada snow cone/ moscatel pate de fruit/ Tarte flambee with bacon, onion and creme fraiche 
The tarte was so good. Rich and salty. I think they have large sizes of these on the bar menu! 
3. Foie Gras terrine - jack fruit, white wine gelee, banana bread  - the sweetness with the jack fruit and mango purée was very nice, I also appreciated that it was covered in bits of nuts which added a nice crunchiness to mediate the texture. (For the record I'm not usually a fan of Foie gras due to texture).
4. Citrus cured tuna - tomato water, avocado purée   And beluga caviar on cornbread - the tuna was amazing. Bright and light, all the perfect flavors. May have been my favorite dish! There were small geeen wasabi tobiko there that added a nice texture and flavor. This dish was phenomenal. The caviar bite was okay, I preferred the tuna in this pairing 
6. Trout on cedar plank and corn gaspacho - the trout with the sauce was really nice. Warm and hearty - not too heavy. The corn gaspacho, smoked tomato water has white balsamic for a little acidity. It was a nice addition. Overall a very nice dish. I liked all the flavors and textures here. 
7. Japanese black fish - emulsion of red peppers and Japanese eggplant. Another good dish, but I preferred the cooked fish dish before it. I did really like the red pepper emulsion, it added a nice flavor. 
8. Braised rabbit fleischnacka -- cucumbers, morel mushrooms. This was essentially a small piece of pasta wrapped in the shape of a snail with braised rabbit in the middle. 
9. Porklette - with crispy skin -- wowza was that skin good. Also with pork belly. There ware cut fruit with the pork belly I could have done without, otherwise a great dish! 
10. Cheese selection - I about hit my wall here, but all of the cheeses were good. 
11. The plum pre dessert was the perfect 2 bites, I was full and could have stopped here. It was light and Refreshing 
12. Chocolate - lot going on here. There was a passion fruit truffle lodged inside there. Lots of textures, I think I tasted hazelnut somewhere. 
13. Like frappe - it was a nice little bite.

Overall my experience was excellent. I would recommend my friends/family come here for a nice dinner or special occasion. Service and food were all impeccable. No misses on this one!",False,2,0,1,Rebecca D.,en
291,2019-07-31 09:50:23+00:00,3,"I sat in the bar area here with my friends after my reservation at L'Artusi was cancelled on my birthday. I was able to make a reservation easily a few hours before.

I was excited to sit in the bar and have a small bite to eat after hearing amazing things about the food here but I'm afraid my expectations may I have been too high as I only found the food to be good, not excellent. I got the pasta which was rich and decedent but seemed to lack a certain depth to it. The service was also a bit strange - my friends had planned a surprise birthday dessert for me and the waiter mistakenly came to me twice about it. They also did not put a birthday candle on the dessert initially despite putting one on the dessert on the table next to us.

I suppose this is one of those restaurants that you need to go to the main restaurant and get the full course to enjoy. I don't believe I'll be back to the bar after this experience.",False,3,0,1,Alexandra C.,en
290,2019-08-03 11:08:14+00:00,5,"My husband and I came here for my birthday and got the heritage tasting menu. The food was EXCELLENT. Fish, caviar, breads - Every plate was so artistic and flavorful. We were pretty full near the end that we couldn't enjoy their homemade chocolates which I'm still regretting!

Service is second to none. They are extremely attentive to detail and professional. For my birthday, they wrote a note and had an extra course with chocolate cake which made it extra special. Highly highly recommend!",False,0,0,1,Maham Q.,en
289,2019-08-05 17:18:13+00:00,5,Wonderful tasting menu with very creative courses! Fantastic service and the som had created an amazing wine pairing for me! The Chef de Cuisine Joseph was sitting beside me and he was extremely friendly! He taught me a great deal about the fine dining culture/industry of NYC! As a great touch he had them bring me his favorite Mezcal which was amazing and also brought me a sampling of their Iberico ham (see photo)! I will definitely be back!!!,False,1,0,1,Adam F.,en
288,2019-08-10 13:28:52+00:00,4,"It's our first Chinese valentine day. We made a reservation on Thursday night. To be honest, reservation is not necessary during weekday night, but just in case. We ordered the 9 courses menu, and chose Wagyu beef for the main course. Unfortunately, I don't like the wagyu beef, since with that price people would have more expectations, and the beef is just okay. The rest is good. Probably won't come back and will try other 2 star restaurant in the future.",False,0,0,0,Shiyu L.,en
287,2019-08-15 02:01:32+00:00,5,"Wow...everything was incredible!  Sat in the bar area and the ambience, service and food was truly impressive!!  I dream of the dessert I had. Can't wait to come back!!",False,0,0,0,Jenee D.,en
286,2019-08-26 08:14:59+00:00,5,"Fine dining at its very best. Dined here shortly after the restaurant received its second Michelin Star. The staff was so excited to share the experience with diners and their enthusiasm was contagious! I had never dined at a Michelin starred restaurant in NYC before, but the staff made the menu feel approachable and made the evening very enjoyable for everyone all the way around. The restaurant is beautiful, too.",False,0,0,0,Savvy T.,en
285,2019-09-01 14:27:06+00:00,5,"Superb meal and service !!!!! service impeccable and the food was artistically plated  with each course seemingly better than the last. This is a great place for a date ,special occasion or a night out with friends",False,0,0,0,Glenn J.,en
284,2019-09-05 19:12:11+00:00,4,We ate at the bar because main dining was full. I must say I was a little disappointed that the menu was such a small selection. The bartender was fun with his flare. It did feel a bit pretentious and uptight. The food was very good. I had the duck leg confit and my wife had the monkfish. The anniversary desert was very nice and also a card from Kruther.,False,0,0,0,Sabrina T.,en
283,2019-09-08 12:48:22+00:00,5,"A delicious Heritage Manu for a vegetarian and kosher style diner. Beautiful, inventive, special. Tomato consommé was the most delicious offering I have ever had. Apple smoked asparagus tart. Sarah did a beautiful job as our sommelier. A beautiful red and some sparkling wine to start. Service was beautiful.",False,0,0,0,Lillian M.,en
282,2019-09-11 16:26:26+00:00,5,"I got the heritage menu. The food was so much more than expected. There were a lot of 0.5 and pre-courses. The amount of food didn't offset the service, quality and taste. It was a great birthday experience. I will definitely recommend this place.",False,0,0,0,Xingye C.,en
281,2019-09-15 02:24:46+00:00,5,Wonderful experience celebrating with amazing friends and even better wine and nibbles. Sam was the best sommelier and matched our delicious nibbles with even better wines. Couldn't ask for a better night out. Good friends Great wines!!!  Thanks Sam!!!,False,0,0,0,Randi K.,en
280,2019-09-16 15:55:48+00:00,4,"I visited this restaurant with my husband for a celebratory event when it was still a one-star Michelin restaurant and it was my virgin tour to Michelin star restaurants. We tried the 13-course full tasting menu (excluding three breads dishes) and it turned out to be a great start and a meaningful tour I would never regret. We arrived here an hour earlier than reservation time, see if we could be seated in by any chance. There weren't many customers in the restaurant so we were seated right away. The service here was great and it had a quiet ambiance.

Despite that it was a bit pricy (that's why I gave it a four star rating instead of five star), the food here was amazing. It was the first time that I truly understood the spirit of French food was sauce, sauce and sauce. The dining experience here also wiped out my previous arrogant attitude on the arts of plating. I guess a lot of Chinese foodies like me had similar issues of focusing more on the taste of food but questioning how important can plating be. After a dinner tour at Gabriel Kreuther, I had to admit that plating was indeed very important. It was important enough to improve my appetite to a large degree through visual stimulation.

Most of the dishes throughout the dinner were fantastic. The hamachi, black truffle and foie gras pate dish was like a harmonic waltz performed by French and Japanese dancers. The slight sour flavour of the scallop dish tasted like spring. We were pretty full and couldn't finish the two desserts dishes. If you are a big fan of French and Japanese cuisine, Gabriel Kreuther is a great choice worth flying in.",True,3,0,2,Yu X.,en
279,2019-09-18 18:41:00+00:00,5,"Came here for my first fine dining experiences and definitely deserved a repeat.  They have since gained another Michelin star which in my opinion is well deserved.

The amuses and intermezzos really set the experience apart from other establishments.  The staff are laser-precise and will tend even to the smallest details.  My wife and I forgot to print out our broadway tickets prior and our show was right after dinner - they printed out the tickets for us. (while it sounds trivial, the paper they printed on was also extremely high quality!)

Safe to say there will probably be a 3peat in the future.",False,0,0,0,Dan C.,en
278,2019-09-19 14:31:27+00:00,5,"Having eaten at Gabriel Kreuther several times I must say that it keeps getting better and better. Gabriel Kreuther never fails to impress. The cocktails are delicious. The wine selection is amazing. The food is unique and delicious. This was our first time in the lounge and it was a great dining experience as well. The more elegant dining room is a more traditional French menu, but always very creative. Gabriel Kreuther has certainly become one of New York's best fine dining restaurants.",True,5,0,2,Frank A.,en
277,2019-09-30 19:17:28+00:00,5,"For our first anniversary, we treated ourselves to a nice French place that I think is generally underrated and under the radar. Gabriel Kreuthers has been something that I've always wanted to try, and it's rated 2 Michelin Stars in 2019. We went bold with the Chef's Carte Blanche Tasting Menu. There are a total of at least 28 dishes spread through of what they say is 9 courses. Service was stellar as expected, so no complaints there. The wine pairing, if your stomach can eat that much, was quite good. At the end of the night, they do give you a take-home gift of more Kreuther chocolates. The ambiance didn't feel pretentious as I thought it would be, and all the waiters were very friendly. Reservations were easy to get, and so you don't have to contend against some of the other more popular French restaurants. For our anniversary, Gabriel Kreuther signed a card welcoming us to his restaurant. Whether or not it's his real signature, it's still a delightful and thoughtful gesture",False,0,0,0,Helena S.,en
276,2019-10-01 22:55:09+00:00,5,"This place is amazing.

I've been to many Michelin restaurants and this can be one of the top choices. Plus, this place is on the cheaper side as the three-course lunch is only $90, and four courses are $110. 

I had the montauk fluke to start. I'm sensitive to fishy taste and this one had none. The verbena oil gave it a refreshing taste. Try the fish fluke with the melon, the sweetness of the fruit will bring up the freshness of the fish.

The duck confit was the best duck confit I've ever had. The skin was crispy and not greasy at all. The meat was soft and tender. 

My boyfriend had the Pennsylvania trout. I had to say this dish is exquisite. The waiter said they change the veggies according to the season. This time were the summer squash and celery etc. It tasted great. The trout absorbed the aroma of the veggies, and had a perfect balance of flavors.

The desserts were normal - not extraordinary and also not bad. Honestly I don't have sweet teeth and don't care about dessert that much, so this review only reflects my personal taste.

Overall I really enjoyed my lunch here, and I'm going to try the dinner menu soon.

--------update 10/04/19--------

I tried the dinner menu. It was still an excellent experience. Some lunch courses were offered in the dinner menu, and for main course they offered a choice of either lamb or duck. Since I knew how the duck tasted, I tried the lamb this time, and it was as good as the duck. The meat was cooked medium - medium rare, very juicy, and the best part of it was that it did not have the weird smell of lamb.

The only two things I think can be improved are: 1) the corn ravioli was a bit too salty. 2) I prefer to see the menu and know / choose exactly what I'm going to eat.",False,1,0,0,Nina L.,en
275,2019-10-04 03:28:40+00:00,3,"The biggest problem with tasting menus is that you're bound to not be fond of certain dishes. However, the problem with this tasting menu was that there weren't any memorable dishes. In New York where there are so many tasting menus to choose from, you really need a few outstanding dishes to stand out.

The decor is fine, standard fine dinning and the service was also fine with a few awkward moments where we weren't allowed to hold onto the wine menu and the main server forgot to mention a certain dish that had rabbit in it. Two of five of us don't eat rabbit so they promptly substituted with a fish. They still charged the rest of us that dish though. It was an add-on dish to the tasting and although we all felt we shouldn't have been charged as rabbit was the main ingredient and he described this dish as mushroom tortellini, it was too late in the evening to argue. 

All in all, a very forgettable experience.",False,0,0,0,Jiali Z.,en
274,2019-10-08 20:47:13+00:00,5,Amazing Experience dined during NYFW after the fashion show and every course with 9 total was exquisite. I was so full by the 5th course made it through all of it with Wine pairing.,False,0,0,0,Sohily A.,en
273,2019-10-12 22:13:40+00:00,2,"What a shame. This overly pretentious Michelin  restaurant clearly does not value service and obviously needs a lesson on hospitality. The wine selection at the bar is poor/mediocre at best for the prices; the options are severely limited for food. While the ambiance is nice it does not even come close to making up for the so called ""service"". The funny thing is the Cheesecake Factory literally has better hospitality and service. My guess is this restaurant thinks that because they're a Michelin star holder they can treat their patrons like dirt and up charge at an obscene amount. You should be paying for the quality AND service. 

I sat at the bar this evening when it first opened (after working), and went to hang up my bag with my computer on one of the individual bag and coat hanger stands next to my bar seat because it was way too large and heavy to hang in between my legs, and was told rudely by the bar manager (?) with a man bun who rushed over to me that I needed to hang by bag elsewhere. He told me to take my bag off the stand no one was using, when there was zero other people seated nearby,  because these stands were apparently for seated patrons in the dining room only (there was no one there yet and several free stands for the taking scattered throughout). I said ""oh? Someone brought one up to me at the bar last time to hang my items."" He responded snarky: ""oh, well that was nice of them""  And then proceeded to have me move my purse and place the stand back behind my seat. He was so rude and condescending. I was so embarrassed. When I went to leave, all of those mini stands had still not been utilized....and he was equally rude for the remainder of the evening. 

This restaurant lost a patron who works in the building and would have gone often despite the absurd pricing and limited selection. Last time I went they closed food service at 9 pm (odd for a Nyc restaurant) and the bathrooms were disgusting--trash everywhere and basically like a penn station stall. So enjoy this ""Michelin"" restaurant all!",False,0,0,2,morgan a.,en
272,2019-10-15 19:12:47+00:00,5,"Fantastic variety of creative and tasteful courses. An excellent, knowledgeable service staff.  My favorite restaurant in NYC.",False,0,0,0,Roger M.,en
271,2019-10-18 02:05:50+00:00,5,"Exceptional service and delicious course - well-deserved two Michelin stars!!

FOOD // This place fuses multiple cultures exceptionally well - it shows the thoughtfulness, creativity, and skillfulness in the Heritage Menu. Bear with me, this review is going to be LONG. 
Appetizer: Pretzel Grissini [5/5] - Beautifully displayed, looked like an elegant table display and inedible. The texture was amazingly crisp and well-seasoned - seriously have never had anything like this. 
Course #1: Alsatian Tarte Flambee [5/5] - Deliciously creamy and the onion and bacon was well done.
Course #2:  Pina Colada Snow Cone [2/5] - Tasted like mango with lime in a soft, jello-like texture. I was not a big fan of the taste or texture.
Course #3: Foie Gras Terrine & Sesame Praline with poached green strawberries, apricot jam, and spiced waffle [5/5] - Love this - Great flavours and accompaniments. Unique flavours and subtly sweet with the compote and strawberry and waffle. Interesting pairing of foie gras  covered in sesame and with a waffle, but it works so well! 
Course #4: Citrus Cured Yellowfin Tuna with crenshaw melon, avocado, and verbena oil [4.5/5] - Very fresh, avocado puree was lovely with the tuna. It was drenched in a sauce that was flavourful and fresh and did not take away from the tuna. 
Course #5: Royal Kaluga Caviar with scallion creama and nori cornbread [4/5] - Flavourful and a hefty amount of caviar piled on the cornbread. There was a sweet, lemon flavour to the cornbread that I didn't love with the caviar. 
Course #6: Whole Grain Ficelle with bobolink farm's cultured butter and whipped pork lardo [2/5] - Bread was too hard to chew and the whipped pork lardo was too salty. Flavours were there, but there was so much more potential. 
Course #7: Pennsylvania Trout on Cedar Plank with local purple potatoes, tomato confit, and green bean nage [5/5] - Really good flavours and the trout was so tender and well done. 
Amuse Bouche: Tomato and Butternut Squash Gazpacho drizzled with tomato olive oil [4/5] - Pleasantly nice, creaminess that cleanses the palate. 
Course #8: Dock to Dish Charcoal Grilled Black Bass with fairytale eggplant, melted leeks, and red pepper coulis [4.5/5] - Really good flavours, but the red pepper coulis took over the dish a little. I really liked the eggplant with the bass. I also love their Dock to Dish initiative where they work with local fishers and create a dish with whatever the fishermen bring that morning. 
Course #9: Savory Kougelhopf [4/5] - Bread was fluffy and warm and nicely buttery. My only complaint is that the chive fromage blanc (butter-like mousse) could have been a better accompaniment. 
Course #10: Aged Long Island Duck Breast Smoked in Hay with cherry glaze, soubise, and marinated zucchini [5/5] - Not seasoned, but beautifully smoked. I've never had such a wondefully smoked piece of meat. The duck was cooked to perfection and so juicy, and the skin was so crisp. The cherry sauce is a great pairing with the smoked duck.
Course #11: Duck Confit with Cream with tortilla and salsa verde [3/5] - It takes hard work to make a tortilla as thin as this one. This was a memorable dish, but it was a good segway from the smoked duck. 
Course #12: Hoja Santa Kombucha [5/5] - Really nice flavour and a great way to wrap up the dinner portion of the courses, with a hint of spiciness, paprika, and mint - Perfect digestif 
Course #13: Plum & Tarragon [5/5] - Reminded me of a crumble, I liked the jelly-like tarragon and the sorbet was very refreshing
Course #14: Decadent, Chocolate, Passion Fruit with dark chocolate creme, passion fruit caramel, and frozen truffle sorbet [4.5/5] - Extremely decadent and very rich. The passion fruit caramel didn't do it for me sine it made the dessert quite sour.
Course #15: Chocolate and Petit Fours [5/5] - The Petit Fours was delicious with the speculoos base and I loved that the salt flakes toned down the sweetness of the chocolate. The in-house made chocolate was delicious - one was cherry and the other coconut - it was very well done and a modest, yet satisfying finale. 

SERVICE // The servers are very attentive (I never ran out of water) and the service was exceptional. The Assistant General Manager, Paul, was extremely friendly and honestly made the experience amazing! He offered to take me to the kitchen to meet the chefs and it was definitely the highlight. My only complaint was that sometimes it was hear the dish's description since the servers either spoke quietly or seemed inconsistent with what they told me versus another server at a table near me.

ATMOSPHERE // The restaurant is beautifully elegant and tasteful. The tables are also well spread out that each dinner feels quite intimate.

PRICE // You're paying for the quality, service, and environment. It's pricy, but it's reasonable given all factors.

I would highly recommend Gabriel Kreuther for a special occasion! Two stars, well-deserved!",False,1,0,0,Jessica C.,en
270,2019-10-19 23:30:19+00:00,5,"This is an amazing restaurant!! 

We came her for our wedding anniversary and had the Chef's Carte Blanche menu. It was a wonderful, perfectly coordinated meal.

We had so many amazing courses, we couldn't keep count. Some courses they switched up what they gave me and the hubby. Like foie gras two ways. We also had the jamon supplement. It was outrageous.

The cheese course was amazing and a wonderful conclusion to the meal. Dessert was also outstanding.

The wines were also amazing. We had champaign that started off like typical champaign but the finish was more like a glass of burgundy. Totally delicious.  

The space is beautiful and open. The staff is terrific and very pleasant to talk to. You can see they take pride in their work.

This is very much a special occasion restaurant, although I may or may not come back without an occasion....",True,13,4,10,Jaimee A.,en
269,2019-10-20 06:39:26+00:00,5,"Chef Gabriel Kreuther was from the Modern, another 1 Michelin Star Restaurant back then. Under his own, right across Bryant Park, a beautiful restaurant, Grande, spacious, the bar and lounge to the left of the entrance, the main dining to the right! 

Modern design, wooden column and glass, fresh bouquets, comfortable leather seats, table cloths, corner and all, make the place cozy and charming.

Not all tables are created equal, but it seems if you are celebrating a special occasion, they try to get you a better seats in the room. We got lucky, a nice table to celebrate our newlyweds and my birthday. 

Two choices of menus, a lot of amuse bouche, BIGGER portion than I'm used to at other 2/3 Michelin Stars in San Francisco Bay Area.

We were so fill because we ordered extra supplement dishes, Caviar 15 gram $90, Cinco Jotas Jamon Iberico $45, White Alba Truffle $85... It was too much good food, along with the tasting menu $200 (smaller one)! We were so full! We asked to skip 2 dishes!

Amazing wine list, very well priced compare to other restaurants in the same caliber, Relaix Chateau, Michelin Star, etc.

Love the cocktails list at the bar! Well crafted and well written with explanation so guests know what they want to try.

Caviar, veggies dishes, Duck were delicious. Every dish was presented nicely. Love how they served table side, sliced the duck for us! 

Only 1 fish we had trouble with was the tomato gellee, slightly over salted. 

Their bread was also delicious! Service was very nice and attentive, even they was packed, but our water was always filled. 

Corkage fee was $105 for the first bottle of 750ml. Same as other 2-3 Michelin Star in NYC. Sommelier Sarah was wonderful. Offered us the 1992 Champagne Pommery by the glass $70, delish. A lot more great Bordeaux and Burgundy on the list! 

For what we paid, we got a lot more than what we would get in Northern California. It was a lovely evening and we will definitely come back next time when we are in town.",False,9,6,9,Manda Bear B.,en
268,2019-11-02 21:05:38+00:00,5,"This is of the best fancy, sit down places that you can go to in NYC hands down! While I have been to this restaurant before, my second visit left me equally impressed. 

Located right next to Bryant Park, Gabriel Kreuther is very easy to find. If you look for the Grace building, a white marble building with a sloping design, it should be easy to spot as Gabriel is on the first floor. 

After entering the restaurant, I was immediately greeted by a modern, open sitting area for dinner guests. Separate but not too far from this seating area was a well stocked bar. 

With respect to service, the maitre d had us quickly seated and I was honestly impressed with the skill of all the staff. Our water glasses were filled almost constantly.

Finally, and most importantly, the food was fantsatic. On the night I visited, I was offered two different set menus, each of which unlike other restaurants did not list the dishes that would come out. As such, each dish was a surprise. Each dish was extremely impressive and I would venture to say that all of the dishes had artistic qualities. 

A bravura performance.",True,0,0,0,Douglas K.,en
267,2019-11-08 06:10:10+00:00,1,"It pains me to write this review but I must speak out about an event that happened to me at this restaurant about a year ago. I was a regular at the bar, taking clients once or twice a week. On one occasion, I took a group of ~10 women clients, who were all attorneys at a large financial institution, and who like myself are black. We are all professionals, professionally dressed and used to dining in upscale restaurants. We had a reservation and arrived between 6 and 6:30 pm. The manager was very upset because we had one extra person at a bar table. He made a big deal about accommodating by adding one extra chair when there was plenty of room at the table. We ordered and consumed a large amount of food and 1-2 rounds of drinks, at which point it was about 8 pm. The server came over and asked if we wanted any more food because the kitchen was about to close. We questioned that, because the dining room seemed full and we couldn't imagine that the 8 pm seating had already ordered in full and that there were no more seatings. We were told that all patrons had already put their orders in and the kitchen was closing. We ordered a few more items and did not further question though we did not believe the kitchen was actually closing. A few minutes later, the manager came over and asked us if we could keep it down because we were disturbing other guests. We weren't particularly loud but thereafter made a conscientious effort to be quieter, but could barely hear each other over the voices coming from the dining room. We ordered another round of drinks (round 2-4 for each of us). At this point it was around 9 pm. They brought us the drinks with the check (over $2,000 at that point). We said we hadn't asked for the check, at which point the manager came over again. He said that we had been over served alcohol and we needed to leave. Mind you, no one was visibly tipsy or drunk. When we said we didn't understand his issue, the manager told us that he had to protect the restaurant's Michelin star. Then guest service manager came over and said that she had to back up the manager and ask us to leave, even though she conceded that she didn't share the managers concerns. She told us that it was his first night and that perhaps he wad being conservative but that she had to support him. It was appalling to be there with clients and to be treated and to have them treated with such blatant disrespect. We decided it was better to leave than to further engage. A very nice bar tender followed us out - a young blonde guy - he was almost in tears and told us he had seen the whole thing and was embarrassed and sorry. 

I hadn't been back since until a few weeks ago when I had to go back for another business event. No issues at that event, but I felt dirty being there after their horrific treatment of me and my clients. I would advise you to take their blatant mistreatment of people they don't think fit their desired clientele into account when deciding whether to patronize this establishment.",False,16,2,0,Dubb D.,en
266,2019-11-21 13:46:39+00:00,4,"I recently went to Gabriel Kreuther for a special occasion.  The restaurant is large, high ceilings, but still feels intimate.  Service is great, and the ambiance of the restaurant is very romantic -- there were a ton of couples dining there.

We opted for a prix fixe tasting menu due to our dietary restrictions / not being super hungry, as well as a caviar starter.  There is also a longer form Heritage menu that would have been great had we been more hungry.  The caviar was great and came with a crispy rice cracker I loved this pairing.

We had a really heavy fish menu, which I liked.  There were different variations of fish, including crudo and cooked.  I thought each dish was very well-prepared and fresh.  The cooked fish dishes were very nicely prepared, not dry at all.

I had a great meal at Gabriel Kreuther and would certainly return.  It is definitely worth going to for a special occasion.  For a more economic option, lunch is more reasonable, somewhat.",True,1,0,0,Christina M.,en
265,2019-11-30 23:48:56+00:00,5,"We had reservations at Da Dong just down the street as there were 9 of us (5 kids) and it was the night before thanksgiving and we wanted something fun for the kids- well, Da Dong got closed down and no one bothered to call us so there we were in Bryant park stuck without a place to eat. Gabriel's accepted a last minute reservation for 9 (tasing menu required) and so our food adventure began- the staff was amazingly accommodating given our kids were dressed for family style Chinese food (as were the adults) and the kids loved eating the fanciest meal of their lives - certainly a splurge but great memories (how many different ways can you describe caviar or venison tartar to get your 9 yr old to try it?), great food and delicious wines! Thank you for helping us out- can't guarantee it will be a yearly tradition but it was worthwhile!!",False,0,0,0,Amy P.,en
264,2019-12-01 20:37:19+00:00,5,"My friend made reservations for us because it was near our hotel and that people were raving about this restaurant's 2 Michelin stars. After SO had his meetings we went there for dinner. It is a large space without being sterile and elegantly decorated. 

We had the Carte Blance Tasting menu. Our server asked me if I had any allergies and I told her I had aversions to cilantro and beets. 

Our tasting menu:

Prezel Grissini
Picon Biere: confit orange and apricot
Alsatian Tarte Fambee: applewood smoked bacon with onion and creme fraiche
Salmon Roe Beggar's Purse: proscuitto and smoked sour cream
Foie Gras Terrine & Marcona Almond Praline: pickled jackfruit, Gewürztraminer gelée, banana pain d'epices
Savory Scallion Kougelhopf: chive fromage blanc
Royal Kaluga Caviar: Alaskan king crab, vadouvan and zucchini espuma
Citrus Cured Yellow Fin Tuna: toasted sesame, kohlrabi and Buddha's hand vinaigrette
Green-Walk Hatchery Trout on Cedar Plant: confit tomatoes, artichoke and saffron-champagne sauce
Castle Valley Mill's Polenta: charcoal grilled blue shrimp, braised scallops and sauce rouille
Whole Grain Ficelle: Babolink Farm's cultured butter and house cured pork lardo
Goat's Milk Raviolo: pancetta, truffle coulis and sunflower seeds
Hay Smoked Long Island Duck Breast: squash caponata, soubise, grilled broccolini
Barley Tea
Artisanal Cheese Selction
Aromatica: coconut panna cotta, golden kiwi granita
Chocolate Passion Fruit: dark chocolate creme, passion fruit caramel and frozen truffle sorbet
Lime Frappe Brulee: Tropical fruit cremeux, pistachio financier

It would take too long to review every dish we had....the menu was well thought out, balanced, bold AND delicate and everything went well together. For tasting menus there are dishes where I'm not a fan of but not in this case. It was worth the 4 hours we spent at dinner and we were the last ones to leave. 

Service was  attentive and they sent us home with the tasting menu (which came in very handy since I went in June and the menu is different now) and petite fours of their decadent chocolates.",True,0,0,0,Nette T.,en
263,2019-12-03 20:29:56+00:00,5,The food had been amazing. The desserts are awesome! The main course and appetizers are also very good. Nice atmosphere for business lunch/dinner.,False,0,0,0,Joan W.,en
262,2019-12-08 14:17:26+00:00,5,"Had the opportunity for our annual foodie field trip with longtime friends.  My friend chose this restaurant as the destination on this wintery night.  Parking and traffic were a bit of a hassle as we had to deal with the hoards of people at Bryant Park enjoying the holiday festivities but once we arrived we were warmly greeted by the staff at the restaurant.  Loved the exposed beams, modern large pieces of art and high ceilings. There is a lounge area seating,  a chef's table,  and main dining area- modern decor, very warm and romantic.  We spent over the 3 hours talking, laughing and partaking in the Heritage Menu.  They were able to accommodate my friend who has multiple food allergies including shellfish, gluten and soy (how painful to be her).  All I can say is that every dish was delicious, thoughtful and beautiful.  The service was impeccable.  The corkage fee was $105 dollars so plan to bring your best bottle of wine and make sure it is not on their extensive wine list.  They did reject one of our bottles.  The best dishes of the evening were the Aged Long Island Duck Breast Smoked in Hay with cranberry glaze/butternut squash,  the Grilled Black Angus Beef Tenderloin with smoked beet, goat cheese, walnut crumble and the Green Market Course of : Red apple Consommé,  Gelee-Venison Tartare and Swiss Chard Tempura.  Desserts were outstanding....extra stars to the pastry chef!  Loved the White Chocolate Shiso Leaves, Petit Fours, Chocolate Chantilly.
For the past two years on our annual foodie field trip I coincidently sight Chef David Chang in the dining room- I kept looking around but no sighting this year- There were a couple of imposters, but alas the spell has been broken.",True,0,0,0,Susan L.,en
261,2019-12-11 23:30:39+00:00,5,"GO HERE. you don't need to know anything, GO HERE. this restaurant recently received it's second Michelin Star and wow it shows! I'm a bit of a star collector when I get the opportunity to visit and actually stopped in here with out knowing they were a Michelin starred restaurant and said to my husband ""if they don't have a star they DEFINITELY deserve one!"" before looking it up and seeing they had two! The ambiance and service is what you'd expect, the food is an excellent representation of where the chef hails from while toeing the line between very traditional northern French food and innovation. 

What really set this place apart to me was their full vegetarian tasting menu. I have eaten a vegetarian menu at a Michelin restaurant before which was excellent, of course, but clearly wasn't why that restaurant had garnered their stars. This menu however was clearly just as well planned, thought out, and complete! Full flavors, thoughtful accompaniments and dishes that could stand up to their carnivorous counterparts. I'm so incredibly pleased to see world class chefs finally flexing their creative muscles for plant based menus, and for me personally this is the best example to date! Truly worth the trip for plant and meat eaters alike, especially if you're tired of having iceberg lettuce thrown at you as your meat free option.",False,0,0,1,Amber M.,en
260,2019-12-13 12:52:39+00:00,5,"I attended a private event and made the Sous-chef aware I eat gluten free. Wow, did they make accommodations for me without making a scene. They brought over a selection of Hors d'oeuvre made on rice characters that were amazing and then a small gluten free pizza that was 10/10. Amazing. Then at dinner the table captain made sure to point out not only the choices, but each time a plate was delivered quietly reenforced the plate was gluten free. I was able to relax and enjoy what is now one of my favorite experiences. 

The best part of the experience, besides the amazing food, was the conversations were handled respectfully and confidentially. I did not have to explain or answer questions from others at the table. 

The chef addressed the crowd and mingled with the guest and was warm and easy to talk with. Appears to be a very kind soul and incredibly passionate about every decision regarding his gorgeous restaurant and his staff echos his
Love for sharing a meal. 

Thank you Chef!",False,0,0,0,M A.,en
259,2019-12-15 13:27:55+00:00,5,What not to say about this place.  It is an experience.  I booked this reservation through my American Express platinum concierge service.  That went really smooth as this restaurant is no easy to get into.  We did the heritage tasting menu along with the wine pairing.  It was awesome.,False,1,0,0,Darrnel A.,en
258,2019-12-15 22:06:01+00:00,5,"We had an amazing night - 4 hours of incredible food and service.  We did the carte Blanche tasting menu. Each dish was delicious and beautifully presented. Our favorite was the foie gras. The duck was outstanding, but we were so full by the time it was served. Service was outstanding and the manager Paul was exceptional. Paul spent a lot of time talking to us and took us on a tour of the kitchen.",False,0,0,0,Dan K.,en
257,2019-12-22 18:23:37+00:00,4,"Came here to celebrate my friend's birthday and I have to say, one of the best fine dining experiences I ever had. The restaurant is beautifully decorated and the ambience is comfortable. A lot of times, the fine dining restaurants tend to be a bit stuffy but at GK, it wasn't. The food was amazing- presentation- wise and taste! We wish we had time to check out the bakery next door because his chocolate was delicious as well. Will definitely come back.",False,0,0,0,Sunny N.,en
256,2019-12-27 19:00:06+00:00,5,"I want to start my saying thank you for making me happy during my birthday month and on Christmas Eve! So originally I had a reservation for two and then it turned out to be for only one on the night of the reservation,  which was for Xmas eve !  
My reservation was for the kitchen table ! Which is behind the scenes of the restaurant! 
I want to start off my saying my phone conversation was amazing with DANA ! She is vibrant , friendly , and most importantly great at what she does ! She sucked me in , even before I ate the food ! Not to mention she told me she will meet me that night of my reservation  and she kept her word, when I arrived she was there ! INCREDIBLE WOMAN YOU HAVE WORKING FOR YOU ! 
So they proceeds to take me to this hidden gem behind the wall , which is the KITCHEN TABLE ! My heart was already at bliss seeing what I saw ! It was perfect , it was beautiful! After that , I forgot I was alone ! I got welcomed by Benjamin who from beginning to middle was so helpful and attentive, I did not have to use my brain much , he did it all for me . He's amazing!!! !!!! Middle to end it was then taken over by Alvaro !! Absolutely amazing! Described each of everything to me without missing a beat ! 
Each dish was a burst of flavors ! I mean each plate was phenomenal! This was my third chefs table ! I was extremely happy and I will come
Back again and again ! Thank you so much for making my dreams and expectations come true ! 
And to the kitchen ! Wow wow wow ! I watched each and everyone of you work hard and make miracles happen ! God bless all of you",False,1,0,0,Nikki E.,en
255,2020-01-02 13:05:22+00:00,3,"Someone please educate me - Why am I looking at staff sampling wine throughout my dinner?  They were about eight steps away from us. Also, I know it's picky but I don't expect a sommelier to be showing me wine with hands that look like they picked the grapes.  It was actually disturbing how poorly manicured they were.  And I don't understand why the tasting menu is not the same for each guest.  My girl and I switched plates back and forth so we could talk about the dishes and wine pairings that we BOTH experienced.  Food was good but not that memorable.  What stands out more is the lack of management and staff training.  Also, patrons were dressed very casually with most of the men missing jackets.  

Overall - if you're looking for a fine dining experience that is commensurate to what you pay - this is NOT your place.",False,0,3,0,Bryce G.,en
254,2020-01-03 03:55:27+00:00,1,"If you are okay with they mess up your reservation for your celebration, or not getting the complete menu, then Gabriel could be the choice.

We are really spoiled by all the fine dining options in NYC, and chose to try the newly promoted 2 star for my husband's birthday. Now I can see why it's so easy to make reservation. And Michelin really needs to be careful when review all the restaurants.

They kindly offered to make the reservation for us before they open up the online system. However, our reservation was not made at all. Well, they happen to have seats available. (You know the reason why)

The service was very slow. I had to wait almost 30 mins for my drink, and asked twice to finally get it. Not mentioning waiving many times to get our waiter. 

The worst part it, two dishes was not served for the meal. They didn't give us the menu before hand. We only found out when we got home. I took photos for all the dishes we got. And this is not my first fine dining experience, we definitely know what to expect based on our menu!

Attached all photos I took that night, including the managers email. I'm very curious how did you do the investigation? Asking the understaffed waiter? The cheese dish and chocolates were asked to pack to go, and the pretzels at the beginning were too little to take photo.

It's such a shame that GK offers such poor management and service, as we really enjoyed all the food we had.",False,2,0,0,Aili H.,en
253,2020-01-09 02:15:54+00:00,1,"Ughhhh!! What a disappointment! I was reading reviews before my arrival and chose to ignore the recent unfavorable reviews. I mean 2 Michelin stars!! People!! Read reviews and listen to them. This was a $1000 meal , which would have been fine had I been Michelin wowed. Each course was more underwhelming then the next.. Another bread course, more gelatin , really??  Creativity was average, balance and textures were tired. And most of all flavors and decor were old fashioned.. And I agree with a review above. Do I really want to spend $1000 and be served by a server with chewed up nails and cuticles for 16 courses... gross.  Way better options for a special , creative, experience to be had in NYC..",False,1,0,0,B B.,en
252,2020-01-10 18:07:09+00:00,4,"It has always been my dream to dine at a Michelin Star restaurant and what better city (other than Paris itself) to indulge this dream than New York City.  The restaurant is pristine and has two separate seating areas.  One being the lounge and the other the main dining room.  I had the pleasure of dining in the main area and the service was impeccable.  Gabriel Kreuther offers 3 or 4 course meals for lunch.  Being a weekday, this place was pretty packed but I'm guessing it's the perfect place to go for a business lunch as they are speedy and efficient.  

The first course was a delectable foie gras that was served in a ball shaped covered with pistachios and a fluffy homemade bread on the side.  The foie gras was creamy and the pistachios added the crunch texture that typically isn't offered with this dish at other dining establishments but was pleasantly welcomed with happy tastebuds.  

The beef tenderloin was cooked a perfect medium rare and served with multiple purees and foams that made the plate look like a piece of art.  The goat cheese and walnut crumble were great accompaniments to such a tender piece of meat.  

Last but not least, the dessert was a delicious cherry sorbet with chocolate mousse.  What better combination is there than cherries and chocolate?  It was flaked with beautiful gold specks and placed into a chocolate tuille.  

Service, presentation and food was all star and I'd definitely love to visit more Michelin Stars in my future travels thanks to my first experience at Gabriel Kreuther.",True,0,0,0,Sasha K.,en
251,2020-01-12 06:19:48+00:00,5,"I am amazed at this experience.
I have done them all.
This is on a different level.
I don't understand some of the reviews.  Maybe they had a bad night,
or maybe the price for this incredible experience surprised them.
But I have never experienced anything like this.
Perfection.  No other description fits.",False,0,0,0,Vito C.,en
250,2020-01-16 16:31:49+00:00,4,"Gabriel Kreuther was one restaurant that has been on my to-try list for the longest time. With its beautifully adorned mahogany interiors, GK's artistic food creations, and even to the unique building the restaurant resides in, this restaurant just screamed a must-try spot.Their food is Alsatian-inspired and elevates fine dining to another level. 

My boyfriend made a surprise reservation for me to celebrate Christmas here which was super sweet and made the experience that more special. We did the Chef's Carte Blanche menu, and I was STUFFED! To start, they give you pretzel sticks, but served within a crystal vase. They were light and crunchy, a perfect little starter. Each dish was presented with such mastery and featured the most impeccable ingredients such as foie gras, caviar, white truffle, and duck. I love that there were mini little dishes in between the main dishes. It just adds to the excitement and justifies the price tag a bit more. The one blunder of the night was one of the managers accidentally knocked over my drink prior to me eating and it spilled all over me. But they were very kind about it and comped our drinks and offered to pay for my dry cleaning. I mean, very uncomfortable to sit through a 3 hour course dinner, but at that point you have to make the best of it. Overall, it was an excellent dinner, great presentation and fantastic flavors. I was very filled at the end and happy. The restaurant itself is 100% worth a visit.",False,3,0,1,Sarah C.,en
249,2020-02-09 01:52:39+00:00,5,"Great restaurant and exceptional service. Very much a place for a special occasion. We had the tasting menu, which ended up being a perfect option since there were a few surprises here and there for items we probably wouldn't necessarily order on our own but was impressed with the food and service we had. Special attention from the staff noticing I'm left handed so quickly and discreetly changed my silverware accordingly.",False,0,0,0,Kent W.,en
248,2020-02-15 19:48:17+00:00,5,"Came here with my other half for dinner. What a great time we had. Food was great, even got to see Mr. GABRIEL KRUETHER in action",False,3,1,2,John M.,en
247,2020-03-01 18:22:23+00:00,5,"Phenomenal place for a romantic evening date. With a starting dish of caviar, the 6-course prix fixe and wine pairing, I was too full to finish our main course. Such a bummer, as we were served the most tender yet flaky-skinned piece of duck I have ever had. But I wouldn't have wanted to leave any of the prior dishes uneaten either. There's so much diversity in flavor, presentation and creativity that really made this restaurant a rarity in our lives.

The sommelier was very knowledgeable and exuded so much enthusiasm for wine. It was such a delight having her serve us, and the selections were on point. She wrote down the names of all of the wines we tried, which was so generous. At the end of the meal, you're given a sweet goody bag with a printed menu detailing what you partook in. Finally, and maybe an exceptional occurrence, the receptionist even encouraged us to take one of their copies of the Relais & Châteaux Guide 2020. It was such a nice gift, even if they do receive copies like it's nothing. 

To add an obscure side note, I love the pink/white/gold motifs of the interior and decor. Very French parlor-esque.",False,1,0,1,Yuko M.,en
246,2020-09-24 00:14:25+00:00,3,We went there last night. Outdoor dining. It's just ok I mean the food is good. But service is really slow. We wait like 20 minutes for our 8pm reservation. When we got seated they seems ignored us a lot . They didn't give us menu. We wait like 20 minutes to get their attention to get the menu. I hope they can do better! Come on. It's 2 Michelin star restaurant .,False,0,0,0,Clancy Y.,en
245,2020-09-25 03:19:51+00:00,5,A very unique experience(outside). We went there for dinner and all were amazing. Lovely service and reasonable price for a fantastic meal like what we had. Highly recommended. One of a better restaurant in NYC.,False,1,0,0,Silver W.,en
244,2020-09-27 21:57:02+00:00,5,"This review is for outdoor dining on the terrace. 

Overall: 4.5/5
Food: 4.5/5
Value: 4.5/5
Ambiance: 4.5/5
Service: 5/5

Came to Gabriel Kreuther for a special occasion dinner, where they have opened dining on their ""terrace"" given COVID. 

We had a variety of dishes from the a la carte menu, including the 5J Jamon Iberico ($28), Long Island Duck Leg Confit ($29), Steak Frites ($36), along with Albert Boxler Sparkling Wine ($18 per glass). 

The food is impeccable. Special mention here is the bread they gave which was served warm - heavenly. The 5J Jamon was delicious and high quality iberico. The Duck confit was incredibly tender, and paired well with polenta and rabe. The steak frites was also cooked to perfection and tender. 

Service was incredible. Everyone was friendly and attentive but not intrusively so. The staff all wore masks and kept a generally safe distance with minimized interaction. 

Value wise, it's premium pricing but worthwhile for the high quality food and presentation. 

As far as outdoor dining setups go, this is one of the best ones. It's substantial area in front of the restaurant on 42nd St with tables spaced comfortably apart - it's not an overly crowded narrow sidewalk here. Some tables even overlook Bryant Park. The restaurant provides coat racks situated next to your table for you to place coats and belongings. Sure it's a pretty busy street so the city noises are inevitable and every now and again noisy street traffic will be noticeable, but they've done a good job of setting a pretty nice ambiance for a refined and elevated dinner. 

Thank you Gabriel Kreuther for a fantastic experience! Will return and would recommend!",False,1,0,1,Kris Y.,en
243,2020-10-01 01:39:36+00:00,5,"Overall: Definitely a great value for quality food. The four course meal (+ bread and ending treats) was $115 pp but we left stuffed. You shouldn't have trouble getting a reservation during the week, but I would book ahead on the weekend, especially if you want to dine outdoors. 

Location: GK has a very large patio that is nicely lit for evening dining (we were worried about sitting in the dark). When dining indoors, tables were socially distanced (I couldn't hear anyone except my husband who was with me). We were able to make a reservation on a Sunday very easily for a Wednesday evening (also the day indoor dining opened).

Service:  Service was excellent, as expected. We were greeted with free champagne - they were excited to be re-opened and very grateful. Gabriel went around to every table thanking guests and asking about the food. 

Food: We decided to go with the four course dinner, ordering almost everything. Here is what we thought:

Citrus cures fluke tartare - very refreshing and light. Maybe a little too heavy on cucumber vs citrus ratio.

Foie gras terrine and pistachio praline - this was my husband's favorite dish. They have a huge amount of foie gras (we were impressed!), and they managed to pack lots of flavor and texture (from a jelly to a cornbread). Definitely recommend ordering this one!

Sturgeon and sauerkraut tart - My husband enjoyed the smokiness (also the presentation when it was served was ). 

Housemate trenne pasta - Great, simple pasta dish (I've also never had trenne before - vs penne - so that was fun). Definitely on the heavier side, so I had to pawn some of it off to my husband. 

Greenwalk hatchery trout - I wish there was more sauce, but when you had a bite of the fish, roe, potato, and sauce it was great. 

Spice roasted lamb loin - This was a lot earthier than I thought. It wasn't my favorite, but my husband warmed up to the flavor after a few bites (and actually enjoyed it more than the trout). If you don't like earthy mains, this dish is not for you. 

Fig Carpaccio - I like how they added a crunch texture with nutmeg tulie, but it was a little too thick to pair with the soft fruit. My husband loved the pairing of fig, passion fruit gelee, and ice cream - he said it was like a Mediterranean swimming pool ‍

At the end of the meal, we also received a few chocolates and a bite-size coconut chocolate cake. It was the perfect final touch to a great meal!",False,1,0,2,Danni J.,en
242,2020-10-05 14:38:56+00:00,5,"What a great way to inaugurate indoor dining! The service and food were superb. The restaurant is very spacious and felt great. Outdoor dining was still pretty busy and dining indoors felt calmer without the traffic noise from 42nd street. 

The menu isn't back to its former glorious self as there is no tasting menu available. They are currently offering a la carte and prix fixe options (3 or 4 courses). 

The wine list also isn't completely ready, but, while speaking to the knowledgeable and pleasant sommelier, Sam, his focus for the list is value. There is a little bit of everything and most bottles are around $70-150 with a couple of standouts at $500. If a guest really wants something specific and they have it, he mentioned they can usually fulfill the request.

All-in-all a very pleasant experience.",False,1,0,2,Pedro D.,en
241,2020-10-09 17:01:49+00:00,5,"A completely enjoyable experience, despite Covid.  Luckily there is enough space inside, now that Covid allows indoor dining, for separated seating without resorting to plastic barriers or portable curtains.

The food, service and ambiance were all excellent, and we were able to inform Chef/owner Gabriel Kreuther directly, as he spent a few minutes during service speaking to guests at each table (socially distanced, wearing his mask, of course).  

I was especially happy to glance through the giant glass window in the corner of the main dining room, looking into the main kitchen, and see a couple of women wearing toques - unfortunately there are too few at this very highest level.  Once again, this served to remind all of us how we have missed indoor fine dining - even with it's small idiosyncrasies. 

In any case, I am greatly anticipating returning for another amazing meal.

2020 10 08. M2.",False,2,0,1,Jeremy C.,en
240,2020-10-10 00:13:22+00:00,1,"So we came here to sit outdoors. The website says walk ins are welcome, but we will still went on Resy. There were later reservations available but we put ourselves on the waitlist for the (early pre-prime) time that we arrived. 
Save for one couple the place was completely empty outdoors. 
The waitlist said the wait time would be about 15 min. 
They would not seat us. We were a family
and explained that we would not be there for long, but they asked us to come back some other time. The maitre'd gave us her card to call her, but there was no name on the card. 
Mind you, the outdoor space was basically COMPLETELY empty. 

Gabriel. I hope you read this. Not to sound cliche but winter is coming. Indoor dining will remain limited, it's not something I would personally do with my family. But I was more than happy to try your restaurant outdoors, and it was pretty empty. But your hosts would not accommodate us. 

I try not to leave negative reviews during a pandemic, Yelp even discourages it. But this was just unacceptable. 
For those making reservations online or via an app, or going on the ""waitlist"" I'd advise you to call the restaurant to make sure they have their act together.",False,3,0,0,Rick S.,en
239,2020-10-11 20:13:16+00:00,2,"A real disappointment. Very slow service (30 minutes to get water, 65 minutes for wine), poor attention to detail (no explanation of cheeses on plate), and then occasionally rushed us despite the other long delays. Some outstanding dishes but also an overcooked fish and bland polenta, along with pretty ordinary lamb and steak. Lovely decor, but at $140 pp this place has the cost of a Michelin 2 star but we were utterly mystified as to how they were earned.",False,2,0,0,Stephen W.,en
238,2020-10-15 21:50:35+00:00,5,"Wow.  Came for outdoor dining during covid times and was so impressed overall.  Large, pleasant outdoor dining area; just a bit loud from the traffic on 42nd St. 

Food was amazing!  Definitely deserving of its Michelin stars.  Only dishes I didn't love were the sea bass with breadcrumbs and chocolate sundae. Get the miso-marinated strip steak!  Perfectly cooked steak with perfect texture and flavor.  Loved the hen of the woods tarte flambé, keugelhopf, and fluke tartare.  I will definitely return!",True,5,0,3,Marissa S.,en
237,2020-10-18 04:40:16+00:00,4,"Gabriel Kreuther is one of those quintessential French restaurants that will always check off all the boxes: perfectly prepared food, charming staff, and an upscale / modern ambiance. If you want a fancy place to splurge on French food, it's definitely a good pick.

My favorite was definitely the sturgeon and sauerkraut tart, a must try! I loved the combination of the sturgeon, cream, and the sauerkraut flavors and the tart pastry added a slightly flaky crisp texture. The duck confit was also pretty good, very tender meat with a crispy skin. If you like foie gras, i liked their take of it with the pecans and little cherries. Honestly you can't go wrong with any of the dishes, I highly recommend ordering different dishes so you can try everything! They also gave complimentary chocolates at the end, and I forgot how delicious their chocolates were. If you don't have time for dinner, you can still stop by their shop to buy a box of their melt in your mouth chocolates.",False,0,0,1,Monica N.,en
236,2020-10-20 15:03:49+00:00,3,"Very disappointed by the current menu. 
I always loved this place before Covid. The tasting menu was always full of surprises and without any technical mistakes. 

Last week was a disappointment. 
The current menu has some nice plates like the cocoa sundae, or the classic sturgeon sauerkraut tart.
But besides those two, it was ok or just plain. 
The fig carpaccio for example was very blend and lacks depth of flavors. 
At $400 for two, I was expecting way more. 
Not going to come back anytime soon.",True,0,0,0,Alex B.,en
235,2020-10-27 01:41:10+00:00,1,"This was, undoubtedly, the most underwhelming dining experience I've ever had in New York City after living here for over 3 years and dining at multiple Michelin-rated venues. I had heard great reviews about Gabriel Kreuther and decided to take my girlfriend there to celebrate my birthday. We arrived early for an 8:15pm reservation on a Saturday evening. After being seated and receiving water, we were promptly ignored for the next 40 minutes. Waiters walked by, and no one checked in with us. Guests who had been seated after us were attended to before us - it was almost as if we were sitting at Bryant Park, not a two Michelin star venue next door. I had to flag a waiter to take our drink orders when we weren't acknowledged by 9pm ET - even then, it was almost as if we inconvenienced them. Assuming the ""fluke"" in service was due to pandemic-related difficulties, I reached out to the restaurant twice afterwards to attempt to understand why the experience was so abysmal, and have not received a response yet. If you want to treat yourself and your loved ones to a special evening, I cannot recommend avoiding Gabriel Kreuther enough - there are too many other deserving restaurants that could do the bare minimum and exceed what I hoped to have experienced at such a ""well-regarded"" restaurant.",False,4,0,0,Rachel T.,en
234,2020-11-03 00:39:35+00:00,5,Came here to celebrate a birthday and it didn't disappoint. It was a much needed fine dining experience especially during covid times. All the waiters wore a mask and each table was provided with hand sanitizer bottle. The high ceiling and space made us feel safe to dine indoor.,False,0,0,0,Dier L.,en
233,2020-11-03 13:24:07+00:00,2,"I went here last night to celebrate my engagement. My fiancé and I love watching Gabriel cook on his Instagram and I have been an admirer of his restaurant from afar for a long time. We went last night with high hopes and unfortunately were very disappointed.  We started out with the mushroom flatbread which was extremely soggy and not very hot. The cheese was overwhelming and it just was not good at all.  We then got the sea bass which was overcooked and underwhelming in flavors. The cocktails were okay.  But the saving grace of the night was the desert, apple Mille feuille.  Creamy deliciousness with buttery crisps and a bit of tang tart sauce, a few apple pieces were mixed in too to add dimension. Also the service was fantastic and the decor was beautiful. We didn't mind ease-dropping on the fellow patrons, very rich snobby billionaires talking about their private chefs and vacations.  Was an interesting night, but most certainly not due to the food.  Defiantly watch this restaurant from afar and maybe only go for the chocolate or desert !!!",False,0,0,0,Jamie B.,en
232,2020-11-07 21:32:20+00:00,4,"We've been here several times, before and after COVID lockdowns. Our first experience after lockdown was different, as, there was now an a la carte menu. We encountered an excellent and knowledgeable staff. Great pre-dinner cocktails and quality ingredients with every dish. Our second experience, while still the same in terms of staff, left something to be desired in either ingredient quality or preparation, unsure which. Regardless, we will return and hope Chef Gabriel and his staff continue to move this fine establishment forward.",True,0,0,0,Ron M.,en
231,2020-11-10 01:51:53+00:00,4,"Had dinner at Gabriel Kreuther on Thursday evening. A spectacular meal, which unfortunately highlighted how much COVID has changed dining. Would love to come back to truly experience what the restaurant has to offer, but would wait until some normalcy returns.

Quality: Gabriel Kreuther is held in high standing, earning two Michelin stars. Unlike many restaurants at this caliber, each dining option, pre-fixe or a la carte, provides guests a fair amount of responsibility in selection. We picked our way through the meal starting with the Foie Gras Terrine And Pecan Praline and their signature Sturgeon & Sauerkraut Tart With Caviar. Two of the best dishes we had on the evening, with the tart really providing a one-of-a-kind flavor. Next out were the slightly underwhelming and very heavy Hen Of The Woods Mushroom Tarte Flambee, and the delightful Alsatian Onion Quiche. The quiche was not on the pre-fixe, so even if you go that route, still make sure to order it. For our mains we had the Grilled Miso-Marinated Prime Strip Steak and the Long Island Duck Leg Confit ""Cacciatore."" Solid dishes, but the best bite of them for me was the roasted salsify, leek vinigrette, and parmigiano espuma served on the side of the steak. To end the meal we went with the Fig Carpaccio, which was boring and simple, but luckily was followed by a delicious Pumpkin Pie petit four. A top-notch meal that did not immediately wow me, but the tastes lingered and reflecting on it, I was very impressed.
Quantity: A pre-fixe menu is available, but we decided to pick and choose. We ordered a fair amount of the menu, and the dishes are a good size, so expect to fill up.
Value: $36 for Foie Gras Terrine And Pecan Praline. $40 for Sturgeon & Sauerkraut Tart With Caviar. $24 for Hen Of The Woods Mushroom Tarte Flambee. $17 for Alsatian Onion Quiche. $9 for Crispy French Fries. $48 for Grilled Miso-Marinated Prime Strip Steak. $34 for Long Island Duck Leg Confit ""Cacciatore."" $15 for Fig Carpaccio.
Ambiance: Gabriel Kreuther is located in Midtown Manhattan, across the street from Bryant Park. Currently they have outdoor dining set up on the long sidewalk out front, however, it seemed hastily put together and quite noisy with traffic. We opted to dine indoors, which was much more relaxed. The dining room is large and spacious, with high ceilings and massive features. With tables removed and music played low, it felt a little strange and cold. While this was not my first meal since COVID, it was certainly the most upscale, and it was clear that the energy could not be replicated with a reduced crowd.
Crowd: They are operating at 25% capacity as a result of COVID, but most of the tables were filled on Thursday evening. Even though outdoor dining was an option, most guests chose to dine inside.
Service: The most disappointing part of our meal was the failure of the service to live up to the expected quality. It felt understaffed, potentially as a result of COVID, and as a result they were not able to provide that touch expected of fine dining. We did not get descriptions of many of the dishes, and while the sommelier was excellent, he was being pulled in every direction. While the food is typically the most important element, for a meal like this service is nearly as crucial and unfortunately it was lacking.
Parking: Several parking garages less than a block away.",True,2,0,3,Ryan F.,en
230,2020-12-06 18:45:14+00:00,5,"We really enjoyed celebrating my boyfriend's birthday at Gabriel Kreuther, the food was really amazing and their service was spectacular.

I made the reservation about 2 weeks in advance. 

My boyfriend walked away feeling spoiled by one of the few fine dining indoor experiences he encountered. The staff were thoughtful and there was a note prepared for us when we got there. We were sat promptly and they offered us some of the bread and spread (chef aumont) and then we also got an amuse bouche from when we arrived.

Next we decided to order a la carte instead because there were a few things we didn't quite like from the prix fixe menu (very good value, 3 course for below $100 and just over $100 for 4 courses).

We ordered the signature smoked sturgeon and sauerkraut tart which was smaller imagined but very delicious with the thin soufflé exterior. We also ordered the hamachi crudo which you pair with some sort of chip which was also quite delicious .

We then got our main courses which from reviews, the miso prime strip steak and the duck breast were the most highly rated- so good! I loved the duck the best because the duck fat just melted off of the crispy skin with each bite. 

They forgot our side order of polenta so they took that off our Bill and even gave us complimentary fries to make up for it.

Then for dessert we got a fig carpaccio which was very unique and so delicate and crispy. 

They then came out to surprise us with a dessert with a candle and they even wrote happy birthday for my boyfriend which was also a complimentary dish. To finish they brought out a few chocolates and two mini mandarin cheesecake bites. 

Very sweet experience. I highly recommend for anyone wanting to celebrate their birthday! Best of all, after feeling extremely stuffed at a 2 star Michelin restaurant the bill was $250 before after tax which is very reasonable.",False,5,0,3,Lesley Y.,en
229,2020-12-09 03:33:31+00:00,4,"Finally, fine dining is back!!! I've been deprived of paying so much for a meal. Jk. I do miss my monthly fine dining adventures though. 

They have indoor and outdoor dining with very strict social distancing rules. Gotta love NYC for that. I wanted a 10-course meal but they only had a four-course so our plan was to order all the options and create our own 10-course meal. Upon ordering, luckily the waitress informed us of how big these portions were! They were huge!! We ended up only ordering one extra entree. We were stuffed before dessert time. 

All the food was amazing and some more unique than others. And the special freebies were mind-blowing. The flavors just explode in your mouth and you have no idea what you are chewing or why you are drooling. I can't say the bread was anything special though. I think I was seeking more flavors since the presentation was deceiving.",True,1,1,1,Canny F.,en
228,2020-12-13 02:13:34+00:00,5,"Impeccable and impressive. Staff was the most attentive and knowledgeable about the menu. Lisa was amazing. We decided to get their outdoor dining experience. They have heaters all around and despite the noise outside the ambiance was pretty cozy with wonderful music playing too. We opted for Ala-carte and it did not disappoint. Kugelhopf was served warm and delicious. The caviar and foie gras definitely was a great choice. The highly recommended miso marinated steak came medium rare and tasted sublime. My husband ordered the sausage that tasted great too. We loved the Mille feuille dessert. They also served us the sweetest greeting with a chocolate cake and small pieces from their chocolate collection. We are absolutely pleased and satisfied with the whole experience. Definitely deserved their Michelin stars and more, especially with their staff and their service. Thank you very much Chef Gabriel and everyone who served us and made our meal. With Covid happening you definitely brought us joy for our anniversary. Highly recommended!",False,1,0,0,Grace Anne S.,en
227,2020-12-14 17:09:58+00:00,4,"It's been awhile since we've done fine dining, and we were lucky this place still had some spots open! We went on a Saturday evening and it was pretty busy. We reserved a table on the outdoor patio. Thankfully it was 50ish degrees out, but if it gets any colder/windier, the heat lamps definitely wouldn't be enough, so keep that in mind if you're like me and don't deal with the cold well! 

Service was great and very attentive from the moment we sat down. We decided to just order a couple apps and entrees to share for the table: 

- 5J Jamon
- Cheese selection
- Miso marinated prime strip steak
- Wild stripe bass
- Long island duck leg
- 2 week aged duck breast
- Side of polenta and fries
- Dessert: Apple mille feuille and chocolate parfait 

Everything was delicious, but my favorite was the duck breast. It was cooked perfectly, paired well with the sauce, and was very tender. My girlfriend and sister both liked the miso steak the most, it was also very tender and the miso sauce definitely added a different twist. 

Overall, great experience in the midst of COVID and would return.",True,4,1,3,Shirley W.,en
226,2020-12-16 12:26:25+00:00,5,"Went there for a birthday. One of the best dining experiences I've had in New York, especially during the pandemic.",False,0,0,1,AJ J.,en
225,2020-12-26 21:07:39+00:00,5,"I love there food and atmosphere, the best meal I have ever had in nyc and that's saying a lot. Must have the tasting menu and they are amazing very good about accommodating allergies.",False,0,0,0,lilia G.,en
224,2020-12-27 03:36:52+00:00,5,"This review is primarily for the outdoor seating and menu. We went on a rainy winter evening. While they didn't seat us until about 15-20 min past our reservation, the outdoor setup was in par with a high class restaurant. Plenty of outdoor heaters were set up, with plants, and other decor which set up a Michelin rated restaurant vibe. Aside from adjusting tables to accommodate picky diners, the staff and ambience did this place justice. Music was playing overhead, and despite the rain and wind outside, we were sheltered in the patio setting. 
The food--is on par with what you would get indoors. I am vegetarian, and I got a hearty polenta, vegetable entree which left me satisfied. All in all, for the current circumstances, GK does an exemplary job in setting up Michelin dining given the restrictions.",True,1,0,0,Ami R.,en
223,2020-12-28 16:34:59+00:00,5,"WARNING: Definitely one of the best French cuisine in town. Kreuther specializes in Alsatian cuisine, modernizing traditional dishes with an innovative twist. Hearty rich dishes like the Foie Gras Terrine are transformed into delicate refined presentation, and full of depth on the palette. From the outdoor seating to the entrance and interiors, the detail is unmatched. As we join a couple days before Christmas in 2020, an otherwise strange time during the pandemic, at Kreuther, we escaped back to the sophistication of unique NYC dining, while taken to a part of France where you will find yourself for a couple hours mesmerized by exquisite plating and German influenced French flavors. As we dove into the last course of this gastronomic adventure, a cocoa pod is presented by impeccable service with specialty chocolates made in house... my taste buds caressed by the rich and smooth dark chocolates, the buttery caramel and pralines... each tops off the meal that is enchanting, unforgettable. So remarkable, you wake up the next day wanting to go back. For now, we enjoy this small piece of fine NYC dining with captivating architecture and attentive professional service, that of which you would expect from a solid Michelin establishment.",False,0,0,0,Laura C.,en
222,2020-12-28 23:15:43+00:00,5,"Over Christmas weekend, we came for dinner at Gabriel Kreuther's outdoor dining space and weren't sure to expect. The experience far exceeded what we had in mind, especially given the circumstances. The space is somehow private, subtly luxurious, and comfortable despite being on the sidewalk right across from a busy corner of Bryant Park! The restaurant has done a great job of staging the outdoor dining area, and adapting to the surroundings. 

We tried the 3 course prix-fixe, for which you can choose 2 savory and 1 sweet options. We opted for the starter, entree, and dessert. Both starters were a wonderful mix of decadent flavors and textures. The smooth, melt in your mouth foie gras with the crunch of the pecan praline made for the perfect bite, particularly with a touch of the cherry tang. The spiced pumpkin bread was warm and dense and it was lovely served on a hot stone. The hamachi crudo was also a delight; we loved the combo of the tender fish and avocado sauce, finished with the crunch from the farro cake. Both a wonderful start to the meal, for the eyes and taste buds.

For entrees we had the miso-marinated steak and duck confit cacciatore. The steak had an interesting sponge like texture and each bite was so perfectly tender while maintaining a solid structure and slight char. The duck was lean but flavorful and apparently from Long Island. The meat was juicy and the skin was rich and crunchy. Only a few bites were dry. The mushrooms and creamy polenta served with the duck were actually two of my favorite parts of the meal.

Finally, we had the fig carpaccio and chocolate parfait for dessert. If the meal felt slightly off mark anywhere, it was the dessert. Both were interesting but not at the same level as the other courses. The fig dish was very dry, with only the ice cream for some moisture. The chocolate had some great flavors, but they didn't fit together as naturally. However. We did love the final bites of Gabriel Kreuther chocolates to close the meal - those were delicious.

Overall, it felt like the full experience, even if it was outdoors. The servers were attentive and coordinated and they do their best to maintain the ambience (in fact, when I tried to find the bathroom, one of the staff didn't recognize at first I was a guest and politely blocked my entrance to the indoor area. Honestly though, in the time of covid, this was a great sign of the team taking health precautions seriously). One small potential area of improvement was the lack of music. Since the restaurant is on the edge of Bryant park with the sounds of buses, car horns and crowds, music would've been a nice auditory addition to a visually beautiful space.",False,5,2,3,Jennifer D.,en
221,2020-12-29 12:35:17+00:00,5,"We were lucky enough to get in the week before the latest COVID closure.  They were very careful to follow all protocols and have everyone spaced properly.  The service and food were both fantastic.   While I enjoyed the flambees and the miso-marinated steak, the artistry was in the foie gras terrine and the hamachi crudu.   The desserts and the specially made chocolates were a great finish.   They did a great job with the outdoor area as well so I wouldn't hesitate to go back and eat outside in the beautiful, well ventilated area across from Bryant Park.",False,0,0,0,Paul Q.,en
220,2020-12-30 21:58:00+00:00,5,"This year has been a tough one given the nightmare shelter in place and quarantine requirements we've all had to endure and just as I thought there would be some good news re vaccine availability, indoor dining in NYC was shut down. Having slaved away in the kitchen over Thanksgiving, I was more than ready to be spoiled by the best of New York and thankfully Gabriel Kreuther came through with the perfect, healthcode-compliant outdoor dining experience. As neither my husband or I are starving singer songwriter artist models, we decided to enjoy all of Gabriel's two Michelin star a la carte menu beginning with the aged duck breast, miso-marinated steak, broccoli rabe and carrot sides, and culminating in a non-traditional apple Mille feuille (where did the other 99% of my million layers go?) and my husband's fig carpaccio. The petit fours were also a lovely holiday surprise. We were both so spoiled and happy to have not set foot into a kitchen, this was the most amazing meal! As an aside, my glass of wine from Domaine Adrien Berlioz was the perfect accompaniment to my entree and I always love discovering new wines. Merry Christmas!",False,0,0,0,Christine T.,en
219,2020-12-31 02:16:18+00:00,5,We were alittle hesitant to come here because its currently only outdoor seating in nyc.  Im glad we came because even though it was 40 degrees outside it was warm enough to take our jackets off.  Service is excellent and so was the food.  Even though it was outside it felt like we were inside.  This place definitely deserves its 2 michellin stars.  I started off with the gk scaffa cocktail which was amazing.  The tea smoke put it over the top of other cocktails you normally have.  If you are into martinis the oliv oil martini was one if the smoothest ive ever had.  To start I had the sturgeon and saur kraut tart which was amazing.  For my main I had the smoked duck breast which had crispy skin which I did not expect since it was smoked.  For dessert we tried the fig carpaccio and chocolate  parfait.  If you are craving something different go with the fig carpaccio but if you want a really good chocolate dessert I would suggest there chocolate parfait.  If you have fomo like me get both because the menu is seasonal.  They also gave us complimentary chocolates at the end which were melt in your mouth delicious.  I wish they wouldve sent us home with some chocolates but i guess thats reserved for 3 star michellin spots.  Can't wait to come back for more!!!,True,2,0,3,Warren A.,en
218,2021-01-01 03:39:28+00:00,5,"Two couples.  

Terrific evening.  

Exceptional service. 

See the menu for the spectacle. 

Cannot wait to go back

I recommend this place!!!",True,1,0,1,Marios D.,en
217,2021-01-01 23:26:27+00:00,5,"I want to eat here again. Everything we got was so good. 

Miso marinated steak. Duck breast. Carrots. Broccoli rabe. All of them were perfect. The duck breast vs steak is a tough choice. My recommendation is to skip lunch and have room for both. 

I find sides usually aren't that special, but at GK that's not the case. The carrots ... humble carrots ... cooked to be stars in the own right. And the broccoli rabe ... a hearty mound of delicious greens. Definitely recommend these.

Dessert was of course also yummy. The fig carpaccio was unique and very figgy, which was great since I l love figs. There is a gelee thing in the center, ice cream, and ... figs! FIGS!!! 

The service was excellent. Our server magically appeared just when I was about to want something, and left us alone to enjoy the food when we wanted not to be disturbed. It's possible they have a mind reading machine in the back. And they kept my hot water pot topped up.

The outdoor dining setup is very good. Good heat lamps, tables far far apart, and beautiful decor.",False,2,0,2,Igor V.,en
216,2021-01-17 15:20:15+00:00,1,"They cancelled on us at the very last minute (the day off). They said it was for unforeseen circumstances, but if they expected any sympathy, they should have expanded on why. I realize there is a pandemic and there could have been a good reason- but they should have just told me that and not been so cavalier as though this is a normal thing to do.  Not only that, they could have offered to rebook us for another day. This was for a birthday celebration and we had to find another place a few hours before dinner. I had been excited about trying this place and now I wont bother- too many other good restaurants in NYC where the staff actually have a good attitude.",False,5,1,0,B K.,en
215,2021-02-06 00:08:33+00:00,5,Celebrated my birthday here with the 4 course prix fixe.  Started with kir royales.  Loved the foie gras and sturgeon courses.  The duck confit was also rich and delicious and paired well with a glass of red.  Perfect apple mille and chocolate parfait with cappuccinos to end.  A surprise birthday dessert as well.  All courses were thoughtfully prepared with sophisticated ingredients.  Only thing is I wish the cappucinos were larger.  Attentive staff and relaxing atmosphere.  One of my favorite Michelin restaurants.,False,3,0,2,Mi Rae C.,en
214,2021-02-09 18:02:23+00:00,5,"I was looking at Michelin starred restaurants to take my husband for his birthday, unfortunately, many of them were temporarily closed for the season because of COVID.

I was ecstatic to have stumbled upon Gabriel Kreuther. Their outdoor dining set up was impeccable, and makes outdoor dining in the middle of winter, a dream. They managed to build the most chic and practical canopy that is properly ventilated with staggered wood beams, with heaters inside.

My husband and I enjoyed the delicious 4 course pre-fixe menu. Even though it is a pre-fixe menu, you can still choose from a few options what you would like to eat. Between my husband and I, we had everything on the menu, except three items: the slow poached farm egg, the trout, gnocchetti.

Everything we ate was delicious. From the savory bundt cake/bread with hints of green onion in the beginning, to the complimentary chocolates brought out at the end, in a cocoa bean, which was super cool. The wine list was also well-curated and reasonably priced. We chose the Vosne-Romanée to pair with our dinner.

Lastly, our server, Bridgett was wonderful. Her recommendations on the courses were on pointe. At the end of the night, she brought out a complimentary cake for my husband's birthday, and even offered to remove the wine label on our wine bottle as my husband collects them.

We'd love to return to dine again, next time inside, hopefully, where it's even more beautiful than the outdoor seating.",True,15,5,12,Ju L.,en
213,2021-02-24 15:57:40+00:00,5,"Delicious food and fantastic service! Our server Albero noticed my dining guest was a lefty and automatically provided a special left handed spoon! Also knew how to smoothly get us to order more drinks and such with open ended questions, from one sales person to another... props to you! Cocktails are pretty much $30, expensive. We did the prix-fixe dinner which is $125 for four course. Super great value for this quality food and service from a Two Michelin Star place. Our favorite from each course was the Hamachi Crudo for starters,  slow poached farm egg for our mid, and two week aged smoked hay duck breast was some of the best duck I've had. Gabriel Kreuther is known for doing great ducks including foie grad. Even packing my left over to eat the duck for work the next day it was still sooo amazing reheated up. The complimentary amuse bouche as well as the warm scallion bread with chive butter was so delicious as well. Ending with apple mille feuille for dessert was just lovely. Would highly recommend!",False,3,1,2,Monica P.,en
212,2021-03-18 04:01:36+00:00,5,"I knew it that they have a good food and good service. The are a two Michelin stars restaurant. Even though in my visit I was so surprised with the food and the service. It was a magical night with my wife. The staff was very attentive and the food it was delightful. The terrine, duck breast and desserts were amazing. More than recommended. It's a must in NYC.",False,0,0,0,Cristóbal D.,en
211,2021-03-24 01:48:52+00:00,5,"The food and servers/manager on staff was 10/10! This is a must try restaurant, brought my boyfriend here for our first time and birthday.. they definitely made the night very special. The food, presentation, and service was phenomenal:) our server was Elizabeth super sweet and nice girl! Recommend her as well",False,0,0,0,Erika L.,en
210,2021-04-02 02:40:07+00:00,5,"Amazing place for an exquisite dinner. Was able to switch our reservation to have the Chef's tasting menus in the kitchen. Just amazingly- wow! The food was unbelievable, the service - impeccable and the atmosphere just pure joy. GKNY is a must for any foodie!  Thank you to the staff for an incredible evening and ensuring our safety as well.",False,0,0,0,Gerry G.,en
209,2021-04-14 16:20:13+00:00,4,"A tale of of two prefixes. Depending on your selection, you may like it or love it. Excellence in service and a beautiful venue to boot. We got the 4 course prefix for dinner. If you want the love it selection, go with four gras , sturgeon (skip the caviar it doesn't add much to the dish), duck breast, and chocolate. That course was delicious. Don't be me and get the hamachi which was good to be honest, egg - ordinary, duck leg confit - dry, chewy, with pole to and mushroom that was bland, fig - funny after taste.

So go on and have an excellent meal, but choose wisely. The birthday cake was delicious, so we did really appreciate that, just wish ALL the dishes were delicious.",True,0,0,0,Mony K.,en
208,2021-04-21 13:55:18+00:00,5,"Came here for my birthday. Was surprised they raised their price just around the time for our reservation as the price was $10 lower when we made the reservation about two weeks prior.

Nevertheless, the service, food, atmosphere and just about almost everything was amazing. The dining room felt like a comfortable and luxurious bedroom (?) (my first impression) with beautiful decors. We were greeted warmly several times by the staff regarding my birthday and what we wanted and water was replenished and table was cleaned several times. In addition to the four course menu, we also had several complimentary small dishes/ desserts/chocolates in the beginning (even the bread was beautifully made and tasty), between our courses, and the end, as well as a surprise candle lit chocolate cake for my birthday (very appreciative). 

We had both the starters: foie gras terrine and crown toro hamachi and I definitely preferred the hamachi better and the ponzu sauces were unique and interesting to try. 

For the mid course, we had both the Sturgeon & Sauerkraut Tart  and Canestri Pasta. Unfortunately, the pasta felt too salty for me but the tart was a unique experience.

For the main, we had trout and duck confit. I must say out of all the dishes, I enjoyed duck confit the most and it was definitely a highlight of all the dishes. My boyfriend enjoyed the trout more. 

Finally, we also tried both the desserts and  I found the chocolate sticky toffee pudding to be extremely tasty and worth it.

Probably one of the best dining experiences I ever had thanks to the hospitality, food, and service, although I do agree that not all the dishes on the menu we had were tasty. Nevertheless, would 100% recommend!",False,0,0,0,Yi G.,en
207,2021-05-08 01:33:33+00:00,5,"I haven't written a review in a while but --

Went for lunch. Food was stunning and expensive as expected. Selected 2 desserts since I couldn't make up my mind- quite enjoyed the dessert courses the most, recommend both the pistachio brûlée and the wild strawberry mille fueille which were fkkin incredible. Got the hen of the woods flambe which was really not that tasty as people wrote so I don't recommend it (overrated). Like your app is supposed to excite you for the next course but it just fell super flat and bit overcooked with burnt bits that made each bite taste bitter, choked my piece down with water. Just didn't work for me. Instead thought their goat cheese spring salad app was incredibly delicious, not to sound pretentious and absolutely ridiculous but really tasted that spring had arrived lol. Trout was excellent but enjoyed the marinated brussel sprouts underneath even more. Didn't taste the shrimp or steak dishes but everybody said it was fantastic. Noticed a trend that everything was stunning but the vegetables were next level tasty for me... not to be weird but I thought back to the anime called food wars where shinomiya utilizes french finesse on veggies and blows everyone's clothes off and that was legit me 

I had taken my fam out for a nice lunch and the coolest part was one of the waiters realized we were speaking korean. My parents prefer conversing in their native language. Soooo when he spoke my mom was like omona and she was so incredibly happy! Thanks for going out of your way to make them feel comfortable, unfortunately didn't catch his name. I think she spoke like 15 mins straight about how *lovely* our Korean waiter was which beats the time she talked about our waiter at Jungsik lol. Bridgette/Bridget (sorry if sp is wrong) was super cool too. Anyways, really enjoyed our lunch. Thanks Kruether's lunch team!",False,0,0,1,Hannah C.,en
206,2021-05-09 21:05:43+00:00,3,"We had Mother's Day dinner at their outdoor patio. 

Environment Wise [5/5] - Their outdoor patio is nicely built and situated right across Bryant Park. Noise level was quite high and I would suggest avoiding outdoor dining if you are looking for an intimated and romantic experience. Their dinning room is classic and elegant. This is a perfect place to celebrate special occasions. 

Service Wise [3/5] - Not the best services I have received and I think it could be better. Some staff was friendly, some was pretentious & some was emotionless. I noted in my reservation that I was here for an early Mother's Day dinner and only the host said something about it. No one said good bye when we left and hey I don't expect that in every restaurants but this is a Michelin Two Stars restaurant. 

Food Wise [3/5] - We ordered a la carte because the prix fixe menu didn't interest us. Most of the dishes were tangy and sour and I don't like sour foods. Duck breast was cooked perfectly - better than the infamous duck breast I had at EMP. I would come back for their duck. Also, don't forget to try the Sturgeon & Sauerkraut tart!",False,1,0,1,Christy C.,en
205,2021-05-10 17:28:05+00:00,3,"Food deserves a 4 rating but sadly the service deserves a 2.5 star rating. For a 2 Michelin restaurant we were expecting better service from our server. 
We made reservations at GK to celebrate our wedding anniversary on Saturday night. When we reached the restaurant we were promptly seated & someone offered us water. We opted for a four course prix-fix and our server helpfully switched my husband's main course from Duck confit to Duck breast. While my husband was promptly served champagne I didn't receive my mocktail until after the first course. That isn't a big deal; it was after the second course that the service went downhill. While the flow of courses between the introductory bite, first and second were perfectly timed, it took over 30 minutes to be served our main course. During that time nobody came over to ask whether we'd like another drink; it was as if our corner table didn't exist. After the main course, my husband hoped to order another drink with his dessert but no one inquired if we'd like to have a drink or coffee or tea with dessert. It took over 15 mins to catch someone's eye and order another drink. At that point my husband questioned whether the bar was closed hence no drinks were offered. There was no apology from our head server; he took my husband's order and left. We have been to Michelin restaurants across the world but the service at GK stood out, not in a good way. 
That being said, the food is very good:
Starters- Both starters are excellent (Fois Gras & hamachi crudo)
Second course- we opted for chef's speciality, Sturgeon & Sauerkraut). It was good.
Third course: the steak & the duck were both very tasteful, especially the steak (my favorite!)
Dessert: both desserts on the tasting menu were excellent; it's hard to pick a favorite. 

I would definitely like to go back & give their service another shot. Perhaps it was just a one off night when the service slacked. Only this time I won't be ordering a mocktail only to be charged $18 for a cocktail. We didn't want to make a fuss about it so we paid & left.",False,0,0,0,Gauri S.,en
204,2021-05-12 14:09:28+00:00,5,"Went here on for my birthday way my parents, everything was a 10/10. Best meal I've ever had and everything was great, my personal favorite was the Foie Gras Terrine. COVID accommodations were also great, outdoor seating, staff wearing masks, hand sanitizer at table. Hopefully I have an opprotunity to go again in the future and try the tasting menu.",False,0,0,0,Jalal S.,en
203,2021-05-12 15:10:44+00:00,3,"Well, there's a first time for everything and this is the first time I've rated a Michelin 2 star restaurant anything other than a 5/5.  First the positive:  the decor was fabulous.  It felt like a 1960's LA glam/ cabin in the woods mash up, but it worked!  The tables were appropriately spaced out for safe social distancing.  The food was most enjoyable.  The chef is to be commended.   My personal favorite was the smoked duck with asparagus.

The not so good: it was around 10 minutes before anyone took our order. My dinner date had to stop a service director walking by and ask if she or anyone could take our order!  When our waiter finally did arrive we ordered the chef's tasting menu, but explained that my date could not eat muscles, and asked if something could be substituted for this particular entree. The waiter brusquely replied that the muscles were for two, so if he couldn't eat them, then I couldn't have them, turned on his heel and marched away.  I've never had this treatment before at other Michelin restaurants. We've had the situation several times in the past and the waitstaff has always been accommodating and asked the kitchen what substitutions could be made for my date. It's never been a problem. My date was quite upset that I would be prevented from enjoying one of my favorite foods, just because he could not eat them.  Why should I be punished?  He again asked for the service director, Rachel,  who quickly and agreeably stated that a substitution could be made. She was really the star of the evening and salvaged the experience with her warm personality and attention to customer service.   Our waiter continued with his overall laconic, rushed manner but at least would comment on the food as it was delivered.  The final slight was at the end of the meal, my date asked for the remaining dessert that we did not finish to be packaged so we could take it home.  It was a wonderful assortment of dark chocolate that nearly tasted like pure cacao, passion fruit tarts and a birthday fudge brownie.  Upon arriving home, we were both disappointed to find that only the partially eaten brownie had been boxed. 

I understand that the pandemic has put a stretch on the restaurant industry. However, this is precisely why we have continued to provide our support by regularly dining where proper pandemic precautions are in place.  The service is just as important as the food for an enjoyable culinary experience, and both are expected to be superb at the price point paid at Michelin rated restaurants. Throughout the pandemic, this has been my first lack-luster experience at a restaurant of this caliber. Disappointing.",False,5,0,1,Angela B.,en
202,2021-05-14 02:41:11+00:00,4,"We visited the restaurant for our anniversary. It was also our first visit to New York and we were very excited to eat a restaurant with two Michelin stars. The night started out wonderful, We got seated on the patio, and a handwritten note from the chef was a nice touch. First the bread which was delicious. Slightly cheesy with a chive cream. Different and tasty.
Then a nice amuse, pallet cleanser was offered which looked modern an contemporary, I believe a melon soup with basil and another little bite that was tart but refreshing. As they were placed on the table, 5 seconds later the first course appeared and it obviously came a little to fast. But such a minor error in timing is no problem. The glass of rose champagne we started with made up for it.
Our first course was a goose liver dish and Hamachi crudo.  The goose liver was spot on, the sweet jelly and spice cake were perfect partners for this little golf ball of foie grass and the wine picked to accompany it paired beautifully.  The crudo was good, but not spectacular.  Dominated by the ginger and accompanied by a light cracker reminisced of Indonesian shrimp crackers it was nice but not wow.
Then the next course. Lamb ragout for me and Chef's signature sturgeon with sauerkraut in puff pastry, topped with caviar for my wife.
This is where the meal went off the rails a little bit for me. The lamb dish, with pasta, peas, pea shoots and lamb was rather bland and  uninspired. I could not detect any lamb flavor and the meat resembled ground beef much more then it did lamb. I was expecting a full bodied jus d'agneau for this dish, but the flavor fell flat despite the perfectly cooked pasta and peas. Technically nothing was really wrong except for the flavor, which was not worthy of a two star restaurant.  The sturgeon dish was very nice and my wife enjoyed it very much.
Time for entrees. My wife has the trout with a fennel sauce. A good dish, that was tasty, with delicious sauce, crunchy trout skin and fresh fish.
My duck confit on the other hand was a little underwhelming. Again I was looking for big and bold flavors. The duck confit was good confit, but that's where it ended. It could have use a touch of salt and maybe something else. This tasted like plain duck confit, slightly under seasoned. The morel sauce, with fava beans, was not strong enough to elevate and save the dish. Which is a shame, because duck can withstand bold and strong flavors that make a dish memorable. This dish was not. The lettuce that went with it, was ok, but a nice crème of celeriac,  truffle mashed potatoes, or salsify would have helped the dish a lot. The wine pairing on the other hand was very nice, the duck came with a Barolo that improved the overall experience.
The desserts were the highlight of the meal and probably the most memorable.  The rhubarb dessert for my wife and sticky  toffee pudding or cake, with passion fruit foam and caramelized banana for me.  The pastry chef stole the show with some phenomenal desserts and sweets . A complementary financier chocolate dessert was a beautiful touch and much appreciated.  
Overall it was good meal, but we came with sky high expectations that only were met with certain dishes. We feel the service team might have been a little short and although courteous and nice, they did have to cover a lot of tables and ground to make the night happen which is never a good thing if you aspire provide the best possible service.
We want to thank everybody at Kreutner for wonderful night and hope that they take this review as an opportunity to improve, because its certain not meant in spiteful way. We know that with 2 Michelin stars comes with high expectations and a lot of  pressure to perform and not everyday can be your best. As we both work in the industry, we appreciate the hard work and skill that went into this night but we feel we owe you a truthful review. Good luck in your pursuit of that that third star.  It you get it, we'll come back.",False,0,0,0,Frank F.,en
201,2021-05-15 02:59:41+00:00,4,"I was very excited to check out another Michelin starred restaurant. 

I ordered the 4 course prix-fixe menu for dinner. It consisted of:

Bread and butter - Absolutely delicious

To Start:
FOIE GRAS TERRINE AND CASHEW PRALINE - Never liked Foie Gras, but this dish was better than the other times I have had it
CROWN TORO HAMACHI CRUDO - Very good, well seasoned

Mid:
STURGEON & SAUERKRAUT TART - Very flavorful and had great textures
HOUSEMADE CANESTRI PASTA - Tasted rich and earthy

Main:
PRIME BLACK ANGUS STRIP STEAK - Perfectly seasoned and juicy
LONG ISLAND DUCK LEG CONFIT - Probably would not get again since whole duck cuts might be a better option

Dessert:
PISTACHIO FRAPPE BRÛLÉE 
CHOCOLATE STICKY TOFFEE PUDDING 

The service was excellent. The staff there was super attentive and accommodating. 

I am giving this place 4 stars because I have had better-tasting food and wish I did not go with the prix-fixe menu (regular menu has better options).",True,2,0,0,Cherry J.,en
200,2021-05-17 19:09:16+00:00,1,"Truly disappointing experience. I was expecting way more from a 2 Michelin star restaurant. The food was average and so was the service. The waiter never explained the plates (as they do in other Michelin star restaurants). 

I ordered the 4-course pre fix. The foie gras was hard to eat, the sauerkraut tart was good, the duck breast was exceptional, and the chocolate flan was good as well. However, overall, the food was not what I expected and the experience was far from memorable. 

At first, I was skeptical to go here because it was the only Michelin star restaurant that had wide availability. Should have trusted my gut.",False,0,0,0,Eric E.,en
199,2021-05-23 13:36:48+00:00,5,Simply outstanding. Get the duck or steak both are the best in the city. The waiters were inviting and friendly to share suggestion and history of the dishes,False,0,0,0,Adam W.,en
198,2021-05-30 04:46:47+00:00,2,"Dinner with drinks was over 500 hundred dollars (!!!), but I've honestly had better service and hospitality at almost every other restaurant I've been to in recent memory. 

The food itself was fantastic a 9.9/10, but when they serve you the wrong entree, don't take your order for 20 minutes, fail to explain anything about the menu, make your guests eat alone while they correct your order.....it's hard to leave satisfied. 

I hate to be critical because none of this was intentional, and Covid has obviously impacted the service industry immensely, but I think it's fair to let other diners know what to expect. Service needs to improve vastly before you should consider visiting.",False,3,0,0,David P.,en
197,2021-06-13 20:38:35+00:00,2,"What - meager - amounts of food I *did* have were quite tasty, but unfortunately service was abominably slow and a four course, scantily-portioned meal stretched out into three hours. I never thought I'd sit at a two Michelin star restaurant with a prefixe meal hungry, for the entirety of the meal. Now I understand why they offer side dishes prominently on the menu which are essentially pizza and cheesy potatoes because, guys, you're gonna need it.

It took a little while for the amuse bouches to arrive, but they were delightful. A melon gazpacho, a margarita congealed in a little cuboid gelee, a cheesy puff pastry. The bread course was an airy and fluffy thing with scallions and a whipped herbed butter.

For my first course I got the foie gras torchon. I enjoyed the combination of flavors - pickled strawberries, balsamic reduction, champagne jelly, accompanied by  ironically prosaic Pullman slices of rye bread.

The caviar and sturgeon second course was... prettier than it tasted. It is literally a smoke show that was figuratively smoke and mirrors. It was a piece of fish served on a few layers of phyllo dough, not the tart shell I was expecting.

The third course, I got the duck breast. We are two hours into dinner and finally the entree arrives. I am famished at this point, but I found the duck chewier than I'd like, with an unfortunately un-crisp skin.

The pistachio creme brûlée dessert was a delightful mess of textures - foam, compote, biscuit. The meal ended with a cherry coffee cake petit four and a coffee ganache bonbon.

Still hungry, I went home and I made myself a charcuterie board.",False,1,1,0,Jin C.,en
196,2021-06-17 03:01:39+00:00,3,"This is my 2nd time at Gabriel Kreuther and it was such a disappointment. Aside from the signature sturgeon and sauerkraut tart (so creamy, loved this!), entrees were really lackluster and upsetting. I took some out of town guests here and unfortunately, we were not impressed. 

Hatchery Trout: got this dish the first time I came here and it was amazing, I loved the sauce. The second time around, I guess they changed the sauce each season, but it tasted unappetizingly sour. I would give it a 2.5/5

Herb crusted blue shrimp: the shrimp was very tough and didn't seem to go well with the crust. The sauce was again, very sour... Don't get me wrong, I love some tarteness to my seafood but it didn't feel balanced. 2.5/5

Duck confit: duck was cooked well and I really enjoyed the polenta but the dish was a little too salty for me. Out of the 3 entrees though, this was probably the best one. 3.5/5

Strawberry Mille feuille: very good, love the Yuzu sorbet but very, very small portion compared to the desserts I got last visit 

For a 2 star Michelin restaurant, I was very disappointed at the new menu offerings. I thoroughly enjoyed the food during my first visit, I can't say the same for my second visit. 

Also, I did not experience any issues with service like previous reviewers had. Service was prompt and attentive during my visit. I tend to drink a LOT of water and my glass was never below halfway full.

Would not recommend dining in the outdoor terrace during rush hour traffic! Lots of loud buses and traffic. Really interferes with the ambiance. I would recommend going later in the evening.",False,2,0,0,Lucy W.,en
195,2021-06-17 18:29:13+00:00,5,"The space was elegant and very spacious. Starting out, the first courses were just fine (got the hamachi as well as the langoustine tartare) but the second courses (foie gras and sturgeon tart) were great! For mains, the duck and the steak were both delicious. For dessert, I liked the lightness of the strawberry mille feuille. Overall, it was a really nice experience! Service was warm, but can be a bit slow. Would come again!",False,1,0,1,Jin F.,en
194,2021-06-27 03:34:10+00:00,4,"Came here for lunch and decided to go for terrace seating. Really beautiful outdoors and great service. Food is high quality and with great flavor but would wish the portions are a bit balanced.

We started with the mushroom tarte and it was rich, gooey, and filling. In some ways this appetizer and its portion felt more like two very large slices of New York Pizza, and while I appreciate that it helped fill us up, I wish that it would be the case for entrees.

For entrees we had the greenwalk hatchery trout and the Miso marinated prime stick steam. Both dishes were well balanced and full in flavor, technically flawless in their preparation and exactly as I would expect from this restaurant. My main critique is that the portion sizes are a bit everywhere, with the trout being light.

The dessert was good, presentation fell a bit flat on this one. We weren't sure of what happened to the chocolate store. 

Service was impeccable. Overall a great experience!",False,1,0,0,Shang S.,en
193,2021-06-28 02:43:14+00:00,5,"On a spree to collect Michelin stars and this place lived up to expectation in every way. Every dish was flavorful and exquisite, the service and ambiance were incredible as well. Will be back sometime!",False,0,0,1,Jen C.,en
192,2021-07-02 18:07:09+00:00,4,"A 2 #michelinstar dining--spent my dinner a few months ago there. Loved the service and the atmosphere, the food (we got their dinner tasting menu) was marvelous, but hoping it could be better. But overall, a great experience with its tasting menu!",False,0,0,0,Irene M.,en
191,2021-07-03 02:00:49+00:00,5,"Today was a good day. Gabriel Kreuther did not disappoint. We thoroughly enjoyed our first indoor dining experience since 15 months. We were wowed and treated royally.

Michelin Stars well deserved for the exquisite mix of French Alsatian and German haute cuisine. 

Lunch was an la carte affair vs the dinner multi course prix-fixe. Thus we stayed within our dietary scheme.
:)

Superb wine pairing, meticulous service, along with glowing splendid company topped off a fabulous beginning to this holiday weekend.

New York, we're back! xoxo",True,66,43,61,Cam E.,en
190,2021-07-05 21:03:41+00:00,5,"What is there to say? Came here for my first michelin star restaurant experience. 

We all chose the 4 -course menu for 145.

Started with a delightful/smooth/refreshing melon/lemon grass (?) juice followed by a savory/smokey ""jello"" shot. 

Next was this beautiful almost bunt bread presentation with sour cream/onion savory spread. 

Then we went in the next steps. I got the foie gras terrine - very buttery/smooth, spread on house rye. Break up with riesling gelee and pickled strawberries so refreshing. Others got the crown toro hamachi - so sweet and light.  

I chose the sturgeon & sauerkraut tart - beautiful presentation captured almost in a crystal vase - releasing it allowed the beautiful smoked fish to fill the table.  The others at the table got the seared sullivan county foie gras - that's the way to go. The sear just brings out a different flavor. And the peach jam with the foie gras - oh my. 

Main meal - you have to go the 2 week aged hay-smoked duck breast. Skin still crisp, but breast so juicy and fatty. Served on pumpkin seed cornbread that was just the perfect filler. 

Dessert went with the chocolate caramel flan - absolutely gorgeous presentation - cocoa nibs to break the sweetness, milk sorbet to break up the gorgeous heavy flan. 
But you can't go wrong with any of the other desserts - the pistachio frappe brulle was a beautiful blend of vanilla, cherry sorbet and almond, the pineapple carpaccio was also absolutely refreshing. 

Top it all off with the best almond amaretti you could imagine - sweet, sharp, chewy, and the best chocolate decadent squares with cocoa nibs. 

Wonderful service, napkin folded every time I left the table, water glass - I only got to the bottom once. Price per michelin star was great.",True,1,0,1,Hank N.,en
189,2021-07-06 18:00:49+00:00,5,"The food is something unbelievable. ! This is a perfect place if you have a special occasion. My boyfriend and I had our first anniversary and we decided to try Gabriel Kreuther. This place has really nice located right next to the Bryant Park. They have tables inside and outside. We reserved a table inside and the interior is beautiful there. Service was amazing, when we were seated at our table, we found a cute note that said ""happy anniversary."" Our waiter was nice, he checked on us every time. 

The food is something unbelievable. If you like to try different dishes and interesting tastes, this place is exactly what you need. We started with really delicious bread with some spread, that was probably the best bread I ever tried. After that, we had Prix fix from the chef and it was good as well. We choose a 3-course meal for each of us. For an appetizer, I had Foie Gras Terrine, the main dish I had 2 Week Aged Hay-Smoked Duck Breast, and for dessert Chocolate Caramel Flan. All three dishes were beyond the perfection, it was super delicious. 

However, after that, the waiter brought us small chocolate and candy to try. The serving was amazing, they put it inside the cacao bean! We were full but it was not eaten. The final was another dessert that was complimentary for our anniversary! This is super cute!

I highly recommend this place for special occasions.",True,0,0,0,Marina O.,en
188,2021-07-09 16:45:41+00:00,5,"Gabriel Kreuther is a luxurious 2 Michelin star dining experience.

The setting is classy and elegant; the service is attentive without being overbearing; the food was excellent. Some dishes were thoughtful and took you through an experience. Other dishes were tasty and well executed. We all left with full bellies and very satisfied.

We opted for the $145 for four courses. What I loved about the restaurant and fine dining, is the four courses blossomed to 6. With the amuse bouche and the petit fours and the additional ganache cake (we were celebrating a birthday and two anniversaries), there was enough food to go around. 

Amuse bouche was melon citrus gazpacho that was refreshing and a palate cleanser. There were gruyere mochi mini tarts that was savory and left you wanting more. 

Bread platter was a mini Bundt scallion bread that had a thin cheesy crust. 
It was light and buttery and came with a rich avocado cream.

1st course, I opted for the foi gras terrine. It was a flower arrangement of pickled green strawberries, Riesling gelee with house made rye bread. The foie gras was rich, served cold and my favorite part was the cherry balsamic sauce dropped on the dish.

K got the hamachi crudo with pickled rhubarb, avocado and black garlic ponzu. The fresh fish with the different sauces were refreshing and amazing. Def pick this one if it's available.

2nd course was Maryland Blue crab callaloo with smoked fried eel fritters, seaweed, gold rice and blue crab. I liked the blue crab and the green sauce but the dish got super salty at the end. 

My brother shared some of his sturgeon and sauerkraut tart. This had applewood smoke and kaluga cavair. It was flavorful beautifully presented dish. The cream went well with flaky buttery tart. The caviar added some saltiness. It was such a good dish. I liked it better than my soup. 

I tried the seared foie gras with peach jam and cocoa crumble. This was the best 2nd course. Seared foie gras melts and is buttery and paired well with the tart sweet jam. I wish I choose this instead.

3rd course was Hatchery trout baked on cedar with rye berries, cashew cream and yellow vinaigrette. This was ok. I could taste some smokiness but the sauces and creams didn't pair well. I also expected a crispy skin on the trout and there wasn't one. It was smoked fish.

K got the 2 week aged hay smoked duck breast. This blew us all away. The duck breast was juicy and had a beautiful smoked flavor. The skin was crispy. This was the best duck I've ever had. So it is possible to have a perfectly juicy duck breast and a perfectly crisped skin. It was amazing. 

You can skip the cornbread. It does pair well with the duck but the duck is perfect without it. 

Our friends told us how they dreamed of this duck. All the hype and the duck still surpassed our expectations. 

For dessert I had the pineapple carpaccio with matcha biscuit, fresh pineapple and mint granita. It was such a delicate well thought out dessert. The biscuit was buttery and crisp. I enjoyed the layer of coconut cream on top of the fresh pineapple. The shiso leaf didn't add to the dessert but it was fun to eat.

I enjoyed K's pistachio frappe brulee the best. It came with cherry-vanilla marmalade, almond biscuit and cherry sorbet. It was like an amazing deconstructed cherry pie. There were bits of buttery biscuit and cubes of shortbread covered in cherry compote. There were so many textures and flavors. I wish I had a giant bowl of this by myself. 

Chocolate caramel Flan was a classic beautiful French dessert. I enjoyed the coca nib feuilletine. It was crispy and buttery. The milk sorbet was smooth and rich. It was a solid good dessert but wasn't completely novel and mind blowing. 

For the birthday person, the waiters presented a lovely chocolate ganache cake. This was velvety rich and delicious. There were were toffee nut rectangles that framed the cake. 

For petit fours there were chocolate coffee caramels. The caramels were perfectly sweet and had a bite from the coffee. 

Lastly there were almond amaretti that tasted like cherry buttery flaky mini chewy Kouign-amanns. I was obsessed. I didn't think the desserts could get better but they did.

The desserts at GK outshone other NYC Michelin star restaurants. It was a filling tasty meal. Not every dish was perfect or mind blowing but every dish was well executed and satisfying. 

Price for the Michelin star meal was great.

I would def return for the hamachi crudo, seared foie gras, duck breast and cherry frappe brulee.",True,17,8,16,Doreen L.,en
187,2021-07-11 00:12:33+00:00,5,"When I tell you this was the best meal of my life.. I'm not exaggerating. The service was outstanding and the waitress was so kind and had great recommendations. We sat outside in a cute little enclosed area which was nice and quiet despite the traffic. We did the tasting menu which was to die for & not my first time doing a tasting menu either. The duck was cooked beyond perfection, I need to eat it again soon. The fois gras was also delicious and the sauces and pairings were delectable. The desserts were also absolutely delicious. Definitely come have a meal here.",False,4,0,1,Tiana S.,en
186,2021-07-14 16:43:21+00:00,5,"One of the best fine dining experiences in the city every time we come. The amuse bouches are always the perfect beginning to a meal, and it's incredibly difficult not to fill up on their bread before your first course comes. The mussels were the star of our most recent meal but you really can't go wrong with anything on the menu.",False,1,0,0,Dan L.,en
185,2021-07-16 19:49:46+00:00,5,"We were lucky to get a table for lunch as walk ins. 
The Hen of the woods mushroom tart was amazing. Light crust and perfectly cooked mushrooms. 
Crown toro himachi crudo was 2 tiny pieces of cured himachi. 
Herbed crusted blue shrimp comes with white beans. The dish comes with 4 shrimp. It is delicious. 
For dessert we had the chocolate caramel flan and the strawberry mille fuille. WOW!!! 
Glad they had a table for us the have a memorable lunch.",True,0,0,0,Susan K.,en
184,2021-07-19 01:50:05+00:00,5,"Gabriel Kreuther didn't disappoint. We had a good dinner with friends, absolutely delicious food. I did love the hamachi and duck. Though, I noticed some servers weren't able to answer some questions with the food which can be improved. I've eaten with some other michelin star restaurants and they can explain well about the food which I found different from Gabriel's. Overall, nice experience and lovely food.",False,1,0,0,Kim A.,en
183,2021-07-20 23:31:54+00:00,5,First ever Michelin Star dining experience. The food was excellent and the dining room was beautiful.,False,1,0,0,Olivia G.,en
182,2021-07-22 23:32:38+00:00,5,"The food and service were spectacular. The restaurant itself was very beautiful, although the entrance/exit seemed odd. There were tables out there and I had to go through them to enter and exit. It felt a little awkward for me exiting because I was walking through the tables, disturbing people's meals. 

I got the 6 course tasting menu with the additional upgrade to add another pasta and truffle course. Overall, it was pretty good and left me quite full, but I ate everything, including all of the bread by myself. I would go here again!",False,2,0,0,Tony P.,en
181,2021-07-29 01:55:21+00:00,4,"Came here for a birthday dinner. Prior to arriving I had read countless reviews on the service being exceptional so I went with high expectations. 

Everyone was very attentive and nice, with the exception of our specific waiter. I found this quite unfortunate and it also felt like he was judging us, only because most parties that were dining were definitely 50+ and appeared to come after work.

We decided to do the prix fixe and several a la carte options. 

The foie gras and duck were very nice. The dessert was also amazing.

The ambience and dining area felt comfortable and relaxing. 

I will definitely be back, but hopefully I won't get the same waiter again.",False,1,0,1,Elle W.,en
180,2021-08-05 13:07:44+00:00,5,"We loved the 4 course menu here and their cocktails. So many elements of the dishes and cocktails were infused with smoke - every time somebody ordered the famous sturgeon & sauerkraut tart, we would get a whiff of campfire! 

Highlights were the duck breast, strawberry mille feuille and the cocktails. Service was quite attentive - everybody checked on us regularly, and we only had to get somebody's attention to get another drink once. Our four courses were spaced out quite a bit, which was nice because it was a lot of food! So we took our time and spent a bit over two hours there enjoying everything.",True,0,0,1,Jason M.,en
179,2021-08-10 23:18:08+00:00,4,"visited for their 6 course tasting menu and wine pairing.  overall everything was good.  didn't find anything outstanding except perhaps our waiter.  they were very good about accommodating food preferences.  the wine pairings were mostly disappointing.  

one thing they did that we very rarely see is that they gave each of us (party of 3) a different dessert, which allowed us to share and try different desserts.  that was a particularly nice touch.

see pictures and commentary on each course",False,0,0,0,Chee C.,en
178,2021-08-19 14:01:10+00:00,1,"I made a reservation for a party of 7 a month previous. However, they insisted it was for 6. As a result my daughter was unable to join us for dinner although there were plenty of seats available. Our table was definitely able to accommodate 7. In addition, the service was subpar, especially considering that it is a Michelin 2 star restaurant. The server wasn't that great, in fact he was a bit rude. He stepped on three different people's shoes and caused some damage on one of them. Additionally, as he was cleaning the table he spilled some food scraps onto one of our party. This would have been acceptable, as accidents happen, had he apologized at all. Yet he acted as though he didn't notice at all and said nothing, though it had been obvious. A smaller concern was that for one of the dishes from the six course tasting menu was not introduced at all. However, considering the pandemic, I still put a $300 tip on the $1,447 bill. I will not be returning.",False,2,0,0,Joe L.,en
177,2021-08-21 15:23:23+00:00,5,"very nice outdoor dining experience.  they have both indoor and outdoor to choose from.

Extensive wine and drink list, cocktails are expensive but well worth it!

Food portions look small, but it is a French restaurant so still calorically intense and filling.  I had the kale salad and the fish entree-- quite nice.  My companion's food was delish as well and she graciously offered me a few bited which were heavenly.

Gets a little more people as the evening wears on, but tables are spaced well enough apart that it wasnt ovwrtly uncomfortable.",False,1,0,1,Susan A.,en
176,2021-08-24 13:18:47+00:00,5,"Summary: I enjoyed every item in this 6-course prix fixe. Was blown away. Received more than the $215 I paid (per person). I enjoyed this more than my other favorite Alsatian restaurant (Jean-Georges). This was my third time here.

My favorite dishes:

1. The 2-week aged duck breast was the best duck breast I've ever had. A few weeks ago I went to Jean-Georges which had a duck breast on the menu and this was a level above that. The [wet?] aging process made the duck breast smell and taste kind of like pork bacon. Total flavor bomb

2. I forget what it's called but it's this little cold dish with sun-dried tomatoes, goat cheese and other stuff. It had 5 layers of flavor that came in sequence on your tongue. Sour at the start and smokey at the end. From a culinary arts point of view, this was very impressive

3. Foie gras terrine... so fatty and flavorful with a long duration of flavor on your tongue. I always come to French restaurants expecting good foie gras and they delivered

The other savory dishes were all great but the above are the most memorable to me. 

The orecchiette was kind of so-so. I could hardly taste the flavor from the black truffle slices, and those crunchy bits dominated the flavor profile for me.

For their famous saukeraut and sturgeon tart... the presentation was stunning and the taste was good.

The dessert was more so-so. I am not a big raspberry sorbet guy but all these tasting menu places include that in their desserts. 

My one complaint with the experience, and I've been to Gabriel Kreuther several times so this isn't a one-off thing and it seems to be unique to this restaurant compared to any of its peers that I've been to. The sommeliers are arrogant and irritating. If you ask them for a recommendation they'll try to push you to a $300-500 bottle of wine, and they'll walk away mid-conversation without a word when you decline. Don't you think it's at least courteous to give a range to accommodate for budgets you didn't bother to ascertain?

My guy, I make at least 10x your paycheck but I still wouldn't drop $500 for a random bottle (which is probably marked up by 100%) that probably tastes 5% better than a wine I could get for $50 at my local store. Your job is literally redundant - you're a glorified high margin drinks salesperson and serious wine drinkers either already know what to get or can just use Vivino. The other wait staff are lovely, they teach us about the food, they are polite and make for a wonderful experience and they actually add value to the experience, but you are redundant.

Otherwise, service was phenomenal as expected",False,6,8,6,Ken M.,en
175,2021-08-26 08:45:17+00:00,4,"We made our reservation for dinner at Gabriel Kreuther online with Resy only 6 days prior.  It was so last minute that I was pleasantly surprised that they still had availability, and I wondered if we lucked out because of the recent reopening.  They checked all guests' COVID vaccination proof as mandated by the city.  

Gabriel Kreuther has a very elegant dining room, quite fitting for its Michelin 2-star status.  The seats are comfortable and far apart from other tables.  Our waitress went over the 3 different dinner options with us: 3 courses for $120, 4 courses for $145, and 6 courses/tasting menu for $215.  Only the tasting menu comes with the requirement for all guests at the table to order it.  Among the 4 of us, I was the only one ordering the 4-course dinner, and the waitress convinced my friends to order a flambee to share before they got their 3 courses, so that they won't have to stare at me eating my first course.  

Tasting notes:
Smoked heirloom tomato consommé: very refreshing on a hot summer day.  The crown toro hamachi was very fresh and paired well with the slices of cucumber.  A great opening to the dinner!

Seared Sullivan County foie gras: this was my appetizer, which does cost an additional $10 but is totally worthwhile cuz I love seared foie gras, and this one was completely satisfying!  The peach jam paired very well with the rich foie gras.

Hawaiian red crab callaloo: though I didn't try this one, my friends raved about this dish.  It has a very beautiful presentation.  

Charred Atlantic black bass: I generally don't like ordering fish at a French restaurant because I have some skewed taste buds that think fish is bettered served by Asians lol.  I've tried trout and other fish from Ledoyen, Paris and Le Bernardin, NYC (the latter is especially known for its seafood!) and continue to firmly uphold this belief.  Black bass, however, is an exception.  The bass was soft and mildly rich, and the polenta, marmalade, and vinaigrette not only complemented the bass well, they were also decently filling.  

2-week aged hay-smoked duck breast: this one is the winner of the night.  The duck breast tasted amazing with a very thin layer of crispy duck skin and meat so tender and juicy, and the portion was quite handsome.  I can't comment the sides since I only had a bite of my friend's entree. 

Chocolate caramel flan: this was the winner among desserts IMO.  The flan was silky and has just the right amount of sweetness.  The milk sorbet served as its perfect counterpart.

Pistachio frappe brûlée: this was my dessert, but I didn't like it quite as much.  It's presented with a nice color palette - a pastel green with gold sprinkled on top.  However, when I received it, its top seemed to have fallen off halfway (see picture).  The elements also don't seem to come together too well.  

The amuse bouche, my glass of brut, the petit 4, and chocolates were all very refreshing and enjoyable.  In fact, the chocolate was so good that 2 of us finished the whole big piece when the other 2 were full (We were full, too, but couldn't resist).  Overall, I'd give the food 4.5 stars and do think that it's on par with some of the Michelin 3-starred restaurants that I've tried around the world!  

We had a slightly unpleasant encounter with the service.  Two of the appetizers were accidentally switched and served to the wrong people at our table.  We didn't catch this until we had a bite of the food from the plates to find out.  When we raised this to our waitress' attention, she was initially defensive about this, insisting that the dishes were served to the right people and that they had ordered them that way (the only way I can interpret her words is that my friends were the ones who couldn't remember what they had ordered only 45 minutes ago?).  Therefore, when the waitress first left our table, we were left with the impression that nothing was going to be done to fix this mistake.  To be exact, she asked my friends to switch up their plates on their own, after they've taken bites of the food.  It wasn't until minutes later that the manager came out to let us know that they will fix this mistake and serve my friends 2 new plates.  While my friends were new to the Michelin restaurant experience, I've been to many of them, and it is exceedingly rare that a 2- or 3-starred restaurant would mix up an order (in fact, I cannot recall it ever happening to me), let alone not replacing something that the guests are not completely happy with.  It is unfortunate that my friends had to experience subpar service and think that's the norm for a Michelin 2-star restaurant.  Aside from this incident, service was okay but not exceptional (Did I mention that my napkin wasn't folded when I got up to go to the restroom? Lol).  I took a star off because of the service.  Having read other recent reviews, I seriously wonder if Gabriel Kreuther would've been a 3-star restaurant had it not been for its service...",False,0,0,0,Jing C.,en
174,2021-08-30 14:08:14+00:00,5,"Absolutely wonderful prix fixe menu at a reasonable price. Attentive but not in your face service and a great variety of tastes and textures.

For our 4 course meal we started with a light amuse bouche that was vibrant and delicious. Wonderful start. The tomato consommé was interesting, gelatinous tomato with a smoky flavor. Hamachi toro accompaniment was nice but it quite sure how it fit with the tomato dish.

The Sturgeon and Sauerkraut tart was the star for me. Delicious, unique, and one of the best bites in NYC.

The bass dish was nice; though unremarkable. And I tried a bit of the speciality duck and personally was glad I didn't order it (if you like bacon though, it might be for you).

And the dessert was top notch. Nice paired with an amaro.",False,0,0,0,Kevin W.,en
173,2021-08-31 11:02:08+00:00,5,"Beautiful and exquisite food, wonderful wines recommended by knowledgeable sommeliers, and creative cocktails. Always a wonderful and relaxing evening at this special restaurant.",False,0,1,0,Naomi B.,en
172,2021-09-01 06:25:31+00:00,5,"We had such a special Anniversary Dinner at Gabriel Kreuther last Friday (August 2021) and are now telling all our friends to come here!

PRICES: The price here is truly unbeatable, for both the exquisite food and 2-Michelin-star service. We went with the 4-course and still couldn't finish everything.
3-course prix fixe: $120
4-course prix fixe: $145
6-course tasting menu: $215

FOOD: Everything here was delicious, and some dishes (callaloo) were truly unforgettable for me. For each course I put first what I thought tasted the best. 

- Course 1: Smoked heirloom tomato consommé (light and refreshing) + Foie gras terrine

- Course 2: Hawaiian red crab ""callaloo"" (hands down my fave dish of the night, it had a very Southeast Asian taste!!) + Sturgeon & Sauerkraut Tart (my partner also enjoyed this)

- Course 3 (mains): Duck breast + Strip steak

- Course 4: (desserts): Anniversary dessert (I'm still dreaming of this! Think it was some sort of hazelnut mousse) + Stone fruit frappe brûlée + Chocolate caramel flan 

Also plus points for the beautiful plates and bowls! Thank you to our sommelier for giving us the card of the local artist who creates their ceramics, bowls, and plates.


SERVICE / ENVIRONMENT: I have so many examples of amazing service throughout the night. 1) Alvaro our server took dozens of photos of us, 2) when we gushed about our dishes, our sommelier immediately gave us the card of the local ceramic artist, 3) the restaurant manager checked in on us during our meal and made sure our experience was the best. Everyone was very nice and professional; the service was just enough and never overbearing (looking at you Jean-Georges), and we always felt attended to but not stifled. The indoor dining room is spacious and beautiful, and we got greats seats - I only wish the restaurant were more filled like it was before the pandemic. When we arrived for our reservation, our hostess also verified our vaccine status and showed us to our table only upon confirmation that we were vaccinated. Made me feel much safer.

11/10 experience - Gabriel Kreuther is a gem we'll return to for future occasions!",False,1,0,1,Stephanie K.,en
171,2021-09-09 19:44:48+00:00,5,"A beautiful dinner and amazing experience! Came with friends to have a special dinner at a Michelin Star restaurant and the entire meal was superb. We all ordered the Prix Fixe 4-course and chose different starters, mids, mains, and desserts and were able to try a taste of all the menu offerings. 

Service was always so kind and attentive without being overbearing and explained every dish to us as it arrived. We were treated so well with care and patience the entire time; I was even given a coffee with my dinner (even though it was a weird request at 9pm) and they brought me additional lattes once I finished without me even having to ask! 

We received complimentary bread and amuse bouche to start our meal. The bread here is incredible-- so soft, savory, and flavorful. It was hard not to get too full off of just the bread alone. 

Starters: 
- Hamachi Crudo: fresh fish and delicious sauce dollops, so well presented and beautifully crafted. The sauces tasted amazing and bursting with flavor.
- Foie Gras Terrine: creamy and decadent, pairing well with the acidity from the strawberries 

Mid (highly recommend the tart!):
- Sturgeon and Sauerkraut Tart: an iconic menu item here and one of their most popular offerings, presented  extravagantly with the waiter blowing smoke out of a glass when it is brought to you. A perfect savory flavor enhanced with caviar, juxtaposed with a delicate tart. Everyone at my table loved this one.

Mains:
- Greenwalk Hatchery Trout: Tender fish and fragrant champagne sauce, paired with local rye berries. I really enjoyed this one! 
- 2 week Aged Hay-Smoked Duck Breast: my friend really enjoyed the rich, smokey flavor of this duck dish. Well crafted and prepared, tasted sophisticated. 

Desserts (the best!!): 
The desserts here were all mind blowing and pure perfection, truly some of the most elevated and amazing desserts I've ever tasted. Our entire table was awestruck. Probably the best part of our dinner and the most perfect ending. 

- Pistachio Creme Brûlée (10000/10): This was INCREDIBLE. Super light whipped pistachio cream atop layers of berries and a light sponge. The playful mismatch of textures made every bite a delightful treat. Just the right amount of sweet and a perfect blend of flavors in harmony. Truly immaculate. I don't even have the words. 

- Strawberry Mille-Feuille (100/10): Amazing and worth the extra $7 add on. The caramelized puff pastry is nested around a yuzu sorbet. This had such a beautiful flavor and tasted fresh and decadent. An elegant dessert with the most beautiful presentation and a wonderful taste to match. 

- Chocolate Caramel Flan and Pineapple Carpaccio were also both incredible and amazing! Honestly you can't go wrong with any dessert you order here because all of the options were insanely delicious and beautifully crafted. 

The meal ended with complimentary chocolate with a berry filling and it was divine. Incredibly high quality and crafted with grace.

Amazing food with the most beautiful desserts and excellent service. Good value too at $145 for four courses at a Michelin Star restaurant with great service and the amount of carefully prepared and well crafted food. This was a wonderful dinner and I highly recommend a visit if you're looking for a place to celebrate a special occasion, or just to treat yourself to some of the best dessert ever.",False,4,0,1,Sophia W.,en
170,2021-09-17 14:54:36+00:00,5,"Exquisite !
Dined here in June 

Surprise dinner for my Boyfriend's 30th ! 
 Had a lovely card signed waiting at the table which was a nice touch :)
The service , presentation, ambience everything was great :) 

We got the pre-fix 4 course

The Amuse Bouches were a nice touch :) 
The fresh bread and chive dip were just toooo good ! 

What we got 
To Begin 
-Hamachi 
-Foie gras terrine 

Great great start 

Mid 
Sturgeon and Sauerkraut Tart
You HAVE to get this ! 
It was recommended to us by our server and so glad we got it .

Main 
Greenwalk Hatchery Trout on Cedar Plank 
This was an experience. Melt in the mouth and a party
 of flavors !! 
2 Week aged hay smoked duck breast 
Definitely recommend this !!! Smokey , Juicy .it's served with  cornbread 

Dessert 
Pistachio frappé creme brûlée

They also brought out a chocolate ganache pastry for the birthday  . 

Thank you for a great night :)",False,0,0,0,Shruti S.,en
169,2021-09-18 02:31:42+00:00,3,"For our wedding anniversary my wife and I always dine at Gramarcy Tavern, but they were very booked, so we decided to try Gabriel Kreuther for a relaxed and indulgent and expensive lunch for 2 (we spend $408 after the tip for lunch). The food was great, better food (but more expensive) than Gramarcy tavern. the dining room was beautiful and feels like you are dining in one of those extravagant Manhattan dining rooms like you see in the movies. But the service and overall experience were tarnished because of the cold, distant, unhelpful service of the waiter. The waiter just stood over our table and glared at us and asked us what we wanted to order. He did this every time he approached the table. There we no greeting, no openness to questions, no nothing in terms of hospitality or service. Any questions we had were met with cold glares and very little answers or explanations. Its like this guy was doing us a favor to just take our order and didn't want to deal with any interaction or simple questions from us regarding anything. It was such a turn off. It was the opposite of hospitality (which is what Danny Myer preaches and is why we love Gramarcy Tavern).
And this place is expensive - so we expected more. My duck was $38, the glass of Pinot Noir to go with my duck was $41. So that may not be a lot for some ppl, but is the most ive ever spent on a glass of wine in my life, and I don't mind spending money on good food and drink (the cocktail I had was $25 and was just ok, nothing special). 
So great food, really great food, beautiful dining room, but I cant deal with service that is cold, off-putting, unhelpful, and uninformative.",False,7,0,0,Michael M.,en
168,2021-09-19 15:42:50+00:00,5,"This is the best 2 Michelin star restaurant I ever ate at and probably the 2nd best restaurant I ever ate at.

Service was superb, I want here with someone for their birthday and they prepped a card welcoming her. They also have a free chocolate cake with a candle for her. 

The food was amazing:
1. Their tomato soup was the best dish of the night and basically a bacon tasting jello with tomato inside, it was both delicious and also eye opening 
2. Their sturgeon dish was really good too. Both the flavoring combo of artichoke, cream, caviar and fish and also the presentation with the smoke dome was great 
3. Blue shrimp pasta was the only disappointment of the night, it was so salty I had to drink water after every bite 
4. Their amusee Bouche was so good it was easily the best course of the night; their citrus mezcal Jell-O shot was simple but really really good",False,0,0,0,Ray W.,en
167,2021-09-19 20:50:16+00:00,5,"Absolutely perfect meal. Every element on every plate was perfect in execution. 

Miso Steak: Perfect smooth bite and savoriness. 

Seared Foie: Not quite as impressive a flavor as the foie terrine, but the execution was great. The smooth liver with the crisp edge and peach spread all came together in perfect balance. 

Sturgeon and Sauerkraut Tarte: This sounds odd, but it works. The light foam and caviar, the marine flavors, the subtle sauerkraut. 

The foie gras terrine was silky smooth and buttery in flavor. 

The bread was fluffy and buttery. And it's dipping sauce tasted like a high end ranch. 

My server suggested the French Meteor beer. It was the perfect selection. 

This meal was worth the $300. There are few places you will get a meal this interesting and well balanced with everything cooked perfectly.",True,5,1,2,Jack M.,en
166,2021-09-21 10:45:23+00:00,5,"This restaurant was the perfect choice for our anniversary dinner!

We opted for the 3-course prix fixe dinner and each course got better and better. Initially we were greeted with a savory chive kugelhopf with butter - light, fluffy, and savory. Then we got an assortment of treats as our amuse-bouche, gazpacho, curry, and some sort of almost gelatinous bites. The gazpacho was perfectly chilled and creamy, and the curry packed an amazing punch. 

For my first course I opted for the sturgeon and sauerkraut tart. The presentation was beautifully presented, the crust was very flaky, the sauerkraut was mild, and the caviar was delectable. 

For my entree I selected the 2 week aged hay-smoked duck breast with gold bar squash caponata, roasted eggplant, and the most amazing pumpkin cornbread. The portion was massive and perfectly cooked. The caponata had a lovely sweetness from the golden raisins, and the pumpkin cornbread was melt in your mouth delicious. I also tried the trout, and it was also delicious and I was obsessed with the smoky flavors. 

For dessert I selected the fig carpaccio. It had a beautiful flaky crust, wasn't overly sweet, and perfectly matched with olive ice cream on top. In addition, we also received the most delightful chocolate cake for our anniversary and Gabriel Kreuther chocolates. The ones on top of a speculoos cookie were my favorite. 

For cocktails, I selected one off the menu which included watermelon (I forgot the name). It was a great-sized portion and perfectly balanced without being too sweet.

Service was impeccable here and our servers were very attentive. I would love to return here for another special occasion!",True,1,0,0,Carissa C.,en
165,2021-09-28 18:14:18+00:00,3,"I was really unimpressed unfortunately. This is my second 2 star Michelin and after several 1 star Michelin places, this fell flat. Unmemorable dishes and flavors. I went in fall of 2020 so almost a year ago, my bf and I sat outside and the environment was beautiful but I don't remember a single dish we ordered.",False,1,0,1,Lisa Z.,en
164,2021-09-30 15:11:39+00:00,5,"Proudly, one of the ""triples""- i.e. this restaurant is 1 of the top 3 dining experiences we've had in 2021 so far. Our only nit was the hotel'ish like ambiance. Everything else in this review will, quite literally, be filled with superlatives- so I apologize in advance.

We actually went here for my birthday because this is essentially a special occasion type of place and it wears that moniker quite well.

But on to the food... we had the four-course prix-fixe. I had four dishes and my dining companion had four different dishes so that we could maximize our experience. Now cue the superlatives...

To say that ever single dish was excellent would be a significant understatement. Normally I would just leave it at that and let you go try it on your own. But for this restaurant I think I'll dive a bit deeper...

Starting with the SMOKED HEIRLOOM TOMATO CONSOMMÉ... how the chef managed to bring out the very essence of summer in every bite, we're still trying to figure it out...

And then the SEARED FOIE GRAS... do you know how much foie gras I've had in the past year (let alone in my life)? I would place this version in my top 10... of all time.

And for the mains, a tie for greatness between the HAY-SMOKED DUCK BREAST and the CHARRED ATLANTIC BLACK BASS... Greatness.

And then... and then, for no good reason except that it was just that kinda night, the chef sends out an extra dish that we didn't even order! A pasta dish with beautiful shaved truffles... And... it was the best dish of the night!... Maybe the best dish of any night, anywhere!

And at that point, our minds were blown, we ascended to a higher culinary plane, and the rest of the night was just a blur- I think we may have blacked out...

We also treated ourselves to the smoked bacon flambee, because... well because it was my birthday (keep up)... 5 stars

and several cocktails... 5 stars

and desserts... 5 stars

and for the excellent service... you get 5 stars

...5 stars across the board!!!",True,6,3,4,Art C.,en
163,2021-10-02 18:59:28+00:00,4,"Very nice service here, but unfortunately I wasn't a fan of the food, especially at this price range. We had the 6 course tasting menu, and most of them weren't that memorable. Visually very pleasing, but I felt like I was having a ""french version"" of other cuisines (Chinese, Korean, Mexican, etc) that weren't executed all that cleanly. Would give 3 for food but the atmosphere and service brought my rating back up to 4. It was def nice having so much caviar in the first few dishes tho!",False,1,0,0,Duckju K.,en
162,2021-10-05 23:51:03+00:00,1,"This restaurant is ridiculously over priced. The portions are teeny. We laughed throughout the evening at the ludicrous portions. 
I would not go back. Don't waste your time.",False,5,2,1,Lili A.,en
161,2021-10-12 13:17:57+00:00,5,"Gabriel Kreuther is wonderful in all respects, from ambiance to food to service. For me, it is the successor to Eleven Madison for the crown of Best Restaurant in New York, and one of the best in the US.

The dining room, with its dramatic arc of salvaged wood beams, is both open and intimate, with the tables spaced far apart to make each one cozy, and the ceiling high enough to afford a pleasant sound level.  A glass wall affords a view of the kitchen, which is a busy hive of about twenty chefs and cooks under the supervision of Chef Kreuther. The atmosphere seemed more convivial than in many of the Michelin kitchens I've encountered.

The restaurant's recommendation for first-time guests is the Six Course Tasting menu. This is not only a great recommendation but a great bargain. At $215 (as of this writing) it is, in short, a steal. I don't know how they came up with the number six, but including amuse bouche and ending sweets, there were at least 15 different dishes over a three-hour period. 

Speaking of dishes, these were some of the most beautiful serving pieces I've ever encountered, and the glassware is stellar as well.

As for the food, it is almost pointless to describe it, as everything was wonderful, and it was impossible to pick favorites. It changes regularly, but I will mention a few that rank among the best dishes I've ever had: pate de foie gras (best flavor/texture I've encountered), smoked heirloom tomato consume (more of a gelatin, and endlessly intriguing), sturgeon tart (delicate flavorful and complex), and all the breads (there were at least four, accompanying various dishes).

As mentioned earlier, service was near perfect, with two dozen wait staff performing an intricate (and high speed) choreography to synchronize each course at each table.

Compared to the food prices, the wine bottle prices seem like less of a deal, but are certainly not unreasonable for Manhattan. The wines by the glass are an interesting assortment of styles and places of origin.

This is my new favorite restaurant in New York.",True,9,1,4,Steve A.,en
160,2021-10-20 00:26:31+00:00,3,"Hubby & I traveled from Washington D.C. to NYC just to dine at this establishment & service & food fell short. We made reservations almost a month in advance. I called a couple times to confirm & also add that we are celebrating our anniversary. The day of, they even called me to confirm the reservation & asked if we are celebrating a special day.

Our server was very to-the-point but polite. No small talk or warm hospitality, which was fine. They were very busy on a Saturday night. The amuse bouche was an interesting start to the meal.  The tomato soup shot was super concentrated & just too tart. For my 1st course, I got the tomato consomme. It was difficult to eat & I couldn't finish it...extremely salty & too sour. The toro Hamachi that came alongside it was also very sour so it was just one note with no balance to the acidity. My hubby got the foie gras terrine which was exceptional. The balance of flavors were on point & the moist banana bread that came with it was divine. Definitely get this.

Next I got the sturgeon tart (one of their signatures). It was tasty but nothing exceptional. Basically puff pastry shell, with some fish & a cream sauce. Again, too salty. Hubby got the red crab callaloo. The eel fritters that accompanied it was again, way too salty & hard to eat. On to the next.

I got the duck breast which was chewier than I would've liked but the skin was perfectly crispy. Stuffed squash blossom & corn bread was excellent. Hubby really enjoyed his black bass. For dessert I got the the stone fruit frappe brulee. EXTREMELY sour. Again, could not finish it. Hubby's chocolate caramel flan was delicious. 

It was the end of the meal & still no recognition of an anniversary. We sat there & watched every table around us get a hand-written note & a comp dessert. When you spend $400+ at a 2 Michelin star restaurant, the service should be exceptional & each dish should be balanced in terms of flavor. We were very disappointed from our experience here. The ambience & decor is wonderful though. Overall, nothing special.",True,6,2,1,Cori T.,en
159,2021-10-21 20:08:05+00:00,4,"Very nice restaurant with several creative dishes.  Excellent service throughout the night.  A couple of dishes were a little disappointing - a taco which was no more spectacular that what you could get in a good Mexican restaurant and a pasta dish which also did not meet top Italian levels.  I guess the advice is that if you want to reinvent a classic, it needs to be truly fantastic.  Also, the wine recommendation was too expensive for the quality.",False,1,0,0,Ivan M.,en
158,2021-10-21 22:45:03+00:00,5,High end prix fixe meals that lives up to the reputation. They have a small outdoor patio as well as a beautiful vast inner dining room w tables spaced more than 6' apart. Service was excellent without being suffocating and the menu selections were fantastic. Loved being able to have foie gras again! You won't go wrong with your selection.,True,1,0,2,Barndi K.,en
157,2021-11-03 10:57:19+00:00,4,The interior is beautiful and the waiters were friendly. Food is good but some would say overpriced.,False,1,0,0,Brittany S.,en
156,2021-11-11 16:40:42+00:00,5,this was my first time spending so much on a meal and I did not regret it haha. I loved the atmosphere of this place. my friend and I got dressed up and decided we wanted to splurge and eat great food. we had food and tasted flavors unlike ever before and the staff was great. definitely recommended coming here for an anniversary or romantic date night. if you come here I recommend sitting inside tho since the area is noisy.,False,0,0,0,Francesca T.,en
155,2021-11-14 05:26:38+00:00,5,"Had an amazing dinner at the bar. Service was great, cocktails and food were impeccable. Would love to try the tasting menu one day ... bar only had a la carte which we enjoyed immensely!",False,0,0,0,Stephanie H.,en
154,2021-11-15 14:32:26+00:00,5,"We dined at Gabriel Kreuther to celebrate our 20-year anniversary, and the restaurant did not disappoint.  The staff made this a true celebration, acknowledging our event and even including a personal note of congratulations.  They were friendly and surprisingly unstuffy for such a fine restaurant.  For starters, I ordered a martini, and it truly was the best I've ever had -- one of the servers told me the bartender uses a special vermouth, and it really made a noticeable difference.  And then there's the food.  I had the signature sturgeon and sauerkraut tart, followed by the smoked duck breast and the apple tartin.  All were simply fantastic.  This just became my favorite Manhattan restaurant.",False,0,0,0,Shane S.,en
153,2021-11-21 15:14:32+00:00,1,I had dinner indoors twice... Gorgeous dining room. Incredible concept. Amazing food. Bumbling and inept waitstaff. Offensive management. SAD.,False,3,1,1,David L.,en
152,2021-11-23 14:39:22+00:00,5,"Flammekueche from a 2 Michelin starred chef? Yes please! When I saw GK was just two blocks from our hotel, I thought a late dinner in the lounge would make a perfect first meal in NYC and it did. Because it was late we opted for a la carte options. After the tarte flambe I had the signature smoked sturgeon and my wife had the hamachi crudo, both were sublime. For entrees she had the trout which was remarkable and I had the duck confit. I loved the dish, but it was rich the ample amount of polenta made it a bit heavy. The two breads - a savory kuglehopf and a sour dough roll were perfection. While we were really intrigued by the dessert options, we opted to try them on our next visit.",False,0,0,0,Tg F.,en
151,2021-11-28 18:10:06+00:00,5,Absolutely amazing restaurant. The service was outstanding and the meal was to die for. Everything was perfectly cooked and delicious. The miso steak is a must try. Every dessert is as tasty as it is beautiful. For a Michelin star restaurant it is very reasonable priced.,False,1,1,1,Amro M.,en
150,2021-12-17 23:59:33+00:00,5,"One of my favorite places in NYC! Their hot chocolate is very thick and chocolatey, perfect for chocolate lovers! They even have a cocktail made from it. Their chocolate desserts are great. The set menu comes with this delicious warm scallion bread. Can't go wrong with anything on the menu! Also very attentive staff who left us leave our luggage with them as well.",False,0,0,0,Amy L.,en
149,2021-12-18 21:05:18+00:00,5,"I booked a table for 1 during the lunch rush, in which inside is nothing but! The atmosphere is one of Sophistication which invites you to sit back relax and take in the experience. I chose from the prix fixe menu and started off with the arancini amuse buche, which was delightful. The kougelhof was phenomenal. I was happy to be alone because I had it all to myself. That chive fromage blanc was devine. I'd come back to this restaurant for that only! I continued the course with the hamachi crudo, followed by the bass. Now, i love me some desert, and the chocolate caramel flan did not disappoint. It's everything I want in a dessert: perfect balance of salty and sweet as well as the light flan texture contrasted with the crunchy cocoa nib feuilletine. I honestly thought the portions were just right considering the multi course set up. The meal was capped off with a sampling of 3 chocolates from the chocolate shop. I love additional treats!! I was quite filled by the end and most importantly: HAPPY. The wait staff were very attentive. I was seated next to a fun couple who even sent me over a glass of Champagne. What a delightful experience. I'll definitely be back with family and friends. 5",False,2,0,3,Cynthia A.,en
148,2021-12-19 17:11:14+00:00,5,"My girlfriend and I came here for our 1 year anniversary and they made sure it was such an unforgettable experience. I was impressed with their coat service and the server was extremely polite, knowledgeable and timely. They went out of their way to help us celebrate our anniversary with a card and an extra chocolate mousse at the end.
We got the 4 course meal but don't let the sizes of the dishes fool you, we were more than full at the end especially with all the extra bread and starters they provide.
Standout dishes that you should definitely look out for include the langoustine tartare which had a beautiful balance with the langoustine being sweet and the tuna more citrusy.
The duck had a nice harmony with the hazelnut on top and in case the dish was getting too heavy for your tastes, the squash added freshness that alleviated all the fat.
The second best dish of the night was the foie gras which I honestly didn't expect to like. The flavor was strong but I can see the dish being on the heavier side.
The trout had to be first place. Incredibly tender pretty much literally melting in your mouth, Id say the fish is a must try dish here. 
For dessert, I'd say the Mont Blanc stood out among the rest. Sweet, light, creamy, perfection. 
Thank you GK for making my one year a memorable one!",False,0,0,0,Jimmy H.,en
147,2021-12-19 17:45:22+00:00,5,"Came here for an anniversary and GK really made the night so special. From the ambiance to their service, the whole place is perfect. They even made sure to give us a special card and chocolate mousse at the end since we were celebrating. 

Although the portions seem smaller you will definitely leave here full since they have a seemingly never ending array of delicious bread. The Langoustine Tartare was a little too sour for my liking, but everything else was so delicious. The eel and squid ink pasta was full of flavor and the egg yolk that splits on top gives the whole dish a savory richness. The duck was cooked to perfection with the squash purée on the side cutting the fattiness of the duck. Had the Apple Tartin for dessert but preferred the chocolate mousse cake instead. Not only was it beautiful to look at but the rich chocolate flavor was to die for. Truly a night to remember.",True,1,1,1,Connie L.,en
146,2021-12-23 15:04:47+00:00,2,"Completely underwhelmed. 2 stars as the decor is nice and the staff mostly pleasant, but everything else 1 star. I was looking forward to trying this 2 Michelin Star spot, but now that we went I am confused as to the rating. The ratings here seem to rave about this place, but I cannot for the life of me understand how after visiting this week. The restaurant decor is nice and chic, but the service and food is very okay at best. Granted we went on a week day, so maybe that's a different staff than weekend but for a $700 dinner, for two people, our expectations were much higher. Now, we have been to many Michelin star restaurants before so we have a bar we tend to assume these spots will hold up to, but Gabriel Kreuther wasn't even close. From the start: we sat down and ordered, our sever was nice and informative In the beginning (he lacked at the end, maybe he was tired and wanted to go home) but as for the wine serving gentlemen (I will not call him a som) his knowledge in wine was bare min if anything at all. He didn't explain the wine whatsoever to us each pour, we had to keep asking our sever for him to return to order another glass, and he seemed quite checked out. While he was polite, his knowledge in wine was clearly not there. Also, we're willing to spend money on drinks and we had to keep asking to find him!! Now the food, mostly bland and nothing beyond the ordinary like you'll typically receive at a 2star. We did the 4 course pre fix, since we were too late for the chefs table order and it didn't exceed any expectations. Our waiter told us most of the items on the pre-fix are on the chefs table anyways so we were not missing much/ well I am glad he said that because I would have been even more disappointed if we paid $1,000 for similar, basic, bland food items. Dessert was awful, honestly reminded me of a dry, tasteless Eucharist cracker. So we had poor wine service, bland food, and horrible dessert. We do not plan to visit here again. We went so we can say we tried it, but never again. Maybe those that enjoy this place haven't attended other Michelin restaurants that blow this one away by their food, experience and beverages.",True,3,0,1,Nikole F.,en
145,2021-12-30 04:54:04+00:00,4,"Such great service and the portions are pretty large. We got the tasting menu for 3 people and I think if we got 2, it would have been more than plenty. 

We did family style for all courses so we got to taste a bit of each. 

They forgot about a drink order so they came with a special drink for the table. Very nice of them.",True,6,3,3,Connie S.,en
144,2022-01-04 23:18:40+00:00,4,"Gabriel Kreuther has become one of my go to places to indulge in food. The food is consistently good, but above all the service is always exceptional and the ambiance is calm and relaxing. I usually get the dinner prix fix and the variations with season are great. I've come here for birthdays and most recent my anniversary. The food is adventurous in plating and flavor, although I'm not the biggest fan of super citrus flavors like their red apple gelee. I highly recommend their classic dish of sturgeon & sauerkraut tart. It's a rich, creamy, but savory tart. Their duck breast is also a must when I go but I've heard great reviews of their steak from friends who get it. Their desserts are good. Dense and sweet. I'm usually satisfied and too full to finish them. I highly recommend their cocktails though! They're all amazing and well worth the price.",True,0,0,0,Jessalyn S.,en
143,2022-01-07 23:52:17+00:00,3,"Fun Fact: there is bar dining walk up options
-
Let me preface this review by saying that seafood is not my cup of tea, and why my review might sway a bit less than someone who might. 

I opted for the 3 course & each of the 3 had a seafood option so it kept my options limited. The server was nice enough to offer a vegan pasta dish as a sub for one of them, but unfortunately very salty and it was a wasted dish. 

I'll start off with the great: beautiful restaurant overlooking Bryant Park. It's contemporary French American two Michelin star restaurant and named as one of the best in the world so I was excited to give it a whirl. 

The complimentary onion bread that came out was out of this world. I've never had anything like it before and was greatly appreciated. 

The Red Apple Consommé was absolutely a delight. Refreshing, just slightly sweet in the best ways, and an a beautiful piece of art. The root vegetable tempura that it came with was also perfectly crispy and delicious. 

Our vegan pasta was overly salty, and the duck breast was a bit gamey for my taste ( and yes I've had my share of duck before). 

Service was fine and the gentlemen were polite but nothing more. He didn't come back to ask how our food went but rather came back and forth to clear and clean our tables. We would have appreciated a bit more conversation so we could share our thoughts. Likewise, I didn't raise my hand to share as I did not want to be disrespectful. This was truly a one of a kind experience, though at the same time I did not feel my money spent was worth what I received. I may not have the right palette for this place, and I've heard great things- so to each their own.",True,2,0,0,Jen H.,en
142,2022-01-08 21:02:50+00:00,4,"Visit: September 2021, dinner

Michelin 2 stars, feels slightly more casual than other 2 stars in the city. The prix fixe menu is a good value ($140 as of September 2021), although in hindsight I would've gone with the 3 course instead of 4 as the portions were generous and I was stuffed. 

Came specifically to try Alsatian food. In general each course had layers of flavor and was a good portion size. Service was impeccable. My favorites were the smoked heirloom tomato consomme and the sturgeon and sauerkraut tart. Definitely worth a detour. I also noticed that many of the items are still on the menu with seasonal variations. 

We went for the first dinner seating. The entrance was confusing as it isn't shown as an entrance until close to opening time, so if you go early you won't see it. For the record, it's on the west side of the front. I didn't go to the bathroom but I heard that there are a lot of stairs. 

In order of service (with some shared courses):
- Kougelhopf, chive fromage blanc⁣⁣: my first kougelhopf and it did not disappoint. Perfect for sharing.
- Amuse bouche: 3 petit items - yuzu jelly, a puff, and a soup
- First course: smoked heirloom tomato consomme with a side of crown toro hamachi. Beautiful to look at and was great for a hot summer day. The pairing of flavors was unique and a perfect appetizer.
- First course: foie gras terrine. It came with pickled jackfruit, gelees, and banana bread! 
- Shared course: Cinco jotas (5j) jamon. Delicious. 
- Second course: sturgeon and sauerkraut tart. Presentation was 5 stars. The applewood smoke smelled heavenly. 
- Second course: seared Sullivan County foie gras. The cocoa crumble was a nice touch. For fans of seared foie gras, this will not disappoint. 
- Second course: Hawaiian red crab callaloo with smoked eel fritters. I thought this dish tasted a bit more Asian. I didn't care for it as much. 
- Third course: 2 week aged hay-smoked duck breast. Huge, thick portion (especially when compared to EMP's famous duck) with crispy skin.
- Side: zucchini gratin was ok. Ordered because I thought we would need it but it was too much. 
- Fourth course: stone Fruit frappe brulee was pretty but I guess I don't like stone fruit as much as I thought.
- Fourth course: strawberry mille feuille
- Fourth course: chocolate caramel flan. I thought this was one of the best ones. 
- Petit fours",True,0,0,1,Irene H.,en
141,2022-01-10 00:23:21+00:00,5,"Wow - probably one of the best if not THE best michelin star (two to be exact) experience ever- the candles, ambiance, service, attentiveness of the staff was impeccable- the food was like watching artistry play out on our dishes ... you felt like you were transported in time with the elegance and substantive presentation of allllll the things.... This place has not give up up on the old world elegance and charm for the new casual and at times flippant fads newer high end dining spots often feel like they employ... also the most ""affordable"" of the fine dining spectrum that we've been to! Loved it all!",True,0,0,0,Dona P.,en
140,2022-01-14 17:48:28+00:00,4,"8.5/10

Very enjoyable experience, on the pricey side but if you enjoy your food and the experience worth the trip.

I don't like getting to much into the specific flavor profiles of the different food because everyone is different, rather give a more broad review.

Restaurant is beautiful, the staff was very helpful, had a great balance of when to come over when to give you space.

You eat with your eyes nose and mouth and they ticked all the boxes. The presentation and theater of it all was outstanding. 

The food which is the reason your there for, OUTSTANDING a no complaints at all. They nailed it.

Would highly recommend to go and try if your a foodie, if your not into the food and the whole show, probably not worth the money.",False,0,0,0,Kane P.,en
139,2022-01-23 02:59:23+00:00,3,"We had dinner here today. It's definitely overpriced. We ordered the 225$ tasting menu. Some of the ingredients are cheap. And there is not enough protein. The taste of the food is not bad, but doesn't match the price.
On the other side, the service is pretty nice.",False,0,0,0,Guoyong L.,en
138,2022-01-24 00:13:46+00:00,4,"Usually not a big fan of French food, but decided to give GK a try since my friend raved about it. 

We opted for the pre fixe menu as we wanted to order all different things and try as much of their menu as we could. 

The bread at the beginning was amazing. I love bread and theirs was so flavorful and went so well with the spread. I probably asked for extra bread 4 or 5 times. 

The main, protein courses were great. Cooked well and enjoyed it although the portions were quite large and hard to finish. 

Moving onto the dessert - quite large and definitely on the sweet end. I definitely enjoy sweets but don't like overly sweet stuff. I think it was quite hard to finish toward the end. 

We felt super full afterward - not sure if it's just us though or if it's because it's quite heavy for our tastes, but we did notice that we would be SO full after eating at French restaurants (except atelier crenn). 

Overall, not bad - definitely one of the better French restaurants I've been to but still just not my taste.",True,0,0,1,Vivian L.,en
137,2022-01-24 15:18:30+00:00,2,"Ingredients are very common, and tiny. I can probably get them from supermarket, like sauerkraut, chocolate, and potato. Very upset when 4 slices of potatoes were served. Cute plates and beautiful-looking food, but it's FORM OVER SUBSTANCE. 

Let's face the truth, it's not better than the 1-star Michelin restaurant Ai Fiori. Ai Fiori serves more protein food than Gabriel (see pictures). Only 1/4 pate was Foie Gras, not a full size of pate. Only 1 piece of duck breast was served, not 2 pieces showing in most Yelp pictures. It's not even better than a lot of non-Michelin star restaurants. 

1 star for the hard-working servers. 1 star for the environment. Ordered tasting menu $225/person.",False,8,0,1,Shengche M.,en
136,2022-02-05 06:35:19+00:00,5,"Came for dinner with my husband. For a 2-star Michelin restaurant, the prix fix menus are extremely high value ($135 for 3 courses). The whole experience was wonderful. The interior of the main dining room is gorgeous - would definitely recommend it over the lounge and the outdoor area if you're someone who appreciates aesthetics. Ordered everything that was recommended by the waiter and loved most of it. The fois gras and the sturgeon tart were delightful. The trout was delicious as well. The duck itself  was good but I didn't like the rye berries. Perhaps I was just too full, but I wasn't impressed with the desserts. They were beautiful for sure, but I didn't care for the flavors. Got the mandarin panna cotta and the apple tatin. All in all, a great experience and totally worth the splurge.",True,3,1,2,Stephanie C.,en
135,2022-02-10 19:01:43+00:00,5,"Just amazing experience!
Everything was great!

Wine & Champagne recommendations for the dinner was perfect!",False,1,0,1,Tae Ho K.,en
134,2022-03-01 18:40:43+00:00,4,"Nice atmosphere and good food. Live up to the expectation of a 2 star Michelin. 
I really like foie gras. The wine pairing there was good too, had a good time w my partners.",False,0,0,0,Maggie Y.,en
133,2022-03-06 14:53:33+00:00,5,My bf and I came here to celebrate my birthday. I have to say this is best dining experience I've ever had in the same caliber of restaurants. We ordered the 6 courses tasting menu. It's a combination of what's on the menu and surprises from the chef. I LOVE the Sturgeon tarte and my bf can't stop talking about the carbonara. Wine list is very comprehensive. We got a 2018 CHASSAGNE-MONTRAD Jean-Claude RAMON and it's so smooth coming with strong bodied.,False,1,0,0,Yinglu W.,en
132,2022-03-10 04:18:44+00:00,2,Leaving this review delayed from a trip last year. Service was quite slow and flavors were nothing special. Given the price I'd have rather gone to almost any other fine dining restaurant,True,2,0,0,Sahas G.,en
131,2022-03-16 01:12:22+00:00,1,"So we came here on a Friday night and unfortunately we will not be back. I'll start by saying that the atmosphere and service was great. We did the chef's tasting menu and added on the more expensive option for the wine pairing. The Som who poured our wine pairing was not very knowledgeable about any of the wines he poured for us. He even said the wrong years for what he was pouring several times, and the years were on the bottles! It just seemed unprofessional and questionable as to weather he was really a sommelier or not. Next, the food. It was very bland and lacked flavor. Keep in mind that we have been to 13 Michelin star rated restaurants in NYC so far, we mainly come to the city solely to try the top rated restaurants. With that being said, this is the only one we haven't liked or loved so far. I wouldn't recommend coming here. It is expensive which we knew since it is so highly rated but it is not worth the money! I honestly don't know how they got their Michelin star rating. With so many other restaurants definitely skip this one.",False,0,0,0,Bri M.,en
130,2022-03-16 02:09:57+00:00,5,"Legendary restaurant in New York! Michelin 2 star is underrated! And you will love it more when you visit in person, especially when you tour the kitchen (just politely ask the waiter)!

The dinner experience was way more memorable than most of the michelin restaurants that I went to. There was a smell of love, care, passion, hard work, and collaboration in the air!

To start with, I went there for birthday, and on my dinning table, there lied a handwritten birthday card signed by the chef Gabriel. I was touched, because I had birthday dinners at other restaurants and they were not this fancy.

The waiter was caring, he was able to fold the napkin every time when someone left the table, and constantly clean up the table. 

The portion is actually VERY GOOD. I was worried a bit because I ordered a 3-course for myself and a 4-course for my girlfriend, but they kept sending up complimentary bites between the courses, and the food quality was top-notch. And thanks to those bites, time passes fast, I was able to spend 3 hours in the restaurant while thinking it was only 2.

Ok! Food itself! Plating and presentation is almost perfect, what's not so perfect is the lighting - I could take better photos if the lighting over the food were better. Everything was amazing, but the duck was the most splendid. And all the desserts were outstanding, I remember a lot about chocolate flavor. And my girlfriend loved the birthday chocolate dessert the most.

I was go to put 9/10 for the restaurant, due to some dishes a bit too salty for me (if my perfect salty is 100%, GK is 110%). But then I was able to tour the kitchen and met the kitchen peeps. I enjoyed the vibe in the kitchen and the peeps were super friendly and happy while they were busy in the kitchen, they even stopped what they were doing to take photos with me. They told me the chef Gabriel left right before I went over to the kitchen, so I was not able to meet him. But I did see him in his staff, because they respected him a lot. It was an unbelievable experience, so I had to boost the score up to 9.5/10.

Now the question - what is 10/10 in my experience?

1. Better lighting on dining tables
2. Less salty on some of the dishes (there was a green liquid in shot glass that was too salty for me)
3. If I could meet the chef in person when in kitchen, that would be perfect. (luck).

To summarize, I recommend this restaurant strongly, it's another level for dining experience. You can get good food in the dining room, and you can get good story in the kitchen, what more can you ask for? 

I spent $400 that night for dinner, and I felt it was well worth it!",False,0,0,3,Wei T.,en
129,2022-03-27 17:11:27+00:00,1,I walked in it was my first fine dining meal I got seated and then this lady wouldn't  stop trying to sell me on wine. They got me started with tons of food  that I all spat out. 5 years later my appetizer came and that also joined the pile of spat out food on the floor. After another 5 years my entree came it was steak but it was edible just not great. the dessert I ate in one bite. Over all the best thing I ate for dinner that night was a tiny pickle. I walked out hungry from the tiny portions and wasting a lot of money and time. And lastly  how does it have 2 Michelin stars?,False,0,0,0,Alex S.,en
128,2022-04-05 01:32:49+00:00,5,"Who am I to rate this restaurant? This is the kind of place where you visit to watch, to observe, to learn. This is the kind of place where you come to learn what is possible, to learn about human creativity. To learn about the limits, or limitlessness, of human creativity. If you ever wondered what the ancient Greeks meant when they described arete or excellence, this is the place to see it realized. 

As mentioned on a previous post, my framework for rating restaurants is:
Can I replicate It at home?
Can I cook make it better?
Does it trigger the brain? 
Does it make me happy?

The answers here are two categorical 'nos' for the first two questions and categorical 'yeses' for the final two. I cannot replicate at home or make it better, and it certainly triggers the brain and makes me happy (I use happy here for a sensation of elation when I eat--not sure if you feel it as well, but it is a very distinct feeling). 

Yes, this is a pricy place, but from the service to the experience to the attention to detail, you must try it at least once. 

Oh, and the deserts. I am not a desert person, but the deserts here are to die for!!",False,0,0,0,Guilherme A.,en
127,2022-04-06 13:50:42+00:00,4,"Going to Gabriel Kreuther was a gift for my birthday. We LOVED that it's not overly pretentious. The hosts are a bit judgy but the servers and everyone taking care of us were so wonderful. We had short conversations with each of them, they answered any questions we had and were all so super nice and accommodating. We got some mocktails and went for it with the 6 course tasting menu. As with all tasting menus I've had, by the end, I as begging for it to stop! I don't want to spoil it so you just have to go and experience it all. The reason for one less star is because they got busy and we sat for almost an hour waiting for dessert and our bill and for our bill to be taken. I was beyond full and just wanted to go. It was a bit excruciating. But the dinner experience was perfect.",False,0,0,0,Michelle S.,en
126,2022-04-08 14:53:51+00:00,4,"The food here was very good, a bit out of the ordinary, but I enjoyed everything. This place not too long ago went from 1 star to 2 and I feel its actually somewhere between. The cuisine, setting and atmosphere is certainly a step above other 1 star locations but the service was not at the level of 2 stars I've been to like Atera. When I ordered a beer it tasted more like a cider. So I asked the server, is this cider? He said, its beer, and just stared at me with a stone cold face. His demeanor has no place in such a nice fine dining establishment. And when my date got cold she put a napkin across her upper body. Two workers asked her if she was cold but didn't bring anything for her. One of them even walked away laughing a little. Wasn't bad overall but not what I expect from a 2 star. Maybe michelin could invent a 1.5 star rating for this place.",False,0,0,0,Taylor S.,en
125,2022-04-09 03:19:53+00:00,5,"Had lunch here back in September 2021. The prix fixe lunch was around $110 per person which is an absolute steal at a restaurant with TWO Michelin stars. 

Needless to say, expectations were pretty high as we ran across Bryant Park in the pouring rain to get inside. The decor in the main dining room was simple yet classy. Couldn't help noticing we were the only young couple in the place. There was a group of impeccably dressed businessmen who were obviously there for a business lunch, a middle-aged couple with kids who weren't exactly thrilled to be there, and a group of middle-aged women knocking back glasses of champagne after spending their entire morning on a shopping spree. Quite the cast of characters for a Thursday lunch...

Anyway, I can't describe the meal itself between I honestly forgot most of it. It's not what you think. The 3-course meal was amazing. The only reason I don't remember much is because my main dish was that damn good. Hands down, the best sea bass that I've ever had. After tasting that piece of seafood heaven, nothing else mattered. The rest of the day was a blur because I was on cloud nine.

Chef Kreuther is a living culinary legend. Without a doubt the best (and most expensive lol) lunch l have had in NY.",False,1,0,0,Rick N.,en
124,2022-04-12 17:57:52+00:00,5,Outstanding in every way. On par or above many of the world's fine dining. Masterful combinations of flavors - interesting and exciting without being too far and odd Extremely generous prixe fixe with multiple amuse bouche that rank in taste and presentation as high as the courses. The bread presentation is captivating. Service was thoughtful and impeccable. You and your tastebuds are treated beyond well. Treat yourself and someone you love to this amazing restaurant.,False,0,0,0,Erica H.,en
123,2022-04-15 12:38:43+00:00,4,"Service was amazing, food and ambience were pretty good - overall a decent spot for a nice dinner (bit of a splurge), but not quite worth the hype for me.

I got the 4-course prix fixe with Foie Gras Terrine & Country Pâté, Sturgeon & Sauerkraut Tart, 2 Week Aged Hay-Smoked Duck Breast and ended with the Apple Tatin Frappe Brûlée. 

Amuse Bouche ------ 

Chocolate w/ Strawberry filling: very good, eaten at the end of the amuse bouche, thin layer of chocolate w/ a very liquidy strawberry filling which reminded me of popping boba

Beet Red Velvet Bread(?): Amazing. Highlight of the amuse bouche. Great juxtaposition of soft, denser texture from the bread along with the soft fluffiness of the sauce with a baked outside.

Fish Taco: Not my favourite. Was sashimi and very fishy. Typically I love sashimi so a bit put off. Very cute though.

Green Shot(?): Friend described it as ""drinkable salad dressing"" which I think is the perfect description. A bit too sour for my liking, but some people loved it.

Appetizers ------ 

Foie Gras: I almost always get foie gras and like to compare them across restaurants. This one was definitely middle of the road. Came with this clear gelee which was sweet, flavorful and definitely cool. Rye bread wasn't the best pairing IMO. I would have preferred maybe a sweeter bread, with some nuts or something for a texture juxtaposition.

Sturgeon Tart: Very flaky and great texture. Wasn't a huge fan of the sauerkraut, but if you're into that, I'm sure you'd love it! Host told us that this is one of the top dishes on the menu and doesn't get replaced even when the menu switches out.

Main ------

Duck: Highlight of the meal for sure which was surprising since I'm typically more into apps. Duck was so tender and flavorful. A bit fatty (more so than I would have liked, but still good). Crisp layer on the top along with the soft soft meat was amazing. Broccolini was charred to perfection! Rye berries were surrounded by some sort of veggie (cabbage) which was so hard to cut because of its fibers, so my rye berries were a bit of a mess.

Dessert ------

Apple Tatin: Like a decomposed apple pie with some refreshing pear sorbet. Used to apple pie with vanilla, so this was a very nice difference that made the dish even more reminiscent of spring in NYC.

Chocolate Nib Tart: This was amazing - should have gotten this. So many textures. Chocolate quality was great.

Chocolate (free): Had miso flavors and something else. I wasn't a huge fan.

Black Sesame Dessert (free): Strong black sesame flavor - so good. Very small bites and cute. Tasted exactly like the Chinese black sesame crisps(?) that are basically black sesame and sugar.",True,5,1,3,Stephanie Y.,en
122,2022-04-20 23:22:37+00:00,5,"A great 2 star michelin restaurant.
The food is modern French, Alsacian.
Very creative and full of flavors.
We took the tasting menu and wine pairing.
A good wine pairing, not amazing.
Overall a great restaurant. The service was not on par though.
Price was almost 3 star nyc. However, a great experience",False,0,0,0,Gal R.,en
121,2022-04-27 05:49:31+00:00,5,"It was my first time dining at Gabriel Kruether, and everything from the amuse bouche, to the cocktails, the 2-week aged duck, AND the desert was just perfect. I've dined at other other 2, and even 3-Michelin star rated restaurants (i.e. Le Bernardin & Per Se), and this was definitely one of the favorites to eat at. The food was incredible and the service, just as amazing. A huge shout out to my server, Alan, who was incredibly friendly, patient, and super attentive. I was dining alone and him and his server assistants all stopped to talk to me, for a bit, and told me about how much they enjoy working there, and made me feel right at home. Thank you, guys! 

I'll definitely be returning whenever I get the chance. Definitely worth a visit for anyone who enjoys fine dining or is visiting NYC. This place is MAGIC!",False,0,0,0,Christian G.,en
120,2022-05-02 19:20:24+00:00,5,"Went here to celebrate my birthday with my girlfriend. It was both of our first experience with fine dining. Our waiter (whose name I did not catch) was great. Her and I both have some challenging allergies and he did his best to guide us in the direction that was both safe and delicious. Tried a bunch of dishes I had never had before including duck, foie gras, caviar, and sturgeon. Overall, a phenomenal experience.",False,0,0,1,Michael G.,en
119,2022-05-02 22:12:53+00:00,5,"Worth every (many) dollar! Wait staff impeccable, wine pairing perfect with amazing food (we did the chef surprise dinner pairing) - no complaints about anything. Eager to return...",False,0,0,0,India R.,en
118,2022-05-08 17:14:43+00:00,5,"My wife and I had the pleasure of eating at the Kitchen Table last night for my wife's birthday. To say this was the best restaurant experience is an understatement. The service, food, wine list, cocktails, and atmosphere are world class. Our favorite dishes included the duck, clay wrapped asparagus and the famous sturgeon & sauerkraut tart.  However, everything was truly wonderful. We met the entire kitchen, heard stories about how dishes were created and spent the entire night watching how a 2 Michelin Star restraint is run, wow! A night we will never forget! Thank you to the entire staff for making our night extra special!!",False,0,0,0,Scott S.,en
117,2022-05-15 02:20:19+00:00,2,"I can only give 2-star to this Michelin 2-star restaurant.

We had the signature tasting menu. I am mostly disappointed. The starters are very salty. Its hard to taste flavour other than salty, felt very bad about that. The only few courses that I could express my appreciation were white asparagus and duck breast. Dessert and petit four are reasonably good.

Moreover, I think the service was rude as a 2-star restaurant , especially with the manager, which came to ask for our thoughts without any response, not even a smile. If you dont care your costumer feeling, why bother to this hypocritical thing? I would be even happier if the manager didn't come to bother us. What a shame for a 2-star restaurant. But the other waitress were friendly.

Overall, this caused us $700 which was absolutely overpriced even for such a great location in Manhattan. I become skeptical toward Michelin choice.

I shall recommend people to think twice before they come. Its kind of one of the most regrettable dinning experience in my life.",False,0,0,0,Anakin C.,en
116,2022-05-16 17:57:52+00:00,5,"Such service! The food was lovely, and my guest's birthday card was a lovely touch. The duck breast, foie gras, and truffle pasta were all wonderful! For once I have no words!  Just go!",False,0,0,1,Gil T.,en
115,2022-05-31 03:03:01+00:00,2,"An extremely questionable two-star rating. Gabriel Kreuther probably just didn't match my palette well, but I honestly feel cheated out of a meal. I don't think there was a single plate that I liked, and service wasn't great either. No one really came to check in on me except to clear my plates and bring me food, and out of the many Michelin star restaurants I've been to, Gabriel Kreuther offered the most distancing experience. 

Food was really average. I think they try to do a bit too much when it comes to each plate, and I felt really confused after each bite. 

Overall, I wish I had gone to another two-star in the city because this was not my cup of tea.",True,5,1,0,Megan L.,en
114,2022-06-05 03:23:31+00:00,5,"In summary: Gabriel Kreuther goes above and beyond!

We ordered the three course prix fixe menu. Compliments of the chef we received an amuse bouche, three special appetizers and bread service which were all excellent. The prix fixe menu was all amazing- presentation of the dishes was beautiful throughout, and each dish was made with care- my personal favorite was the duck breast. Each course had additional side dishes tailored to match the main dish. Finally, although we did not order dessert in our prix fixe selections, we also received a complimentary selection of sweets at the end which were very good. We left full and satisfied, very pleased with the quality of the food as well as the portions.

It was very nice to meet Gabriel Kreuther in person, as he came out to personally greet guests.

Service was very excellent throughout the meal. Each dish was explained well. The entire staff from servers to management were very friendly and attentive, and made sure that every aspect of our experience went smoothly. There was a slight miscommunication during a phone call between myself and the restaurant earlier in the night which was not a big deal at all - however as we were leaving the restaurant, they made sure to send us off with a surprise gift bag of sweets to make up for it.

A very memorable part of our visit to NYC!",False,0,0,0,Kevin G.,en
113,2022-06-09 19:26:18+00:00,5,"One of the best places I've tried in the city. The staff is top notch, knew the menu well, waters were always full etc. The waiter even knew the name of the ceramic artist who designed the plates off hand. I ordered the trout and the cocoa nib tart for dessert. We also ordered both tarte flambées for thé table to start. Everything was flavorful and a decent portion - sometimes these types of restaurants skimp you on the amount of food they serve, but this wasn't the case. The right amount without feeling too full. I went for lunch but Would love to come back for dinner!",True,0,0,0,Cole M.,en
112,2022-06-14 03:52:35+00:00,3,"I did not think the dinner I had tonight was worth 2 Michelin stars, perfectly adequate, but not worthy of 2 Michelin stars. The Restaurant is comfortable, and the decor is up to a 2 star standard, but the service was well below a 2 Michelin star standard. I was surprised to only see one foie gras dish in an Alsatian restaurant, and it was not particularly memorable. The duck, and the lemongrass marshmallow were very good, but the overall experience was not up to a 2 star Michelin standard.",False,0,0,0,Maldwin D.,en
111,2022-06-16 23:28:07+00:00,5,"This was my first Michelin star restaurant experience and boy did I choose the correct restaurant to start with.

Gabriel Kreuther offers ambiance, service, food, and presentation deserving of the Michelin accolade. Our server immediately greeted us with professionalism and personality as we entered the beautiful interior. 

We reluctantly chose the 6-course mystery tasting menu, entrusting our meal to the chefs while also hoping it included some of Kreuther's signature dishes. We were not disappointed as we did get to try the foie gras and sturgeon tart, but were also served with other equally delicious courses that were not on the general menu.",True,2,0,1,Juliana L.,en
110,2022-06-17 17:44:59+00:00,5,"Two Michelin star didn't disappoint! The Amuse bouche was three items which were good. Also scallion bread, fluffy with amazing dipping sauce. The pre fix three course $155. The first was Foie gras pate (I usually liked seared but this was good). The second was the duck which was perfect and tarty. The trout was out of this world! Complex and yet simple dish. The desserts were good but the tropical one was most unique in a good way.",False,0,0,0,Em N.,en
109,2022-06-25 14:47:38+00:00,5,"Woah! What an experience. First and foremost
The staff is so pleasant and patient! Not snobby and overwhelmed like in some nyc restaurants but truly welcoming! Last night was really amazing; this place gets every detail right and really makes you feel like you're watching a food performance. It's a show, it's a restaurant experience you have to try. We did the chefs tasting and everything was delicious, absolutely spot on and me and my wife just had an awesome time. The duck was perfect, the caviar was out of this world and every little in-between snack was just perfectly thought through. Come here, that's it, just come.",False,1,0,1,Nik I.,en
108,2022-06-28 17:32:54+00:00,2,I had the prix fix and found that it was ample food even on the verge of too much. The taste and presentation were excellent but for the price just not worh it. The wine was way way overpriced. You are subsidizing office space.,False,0,0,0,Mark D.,en
107,2022-07-07 16:33:52+00:00,5,"Tried this place Friday and it was so decadent ! Loved the foie gras, pasta, duck and chocolate desserts. Unique and interesting flavors and combinations, but still a wonderful take on French cuisine. First time ever left a Michelin restaurant full, worth every penny. Definitely a new favorite restaurant for celebrations and special occasions",False,0,0,0,Adrian W.,en
106,2022-08-03 13:51:28+00:00,5,"I've been here several times and have really enjoyed the dining experience and the food each time.  I didn't take photos to document my most recent meal but came here with a small group after work on a weekday.  We sat inside the dining room and enjoyed the calm, cool and relaxing setting on a hot summer day.

Enjoyed the Amuse Bouche selection to start.

Had the three course menu.

Smoked Tomato Consommé en Gelée to start.  Presented covered with a little smoke.  Very tasty.

Artichoke & Four Cheese Raviolis as the mid-course.  Enjoyed this, nice delicate flavor and version of ravioli.

Miso Marinated Brandt Family Strip Steak as the main.  A bit different then most NY steakhouses would do but this was a tasty version of steak, very tender and excellent sauces paired with the steak.

Had a few bites of Cocoa Nib Tart and this was a nice finish.

Overall well done and reliable restaurant for high end modern French cuisine right in the heart of midtown. I also love that they play classic rock music. How cool is that?",False,0,0,0,Ed H.,en
105,2022-08-09 20:17:24+00:00,5,"We were very excited to try Gabriel Kreuther on our recent trip to NYC to visit our daughter. This restaurant did not disappoint! The food was outstanding and the service impeccable. If you are looking for an elegant venue to share a memorable meal, this place is ideal.",False,0,0,0,Irene B.,en
104,2022-08-23 19:00:08+00:00,5,"Truly the best experience I had at my very first Michelin restaurant. The palette cleansers between meals were incredible( I really enjoyed the gougères and the Alsatian bread with chive cream). My favorite course of the whole meal was the duck with cornbread. Mmm so sublime! Unfortunately I wasn't able to finish it but I promise the next time I come to NYC, I'll finish the duck! The dessert was sublime as well( I had the Mont Blanc). I applaud the staff for their hospitality and for leaving me a card to review them. I promise you five stars. Hope to see you soon!",False,0,0,0,Marissa N.,en
103,2022-08-24 07:30:13+00:00,3,The meal was a highlight of the trip The place is nice and comfortable The service was very attentive and efficient The food was an incredible complex and balanced journey well planned and executed The pairing was incredible in both its versions.,False,1,0,1,Edward H.,en
102,2022-08-28 02:28:33+00:00,2,"Hugely disappointed. 
We were seated in the bar area as we made a reservation late last week. A waiter came to take our drink order and brought us 2 drinks to be poured at our table. His hands shook nervously as he poured. We ordered our dinner with him and he left. 
Another waiter came over 5 minutes later and said ""I noticed you have drinks, would you like to order dinner?"" We informed her we had already done so. Weird and uncoordinated for a wait staff of this caliber. 
Later, before any food came, the same waitress came and grabbed my wife's glass away with a quarter of it left. Approximately $5 worth. 
We ordered a cheese course and a 3 course prix fix dinner. The cheese course came and was honestly very tasty. I asked the sommelier for a glass of red with dinner. He suggested a few and left the wine menu with me. The first course came, a tomato consumee that was literally tomatoes in jello with feta on top. Nobody asked me for a wine order so I waited. 
Our duck breast came and it basically tasted like pork belly. Very salty and overcooked. Halfway through the main course the sommelier came by and noticed I didn't have a drink and asked me what I had decided. At that point I was over it since dinner was nearly done. 
We asked the waiter if they could do a half caff latte with desert. He had no clue what this was. Turns out it was a thing that someone had invented and that they could mix a decaf espresso and regular together in 50% increments. He assured us it would arrive with desert. Halfway through desert someone asked us about coffee. We explained and asked them to cancel our newly invented half caff drink as we needed to leave for the broadway show. 
We felt forgotten and ignored in the bar area. It was a stuffy and pretentious place and definitely not worthy of 2 Michelin stars (not even 1 really)
The food was mediocre and the staff was very poor in their roles. 
Would not recommend for the $300 we spent. $50 would probably be too steep for the dreadful experience. 
GK should be embarrassed T their effort. 
Desert came and was very",False,1,0,0,Matt R.,en
101,2022-09-01 02:16:04+00:00,5,"I made a reservation on Resy for Friday night dinner to celebrate my bf's birthday. It's actually pretty easy to get a reservation online, and I don't need to set an alarm to grab a spot at midnight. The restaurant is conveniently located across from Bryant Park. The dining room is spacious with elegant interior design. I like the decor and ambience. The service was impeccable. The server gave a card to my bf that says happy birthday with his name and signed by Gabriel Kreuther. The menu we received at the end of the meal also says happy birthday. 

We ordered chef's tasting menu. My favorite appetizer was the Smoked Tomato Consommé en Gelée. It's creative and refreshing. I haven't had anything like that before. My favorite entrée was the Hay Smoked Two Week Aged Duck Breast. It's tender and tasty. My favorite dessert was the White Chocolate Shiso Leaf. It's delicious and creative. I've never seen anything similar before. I've heard that Gabriel Kreuther is well-known for the dessert. The last dessert was the handcrafted chocolates. We also got a birthday dessert on the house. 

We both enjoyed the food and service here. It was an unforgettable night for birthday celebration.",False,4,0,1,Elena W.,en
100,2022-09-11 17:24:27+00:00,5,My first 2-star Michelin experience. We chose the 5 course chef experience meal and it was a great journey. Looking forward to dining here again on my next NYC trip,False,0,0,0,Nick D.,en
99,2022-09-14 01:46:17+00:00,5,"Hands down, this was the best dining experience I've ever had, and that is really saying something (with as much humility as possible )!!!

The service was above and beyond any other restaurant I've been to - most other Michelin-starred restaurant haven't even come close.

Christian, the host, was exceptional.  He was dapper and friendly, while also executing on his job perfectly.  I'll get back to him later...

The wait staff was organized and operated precisely how one should be - the coordination between all of the staff was flawless.  The attention to detail was top notch - from the refilling of water glasses to the removal of courses... even down to the keen eye of one waiter noticing that my date was left-handed by how she was eating, and providing her with specific left-handed silverware!  My date could not have been more impressed by this.

Regarding the food - just superb!  Due to a time constraint on our part, we opted for the 4 course option vs the longer chef tasting.  We were served an amuse-bouche, a palette cleanser, bread, and other items before our first course arrived.  There was a raspberry kombucha poured over ice like a snowcone, a turmeric-ginger gelee, a ""dinosaur egg"" where I can't remember the details of what was in it, a hush puppy, and a savory bread that had a scallion flavor baked into with a scallion butter.  Each dish was on the scale of very good to excellent.  The texture and flavor of the bread was exceptional - and rare from my experience, as many Michelin restaurants put more emphasis into the look and design of the bread than to the taste and texture.  Gabriel nailed both and it was appreciated.  Again - the details were never missed!

For the first courses, we each chose the foie gras.  It was excellent - different from other foie gras courses I've had, but they still nailed the flavors and combinations of sweet with fat.  I enjoyed the unique twists done, like the addition to have a spiced banana bread accompany the dish.

My second course was a crab and rice ""soup.""  I honestly forget the word they use for the sauce, but it was poured table-side, was green in color and had a nice spice level to it.  For her second course, my date chose the ravioli.  I did not get to taste the dish, but it was beautifully presented, and there was nothing left for me to try .

For my third course, I chose the duck (as one of the wait staff said it's a must have if you've never had it at Gabriel's restaurant before).  The sauce was drizzled table-side.  Each item in the dish was very good on its own, but the magic happened when you took a little of each and combined them together.  Just excellent, and it's no wonder why it was a recommended dish.  For her third course, my date had the trout.  It was first presented to her in something like a cassoulet.  They then removed the fish from said ""cassoulet"" and plated her dish, including the pouring of a sauce table-side (coordinated with my table-side pour).  Once again, I was not able to taste hers due to there being none left.  

For our fourth and final course, I had the cocoa option while she chose the peach option.  Hers was plated beautifully yet again.  She absolutely loved her dish, with so much going on there is no way I can recall it all.  My cocoa dish was just what a chocoholic like me loves - chocolate in many forms!  It was excellent - the miso ice cream was a nice combination as well.

We were then provided coffee, tea, and petit four.  All very good.

As we were hand-writing our review on the review card provided with the check, Christian came over to our table.  (I told you I'd get back to him later) He said he noticed us taking a lot of pictures and wanted to give us a private tour of the restaurant and kitchen, in addition to taking our picture with the chefs.  In my almost 40 years on this planet, I've never seen this happen.  It was simply exceptional.  It further proves the attention to detail aspect, as he (as a host) observed how we acted and took the time to make our night truly unforgettable.

So... yes... the food is amazing, as you'd expect at any Michelin restaurant.  But, the service and detail go so far beyond anything I've experienced.  This restaurant has 2 Michelin stars.  It certainly deserves the third.  And whomever is responsible for the staff and overall operation is simply the best in the business.  

Gabriel Kreuther is simply masterclass in dining perfection.  They deserve a different level of rating on here as 5 stars doesn't do them nearly enough justice.",False,0,0,0,Doug P.,en
98,2022-09-22 00:51:22+00:00,5,"I can't believe I hadn't been to this spot until tonight, one of the best dining experiences I've had in quite a while. The ambiance, with very high ceilings in the grave building is perfect. Nearly everyone in the restaurant was wearing a blazer, I was wearing a sweatshirt and my friend was wearing a polo shirt, but they still let us sit here. We both did the 3 course pre fixe which was phenomenal. I started with the fois gras, which came with banana bread. I then had the smoked duck breast. I loved everything I had, can't wait to come back.",True,2,0,0,Jordan W.,en
97,2022-10-02 16:45:50+00:00,2,"I spent last weekend in NYC visiting a friend, and we decided to try to snag a reservation at Gabriel Kreuther, a restaurant that had been on my list for several *years.* We felt fortunate to get a reservation for Saturday night and were sure to note our dietary restrictions in reasonably nuanced detail (me=broad seafood allergy that I described in a lot of detail, and friend=gluten-free and dairy-free) in the reservation notes. She separately emailed the restaurant to further detail her own dietary restrictions. My allergy and her dietary restrictions were verbally confirmed when we checked in for our reservation and we reiterated them again to the server when she took our orders. All seemed good. 

First, I'll try to capture the courses I had:
1. Kombucha shot and a vegetarian sort of glassy/gel dish. 
2. Smoked tomato consommé en gelée: Had a deep smoky, barbecue like taste. I really didn't care for this dish, alas. 
3. Rice dish with callaloo. This wasn't verbally described as having crab in it but looking back at the menu, that could have been the issue (the maître d' later said via email that my version was vegan). 
4. Bread mini-course in the middle of the meal 
5. There was a sausage dish here, which also caused a reaction. 
6. Orecchiette with some brown sauce after they brought the squid ink pasta

Next, I will highlight a series of communication issues that happened. The server who took our order gave a confusing explanation of the courses. She explained that my friend would need to have the six-course menu, and that the three- and four-course menus were not an option for her dietary restrictions, which was strange. I had been eyeing dishes on the three-course menu, mostly because I was allergic to half of the mid-course dishes shown on the four-course menu, but the hostess said I would also need to get the six-course menu. This was vexing given that it was not communicated in advance, and the restaurant had not stated this in response to my friend's email. 

The largest issue surrounds my having been served items that caused a visceral reaction that resulted in needing to depart the restaurant prior to the dessert course to locate a pharmacy. I think it was during the fourth course that I was presented with squid ink pasta, and I immediately informed the runner that I would be unable to eat that course due to my seafood allergy. He seemed a bit surprised by this but took the dish back to the kitchen. Our server quickly returned to apologize that an allergy-inducing dish had been brought to the table. This prompted me and my friend to wonder if any of my previous three courses had also contained seafood products, unbeknownst to me. 

By this point, I had had a strong reaction to a previous course that resulted in...let's just say a very unpleasant experience. This was unexpected and unfortunately happened a second time, at which point I realized that something was seriously wrong. I was also starting to experience several other symptoms that I normally only encounter during mild to medium allergic reactions (fortunately my throat did not close, phew). My second visit to the restroom was also interrupted by the quite unexpected presence of a woman in the single stall in the downstairs men's restroom who seemed to be talking to herself, which prompted me to leave that restroom and head back upstairs to await the opening of the one there. 

My condition quickly worsened, and my friend flagged down the server to inform her of what had happened (I was minimizing talking at this point as I felt that further talking might result in feeling even worse). I appreciated that the maître d' came over to inquire about the situation, and we departed to find a nearby pharmacy. I'll say I do appreciate that Nico, the maître d', was quite attentive once he was made aware of the situation.

We made our way to a CVS in Times Square to get medicine, and I spent the rest of the evening feeling miserable, and we had to cancel our jazz club reservation for later in the evening as I was unable to leave my friend's apartment. My symptoms did not fully subside until about 24 hours later, but fortunately I was able to take the train back home to Boston the next day.

There were various service mishaps throughout the evening, such as there being 30-40 minutes between several courses (except the second and third course, which were about 3 minutes apart) but those pale in comparison to what was a case of cross-contamination at best and a direct allergic reaction at worst. Across the various dishes we had, some of which were identical and some of which were different between the two of us, we overall were not impressed from a flavor perspective. 

I was so pumped to go to GK and it sort of pains me to write this review, as I do not believe I will be returning. If you have food allergies, I would suggest staying away.",True,3,2,2,Willie R.,en
96,2022-10-03 01:34:13+00:00,5,"A fun, friendly exquisite dinner.  Met the chef!  Every course was delightful and delicious.  Probably the best duck I've ever eaten.  I have no complaints, only compliments.  Incredible service.  Just a great evening.",False,0,0,0,Lawrence K.,en
95,2022-10-04 17:54:55+00:00,5,"Worth its two Michelin stars! Creative reinterpretation of Alsace cooking, superb service, fantastic tasting menu, and a great wine list and bar. Plus, was easy to get into at the last minute. What's not to like?",False,0,0,0,Stanislav S.,en
94,2022-10-09 17:05:21+00:00,4,"Came in for a late dinner. We ordered from the pre-fixed menu. We had the tarte flambée which was phenomenal and another appetizer which I do not remember the name of, but it was just okay. I got the trout which I thought was adequate. However, I tried the duck breast that my companion has gotten and found it exceptional so we actually ended up switching, since she liked the trout. I also tried steak that my other colleague has gotten and it was incredible, which says something coming from someone who typically do not like steak. For desert, we had the chocolate desert and pineapple carpaccio. Chocolate was exquisite, the pineapple was alright. Portions are small as every other upscale restaurant, it's more about tasting and the experience. Wine was excellent. Incredible service. There was a couple of times that our plates were about to be cleared out before we finished eating, which felt like we were being rushed but otherwise, the service was great, our waiter was wonderful. Beautiful decor. Pricey, but that was to be expected. Very pleasant experience overall.",True,0,0,0,Katie T.,en
93,2022-10-22 16:29:30+00:00,5,Phenomenal. As good as it gets. One of our best Michelin star dinners ever. I can't speak more highly of this place. Will certainly be back.,False,1,0,1,Cody J.,en
92,2022-10-22 21:26:15+00:00,5,Very good presentation and all around great dining experience. Small plates but lots of flavor.,False,0,0,0,Travis D.,en
91,2022-10-25 05:17:26+00:00,5,"Must be to try this 2 Michelin star French restaurant! First of all, there are plenty of seats are easy to make a reservation, just make a reservation a day in advance! Secondly, the food is classic and delicious, also theres a lot of small bites, the whole tasting menu experience a complete French meal. Finally, good service, good environment and spacious seats!",False,3,0,2,Yi L.,en
90,2022-11-01 18:07:35+00:00,5,"A 2 Michelin stars restaurant, the food definitely met its standard, ambiance is perfect as well. Very happy to celebrate my brother's birthday dinner here, we all enjoyed the night very much! Thank you our friend, the sous chef of Gabriel Kreuther, Rodrigo, who took a very good care of us that night. Despite he was extremely busy that night, he still found time to greet us, and took us for a kitchen tour and met Gabriel Kreuther himself! Thank you for giving us an unforgettable memory!",False,0,0,0,Kelly L.,en
89,2022-11-03 03:46:05+00:00,5,"Everything was amazing. Ate in the Lounge. Service was incredible, the food was also incredible. Did the 4 course tasting menu, but with the bread service, complimentary apps, and post dessert snacks, it was like 7 course. Just great.",False,0,0,0,Bryan R.,en
88,2022-11-11 02:42:37+00:00,5,"One of the few Michelin starred restaurant that really justifies the honor. It has 2 Michelin stars and one that I would gladly return again for a meal. The food is thoughtful and complex in flavor. Creative and beautifully presented. They serve you complimentary small bites and ""tongue cleanser"" as well as sweets. The orchestrated flavors of your food and small treats is well managed. Service is very good and professional but I must comment that it lacks the warmth and genuine courtesy. I decided to still give five stars as the food, the presentation is exceptional! Highly recommended.",False,1,1,1,Nicholas O.,en
87,2022-11-12 05:39:59+00:00,5,"Food was 5 diamonds. 
Service was 5 diamonds. 
Ambiance was 5 stars. 
Crowd was 4 stars. 
Experience was priceless. 

Took my girlfriend here for her birthday, and it was beyond special. 

All other restaurants I now go to are now compared to Gabriel Kreuther, especially the service.",False,0,0,0,Bill B.,en
86,2022-11-27 19:22:37+00:00,5,"Had an awesome experience trying out the lounge on a last minute reservation. 

Mixing and tasting the Four Course Prix with the Bacon Tarte Flambee to start was a fun way to experience the menu! 

I highly recommend the lounge as you can order with a ton of flexibility and also not have to book way ahead! 
The staff was helpful, friendly and provided excellent advice on all the choices.",True,36,19,37,Laurie C.,en
85,2022-11-30 22:48:26+00:00,5,"I had a delightful meal here for my birthday. Though they were due to close their outdoor patio for the season, the restaurant decided to keep it open one more week so I could celebrate there when I explained to the reservationist that it was my birthday lunch and I'm high risk for COVID and don't eat indoors. Above and beyond service, but sadly, dear reader, the beautiful outdoor setup is now gone, though it was perfect for my visit earlier this month.

For lunch, you can choose between two items per course on a prix fixe  tasting menu, or order a la carte. We chose to do the prix fixe and order different items so we could try everything and were not disappointed!

The royal kaluga caviar amuse bouche was a divine and decadent start to the meal, along with a savory pull-apart bread with chive butter.

Both the citrus-cured fluke and foie grad terrine were fantastic, though if I could only get one I would go with the latter.

Likewise, the red snapper and miso-glazed steak mains were expertly prepped, and the winner for this course was definitely the steak. Though again, both were excellent.

We really enjoyed the deconstructed chocolate tart, but my vote for best dessert goes to the golden kiwi givre. So unique!

The meal was capped off with Kreuther chocolates served as petit fours. Such a treat -- I had been missing their chocolate shop next door, which closed earlier in the pandemic.

Service was superlative. Our waiter was charming and friendly, not overly stuffy. A bag hook was immediately brought for my purse without asking, and they happily obliged when I asked them to charge my wheelchair while we dined. The only thing I found odd was, just like on my last birthday visit a few years ago, no one mentioned the occasion. I guess they're not big birthday people lol, still a 5* experience and I really appreciated the gesture of allowing me to dine outside which was more than enough of a gift. Hopefully, they add an outdoor dining setup back in when it gets warmer again as the open air structure was a beautiful oasis from 42nd street.

Wheelchair access details: no steps from the street, a fully accessible restroom is available in the basement level via vertical lift.",True,1,0,1,Anna P.,en
84,2022-12-04 19:58:24+00:00,5,"Gabriel Kreuther is one of the best restaurants I have had the pleasure to dine at in New York City. It is located right across the street from Bryant Park so it is somewhat easy to find. The chefs table was a fantastic dining experience where the chefs come to the table and you can watch the sophistication of the kitchen. The kitchen has a presence to it yet a peculiar silence that was very interesting to witness. Nonetheless, the kitchen table was an experience well worth the money! The staff was very friendly and attentive. So attentive that my water was never not full. The restaurant catered greatly to dietary needs and the restaurant made sure that the dietary needs of some of the party did not impact the experience. Likewise, we were able to add additional dishes to the menu at an additional charge without a problem. My favorite two dishes were the trout and the orecchiette! Also their fish and duck portions are very generous without losing the precious flavor profiles. The Apple Tart Tarin was a great dessert and was a very generous portion. Likewise, the bread they provide are tasty! The tasting menu left me very full, happy, and was an experience well worth the money. Although the staff could have done a better job explaining how to eat the dishes but other than that it was the best experience I've had at a restaurant so far! 8/5!!!!",True,1,0,1,Hector S.,en
83,2022-12-17 01:19:25+00:00,5,"The experience at Gabriel Kreuther, particularly the chef's table was an amazing experience and well worth it!

We came in a group of 4 and sat in the kitchen with a great view of all of the chefs working their magic, which is always so fun and really makes you appreciate each course. The hospitality was first class as they took care of any dietary restrictions or preferences in our group seamlessly and fluidly. 

We started with 3 amuse bouches and some delicious cocktails. It was then followed by courses of: foie gras, sturgeon and sauerkraut, trout, squid ink ragu, duck, white chocolate shiso leaf pallet cleanser and 2 desserts of pomegranate and pear bite with cotton candy and an apple tart tatin. I also appreciated that we got 3 types of breads throughout our meal, though it meant by the end I was very full! My absolute favorite dish was the trout - the shrimp sauce poured on top and the mashed potatoes underneath were all so delicious and silky smooth. It was my favorite fish course I've ever tasted. The water buffalo ragu was also so good. 

The desserts were also very tasty, though my favorite was not on the tasting menu - the chocolate flan. Wow that was amazing. Lastly we ended with 4 bites each which were quite big, I was surprised.

All in all, an amazing night and even more amazing meal. We had the best time and really delicious dishes while having an intimate experience in the kitchen.",True,3,1,1,Molly H.,en
82,2022-12-24 22:11:14+00:00,5,Unbelievable service!!! The food was define!!! The fine's restaurant I've had the pleasure visiting.,False,0,0,1,Keelan H.,en
81,2022-12-25 23:45:52+00:00,5,"We came here for our first date and returned for our third anniversary! Chef Gabriel was kind enough to come take a photo with us and sign his cookbook! 

I have loved each and every experience at GK and the food here is always wonderful. Also I highly recommend getting Gabriel Kreuther's cookbook which is a beautiful presentation piece and tells you the back story about his life.",False,2,0,1,Stephanie D.,en
80,2022-12-26 18:11:42+00:00,4,"This place was great. 5/5 stars for the food - Gabriel is a culinary and creative genius. 

Our experience started out a bit rocky - we were about 20 minutes early to our reservation. We grabbed a drink at the bar to kill time. The bartender was great - answered all our questions, and our drinks were amazing. We ordered the pear cider and the mocktail that started with an ""e."" 

We were seated almost 15 minutes after the start time of our reservation. Two parties who arrived after us were seated before us. We were given a round corner table, which was nice. When we went to order the chef's tasting menu, our server did not know what a ""lacto ovo vegetarian"" was - they assumed it was the same as being a vegan, so I explained what it meant. Normally I wouldnt mind this, but I'd assume at a place with two stars, they'd know. So I docked a star for this and the late seating. 

We did end up getting the chef's tasting menu - one for a tree nut allergy, and another for a lacto-ovo vegetarian- and it was absolutely incredible. 

Each course was more creative and delicious than the next - I can't remember everything we had, but I do remember liking the first bread course so much that we ordered another. This was a mistake because we then were too full to enjoy the final two courses of the meal. Wait until the end of the entire meal to repeat a course! 

The food included a traditional Alsatian bread with a fromage blanc/chive sauce, daikon ravioli, a mushroom pasta, artichokes in vegetable broth, a porcini gingerbread man, and lots of other creative dishes. Most of the food was ""shut up and let me experience this because it's blowing my mind"" good, and those that were not were still really really good. 

At the end they brought out a cake for my birthday in addition to the dessert courses. I also ordered the royal Tokaji which came out in a crystal spoon on a silver platter. 

The ambience was upscale romantic - the kind of place you'd propose at. The staff was patient and answered all of my questions. The food was incredible. I'll definitely be back here.",True,10,1,7,Aakruti V.,en
79,2022-12-31 20:52:11+00:00,5,"We came here for our 20th year annivesary. The place excelled on every aspect. I am hard-pressed to find a single way to improve upon the amazing room, attentive knowledgeable servers, well prepared and executed food. I am not a huge desert person so I was able to do 3 savory dishes instead. We both started off with their mixed cocktails. I had their special Manhattan and the wife had their herbaceous martini as we scoffed down the shareable mushroom flat bread. So lite, so good flatbread. The amuse bouche was a playful presentation of savory dishes disguised as desert pieces. The open course was the aged yellowtail and king fish crudo. I ate the pate of foie gras. We washed it down with a 1/2 bottle of rose Ruinart. Not a bad start indeed. The next was the soup of smoked eel, fennel and crab. Our main was the sea bass and the aged smoked duck breast. Both were exceptional mains. My wife has a slight aversion to any foam dishes so we switched the main. Honestly both were well executed and delicious. I did think the duck was out of this world and would gladly dive back into that again. We had these dishes with a bottle of Nuits Saint George Philippe Pacalet. It drank lovely for a young wine. The nose was phenomenal. The sommelier  (Lara) it was her recommendation. Their menu consists of 10,000 bottles and 2000 producers. I know my wines but it would take a day just to navigate it. You may spend a pretty penny here on food and booze but I can not think os a better way to spend it.",False,1,0,0,Greg W.,en
78,2023-01-11 00:16:21+00:00,5,"Wonderful experience, tried the chefs tasting menu with a group of four. The staff was very attentive to our pace with each course, we really appreciated the attention to detail. Its always nice too when the Chefs smile at you while working these wonderfully inspired, creative dishes. Thank you for making our dinner memorable!",False,0,0,0,Jesus C.,en
77,2023-01-14 06:47:49+00:00,1,"I wanted to leave a negative review after one subpar experience and one very negative experience at this restaurant, however, after reading through the poor reviews that have already been shared here I feel like there isn't much subject matter left to cover, so I will just say; there is a reason why its easier to get a table at this ""two Michelin star restaurant"" than your local Applebees.",False,0,0,0,Andrew L.,en
76,2023-01-22 19:23:50+00:00,5,"// Summary
A culinary experience that will absolutely blow your mind with taste explosions and supreme service.

// Meal Experience
I had a ""treat yourself"" type of moment and on a whim chose Gabriel Kreuther. I opted for the tasting menu along with the wine pairing. This may have been one of the meals of the year for me. Every dish was beautifully prepared and tasted as good as it looked.

// Service
Absolutely exquisite. Each dish and wine pairing were described to perfection with poise and passion. Every bit of mess from crumbs or otherwise were promptly cleaned up, and my glass was always filled - whether that was the wine or the water. And my napkin was always well-folded when I had to excuse myself to the restrooms.

// Ambiance
It does feel very upscale with that nice romantic mood lighting ready for a special celebration. But even in my quarter-zip and decent jeans, I didn't necessarily feel out of place - considering there might have been other people who maybe didn't feel the need to dress up as I did.

// Convenience
Pretty easy to get to as it's right across from Bryant Park. It did feel like a bit of a trek to walk to the restrooms, but who knows, maybe you need that exercise after the copious amounts of food you get with the tasting menu.",False,0,0,0,Patrick B.,en
75,2023-02-16 14:11:07+00:00,4,"Celebrated my anniversary here and did the chef tasting. The presentation was fun and you get a TON of food, but there are way better tasting menus to be had in this town. The service was also a little disjointed.

Food was overall great, though not the kind of mindblowing I like to experience at a tasting menu. The duck was my favorite dish, but nothing else was super memorable. Also, why was the butter hard?!

I will say the vibe/ambiance in the dining room was great. I would consider returning to try the smaller prefixe menu, but wouldn't do the chef one again.",True,2,0,0,Gab G.,en
74,2023-03-14 21:01:50+00:00,5,"Perfect place to spend a special evening. Every time I have come here, the service is extremely professional and welcoming. You should definitely come hungry. There are options for 3-course, 4-course, and a chef's tasting, and all of these come with more than what you expect. There are small courses before, in between and afterwards that are nice surprises and make you very full. Don't be shy if you need to take your food home. We definitely had to ask to package some to go as we could not finish all our food.

I opted for four courses - foie gras, sturgeon and sauerkraut, duck breast and the golden kiwi. The foei gras and pate was very light. It came with homemade rye bread that made me feel warm and happy. The sturgeon and sauerkraut tart was a combination I have never had before, so I liked trying this new flavor profile. The duck breast was cooked very well, but I think I will try the fish next time. The golden kiwi was also a unique dessert. The kiwi is hollowed out and made into a sorbet with coconut tapicoa balls.

My husband got the yellowtail crudo, strip steak and the chocolate truffle. He especially like the milk ice cream in the dessert. Next time he also said he would like to try the fish. 

Definitely will return again for a special occasion. Lastly, Gabriel Kreuther, himself came to greet all the guests at the end of the night! He was so professional and kind. We also got a private tour of the kitchen as well. Amazing restaurant that goes above and beyond.",True,0,0,0,Stacy T.,en
73,2023-03-31 15:00:10+00:00,5,"What a treat to dine at Gabriel Kreuther. From the moment we were greeted by the charming and welcoming host and entered the stylish, spacious, (yet cozy) room, we enjoyed every moment. And that was before the food!  We had the prix fixe lunch tasting menu and each course was absolutely delicious. Every plate had at least 5 different tastes, in addition to the principal dish. Spectacular. We oohed and aahed with every bite (and we don't often have that experience in a restaurant, of late).  The service was perfect--friendly, informative, professional, and, much appreciated. We look forward to returning soon. Thank you to the wonderful staff for a memorable meal.",False,0,0,0,Joan S.,en
72,2023-03-31 18:39:51+00:00,5,Popped by today to pick up the most adorable and decadent Easter Candy. We chose these chocolate marshmallow treats and a box of chocolates. The detail on each is so beautiful. Everything from packing and presentation to taste is simply divine. Definitely try!,True,1,0,1,Sharm S.,en
71,2023-04-01 18:17:12+00:00,5,"Incredible restaurant and design! !
The dinner was a amazing.
The services rendered was perfect .
The sommelier reference for pairing wine was excellent.
All dishes was state of the art.
The chef was surprising with additional flavors.
It was gorgeous evening.
Highly recommended",False,0,0,0,Justin J.,en
70,2023-04-02 16:47:36+00:00,4,"I had a very nice dinner here recently. The host was warm and friendly when I arrived--enough that I really remembered this. 

The drink list is cool and included some interesting spirits that I was not familiar with. This may be a chance to try something new. 

You will receive more than is listed for the tasting menu, as they bring out small bites as well as two different types of bread (at two different times, so not bad thing but a little wonky) between the courses. Even if individual dishes are not huge, you end up with a lot of food overall. 

A few of the in-between items were okay, not great, while the dessert and main course were delicious and beautifully presented. The excellent service and overall nice experience upped things a notch, though.",True,1,0,1,Sarah M.,en
69,2023-04-07 16:37:11+00:00,5,"This is such a wonderful place to go for a special occasion! My boyfriend took me here for my birthday. The restaurant went above and beyond to make sure it was incredibly special. Chef Gabriel had signed a ""Happy Birthday"" note for me, and that was just the start.

We went with the three course menu (other options are four course and chefs tasting menu). We then got the Bacon Flambé to share.

To Share

Bacon Flambé: 7/10

I was extremely disappointed in this dish. First of all I don't know why they are using the term ""flambé"" when this is a flatbread. It is a white cheese flatbread with bacon. Definitely not what I expected. It was still tasty though. The flambé and bacon tasted super smokey. It was very strong and a unique experience to be smelling something so strong and Smokey but the mouthfeel was so delicate.

First/Mid Course

Scallops: 8.5/10

The scallops were delicious! The truffle didn't come through that much, but I loved the mouthfeel of the foam and the thin slices of scallop. I expected the scallops to be bigger but they were thin and delicate.

Ravioli: 9/10

You only get two ravioli but man are they delicious. They are perfectly cooked and the sauce is incredible. I highly recommend this dish!

Second/Entree Course

Duck: 10/10

The duck was incredible. The lives of meat were nice and thick and juicy. The skin was perfectly crispy and there was a nice thin layer of fat to make it very tender and create the perfect bite. If you don't order this you're missing out.

Steak: 10/10

If you don't like duck, get the steak. The steak was incredibly soft and tender. It was perfectly cooked too. The side of potatoes was also delicious.

I honestly don't know how to further describe these dishes because there are no words. I loved every bite!

Dessert

I have a nut allergy, which limited us.

Kiwi dessert with coconut tapioca: 9/10

The kiwi sorbet was AMAZING! I had never tasted anything so smooth. It wasn't freezer burnt and the kiwi flavor was not artificial at all. The presentation was very cool too. The tapioca came in a kiwi and they put the sorbet on top. The dessert also came with a caramelized cake stick that tasted like banana bread.

Our meal also came with free wine - to celebrate - and some hor dourves, which were presented nicely. We got some homemade specialty chocolate and jelly cubes. We also had the scallion bread with chive cheese dip. Absolutely incredible we embarrassingly ordered seconds.

Overall the experience was incredible and the food was very good. I loved all the little surprises and supplements that made the meal even more special and over the top. The staff was so friendly and it was a birthday well spent!",True,2,2,2,Olivia P.,en
68,2023-04-15 22:16:49+00:00,5,"Another great fine dining experience. The only down thing I can say is that the chef was not there during our visit. We did, however, get a tour of the kitchen and have an extraordinary meal paired with great wine chosen by their sommelier. The meal was definitely Michelin quality.",False,1,0,1,Michael G.,en
67,2023-04-16 20:40:00+00:00,5,"Came by here for lunch recently. The service at this spot does not disappoint, everyone was so attentive. It's no wonder they have 2 michelin stars, the food and service were both incredible.

We ordered a couple dishes from the a la cart menu and requested to split everything into two. The dining experience was just WOW - even though we ordered a la cart, each dish was individually plated for the two of us and presented in an order from light (salads) to finish with protein (fish). I was very impressed.

We started our meal with a few amuse bouche compliment of the kitchen. We got shots of passionfruit kombucha with ice crystals which were delicious and margarita jelly cubes. So fun!

Then the meal proceeded with our bread service. This bread was super soft and golden, it truly glowed. Our meal then continued with salad and foie gras, and finished with the fish. For each course, the staff came to explain to us what we were eating so even though we chose an a la cart experience, the entire culinary journey still felt as if we had a tasting menu. Very well done! 

I will certainly be back and will have to try the tasting menu next time!

For more NYC food reviews and visuals, follow my Insta: @alice.likes.food",False,0,0,0,Alice W.,en
66,2023-04-22 11:05:09+00:00,5,"This is easily the best restaurant I have ever been to. These are not just words, it's justifiable proof across the board that excellence exists and is strived for, which is exactly what this restaurant does. 

As you walk in, absolutely stunning decor and sophistication become crystal clear. With over 30 servers, assistants and everyone else who is trying to make you happy it's virtually impossible not to emerge a celebratory mood. The 30 I mentioned are only people facing, there's an exactly the same amount of professionals cooking your meal in the kitchen. Yes, it's 60 employees building your food experience to perfection. 

Oh yes, the food. It shouldn't be called that. It's really artwork for your pallet because once you realize the effort, the mixtures of tastes and their unrivaled originality, you are experiencing Michelangelo on your plate. I would say to not consider it a restaurant as much as it is an experience, one that you will never forget.",True,0,0,0,Bob S.,en
65,2023-04-22 19:20:53+00:00,5,"Spent our 49th anniversary dinner here and it was certainly memorable.  Three hours of being spoiled.  All personnel were so friendly, professional and willing to inform.  The sommelier recommended a new to us rose champagne and it was perfect for each of our courses.  We chose four courses and added another starter...which was really too much in the end with all the amuse bouches, the extra anniversary cake and a few extra desserts!  Three different breads were also served through the meal...worth every calorie. Only misstep was the server never asked us before she opened a second bottle of water at the end of our meal just to top off our glasses.  We had already met our limit.  Every course delivered maximum taste experiences.  The only thing that was sent back was an amuse bouche that was supposed to end the savory courses....ramped up chicken soup.  At the end of the meal we were ready for sweet....and we were not disappointed.  Five or six...I lost count!  Had to take home the house made chocolates as we couldn't eat another two bites.  It will be a nice reminder when we have them with some rose champagne and reminisce.",True,0,0,0,Corinne Z.,en
64,2023-05-03 11:34:17+00:00,5,"The Copeland's ate there for David's retirement party. Lilly called it ""the best meal of my life""",False,0,0,0,Malcolm C.,en
63,2023-05-05 20:20:09+00:00,4,"Stopped in for the lunch menu - at $115 for the prix fixe, it's a solid deal that includes amuse bouche, bread service, 3 courses including dessert, and petit fours to wrap up.

Beautiful, open space, it wasn't full but I couldn't hear any of the other tables.  Service was sharp, pacing was good, food overall good but nothing blew me away. My favorite dish was the hay smoked duck - cooked perfectly, with an insane layer of skin, but could've used a touch of salt to bring everything together, and I didn't love the purees served with it. Additionally it felt like the broccoli rabe was just put on the plate but didn't integrate into the dish well as a whole.",True,1,0,1,David H.,en
62,2023-05-07 15:15:07+00:00,1,"Shockingly disappointing! I've had better service at Chipotle compared to this place. Gabriel Kreuther, I hope you will look into what's going on in the front of house because this was definitely not an acceptable Michelin Star experience. 

We had reservations for 8PM on a Saturday night. It took at least 10 minutes for someone to even bring menus or acknowledge us after we had been seated at the table. I had no idea that the person who brought us the menus was our waiter because he didn't introduce himself or give us any background on the menu or restaurant but just handed us the menus and walked away. At the 25 minute mark after being seated, we still had not even placed any orders at this point, so we had to flag someone down ourselves. The waiter (Stewart/Stuart?) finally returned, and when my friend remarked that we didn't know he was serving us because he didn't introduce himself or say anything about the menu he gave some attitude but finally took our orders. 

First impressions are lasting and important, and this meal was already off to a bad start. We still ordered the 6 course chef's tasting menu, which is the most expensive item, so you would think that they would provide better service than what was initially offered. Alas, the service from our waiter continued to be lacking and while a few others that came by to bring courses or drinks were nice and friendly, our experience was tainted. 

The pacing between the courses was horribly off. Sometimes there would be less than 2 minutes in between, and other times we waited over 20 minutes for the next course. We were there for 3.5 hours in total for that 6 course meal, which is absolutely insane. We had to flag someone down for the check because again our waiter was nowhere to be found, and we didn't want to be stuck there for 4 hours. The table next to us asked for one of their courses to go because the service/food was that slow. 

Food: Whoever made the bread, small bites, and palate cleansers was the real MVP of the kitchen tonight. I was overall thoroughly disappointed by the food though and absolutely not worth the wait or money that we spent. Luckily they left the bottle of water at our table because we had to keep refilling the water ourselves since the waitstaff barely came around. We did let the waiter know that some of the dishes were really quite off, but he didn't offer any sort of apology or even have the manager come speak with us. 

Bread: 
- Chive bread (Kougelhopf): Warm, delicious, and soft pillowy texture

Small bites: 
- Ginger and pineapple kombucha with coconut snow: delicious and refreshing 
- Juniper hush puppy with Meyer lemon meringue: excellent small bite 
-Shiso mojito with white chocolate and mint powder: interesting combo 
- Mezcal paloma pate de fruit: excellent palate cleanser 
- Local ramp and potato panisse with herb aioli: despite its small size the potato flavor is incredibly well highlighted 

Starters: 
- Aged yellowtail kingfish crudo: delicious and light 

- Hawaiian red crab & Kumamoto oyster and bison tartare: excellent course in both presentation and flavor 

Courses: 

- Foie Gras Terrine & Country Pate: scrumptious and beautiful 

- Sturgeon & sauerkraut tart: love the textures with the flaky pastry in combination with the sturgeon 

- French white asparagus cooked in kombu and clay: the presentation made this dish seem so fancy since the wait staff broke open the clay to reveal the white asparagus. It was essentially just a fancy version of asparagus and hollandaise style sauce. They also gave us a creme brûlée with white asparagus, which was underwhelming and had a strange texture (almost like a quiche). 

- Baked bucks county polenta: so incredibly salty!! Their sauce was overly reduced. I don't know if they didn't taste this before serving, but I had to chug the rest of my water afterwards. 

- Hay smoked duck breast with sweet potato and apple mustard brown butter: We each only got 1 piece of duck even though pictures on Yelp show that the dish should come with 2. I really wanted to like this because duck is one of my favorite proteins, but it was underwhelming. The meat was slightly tougher than I would expect it to be. 

Palate Cleansers: 
- Roasted Farro and Chicken Consomme: interesting presentation since they used a traditional Japanese style tea set to pour this, but it was a warm flavorful chicken broth 

- Carrot sorbet with buckwheat sable and orange cream espuma: inventive and delicious. Loved the presentation for this one. 

Desserts: 
- Fraise des Bois Frappe Brûlée: Presentation on this one really needs work. Flavors were nothing special. 

- Petite fours: the banana foster one was actually disgusting. I was pretty shocked at how bad it was. The other ones were not as offensive thankfully.

Overall: Incredibly overpriced and overrated. Undeserving of their Michelin star status.",True,2,3,1,Gloria L.,en
61,2023-05-15 22:09:55+00:00,3,"Modernly crafted French cuisine served over 8-9 courses. Good service and an extensively elaborate journey of trying different textures and flavors. We were seated outside, which had a nice ambiance as it overlooked Bryant Park but was sheltered from the crowd on the sidewalk. Overall, it was a fun experience which could be further improved by shortening the serving time (~3-4 hours) and introducing some more creativity and flavor into the vegetarian options as those didn't seem to be too thought out. A bit too much use of foam and jelly textures that we could be swapped with focusing more on flavor. 
Overall, it was a fun experience if you wanted to spend a few hours wining and dining by Bryant Park!",False,1,0,0,Sanjana J.,en
60,2023-05-28 04:13:30+00:00,5,"Julien, the maitre de is fantastic along with very caring, attentive, to every detail of staff service. Food is outstanding, creative, and perfect preparation and presentation. The tasting menu was fabulous and on par with the great peers in USA and Paris ( as matter of fact, exceeds most in Paris and certainly London).
Definitely will return and recommend most highly to all.",False,0,0,0,james e.,en
59,2023-05-28 11:51:31+00:00,5,"The service was incredible. Such kind, talented bartenders. It enriched my life to chat with them. Great cosmopolitan. Lovely wines.",False,0,0,0,Mandi C.,en
58,2023-06-03 22:17:44+00:00,5,"This was an amazing fine dining experience that we had in the city right across Bryant Park. They are well deserving of their two Michelin stars.

We were greeted by fantastic hosts and hostesses, who made us truly feel welcome. The servers were very attentive, came very frequently, kept the table looking fresh in between each course. All of the staff members we encountered were so nice and accommodating. I can't say enough about how each of the staff went above and beyond for us.

We went with the four course option and we were very happy with our choice. They were able to adjust the dishes to our dietary restriction's without issues. The courses that you picked are a first course, midcourse, entree, and dessert. However, in between each of these courses, we received complementary drinks and finger food to cleanse the palate in between each dish. Here were our selections: 
1. Foie Gras & Pate - Diver Scallop - Smoked Duck Breast - Citrus Mousse
2. Asparagus & Snap Pea Salad - 4 Cheese Ravioli and Morel Mushrooms - Roasted Golden Bass - Buttermilk Panna Cotta

For the entrée, I would highly recommend the duck breast which was very rich tasting, smoked to perfection, and had such a unique savory taste, and was nicely complemented by the sweet topping. Also really liked the Seabass which had a more mellow flavor, and all of the components of the dish complemented each other very well. 

Food was amazing, and each dish had several layers of flavor and texture, nothing like I have had in the past. This was truly a top of the line culinary experience. We left the restaurant very full and satisfied. 

I did a good amount of research before choosing this restaurant, and compared it to several other two star Michelin restaurants. My experience here was nothing but positive, and I would highly recommend this place.",True,1,0,1,Victor H.,en
57,2023-06-24 15:28:27+00:00,5,"Great food, service and ambiance! And quite an expensive champagne list if you are celebrating! We look forward to being back!",False,0,0,0,Lizzie R.,en
56,2023-06-26 18:02:26+00:00,5,"2 Michelin stars for a reason! 

Made reservations online and was greeted and seated promptly for an early dinner reservation on a Friday night before our Broadway show. Service was amazing throughout and we really enjoyed the Chef Tasting menu! It took the two of us about 2 hours to get through everything and we were so full!

When you check in, they will ask if you need to leave at a certain time prior to a show so they make sure to accommodate your needs. There was also a vegetarian option of the Chef Tasting Menu as we overheard the table next to us order that and they seemed to enjoy it.

We opted for the Chef Tasting Menu because we wanted to be surprised and delighted with the items that came to us, and we were told it had more of the tableside flair/performance of pulling the dish together, which we really enjoy.",True,4,2,6,Jarenn N.,en
55,2023-07-04 19:36:37+00:00,5,"Every bit deserving of the 2 Michelin stars.

I wasn't a big fan of fine French food but Gabriel Kreuther changed my mind. Took my girlfriend here for a birthday dinner. From the moment we walked in, the ambience and grandeur swept us away, eagerly teasing the culinary experience that followed. We were seated in the main dining room but with a view of the kitchen, which piqued our curiosity even more. 

Our server was polished, polite and delivered exactly the kind of service you would expect from such a fine establishment. He was extremely knowledgeable about the dishes and made useful suggestions. We ordered a bottle of D'Henri ""Fourchaume"" Chablis, the minerality of which perfectly complemented the delicate cuisine that followed. It was served ice cold. We opted for the 4 course tasting menu, which had a savory start.

Bread: Someone who looked like GK's son served us this Alsatian-influenced soft delight with a really special goat cheese spread in lieu of butter. It rivaled Crown Shy's bread, my girlfriend liked it even better.

Amouse bouche: Some very interesting textures and flavors. I really enjoyed the ramp-wrapped potato and fried mushroom ""croquette"", which was served on a bed of hot stones. 

First Course: I opted for the white asparagus and snap pea salad. Fresh leaves, along with the crispy prosciutto di parma, made for a salad of wonderful texture, glazed with subtly sweet vinaigrette. My girlfriend ordered the yellowtail kingfish crudo, which she really enjoyed.

Mid Course:  The ravioli serviette was probably my favorite dish. The saffron-infused emulsion on top of soft ravioli with squash and crispy pancetta was a perfect combination. My girlfriend opted for the scallops but wasn't enthused. 

Entree: The steak was delicious, soft, red inside and just short of melting in your mouth. The garlic-soy glaze felt somewhat Japanese inspired but was great nonetheless. It wasn't the best steak I've eaten and I wish I tried the duck instead, but they upsold me well on the $45 supplement... My girlfriend ordered the spice roasted golden bass, which competed with the ravioli for my favorite. 

Dessert: We shared the chocolate truffle and coffee/hazelnut craquelin. Nothing to write home about but satisfactory for the sweet tooth after a great meal. 

I would highly recommend GK to celebrate a special occasion. Not easy on the wallet but still great value for a tasting menu of this quality.",False,1,1,2,Aryaman J.,en
54,2023-07-06 04:49:51+00:00,5,"I am one year late in posting this review so I can barely remember the details of what I ate. BUT what I do remember is that this place was simply DIVINE!!! The food, the experience, the service was amazing. I would absolutely come back despite the price. Horrible review but you're going to have to just take my word for it...",False,1,1,2,Ellie Z.,en
53,2023-07-16 19:11:32+00:00,5,"Outstanding Food and Service Experience!  Everything was well seasoned, prepared and cooked!  Duck and Wagyu skirt steak were amazing!  Will be back!

We did the pre-fixe-4.  Highly recommended.",False,0,0,0,Shane D.,en
52,2023-07-18 23:40:53+00:00,2,"Did the Chefs tasting menu. Unfortunately, there was a piece of something that looked like a Brillo pad in the 1st course. They were apologetic but rather than asking how they can make it right, they just said they were adding an extra ""truffle"" dish, which honestly I did not want. We already had  bc 7 courses as part of the menu. Something must've been going on bc the service was SLOW in between courses. We were there for almost 4hours while our server was well aware we had to leave by a certain time. Any other restaurant I could tolerate it, but a 2 Michelin star and almost $2,000 bill, I expected better service and better service recovery. Im very disappointed. 

The food quality and cocktails were overall good. The people were friendly and professional and the space was nice. 

But the service, 4hour dinner and lack of service recovery was extremely disappointing. Unfortunately would not return.",False,0,0,0,Ajnin22 A.,en
51,2023-07-29 23:35:06+00:00,3,"Sad to leave only three stars as I was really looking forward to try Gabriel Kreuther. I still believe they probably just had a bad night, but a restaurant of this caliber in such a competitive dining environment city can't run into some of the things that happened when we came by. 

My first remarks are the positive ones - the team was impeccable in the pre-dining experience, as we needed to have our child with us and they were great at accommodating such and opening an exception. The food also has, as I expected, great quality and beautiful plating, as I'll describe below. The service was mostly a disaster, and that's what leads to this classification - when we were asked in the middle of the meal if we were enjoying it and expressed our disappointment the team made an effort to improve, including serving an extra dish, and I highly value that, but overall the quality of the service was not even near a one Michelin star restaurant, much less a two stars. The meal lasted forever, not in a El Buli or Trois Gros lasted forever good, but in a ""lasted forever because of near 45 minute delays in between one of the dishes and total lack of coordination between kitchen and serving team"".

The first fail was at the start - we were there for my wife's birthday - which had been discussed and had a card for Happy Anniversary waiting on our table. The meal then started and, as I alluded above, globally I enjoyed the cuisine - the tasting menu started with multiple small bites - savory kougelhopf, shiso mojito, ginger & pineapple kombucha, meyer lemon meringue, mezcal paloma pate de fruit, and a ramp & potato panisse. The first main dish was an aged yellowtail kingfish crudo that was very good. This was followed by crispy squash blossom and a marinated snap pea taco that was creative. Next in the list was a foie gras terrine, not my favorite way of eating foie gras, but it was equally very good, and this was followed by a sturgeon and sauerkraut tart. After nearly 45 minutes of back and forth of where was our food, came a french white asparagus that is cooked in kombu & clay that is broken table side (unless you were hungry for waiting so long for the next dish and felt like hammering the clay yourself), with a caviar aioli. It was paired with a savory walnut creme brûlée. This was followed by the extra dish for our waits - diver sea scallops that were fresh and well cooked, though somewhat bland in presentation. After this came a delicious duck breast. Desserts started with a cherry and vanilla sorbet, a birthday financier to sing happy birthday, a frappé brûlée, a smoothie pate de fruits and a selection of chocolates. You end the meal getting a copy of your chef's tasting menu and to add to the mishaps of the night there are at list two dishes listed - including the black winter truffles - that were not actually served (not that there was lack of food, but still...).

A final word for the wine pairing that was served from start to end as if you were ordering a lager at Buffalo Wild Wings, basically not with much more information than reading the label of the bottle. When a wine pairing costs as much per person as the tasting menu I expect that to be part of the experience and to enrich the experience itself, not to be a cold and emotionless bit of my meal, as with that value I could buy 3 or 4 bottles of much better wine myself.

Really hoping it was just a really really off night, as errors happen to anyone in any line of work, but for a restaurant of this caliber I was (we were) really disappointed.",False,0,0,0,JP L.,en
50,2023-08-22 02:43:43+00:00,2,"Very overpriced, service is ""too much"" Food is interesting, but not tasty.
Pretends to be classy, but its not. 
Do not recommend.",False,0,0,0,Ludmila N.,en
49,2023-08-26 18:10:12+00:00,4,"Side note: This review pains me. This was my favorite restaurant for years and it just isn't anymore. 

I went back here on 8/21 for the Chef's Tasting Men; very specifically the one done in the kitchen. I've been here a ton of times and normally I leave stuffed with amazing food. As per always, the service was immaculate and the best in any restaurant I've ever been to. I like the ambiance here also with the kitchen in back being rather quiet outside of hearing ""yes chef"" and the call of orders. However for spending $295 a person plus tax and tip (so 380 or so,) we left hungrier than I have left before during their 3 course, 4 course meal, or even their bar offerings. The portion sizes have shrunk down to maybe 40-60% of what they were before and honestly it wasn't really worth it. I'd go back for their three or four course meal or especially their lunch. To drink, I had an Amer Bière as per usual; a cocktail made from beer and some amaro. Two others had wine and they liked it a lot. As we had a whole lot of food, my descriptions aren't in full.

Savory Kougelhopf- Chive fromage blanc. Always delicious and still a favorite bread.

Amuse Bouche:
Chilled Summer Melon- Lemon verbena sea salt
Yellow Tomato Gazpacho- Basil oil
Mushroom S'more- Cocoa hush puppy, porcini meringue
White Sangria Pâte De Fruits- Spice soaked raisin
Local Ramp & Potato Panisse- Fines herbes aioli

Of the amuse, my favorite were the Mushroom S'more (very good umami) and the White Sangria Pâte De Fruits which had a good kick from the alcohol but still balanced. Gazpacho was also very tasty, the Panisse was alright (a bit oily,) and the Melon was just OK (lacked said spice.)

Courses:

1. Aged Yellowtail Kingfish Crudo- Marinated zucchini, avocado, cucumber vinaigrette 

One of the better dishes of the night. The kingfish was buttery and delicious and it came with a tiny croquette (I believe kingfish also) which was also very tasty albeit one bite.

2. Foie Gras Terrine & County Pâté- Pickled jackfruit, riesling gelée, house-made emmer loaf

Always good though this definitely a lot smaller than before. Flavors are always solid and this loaf was okay. I heavily preferred the banana bread aux épices they used to be served with this.

3. Sturgeon & Sauerkraut Tart- Applewood smoke, sabayon, imperial ossetra caviar 

This was basically the same portion as before. Not my favorite but the chef somehow made sauerkraut fancy and I commend them for this.

4. East Coast Shellfish- Scallops cooked in banana leaf, black truffle-miso sauce, herb grilled mussels, focaccia 

Best dish of the night along with the duck. Scallops were amazing with a lot of buttery and sweet flavor. That sauce could have done anything and it had an umami hit. There was also some type of vegetable with the scallops (I believe turnip) which was cooked down and tasty.

5. Local Water Buffalo ""Fundido-"" Fermented red cabbage, beat hot sauce, beet crêpe ""tortillas"" 

I'd more call this an unfundido. I didn't get this and I hated this. We shared this plate and made one taco each. The cheese overpowered the buffalo and it didn't really taste special. The red cabbage just tasted normal and the hot sauce wasn't hot. This was by far the worst dish I've ever had at this restaurant and the fact that this was one of the main dishes was a joke.

6. Hay Smoked-Two Week Aged Duck Breast- Cherry-miso jam, toasted pistachios, scallion-cheddar cornbread 

Always delicious though I would say the skin wasn't as crispy this time and the duck was one piece and not two now. The jam was very well spiced and went well. The bread was delicious though crispier than most cornbread. Half the portion but still delicious but why?

Palate Cleanser:

Kombucha- Ginger beer, earl grey, chamomile. 

Very lightly fermented for a kombucha. Alright. I preferred their prior sorbets or other things.

Pre-Dessert:

Cherry- Créme madame, cherry & vanilla sorbet 

Very tasty albeit tiny. Strong cherry flavors. 

Dessert:

Frappé Brulée- Herry's Berries strawberries, tarragon sorbet, sablé breton 

Honestly delicious. One of the better desserts I've had from them. Fresh strawberries and not too sweet with very appealing textures. Would add this to the main dessert menu if it's already there.

Petit Fours/Mignardises/Chocolates from GK:

Smoothie Pâte De Fruits- Passion fruit, banana. Tiny but good flavors with a good chew.

Raspberry cheesecake macarons: Delicious as always. One of my favorite macarons

Apple caramel bonbon: Very good. Not my favorite (that goes to the caramelized banana/coconut) but very tasty 

The two milk chocolates, I believe one was yuzu and the other was caramel were also good. 

We ended the meal full but not super full and compared to prior experiences, that's quite different. I used to call this one of the best deals for any Michelin Star restaurant but I wouldn't call that anymore. The food here is still amazing outside of that one dish but it just wasn't as worth it anymore.",True,1,1,1,Glenn C.,en
48,2023-09-12 17:10:19+00:00,5,"My wife and I dined here for the first time to celebrate our 15th wedding anniversary and were not disappointed -- the duck (her favorite dish) was extraordinarily good, as was the black bass (my selection). Desserts were all you could expect from a chef known for his chocolate specialties. The restaurant very kindly and subtly acknowledged our anniversary, which was an added treat.

Service: Attentive but thoughtful and reserved. Ambiance: One of the most quietly elegant settings in town in the main dining room. We will perhaps be back for our 16th anniversary -- and maybe even before then.",False,0,0,0,George H.,en
47,2023-09-20 02:30:26+00:00,3,"The positives:

The food was great, there's plenty of options at all prices and we liked that. It is still an expensive restaurant for a special occasion. 
The drinks were also great
The place is nice, good ambiance.

The bad:
Service was not great. We had to constantly chase somebody to get a drink with my food or ask a question. The waiter was nice and maybe he was having an off day, but the dinner is not cheap and it was a struggle. The waiter rarely checked on how we were doing or if we needed something else, such a shame, there's definitely potential.",False,0,0,0,Jorge J.,en
46,2023-09-24 22:45:57+00:00,5,"Gabriel Kreuther is the epitome of fine dining! We came here for a celebratory graduation dinner for my husband, and everyone loved the experience. From the chic and stylish decor to the top notch service to the mouth watering food, we were impressed. 
Our waiter was charismatic and sold us on the wine pairing for the whole table. Let's just say that made the whole dinner even more fun! It was a lot of wine and we were more than tipsy by the end of the evening. But the pairings were exquisite!
Our waiter also convinced us to try the caviar, and I can honestly say that was one of the highlights of the meal! We opted to split one caviar can among 7 people (I think it was $300, so we didn't want to get two). It was still enough for everyone to have a good taste. 
Of the courses, I will mention a few favorites: We loved the Mezcal Paloma pate de fruit. These small morsels literally exploded with flavor. The Crispy Squash Blossom was light, and the texture was perfect for a light tempura. The Greenwalk Hatchery Trout Cooked on Cedar Wood was delectable; we loved the presentation with the champagne sauce. The Hay Smoked Two Week Aged Duck Breast was tender and juicy. 
Of the deserts, I loved the handcrafted chocolates the best. There was a spread of pieces to sample from. 
The service was impeccable. Our sommelier was the best! The waiters paid attention to every single detail. The plates, dishes, carafes, and glasses were stunning. We felt like royalty for a night. 
This restaurant definitely earns its two Michelin stars. It was a night to remember!",True,3,0,1,Rachel B.,en
45,2023-09-29 00:58:22+00:00,4,"We had a pleasant Monday evening. 
It was 70% filled on a Monday night which isn't bad.
Service was attentive.

*Complimentary bread was YUMMM.
*Amuse Bouche was okay, not very memorable.

First Course 
*Foie Gras Terrine & Country Pâté - very good, love the layering. Simple and delicious.
*Citrus Marinated Langoustine Tartare - a bit too shrimp flavor driven, I think they cook the langustine head into the sauce. Texture was good though.

Mid Course
*Sturgeon & Sauerkraut Tart - tart was very delicate and flaky. Smoked sturgeon was good. Maybe too much sauerkraut.
*Baked East Coast Diver Scallop - fav dish, cooked very well and love the miso truffle sauce.

Entree
*Ora King Salmon Cooked on Cedar Wood - cooked very well. The veggie at the bottom seemed pickled. The acidity works nicely with the fatty salmon.
*Hay Smoked-Two Week Aged Duck Breast - cooked very well, love the different types of sauce presented. A very fall feeling dish.

Dessert
*Fig Carpaccio - okay
*Coffee & Hazelnut Craquelin - our favorite. Perfecto combination of ice cream, mousse, and Craquelin. YUMMM.
*Stone Fruit & Caramel Parfait - it was okay.
Should have got Chocolate Truffle instead...!!

Petit Four was very cute, well presented and delicious!

Not sure about 2 Star but overall we had a great night!",True,2,0,2,Emi B.,en
44,2023-10-02 11:04:56+00:00,5,"Absolutely mind blowing!!!
We've actually expected it to be almost twice as expensive than it turned out to be. Preferring to select specific dishes we set at the Lounge area where we didn't have to stick with the 3 or 4 course options.
We love to travel and love food, everything we ordered was amazing! Do pay attention to the chef's purpose to bring traditional taste with a twist and something unexpected. We couldn't put our finger on a spice for example that made a familiar appetizer a little more unique, delicious but just a tiny bit unusual.
We were happy with the wine selection too, matching her dish with a white wine and mine with red one of our choice easily. I actually tend to avoid wine I always feel is overpriced though after tasting a couple options I went with one of those choices. Whether the quality of the wine, the enchanting ambiance or our overall great experience was behind that I don't know but again it was worth every penny!
Our service staff were all great especially our waiter who helped us select everything and answered our questions, ended up surprising us with some additional deserts, and was overall attentive throughout without being even slightly annoying.
Definitely recommend the place and the experience!!!",False,1,0,1,Krisztian M.,en
43,2023-10-16 23:50:28+00:00,5,"After having the prix fixe menu at lunch the last time that I was in NYC, I knew that I needed to come back and try out their 12 course tasting menu.
All of the dishes were very unique, the table side plating of the white asparagus cooked in kombu was so cool, and I especially could not get enough of the white asparagus miso crème brûlée on the side. I've never had anything like that before. 
One of my other favorite dishes of the night was the sturgeon and sauerkraut tart, it had such perfectly balanced flavors, I haven't had sauerkraut in a fine dining setting and I was surprised how well it worked in the dish. 
Another delicious course of the night was the ""Baked Bucks County Polenta"", it was so comforting yet refined, and I loved how they gave you a bowl of breadcrumbs on the side to top the polenta with! 
Every dessert that i've had here has been incredible, the first time that I dined here it was the chocolate truffle dessert and this time it was the best strawberry dessert that i've ever had, ""Fraise des Bois Frappé Brulée"", it was so perfect and I wish that I could have it again. The other dessert was one that looked like a carrot (for the spring season) and I couldn't get enough of that one either. 
The service was also wonderful, everyone was very friendly and happy which I didn't see much of at other restaurants in New York. Our waiter also took a bunch of great photos of us after our meal! Gabriel Kreuther is one of my favorite restaurants, I will be back in the future for sure.
If you're thinking about going then just do it, you won't regret it! 
(May 2023)",True,0,0,0,Katelyn O.,en
42,2023-10-17 03:00:24+00:00,5,"A MUST try. We had the chefs tasting menu and was pleasantly surprised by thing I would have never ordered on my own. Everything was delicious and the service was attentive and caring, 10/10 experience!",False,0,0,0,Alli B.,en
41,2023-10-18 18:54:22+00:00,5,"Amazingly good meal! No wonder they got a Second Michelin Star! They are one of the best restaurants in NYC and one of the most reasonably priced Michelin Two Star restaurants anywhere in the world!  They start with delicious amuse bouches and end with tasty mignardises and every course in between tasted fabulous!

The restaurant is elegant and the service is professional and, dare I say, indulgent.  Wonderful place for a business dinner, a romantic dinner, or just a fun dinner with good friends!

I can barely wait to go back again the next time I am in NYC!",True,0,0,1,Marc H.,en
40,2023-11-13 22:26:40+00:00,5,"Amazing restaurant and amazing service. I got the prix fixe option and was absolutely blown away with the craftsmanship of the dishes. Definite must try restaurant and very deserving of the Michelin stars!

What I got: 
- Foie Gras Terrine
- Scallop
- Duck Breast
- (cant remember the name of the dessert) 

I came here for my birthday and they threw in this cute little cake as well. I want to say it was pistachio flavored but I can't tell besides the fact that it was green. 

Amazing place and I can't wait to come back again!",True,0,0,0,Joyce C.,en
39,2023-11-23 15:30:57+00:00,1,Started at the bar with a brandy Alexander which was good. Served homemade (stale) potato chips. Ordered a bottle of water and was served tap water instead. On to the food: started with caviar that was very good but it was served with a bread type of cracker that had too much flavor so it altered the taste of the caviar also the cracker wasn't exactly flat which caused the caviar to fall off of it. Then we had white truffles shaved over pasta. The truffles had very little flavor. They had to be stale they seemed to have lost their pungency. Certainly not worth the extra money. Had black bass for the main course. It was very good but the white sauce that was poured over it was not to my liking. The wine was  nowhere near ready to drink (too oaky). Desert was good. The water service was not. Sparkling water was poured over still water as well as tap water poured over bottled water. Was this a two Michelin star dining experience? I don't think so. I will not even mention what this all cost. It was a disappointing dinner.,False,0,0,0,Jeffrey D.,en
38,2023-11-26 01:00:07+00:00,5,"What an amazing experience from start to finish! I came here with my husband for our anniversary and the team made it special from the start! We were welcomed at our table with a cute card and also a special dessert and the end. A few other couples around us were also celebrating anniversaries - would highly recommend for any special occasion or otherwise, though!

Come hungry, because the portions were generous. By the time I got to the main course, I was already getting stuffed, ha! All of the food was amazing but the highlight for me was surprisingly the gazpacho (and this is coming from someone who typically doesn't like soups)! Also loved all of the desserts, especially the chocolates.

I've been to other Michelin starred restaurants in NYC but I have to say that Gabriel Kreuther may be my favorite to date!",False,1,0,1,Marilyn Y.,en
37,2023-12-02 01:37:09+00:00,5,"Phenomenal Michelin 2 star dining experience, and the first in NYC for me. Flawless from start to finish. Wine pairing was excellent.",True,1,0,1,Tim O.,en
36,2023-12-27 04:52:23+00:00,5,"Easily one of the best fine dining experiences of my life!

Decided to go with the 4 course prix fixe menu and it was layered with surprises. I was astounded by some of the flavor pairings that were done - the highlight being the foie gras terrine with this amazing citrusy gelatin. Was one of those enthralling, spiritual moments that reminds you why fine dining experiences are worth the price. The $195 menu is one of the best deals around as far as fine dining goes in Manhattan! Service was white glove as expected and executed flawlessly throughout the meal. The sommelier also came up with brilliant suggestions. The bottle we settled on complemented each course perfectly - sweet and savory - which is an incredibly difficult feat. 

Will definitely be back!",True,0,0,0,Rob J.,en
35,2023-12-28 00:12:44+00:00,4,"I'm just gonna say it: this place was too fancy for me haha. 
It was an interesting experiencing to say the least. The food was amazing. I'd expect nothing less from a Michelin-star restaurant that cost $500 per person. I don't remember everything I ate but I remember near the end I was like ""oh man i'm full"". 
Service was impeccable, although I'm pretty sure out waited thought we were out of our depths being at a restaurant as fancy as this one and not dressed to the nines. The couple at the table next to ours were also mocking us for our uncouthness. Sorry we don't shell out $500 every week to eat at fine dining restaurants. Most people don't have that kind of money to spare.
Needless to say, I did like the food and maybe one day, we'll go back when we have more money to throw around.",True,1,0,1,Anne F.,en
34,2024-01-06 21:01:02+00:00,4,"The Chef Tasting was truly exceptional. Despite relatively small portions, the abundance of courses contributed to an overall enjoyable dining experience.",False,0,0,0,Alice K.,en
33,2024-01-08 19:23:13+00:00,3,"Chef Gabriel Kreuther is the chef and the name behind this restaurant, offering a 3- or 4-course Alsatian tasting menu, lunch and dinner menu, as well as a chef's table option.

 We opted to do the chef's tasting menu, which included the following:
+Savory Kougelhopf - with chive fromage blanc
+Shiso Mojito - with white chocolate and mint powder
+Ginger & Pineapple Kombucha - with coconut snow
+Meyer Lemon Meringue - with a juniper hush puppy
+Mezcal Paloma Pate de Fruit - with aleppo and sea salt
+Local Ramp & Potato Panisse - with herbs aioli
+Aged Yellowtail Kingfish Crudo - with fermented farro, pickled purple radish, and mandarin vinaigrette
+Hawaiian Red Crab - with pickled jicama, aji peppers, and lentil ""hummus""
+Kumamoto Oyster & Bison Tartare - with golden kaluga caviar, yuzu, and einkorn cracker
+Foie Gras Terrine & Country Pate - with honey-poached rhubarb, husk cherries, and housemade butter bread
+Sturgeon & Sauerkraut Tart - with applewood smoke, celery, root cream, and imperial kaluga caviar
+French White Asparagus Cooked in Kombu & Clay - with garm egg aioli, celery root cream, and imperial kaluga caviar
+Baked Bucks County Polenta - with riverine rach water buffalo, local butternut squash, and red wine mornay
+Hay Smoked - Two Week Aged Duck Breast - with spiced sweet potatoes, toasted cashew, and apple-mustard brown butter
+Roasted Farro & Chicken Consomee - with kelp oil
+Carrot - with buckwheat sable, orange cream espuma, and carrot sorbet
+Fraise des Bois Frappe Brulee - with sable breton, fresh fraise des bois, and tarragon sorbet
+Banana Foster - with passion fruit sauce and macadamia toffee

Everything was plated beautifully, and the succession of the courses with its pacing was good.  I just wasn't fan of some of the ingredients, such as the mint powder, the farro, or the aleppo as it was too overwhelming and ruined the dish.

Service was friendly and attentive.

The interior is nice, as it seems like you're having a meal in some type of an enclosed garden or a patio.

+chef's tasting menu
+overpowering ingredients",True,3,0,2,Hannah H.,en
32,2024-01-12 21:33:27+00:00,5,The best place I ever been. Food and atmosphere were superb and all of people were so kind.,False,0,0,0,Sungbong N.,en
31,2024-01-23 23:06:57+00:00,5,"GB makes the grade as a Michelin two star. Very civilized, superb food, comfortable ambiance, and competent staff. But no extra touches that might point to a third star. 
The adjacent bar offers a much lower cost option for those interested in a drink and a light bite. For the latter, bar seating and tables are available.",False,0,0,0,Russell W.,en
30,2024-02-11 15:22:21+00:00,5,"We celebrated my husband's birthday at Gabriel this year and couldn't be happier with our choice. The food, the service, the ambiance, everything is top notch! The tasting menu is elaborate and every dish looks and tastes fantastic. The BEST, really BEST, Foie gras I've ever had, and I've fine dined in Paris! I've posted some of the photos from our dinner but there was more. We will be back!",True,1,0,1,Shirin P.,en
29,2024-02-12 20:13:54+00:00,5,"Loved Gabriel Kreuther! Came here with my husband for our anniversary dinner and really felt appreciated! The space is beautiful and we were sat in this gourgeous area with lots of space between each table. Our server was extremely attentive. By the end of the meal, they gave us an extra pastry for celebrating our anniversary and a hand-written card from Gabriel Keuther congratulating us on our anniversary! My husband has a lot of food restrictions and we were able to order off the menu a la cart. Everything we ordered tasted s delicious! The presentation is just as good as the taste too. The price was so reasonable for a wonderful Michelin star restaurant! Would 100% recommend for those looking for a romantic night out!",True,0,0,0,Danni F.,en
28,2024-02-19 01:56:54+00:00,5,"What more can I add that already hasn't been said about GK. An absolutely outstanding evening eating some of the best food I've tasted in quite awhile. We sat in the lounge area and service was absolutely stellar. The interior is lush, upscale without being stuffy or over the top. We opted for the 3 and 4 course menu. Everything was absolutely fantastic but the sturgeon and sauerkraut tart, duck breast and venison were three incredible dishes. Seriously, the  tart is simply iconic. Price point wise, yes GK is not cheap but a tremendous value for the money spent. I will not be surprised if they earned a third michelin star in the not too distant future.",True,0,0,0,Bobb S.,en
27,2024-02-20 17:11:06+00:00,5,"Fantastic experience.  Came to celebrate a birthday and the restaurant, from the hostess, to staff, including a complimentary cake with candle, did everything it could to acknowledge the occasion.  The tasting menu, with breads, amuse bouche with a star of clams and green caviar, was exquisite.  The venison was the best meat I ever tasted.  I topped it off a Broadway Boulvardier cocktail (bourbon, smoked), red wine and scotch.  Beautiful decor.  You see where they get their two stars!!",False,0,0,0,K D.,en
26,2024-03-03 04:52:47+00:00,4,"v eastern french slightly german influence 
with modern flair 

came here last minute before a broadway show having passed the location on multiple occasions evoking a sense of curiosity about this 2 Michelin star restaurant. we were sat in the lounge area due to a mixup with the reservation party count, but it was still very nice. 

one of the servers wasn't assigned to our table but we still flagged him down when we were ready to order. yet when faced with questions of the menu and a bit of hesitation, he had an unpleasant air of disdain 

the other servers and hosts were very nice (except for the one i spoke to over the phone who was very unaccomodating) 

the food was delicious everything was exceptional except for the foie gras which was just okay and the dessert at the end which was too much chocolate (we didn't know the compliments of the chef were also chocolate so we ordered a dessert menu). 

would love to come back another time to try other things",True,0,0,0,Jennie C.,en
25,2024-03-21 03:22:03+00:00,4,Came here for a private room corporate dinner. I got the hamachi which was good but not amazing. The gnocchi was delicious and so was the red snapper. And the tropical cheese was very good. The service was great. We had passed appetizers such as mushroom flatbread which was great and bacon flatbread not my fav but i don't love bacon. The duck fritters were also ok but not amazing. And the veg tapenade was very good as well. The space is a bit old school and i can't comment on the price since i was invited on a pre fixe menu. But out of the Michelin star restaurants I've been to- i would say this is good but nothing out of this world. There's definitely better for the price.,True,0,0,0,Mari T.,en
24,2024-04-28 14:29:27+00:00,5,"Worth it!  Love the ambience, service and definitely the food.  This is a 2 Michelin Star restaurant!  And it deserves to be one!  It is a kind of restaurant I could only make a dish of because they all need 6-10 people like me to fix the entire dinner from amuse bouche to desserts and after dessert treats.  Every sauce and bread and dips are one of a kind flavors immersed.",True,0,0,1,Bing R.,en
23,2024-05-08 17:42:08+00:00,5,Tasting menu has unique and delicate courses. There are lots of cavier throughout the tasting menu. The different types of bread throughout the menu was a highlight and nice surprises.,False,0,0,0,Alexia Y.,en
22,2024-06-04 23:48:03+00:00,5,"First time at a Michelin star restaurant. Very impressed with the service, everyone was great. This was a last minute decision after a Broadway show. Food was unique and not really my cup of tea but I was impressed with the selection and presentation. The rest of my party loved everything they ate.",False,0,0,0,Sanam C.,en
21,2024-06-25 00:34:09+00:00,5,"came here to celebrate a special birthday and I have to say I was blown away. the food was incredible but what was also amazing was the service. the entire staff wished a happy birthday multiple times, sent out a free dessert, as well as the chef to come and speak with us and sign a menu for my husband. it was such a special birthday indeed and i'm so happy that I chose gabriel kreuther to celebrate. you will not be disappointed!!!",False,0,0,0,Samantha H.,en
20,2024-06-25 03:45:05+00:00,1,"It was the first Michelin restaurant my gf and I ever ate it. It was a disappointment. The waiter was great. Most the food was genuinely bad. Not just by fancy restaurant standards. I mean in general. One of the dishes was literally the equivalent of a microwaved flatbread. The duck tasted like ham. One appetizer was essentially canned salmon. The cocktails were bad as well, except this one fruity red one. I forget the name. And needless to say, the bill for the sub par food was astronomical. Do not go here. It was one of the biggest dining let downs I ever had.",False,0,0,0,Thomas M.,en
19,2024-08-07 12:38:42+00:00,5,"Everything is precisely executed. Fantastic place. Worth a try in your life. Food is always consistent. Service and dining room, one of the best in town.",False,0,0,0,Anthony P.,en
18,2024-08-25 13:45:51+00:00,5,"Have been longing to go to Gabriel kreuther for couple of years. I don't know why I didn't make out time earlier to be here. 
Place is a gem. A gem where it is right next to Bryant park. A gem where place is well design for dining experience. A gem where no matter 3,4 or even chef tasting menu are all accommodate to all type of people. 
I love it. 

We had chefs tasting menu which consists of 7 courses. (But they have so many complimentary small dish ). 
Starting with appetizer, it is refreshing. I love the freshness to start the meal.  
We had ravioli, tartar, fluke and duck breast for main entry.  Every single dish is exceptional. I like the duck breast the most. 
Desert is the most disappointing part. I wish they could go with some traditional French dessert but ended with a strawberry styled something(sorry I am bad at names).  I just felt like it didn't match with my expectations. 
Overall, a solid dinner for me. 
I would give 4.5 for the food.",True,2,0,2,Tina W.,en
17,2024-09-08 00:25:16+00:00,5,"What an experience! We were absolutely blown away by this restaurant. We have been to other Michelin star restaurants and this is by far our favorite. We were treated like royalty. We had impeccable service, outstanding food, and an unforgettable evening. They even ask if you have plans after dinner so they can time the check (we did have a Broadway show). It was like they covered everything. My husband and I had the three course prix fixe, we had the foie gras, squash panna cotta, the lamb saddle, the duck breast, and the chocolate choux frappe. Everything was outstanding, even the bread service. Our servers were so kind and attentive. And to top it all off, we were invited to tour the kitchen and meet the chefs afterwards, and we told them how much we appreciated their art. They even took pictures with us. It was really a special night and we will definitely be returning!",False,0,0,0,Melanie D.,en
16,2024-09-18 19:19:58+00:00,5,"Incredible food, top notch service, the place looks beautiful inside, celebrated my wedding anniversary here and it was well worth the experience.",False,0,0,0,MrandMrsAfterTast E.,en
15,2024-09-21 05:43:54+00:00,5,"Came here with my family to celebrate my birthday along with my 2 kids age 7 and 9. It's not my first time here so needless to say, it is one of my favorite restaurant in the city hence I wanted to come back for the special occasion.  Gabriel Kreuther is one of very few fine dining restaurants in nyc that, in my opinion, welcomes and accommodates children (some say they do but will tell you kids will also need to order the tasting menu).  

We opted for their 4 course prix fixe menu for each adult and they were very easy going in terms of how we want to order for our kids. We decided to order one more prix fixe menu for both kids to share and in addition, we ordered an extra entree and their applewood smoked bacon tarte flambée to share. The flambée, although I didn't get a chance to try it because both of my kids devoured it in no time, was said to be the best ""pizza"" ever according to my kids. Their amuse bouche was impressive and abundant. Each little bite was refreshing and well executed and it was like a mini 4 course meal before we dive into our actual meal. 

I ordered their spiced tuna loin as my first course. It was refreshing and well seasoned and I loved the added texture from the melon. The smokiness and acid from the tomato water added another level of flavors and was well executed to bring out the freshness of the fish.  I ordered the sturgeon and sauerkraut tart for my next course and this one never fails. It's amazing how there can be so many different flavors and textures in one little tart. The flavors were well balanced between the saltiness from the fish and caviar, the sourness from the sauerkraut, and the creaminess from the sabayon so it didn't feel very heavy at all. I ordered the duck for my entrée and this is one of my favorite dish. The duck was tender and cooked to a perfect medium, the skin was crispy and I think the ginger jus is genius. It can mask away the gamey taste from the duck and neutralize the heaviness of eating meat altogether. For my dessert, I ordered their citrus panna cotta. It was pretty, the fruits were fresh, and the acid was well balanced with the pomegranate sorbet and the panna cotta. This is the perfect dessert for a hot summer day. Their portion is generous. I was so stuffed that I was only able to eat 1 of the duck breast pieces. We had so much food that we had to pack some of the food home which is rare at fine dining restaurants. The 4 course menu at $195, in my opinion, is very reasonable especially when compared to how much the restaurant business increased their price post Covid. Since their portion size was so big, our party of 5 was able to taste many different dishes by ordering different items in their menu and sharing amongst ourselves. 

Their service was impeccable from the moment we walking into the restaurant until the time we walked out. Everyone was very friendly, attentive and accommodating.  I've been to many Michelin rated restaurants in the city and this is definitely one of my favorite. Every dish was solid and well executed and I didn't have anything to complain about.  This is the place I will continue to return over and over again.",False,0,0,0,Holly C.,en
14,2024-10-16 21:35:44+00:00,5,"This place I've been dying to try to eat for over a year since I discovered it on social media. And I was not disappointed a bit. In fact this was probably one of the best meals I've ever had. And all I do is travel and eat at the best restaurants in the world, and this is definitely in my top 5 restaurants I love! Every single dish I had just blew my mind, jaw dropping and just wow. Service was amazing as expected. Very knowledgeable and friendly. Decor was modern and beautiful. Didn't feel pretentious at all. Just soothing. Over all, can't wait to come back!",True,0,0,0,Edward J.,en
13,2024-10-27 19:30:39+00:00,5,"The atmosphere is good, the service is first-class, do not look at the waiter, because a casual glance, or a small move, he will come right away!  
Cost-effective is medium, can be regarded as ""spend a small amount of money loaded big force""  how to say is also M two ah
Meals are optional, with 3-Course and 4-Course or the brainless $255 chef tasting Menu
It was quite good, there were one or two amazing dishes, but overall it was delicious 
The speed of serving food is ok, and will not be sleepy",False,1,1,1,Conley S.,en
12,2024-11-14 21:02:10+00:00,5,"Service is amazing, trumps other boutique restaurants in the city. Everyone is so personable and amicable, they make you feel relaxed and comfortable. The drinks are wonderful, large selection of wine and exotic cocktails. 

The fresh bread and butter, omg! So good lol the rest of the food is obviously splendid. Each dish is created to perfection and the presentation is just wonderful. The ube and chocolate desserts are a work of art. All desserts are simply incredible. Love this place, will be back for more!",False,0,0,0,Priscilla L.,en
11,2024-11-24 18:22:36+00:00,3,"As very frequent patrons of Michelin-rated establishments, throughout the US and abroad, this one missed the mark, especially for a 2 star.

Food - we opted for one selection from the ""to share"" menu and then did the 3 course menu from there.  All of the savory dishes were quite good but the desert, Ube Pearl, was gimmicky and far too sweet, lacking balance.

Service - simply put, unsophisticated at best.  Sure, everyone will stand aside as you make your way through the restaurant but our server lacked polish and, quite frankly, was weird and socially awkward.  He would stop by to initiate the most random, out of left field discussions and then walk off.  Upon placing our order, we inquired about 2 dishes on the menu and our server's response was just, 'what do you want to know about (blank)?' Instead of going into a description of where the ingredients were sourced (truly a miss for the Montauk Royal red shrimp which many diners likely do not know what makes them special), or to artfully explain the preparation, and/or presentation.  Once we were done with our entrees, our plates were left sitting in front of us for almost 20 minutes before being cleared.  Both fails for a restaurant meant to be of this caliber, IMO.  We also waited far too long for our drinks when first seated.

Decor - where to even begin here?  The design of the space is all over the place.  It felt equal parts industrial, French country, Las Vegas and your grandmother's all rolled into one.  From an ergonomics standpoint, there are uncomfortable pillows placed along the benches and every table we observed had cast them aside because they were miserable to rest your back against.  They were also red in color with the only other red in the space the exit signs, and lost in a sea of greens, ivories and blacks against the mismatched wood, metallic ceiling and wrought iron with a random hanging bird installation hanging from the ceiling.  If you are looking for a serene setting, this is most certainly not it as one cannot help but feel overwhelmed by the chaotic and schizophrenic design selections which, along with the mediocre service, takes away from the food which, again, was quite good minus the desert.

Lastly, I would say that the restaurant felt tourist-heavy with guests dressed in everything from tuxedos to hooded sweatshirts and sneakers.  Maybe it was because it was a Saturday and the restaurant is Times Square-adjacent but it just felt unsophisticated.  

For $900 for two people, there are far better options up and down the Michelin rating scale in NYC to take advantage of instead of this one.",False,0,0,0,a b.,en
10,2024-12-04 21:40:19+00:00,5,"Tasting menu Lunch at Gabriel Kreuther was absolutely fantastic! The service was impeccable--attentive, warm, and perfectly paced. The food is rich and regal, with each dish feeling like a work of art. Despite the indulgent mains, the desserts were a delightful surprise--light, playful, and a perfect way to end the meal.

To top it all off, I left with a signed cookbook, which made the experience even more special. If you're looking for an unforgettable dining experience with a touch of elegance, Gabriel Kreuther is the place to go!",True,0,0,0,Megha U.,en
9,2024-12-16 00:36:46+00:00,5,"I haven't eaten in a Michelin restaurant in so long. I truly enjoyed everything I ate at Gabriel Kreuther. Jesus was our waiter but everyone in the restaurant works together. 
I loved that they have us extras like kombucha, tequila, chocolate. We all ordered from the 3 course price fixed many. I ordered the tuna for my appetizer and the trout for my entree and your pizzelle for my dessert. We also ordered two bottles of wine and that was delicious as well. 
The service was immaculate and the ambience spectacular. Sometimes you have to treat yourself to a wonderful meal.",True,0,0,0,Anna F.,en
8,2024-12-30 17:32:35+00:00,2,"For a restaurant with two Michelin stars, this place is very disappointing to say the least. 

The Long Island duck and the beef tartare were decent and pretty flavorful. Otherwise, the food was unsatisfactory, especially for a two Michelin star restaurant. Portions were also small and overpriced. 

On top of that, the service was very slow. I was told that the prix fixe menu would take an hour and a half, but it actually took three hours. The staff were not very attentive and barely checked on us while we waited 45 minutes for food.

I walked out of the restaurant feeling displeased and not even full. I will not be coming back.",False,0,0,0,Ella W.,en
7,2025-01-03 15:37:23+00:00,5,"this is an absolutely devine delicious restaurant worthy of it's prestige.  the food was stunning and i loved how the place looked, it was just so spacious and beautiful.  the drinks and the desserts are out of this world!  Love this place!",False,0,0,0,Joe C.,en
6,2025-01-03 18:01:11+00:00,5,"The atmosphere in the dining room is spacious, yet a bit minimalist and sterile. Nonetheless, the food was fantastic. The foie gras torchon, the ahi tuna, the duck and salmon, were delicious although I thought the entree dishes were a bit on the larger side given we had 4 courses. That said, the standout dish was the sabayon/sturgeon tart. It's been on the menu from the opening and it is a must have.",False,0,0,0,Tracy P.,en
5,2025-01-17 18:39:01+00:00,5,2 Michelin stars but probably deserves a 3rd!  Place is great all around and one of my favorite experiences.  Staff was on point and food was beyond top notch.  Ambiance was great too.  Will make this a regular place to visit!,False,0,0,0,Mickey V.,en
4,2025-01-25 04:33:36+00:00,5,Visited in November of 2024. California resident (me) very much was shocked by the generous food portion and flavorful tastes from the lunch chef's tasting menu in this NYC two Michelin star restaurant. Service style fits me. And the dining area is fine too. The food tastes are German related - I recall tasting sauerkraut under the caviar starter. Also thankful that the kitchen switched the ube pearl for me in the menu. The ube pearl is so pretty! Didn't want to knock it apart to eat. Definitely will go back for a la carte or the short pre fixe menu.,False,0,0,0,Jessica S.,en
3,2025-01-28 14:24:01+00:00,5,"While expensive, Gabriel Kreuther is a classic and beautiful establishment with great food art! They kept bringing out these beautiful plates I was shocked as one by one they brought out different items! Everything about the meal was perfect from the menu to the server to the interior design. This is definitely a spot to take and impress your guest",False,0,0,0,Madison B.,en
2,2025-02-01 17:44:27+00:00,5,"This week, I had the pleasure of dining at Gabriel Kreuther to celebrate my birthday, and from the moment we arrived, the service was on point--attentive, professional, and genuinely warm. Everyone, from reception to our servers, congratulated us, and we even received a personally signed card from the chef, which made the night extra special.
We opted for their 4-course prix fixe menu. Since our selected wine wasn't ready, we were offered a complimentary glass of sparkling wine to start. Throughout the meal, amuse-bouches between courses added delightful surprises, making the experience even more exciting.

First course
* La Belle Foie Gras Terrine - delicious start, paired with pistachio, wild rice streusel, and marble brioche. The foie gras was smooth and rich. 
* Cashew & Wild Mushroom Pâté with Ossetra Caviar - one of my favorites! The earthy mushroom flavors paired beautifully with the salty caviar.

Mid course
* Sturgeon & Sauerkraut Tart - a GK's signature dish, and I see why! The imperial kaluga caviar and applewood smoke took it to another level. Every bite was incredible. 
* Gewürztraminer Poached Sullivan County Foie Gras - served with quince consommé, artichoke, and ginger froth, and it had a perfect balance of sweetness and richness.

Entree
* Hay-Smoked Two-Week Aged Hudson Valley Duck Breast - was perfectly cooked, tender, smoky, and packed with rich flavors of blistered cranberries, parsnip cream, and sweet potato. 
* Spiced Red Venison Loin -  cooked very well, the slight sweetness of the cranberries complements the dish beautifully.

Dessert
* Chestnut Mont Blanc with Vanilla Cake - light, airy, and delicious.
* Chocolate Tart Soufflé - I only had a bite since I'm not a chocolate fan, but my boyfriend loved it.
Additionally, I received a special complimentary dessert with a personalized congratulatory message--such a lovely touch!

This was easily one of the best fine dining experiences of my life. If you're looking for an exceptional meal in an elegant setting, Gabriel Kreuther is a must-visit--perfect for any special occasion!",False,0,0,0,Liudmila K.,en
1,2025-02-15 04:04:41+00:00,5,"After a long hiatus, we visited Gabriel Kreuther and had a superb dinner and experience. Every part of the evening was exceptional and so far superior to many of our recent ""fancy"" dinners in NYC.  The service is friendly and professional, perfectly so. Each course was excellent and we still really love the bread...We appreciated the recommendations of the waiter who took the time to advise us based on what he thought we might enjoy best. (I have to say that the only course I did not love - my desert - was one that I did not take the waiters suggestion). And the wine was superb - they still have an excellent wine list. We will be back again, sooner than the last interval...",False,0,0,0,Cory A.,en
0,2025-03-09 23:35:27+00:00,3,"Place is really nice. Big and open. 

I sat down and greeted by server. He explained the options. 
I ordered the Chefs menu since I wanted to have the full experience. 
I also ordered the reserve wine tasting as well. 
Now, you would think that when you spend that kind of money the wine person would spend time with you...not the case here. She was rushed. 

Overall a good-ish experience. Not sure it's worth the cost.",False,0,0,0,Deb G.,en
