,date,rating,review_text,is_elite,useful_count,funny_count,cool_count,user_name,language,sentiment_scores,sentiment_compound,sentiment_pos,sentiment_neg,sentiment_neu,sentiment
792,2016-02-26 04:53:11+00:00,5,"I had the pleasure of dining here on opening night. The decor of the restaurant was elegant and upscale while the dining room had a minimalistic feel. 

The quality of the food was everything I was anticipating from all the reviews I read about the India location. I was quite impressed to see how well the chef was able to incorporate indian spices and sometimes subtle flavors into the different dishes. Dishes like the potato sphere chaat and garlic buttered paneer are the great choices to start with because it packs authentic indian flavors which explode in your mouth. The tamrind sea bass was one of the entrees on the menu which stole the show for me. The fish was prepared and presented very well. 

Overall, I had a great experience. The portions were quite small but that shouldn't come as a surprise considering the location.",False,2,0,0,Sunny G.,en,"{'neg': 0.032, 'neu': 0.841, 'pos': 0.127, 'compound': 0.8828}",0.8828,0.127,0.032,0.841,positive
791,2016-02-26 15:24:26+00:00,5,"Damn. I travel to India a lot, and I love good food. I've been all over the city spending my money on tasting menus instead of clothes/necessities. As far as Indian restaurants - this blows them all out of the water. The game has changed. Flavors were amazing, presentation beautiful. I would go so far as to say it's Michelin restaurant quality.

On opening night you would expect some glitches but everything ran smoothly. Service was excellent, everyone was very knowledgeable about the food and origins of dishes. Impressive.

Cocktail game was absolutely on point. Unique drinks with a lot of flavor.

We ordered every vegetarian dish and they were all excellent. Stuffed kulchas are the stuff of dreams. Portions perfectly sized, not too big, but you will leave satisfied yet not overly full. 

We will be back and can't wait!",False,9,0,8,Ruchita G.,en,"{'neg': 0.019, 'neu': 0.734, 'pos': 0.247, 'compound': 0.9911}",0.9911,0.247,0.019,0.734,positive
790,2016-03-03 16:01:27+00:00,1,"I was very excited to try this restaurant - even at such steep prices - because I LOVE Indian food and I miss India. I was very disappointed. Every dish tasted like it was spiced the same (including the paneer) - a muddy mix of too much sauce / lacking freshness - although the presentation of food was lovely, there was no subtlety to the dishes - I did not finish a single dish though my companion liked their chicken - the inclusion of pork on the menu seemed very strange for a restaurant representative of New Delhi - I had a drink without alcohol which tasted like a strawberry milkshake though the waiter described its ingredients in exotic terms - I don't advise spending that much money on Indian food you could get many places in New York with more taste variation, less $$$$ and less pomposity which, for me, becomes annoying after a certain point. The service was very good - all had precise knowledge of ingredients which were obscure on menu - less mystery on menu would have made ordering less labor intensive though we have no plans to go back and will not recommend to friends.",False,0,5,0,Eva N.,en,"{'neg': 0.111, 'neu': 0.771, 'pos': 0.118, 'compound': 0.3546}",0.3546,0.118,0.111,0.771,positive
789,2016-03-04 04:09:42+00:00,5,"After dining at the Indian Accent in New Delhi, our level of expectation for the newly opened Indian Accent at Le Parker Meridien was set very high. We were able to snag a reservation during opening week, and Chef Manish Mehrotra did not disappoint! The food, the service and the experience were all top notch. Contemporary Indian cuisine has finally arrived in NYC!

Our wait-staff was extremely courteous and supremely helpful during the entire dining experience. Helping with drink selections, explaining each course in detail, and even bringing a portable charger to charge our cell phone table side!  One of the servers overheard us raving about a chur-chur parantha and brought an extra one for our table, and the chef checked in on us a couple of times and made sure we were having a good time. 

The tasting menu unfortunately was not available during the first week, so we decided to opt for the 3 course prix-fixe.  We thought we would maybe order a dessert to share at the end, but we ended up being too full to get anything- i guess we needed to save something for next time!. 

All the dishes we tried were excellent, and well thought out. Our favorites in the first course were the Soy Keema, the Sweet Pickle Rib and the Duck Chettinad. Our second course favorites were the sweet potato and the kohlapuri chicken. By the time third course came around, we were fairly full, the tamarind sea bass and the dal ghost were amazing (the chicken seekh being the only average dish of the night). 

Of the accompaniments, the lamb and daal were good.  The butter chicken kulcha was definitely overpriced ($14 dollars for one piece of bread that was maybe 5 inches in diameter), but was delicious and probably one of our favorites of the night.  However, at that price point you expect more than what was given. 

We thoroughly enjoyed dining at Indian Accent and we will definitely be back!",False,2,0,0,Jatin A.,en,"{'neg': 0.044, 'neu': 0.75, 'pos': 0.206, 'compound': 0.9963}",0.9963,0.206,0.044,0.75,positive
788,2016-03-04 04:47:21+00:00,5,"Went for dinner today to celebrate my wife's birthday . I have been wondering why don't NYC has a indian restaurant with some twist . Finally we have one .

Service : excellent they pay attention to you all the time .. My first dish took long time to come and I would have given one star less for that . But they didn't charge us for my wife's desert ( instead of 4 course they charged us 3 course ) so that made up for that one star .

But once the food arrived .. It was all good .. From first to fourth wait time was not long .

Dishes are full of flavor . And presentation is excellent .

Four course is filling also . We were  so stuffed that we decided to walk in the clod instead of taking a cab .

Drinks are fabulous .. It has indian hint to it . We tried 2 cocktails both were amazing .

Lots of vegetarian options ..big plus for us ..

In the end doda burfi and besan ka laddo cheesecake gives a memorable finish to awesome dinner .

We will be back soon .",False,2,0,0,Amit L.,en,"{'neg': 0.087, 'neu': 0.774, 'pos': 0.14, 'compound': 0.9194}",0.9194,0.14,0.087,0.774,positive
787,2016-03-04 06:42:21+00:00,5,"Hands down the best Indian restaurant in the city, for both Indians and non Indians.

We had come here on the first week of their opening. Their New York location is their second after Delhi. We had the fortune of running into the owners themselves who so graciously walked us through the menu and how they came up with it.

Our favorite appetizers were - the duck chettinad (excellent), and the pickle rib

Our favorite main courses - the tamarind sea bass and the dal gohst (excellent)

Our favorite desserts - doda barfi treacle tart and the makhan malai (both excellent)

The cocktail we got tasted beautiful. We also received delicious complimentary blue cheese naan and pumpkin shorba.

All the food was amazing. The décor was great. In the end we even met Chef Mehrotra, and he was one of the most humble people ever. Will definitely get a Michelin star soon!",False,3,0,2,Debarghya D.,en,"{'neg': 0.0, 'neu': 0.765, 'pos': 0.235, 'compound': 0.9924}",0.9924,0.235,0.0,0.765,positive
786,2016-03-04 12:35:53+00:00,1,"Terrible expereince. On a cold day in the city reached the restaurant few minutes before opening, Hostess was ready to seat us, when she decided to ask ""The Boss"", who told us to come later....Ooops , not going there again.. NY City has Many, Many, Many Options... Good Bye Indian Accent",False,0,4,0,Feroz S.,en,"{'neg': 0.107, 'neu': 0.773, 'pos': 0.12, 'compound': -0.0772}",-0.0772,0.12,0.107,0.773,negative
785,2016-03-08 15:25:56+00:00,5,"Granted I am not an expert but this was so clearly the best indian food i have ever had.  As my friends who were with me and are experts said, this is the best indian food they have ever had outside of India.  

So inventive, so delicious, every bite was bursting with spice, the right amount of heat and truly almost perfect.  We had the tasting menu, which was terrific as it took us through a journey that the chef planned for us.  There was not a miss amongst the many small courses we have.  The waitress, who was truly fantastic and so knowledgeable and friendly laughed at me because every time she came over i bursted out ""ok ok that one was my favorite!!!!""  Ha!  The best of the best of the best to me was  the Duck Chetinand.  When you go there make sure to order that or order ten of that! It was possibly the best bite of food i have ever had. I will dream of that before the next time i go back... Can you tell i am excited. Honestly all of the food was a hit.  The chef even came out and said hi.  What a lovely, humble genius of a man.  

Bravo Chef and the staff of Indian Accent, you have a sure fire hit that should be here for many many years!  Thank you.",False,3,1,2,Ed F.,en,"{'neg': 0.068, 'neu': 0.567, 'pos': 0.366, 'compound': 0.9988}",0.9988,0.366,0.068,0.567,positive
784,2016-03-08 15:56:20+00:00,5,"What can I say? This is Indian Food like you have NEVER experienced it. The flavors of Indian cuisine, (northern, southern, traditional, homecooked) presented in the most beautiful dishes I have seen. One of our party had had Indian food twice in his life and came in expecting to be disappointed- he left the restaurant a convert! The inventive Kulcha's are delicious, the seabass is the best I have ever had. Service was delightful and attentive, a well curated wine list and very inventive cocktails (try the trenscendental medication!) round up the experience. I cannot wait to go back. Oh, I forgot to mention the treacle tart for dessert! Don't miss that one!",False,2,0,0,Sylvie F.,en,"{'neg': 0.037, 'neu': 0.696, 'pos': 0.267, 'compound': 0.9855}",0.9855,0.267,0.037,0.696,positive
783,2016-03-08 18:44:08+00:00,4,"Up-scale Indian. The service is excellent, with very personable and fun staff. The manager and chef both make the effort to check in on you which is appreciated. The décor is nice and you will have to make a bit of an effort in how you dress for your visit, but nothing you would not expect in most restaurants in Manhattan. The dishes ranged from good to excellent, but you are paying for it and then some. If you are passionate about Indian food, then definitely check this place out, it is a positive experience for fans of the cuisine.",False,6,3,5,David E.,en,"{'neg': 0.0, 'neu': 0.744, 'pos': 0.256, 'compound': 0.9843}",0.9843,0.256,0.0,0.744,positive
782,2016-03-11 17:18:05+00:00,5,"We had heard about the popularity of the Indian Accent in New Delhi and could not wait to try it once it opened in NYC.

We went for dinner on a Saturday at 7pm. The first thing we noticed was how warmly we were welcomed in the restaurant. It was nice to see smiling faces especially in a fine dining restaurant. 

We wanted to try the 7 course chef menu, however it was unavailable so me and my husband opted for the 4 course vegetarian menu. 

We started with mini blue cheese naan's as an amuse bouche which were very delicious as well as a sampling of papad's with different chutney's

The first course was: of the house-made paneer, butter, pepper, garlic for my husband and the soy keema with quail egg for me. The keema was cooked to perfection and the little bread served with it were delicious as well.

Second course was: sweet potato, kohlrabi, crispy okra and shiso leaf chaat, the plating of the chat was beautiful, both dishes were good. 

Third Course: paper roast dosa with wild mushrooms and black truffles, also the silken tofu kofta with quinoa. The dosa was cooked to perfection just crispy enough and not overcooked. The kofta was beautifully plated and it melted in your mouth.  

Fourth Course: makhan malai with saffron milk and besan ladoo cheesecake. For me the cheese cake was decadent and something very out of the box, it was exceptional.

Overall we had a excellent experience. I recommend this restaurant for people who are looking for non-typical indian food. You can get your curries anywhere, eating here was not only a treat for your palate but also for your eyes. As we ended out dinner we had the pleasure of meeting the chef and owner Manish Mehrotra who was a delight to speak to. The service was excellent, everyone was very attentive to our needs and they made sure we felt comfortable. This place deserves all the praise it gets!",False,1,0,0,Shiv D.,en,"{'neg': 0.01, 'neu': 0.764, 'pos': 0.226, 'compound': 0.9976}",0.9976,0.226,0.01,0.764,positive
781,2016-03-15 18:41:09+00:00,5,We were here for dinner this past Saturday and let me just say that this was 1 of the best experiences I have ever had at any restaurant. First of all I'm Indian so I'm aware of what good Indian food tastes like and while this is not your traditional Indian food you get all the delicious  flavors of India in different dishes. We tried the chefs tasting menu and I must say each and every dish was an absolute delight! We also added the tasting papad and I probably finished the whole box in 5 minutes and the presentation of it was also really pretty! The drinks are delicious (Goa ahead was my favorite) The tamarind sea bass was probably 1 of the best things I've ever tasted in my life so even if you don't do the chefs menu be sure to choose that as 1 of your dinner options. Every single person working there; from the hostess to our waiter to anyone and everyone that brought our food out were outstanding. The service was incredible and very attentive. Overall this meal was definitely worth the splurge and we had a great time!,False,0,0,0,Rema B.,en,"{'neg': 0.013, 'neu': 0.745, 'pos': 0.242, 'compound': 0.9953}",0.9953,0.242,0.013,0.745,positive
780,2016-03-21 19:13:22+00:00,5,"This newcomer (sister to top ranked restaurant in New Delhi) is perhaps to Indian food what Eleven Madison Park is to New American but on a smaller scale. In other words, insistently inventive, effortless execution and downright delicious. Don't expect any typical Indian restaurant mainstays - not even your trusty mango lassi. Go with the 3 course or 4 course tasting. Unlike other tasting menus, all members of your party do not need to be on the same page AND you can choose your 3 or 4 courses from any section of their menu. Meaning you could in theory order 4 entrees (or 4 desserts!) - though I wouldn't recommend it if you'd like to experience their thoughtful progression of flavors. The pork belly vindaloo and the dal gosht w/ lamb (both entrees from the 3rd course) were the highlights though I will be returning to try out the ghee roast lamb. Makhan malai dessert was ethereal if a little ephemeral...",False,5,0,2,Derek T.,en,"{'neg': 0.036, 'neu': 0.835, 'pos': 0.129, 'compound': 0.9571}",0.9571,0.129,0.036,0.835,positive
779,2016-03-25 00:02:56+00:00,5,"Oh my god....as an Indian this place is heaven! Such amazing hospitality, ambience and the staff is just amazing! The management is superb (Paul) and the bar is to die for (you will be in great hands with Mannie ). Eclectic cocktail menu ! Most definitely my favourite Indian place in NY!",False,0,0,0,Paris G.,en,"{'neg': 0.055, 'neu': 0.618, 'pos': 0.327, 'compound': 0.9655}",0.9655,0.327,0.055,0.618,positive
778,2016-03-25 01:26:20+00:00,5,"I have been meaning to try this place since its opening . Glad I did tonight ! Elegant ambiance, electric cocktail creation , outrageous tasty and innovative dishes ! The management is orchestrating this place with much confidence and proficiency. Beautiful midtown crowd ! Will return definitely !",False,1,0,0,Happy D.,en,"{'neg': 0.047, 'neu': 0.481, 'pos': 0.473, 'compound': 0.9826}",0.9826,0.473,0.047,0.481,positive
777,2016-03-26 02:46:38+00:00,3,"Tried this restaurant tonight for dinner for my husband's bday. We made a reservation well in advance, but still had to wait about 15 mins before being seated. 
Next no server came to take our order or to talk about the menu for the next 30 mins. You dont expect this kind of service when you spend over 300$ for dinner of 2 people. Rest food is good but obviously expensive !! i just feel they should work more on service as had high standards of expectation.",False,0,1,0,Asma A.,en,"{'neg': 0.151, 'neu': 0.795, 'pos': 0.054, 'compound': -0.9115}",-0.9115,0.054,0.151,0.795,negative
776,2016-03-26 18:13:40+00:00,4,"My guy and I were excited to try Indian Accent, as we're huge fans of Indian cuisine and have heard of its stellar reputation in New Delhi. It's a very upscale restaurant that offers a modern take on Indian food in the form of tasting menus. You can choose a two, three, or four course, or the Chef's tasting menu, which I believe is 6 courses. We opted for the three course, which also included an Amuse of pumpkin coconut soup and blue cheese naan. The soup was delicious, but neither of us liked the naan-way too blue cheesy!

Overall our courses were all superb. Some favorites included the Duck Chettinad with Fois Gras, Sweet Pickled Rib, Kolhapuri Chicken, and Tamarind Sea Bass. Everything was very full of flavor, except my boyfriend thought the pork belly was a bit bland, and the baby squid was actually a fried dish which he wasn't expecting and found a bit heavy. We also got a side ""to share"" of Papads, which was a variety of sauces and chips. These were disappointing and not worth it. We didn't really love any of the dips, and the chips were meh. Drinks, however, were fantastic. I got two of the same cocktail, the Transcendental Meditation, because it was SO GOOD. 

Service, I believe, is still getting some kinks worked out, as it's still a relatively new establishment. While we loved the Chicken Kolhapuri, we actually didn't order it, but were allowed to enjoy it when it was served by mistake. This worked for us! Our waiter was very attentive and helpful, but the other helping servers were a little off their game in terms of organization. Overall a delicious, albeit EXPENSIVE Indian meal!",False,3,1,1,Jessica G.,en,"{'neg': 0.12, 'neu': 0.674, 'pos': 0.206, 'compound': 0.985}",0.985,0.206,0.12,0.674,positive
775,2016-03-27 02:53:56+00:00,5,"One of the best meals we've ever had... As mid-40's well-traveled foodies, we are hardly ever surprised, but we were very pleasantly surprised tonight. We got the tasting menu and proceeded to eat a sumptuous feast of flavors and textures...lots of crunchy, sweet, sour, spicy, and savory in every bite. The cocktails and desserts were spectacular as well... Highly recommend the Tamarind Sea Bass and the Duck Chettinad with Fois Gras...but, truth is, every bite of that meal was delicious and unique. Cannot wait to return!",False,2,0,2,Lana L.,en,"{'neg': 0.0, 'neu': 0.641, 'pos': 0.359, 'compound': 0.9928}",0.9928,0.359,0.0,0.641,positive
774,2016-03-27 20:30:41+00:00,5,"This place has been open about a month. It is next to Le Parker Meridien Hotel in midtown.  Upon walking in, we noticed a lovely decor and distinct scent.  We decided to try the tasting menu to get a little bit of all the highlights... There are 2 options - vegetarian or meat based for the main dishes.  We both opted for the meat based tasting.  The dishes were all delicious and flavorful. Cocktails were decent.  Service was excellent.",False,0,0,0,Christina J.,en,"{'neg': 0.0, 'neu': 0.782, 'pos': 0.218, 'compound': 0.9702}",0.9702,0.218,0.0,0.782,positive
773,2016-03-30 03:27:46+00:00,5,"Amazing! Everything from the food, the service, the cocktails, the atmosphere, it was all top notch. Had a wonderful time and can't wait to come back.",False,0,0,0,Neil R.,en,"{'neg': 0.0, 'neu': 0.629, 'pos': 0.371, 'compound': 0.9075}",0.9075,0.371,0.0,0.629,positive
772,2016-03-31 12:45:59+00:00,4,very good food if you order the right items on the menu. the tamarind sea bass was fantastic as was the rib. the chaat was too small and not that great. my husband got the paneer appetizer which was not so good.  friends got the squid which was also very tasty. all in all nice experience. good atmosphere.,False,0,0,0,Sasha S.,en,"{'neg': 0.124, 'neu': 0.603, 'pos': 0.274, 'compound': 0.9219}",0.9219,0.274,0.124,0.603,positive
771,2016-03-31 14:33:00+00:00,2,"Excellent service. Other than that, completely overrated. None of the dishes were particularly distinct. The soft paneer from the first course was actually bad not just ok. This was mediocre Indian food in fancy plates. All the dishes had the same flavor palette- even the two cocktails i tried were almost exactly the same. Other than the service, nothing special.Save your money, go to Haandi.",False,0,1,0,Rashna K.,en,"{'neg': 0.156, 'neu': 0.747, 'pos': 0.097, 'compound': -0.6841}",-0.6841,0.097,0.156,0.747,negative
770,2016-03-31 16:02:02+00:00,4,"After having an amazing meal at the Indian accent in Delhi, I was really excited about the opening of this celebrated restaurant in New York. Finally went for dinner last night but was a little disappointed, the food was a bit underwhelming and it didn't live up to my expectations. 

We got the three course meal and started with the duck with foie gras and the potato sphere chaat, both dishes lacked that punch in flavour but were well made. I was surprised that they had no sorbets between meals which is sort of a given when you go for courses that are supposed to have a distinct flavour. The second course was the beef kebab and nihari, the kebab was extremely soft and succulent and the nihari was good but didn't meet my 'Indian Accent' expectations. The third course was the tamarind sea bass, I must admit that this dish was absolutely amazing, great flavour and texture. We also got the accompaniments- bacon Nan which I also had in Delhi and was looking forward to, it didn't fail to still impress.

Worth a visit, but I'm not sure if I'll go there again unless they make the menu a bit more interesting- definitely need more options for dessert.",False,1,0,0,Richa A.,en,"{'neg': 0.097, 'neu': 0.688, 'pos': 0.215, 'compound': 0.9832}",0.9832,0.215,0.097,0.688,positive
769,2016-03-31 16:25:36+00:00,5,"i think it was good. i blacked out midway and when i came to, we had a bottle of krug. i heard there was bacon involved!",False,0,2,1,Curryface P.,en,"{'neg': 0.0, 'neu': 0.862, 'pos': 0.138, 'compound': 0.4926}",0.4926,0.138,0.0,0.862,positive
768,2016-04-02 04:36:58+00:00,5,"Five stars - excellent overall

Location - convenient located near Central Park and 5th ave - open late. I book my dinner at 10:15 pm on Friday. 

Price - worth every penny. ($200 for two. 3+4 course + tip. No alcohol) 

Food - 5 stars. Very high end Indian cuisine. I never felt my taste buds been ""taught"" by the delicacy of the dish so effortlessly. Literally, every dish can be deconstruct into multiple levels and directions. Yet, they blend so perfectly. I am beyond satisfied.

Service - 5 stars. The staff will explain every dish in a reasonable time prior dinning. They clean and update the utensil based on your order.

I could not decide the desert to share with my wife. The staff took their time to explain every dish and listen to my preference, and finally it came down to Makhan malai or crispy seviyan. I went for the Makhan malai and it totally create the happy ending. When I was still enjoying the after taste, they gave me a complimentary crispy seviyan because they did not want me to leave without trying. The desert below up my mind. I wish I can break it down dish by dish because they all are so unique and delicious. 


I definitely recommend Indian accent, or you are just missing out.",True,2,0,2,Isaac R.,en,"{'neg': 0.028, 'neu': 0.733, 'pos': 0.239, 'compound': 0.9951}",0.9951,0.239,0.028,0.733,positive
767,2016-04-03 14:20:48+00:00,5,"Went to check out Indian accent last night with my wife for my birthday. It did not disappoint, in fact, it went well over expectations which were already extremely high.  Our friend recommended it because she has been to the New Delhi location and said it was the best Indian food she's ever had and only being to the New York location I have to agree.  You walk in and are greeted by a genuinely happy and welcoming cast of incredible service professionals. Throughout the night, from runners to floor managers, this is a a common theme that really brings Indian accent to the next level making it a truly memorable experience. 
    We did the chefs tasting menu which starts out small and builds as you go except you realize the only thing building is the size but defiantly not the flavors. From the amuse to the last bite the flavors are all there expertly layered and powerful! The true stand outs are the morelle starter and the pork rib with everything else being a not to far second in comparison. We added the pappadas tasting for fun and it reminded me of what eleven Madison park did for the carrot. It was playful, memorable and fun. We didn't choose to do the pairing but the waiter and staff were very helpful in choosing wines to go with dinner. The Cabernet was exceptional and the Spanish red we tried was very well balanced for the dishes we were trying yet the Pinot noir was unfortunately forgettable.
   The space is beautiful with a smart, comfortable, clean design plan. It's tucked away next door to the meridian hotel which I have to admit is not my most favorite section of Manhattan but the minute you walk in you leave the hustle behind you and sit (in the most comfortable chair I have ever sat in) and simply enjoy every second of a great new addition to the city restaurant scene. Thank you for such a great night and we can only hope you the best because we can't wait see you again!",False,2,0,1,John R.,en,"{'neg': 0.04, 'neu': 0.697, 'pos': 0.263, 'compound': 0.9985}",0.9985,0.263,0.04,0.697,positive
766,2016-04-05 01:57:30+00:00,5,"Completely epic culinary experience from start to finish. We had the 3 course tasting menu and every bite was perfect. Cocktails were excellent and service was stellar. Perhaps the finest Indian dining I have ever had. A must, must, must go for a special night out.",False,0,1,0,Jennifer P.,en,"{'neg': 0.0, 'neu': 0.794, 'pos': 0.206, 'compound': 0.8779}",0.8779,0.206,0.0,0.794,positive
765,2016-04-07 14:17:11+00:00,4,"First off the service is impeccable, super friendly and accommodating without being overbearing. The food is certainly innovative, interesting, fresh and unbelievably tasty but the reason I held back a star is as good as it was, I'm not sure I'd rush back because of the non a la carte factor. Your only choices are 2,3 or 4 courses. The menu is a bit confusing because you can chose your courses from any of the different categories so I'm not sure why anyone would chose from the starters? The decor is understated elegance and very comfortable. There were 4 of us so we decided to each get the 2 courses and try all different dishes. You definitely won't find such innovative Indian cuisine anywhere in the city. Here were the highlights.
1. sweet potato shakarkandi, kohlrabi, crispy okra - this was outstanding, must order.
2. shiso leaf chaat, water chestnut - another winner
3. kolhapuri chicken, peanuts, cucumber, tomatoes, avocado - I'm a vegetarian so I can't really speak to this although the bite I took eating around the chicken was sublime.
4. tamarind sea bass, herb barley, spinach poriyal, kerala moile - although I thought the fish was a tad overcooked this dish was still outstanding.
5. silken tofu kofta, quinoa pulao, bottle gourd curry - I'm not a tofu fan but not only was this beautifully presented but the flavors were unbelievable.
6. paper roast dosa, wild mushrooms, black truffles, water chestnuts - if you like mushrooms, you'll love this.
I would like to give 5 stars to the Somm and the wine list, both are pretty much perfect. We started with a German Sekt that was exquisite followed by a light Austrian red that she recommended and they couldn't have been a better match, all at very reasonable prices.
In conclusion I would say you have to try Indian Accent because there's nothing like it and it's fantastic but I would reserve it more for a special occasion place than a Tuesday night out with your friends.",False,2,1,1,L S.,en,"{'neg': 0.047, 'neu': 0.669, 'pos': 0.284, 'compound': 0.9986}",0.9986,0.284,0.047,0.669,positive
764,2016-04-09 02:38:01+00:00,5,"We experienced an evening of incredibly innovative and superbly executed Indian fusion cuisine. All accompanied by the warmest hospitality and service.  Between 4 friends, we tried a lot of dishes and they were uniformly delicious. Standout dishes to me were the potato sphere chaat, sweet pickle rib, the duck chettinad, sweet potato shakarkandi and the tamarind sea bass. The desserts are divine, so do not pass up on the 4th course - the makhan malai and besan Ladoo cheesecake have kept me smiling in silly satisfaction for some time now.",False,0,0,0,Srao_29 ..,en,"{'neg': 0.0, 'neu': 0.703, 'pos': 0.297, 'compound': 0.9856}",0.9856,0.297,0.0,0.703,positive
763,2016-04-09 12:00:47+00:00,3,"The food is well prepared but the portions are tiny for the price, especially if you are vegetarian.  The hype helps them sell a 30 dollar meal for $90 or $110 depending on whether you order the 4 course or the chef's tasting menu.  We spent an average of $150 per head and I went back home hungry.  The wait staff tries to turn the table over and egg you to get on with it and get done.",False,0,0,0,Shivaram R.,en,"{'neg': 0.158, 'neu': 0.771, 'pos': 0.072, 'compound': -0.8934}",-0.8934,0.072,0.158,0.771,negative
762,2016-04-12 19:40:55+00:00,5,Amazing Amazing Amazing food and drinks!!! try the chef's menu... totally worth it... desserts were ok - but i dont love indian desserts.... amazing drinks!!!,False,1,0,0,Rvt S.,en,"{'neg': 0.195, 'neu': 0.413, 'pos': 0.392, 'compound': 0.7658}",0.7658,0.392,0.195,0.413,positive
761,2016-04-14 01:17:58+00:00,5,It's not traditional Indian food. The dishes are tasting size and styled but with Indian spices and lots of flavor and creativity.  Great dining experience.  I loved the tamarind sea bass and the coconut curry sauce.,False,0,0,0,Valeska H.,en,"{'neg': 0.0, 'neu': 0.69, 'pos': 0.31, 'compound': 0.9468}",0.9468,0.31,0.0,0.69,positive
760,2016-04-16 13:14:27+00:00,5,"Absolutely the finest Indian cuisine I've ever experienced with the most accommodating service!  The flavors, richness and textures were pronounced and inviting!  The highlights, which were pretty much everything, include the kolhapuri chicken (think an Indian-style chicken salad!), duck chettinad, tamarind sea bass, and the Bandit Queen cocktail!  The service was absolutely exceptional!  The server went out of her way to bring additional yoghurt to the table after an experience with extra-spicy chili chutney for the papads!  We were also greeted by the chef Manish Mehrotra at the conclusion of our meal!  Also, if you are there for a birthday, the birthday boy/girl must be treated with a special cake where the flavors and richness would blow your mind away!  Longingly looking forward to another visit!",False,0,0,0,Bernie B.,en,"{'neg': 0.0, 'neu': 0.846, 'pos': 0.154, 'compound': 0.9651}",0.9651,0.154,0.0,0.846,positive
759,2016-04-18 01:21:12+00:00,5,"Absolutely stellar meal. Took my boyfriend here for his birthday and we had the chef's tasting menu ($110pp, requires the entire table to participate) and added the ghee roasted lamb for two as a supplement.

The meal started off with an amuse of bleu cheese naan and a shot of soup. I found the naan to be a bit overpowering, but the soup was amazing - creamy, a bit spicy, and absolutely delicious. You could definitely taste the Indian influence in all of the food, and the techniques and flavor combinations really took everything to the next level. Other courses in our meal included:
- Potato sphere chaat (5/5): how did they make this? Our waiter described the process but it still went over my head. 
- Some kind of morel (5/5): so so good, tasted like truffle but had the bite of a morel. Super umami and rich and ugh I'm drooling again.
- Duck chettinad with foie gras (3/5): a little bit salty and the duck flavor didn't really come through; nevertheless, a great bite with the foie gras mellowing out the harsher flavor of the pulled duck. 
- Pork rib (5/5): this tasted almost like sweet and sour pork. The meat was so tender, just the perfect meat:fat ratio, and there was a little kick. 
- Tamarind sea bass (10/5): you can pick which main you receive for the tasting menu, and I got this while my boyfriend got the lamb. Holy crap this was so good. Reminiscent of Thai food, the sea bass came on a bed of lemongrass/coconut milk amazingness that I almost licked the bowl to get the last of. Get this!
- Kulchas (4/5): these were basically stuffed naan. You can pick your stuffing - we got the saag paneer and the butter chicken (which was definitely the better of the two). They also have pastrami with mustard butter and bacon.
- Ghee roasted lamb (4/5): for some reason we thought we wouldn't be full (we were wrong) and ordered this at the last minute as a supplement. The lamb came in a little metal pot and was accompanied by some chutneys, cucumbers, and wraps - almost like a Peking duck. Slightly too salty for my taste, but the flavors were all amazing. This is a hefty portion, and sadly I was probably too full to really enjoy it.
- Makhan malai (3.5/5): first of two desserts, this was lighter and served as a palate cleanser of sorts. Impossibly airy mousse/foam
- Doda barfi (4/5): second of two desserts, this one tasted sort of like a pecan pie, but was made with dates. A bit too sweet for me, but it was balanced nicely by the vanilla ice cream and tart.

Drinks were also great - we got the Indian Summer and their version of the Moscow Mule (name escapes me right now, and there's no cocktail list online). Both were super refreshing and a perfect accompaniment to the heavier flavors of the food. They also have a very reasonably priced wine pairing if that's more up your alley. 

Service was friendly and attentive, despite the fact that we were late and had to leave for a show. There were some missteps at the end when it came time for dessert and to settle the bill, but I'll chalk that up to them still being new and us being in a rush. Overall a fantastic experience and I hope to come here again soon!",False,5,0,1,Yuting Z.,en,"{'neg': 0.048, 'neu': 0.74, 'pos': 0.212, 'compound': 0.9991}",0.9991,0.212,0.048,0.74,positive
758,2016-04-20 14:03:55+00:00,3,"The Indian Accent in Delhi is one of my favorite Indian restaurants in the world so you can imagine my excitement when they opened and outpost in NYC. Sadly, this location just does not do that reputation justice.

To start, I wasn't thrilled about the tasting menu style v. the a la carte menu in Delhi. After getting past that, our group opted for the three-course tasting menu. 

On to the food...the potato sphere chaat was flavorful, textured, and tasty; ghee roast lamb for the table was great (loved the mini roomali rotis and sauces!) but the portion was just so tiny for the price tag; paneer was also flavorful but maybe not as soft as I was expecting and sort of left me yearning for something more; the chicken seekh was disappointing - chewy and flavorless; and the finale - besan ladoo cheesecake was a nice surprise and great concept!

It may be ""fine dining,"" but I left with a feeling that this was a hefty price tag for not as much value as the Delhi outpost. The service however was great, and the restaurant has a sleek atmosphere. I would go back and try something else next time...",False,2,1,0,Pooja K.,en,"{'neg': 0.153, 'neu': 0.671, 'pos': 0.176, 'compound': 0.1908}",0.1908,0.176,0.153,0.671,positive
757,2016-04-20 15:02:21+00:00,4,"Delicious fancy Indian food, in a beautiful setting. A far cry from sitting in a backyard in the east village BYOBing - which is still my fave way to eat Indian food. 

I dined with four average-sized NY people, and we found that four courses (plus a small, incredible mushroom dish) was WAY too much food. Next time, I will definitely get three courses, and add on the Papadam sampler, which looked totally awesome. 

The highlights were the sea bass, the rib, the potato chaat, and (based on just tasting the sauce) the beef. Gimme that bone marrow curry recipe. Or just a bowl of the sauce. Also, the amuse was really great. Wish I had a plate of those little blue cheese naans right now.

I loved that they allowed picking and choosing from the different courses to create the meal you want. I hate when dessert is part of the limited number of courses, so I was thankful to avoid that here. 

Cocktails were outstanding! The spicy one, and the bourbon one were my favorite, with the chai one coming in close. 

Service was excellent! Our young server/NYU student was a lot of fun, and the taller, pony-tailed woman server was very friendly and helpful. That perfect balance of lively, laid-back fun you want on a night out, combined with the terrific attention to detail you'd expect at a finer dining establishment. 

4.5 Stars. This place was great, I will be back!",False,1,0,0,Heather M.,en,"{'neg': 0.059, 'neu': 0.656, 'pos': 0.285, 'compound': 0.9968}",0.9968,0.285,0.059,0.656,positive
756,2016-04-21 03:19:58+00:00,5,"I honestly can't name any of dishes I had, but the they were all incredible and delicate and elegant.  All flavors were very well balanced with no single flavor overpowering another.  I do have to say the one food that was blatantly missed from the meal was the naan.  For me, a large part of the Indian experience is to be able to enjoy all the amazing sauces that come with the dishes with a good side of naan.  However, this restaurant doesn't serve naan at all other than as an amuse-bouche at the beginning of the meal. In an Indian meal this is a waste, especially when every single dish comes with great sauces.

I don't normally rave about drinks as I'm not big on alcohol in general, but the cocktails At Indian Accent are worth a trip to the restaurant all on their own.  The Indian Summer and the Proper Copper are light, refreshing, summery cocktails of which you can easily have 5+ without even noticing.

Topping off the experience, the service is wonderful and the ambiance is lively and inviting.  Had dinner at the bar an watching the bar tender artfully concoct the drinks is an experience all in itself.  Bar tenders are friendly and very attentive.  Highly recommend it!",False,1,0,0,Marines M.,en,"{'neg': 0.034, 'neu': 0.677, 'pos': 0.289, 'compound': 0.9975}",0.9975,0.289,0.034,0.677,positive
755,2016-04-27 10:44:08+00:00,5,"Amazing food. The owner owns more than 40 restaurants in India and a couple in London, which I frequented slot while living there. As I ate the food I tasted all those flavours that I loved from his restaurant in London. Amazing coincidence. Would highly recommend the tamarind sea bass.",False,0,0,0,Miguel S.,en,"{'neg': 0.0, 'neu': 0.742, 'pos': 0.258, 'compound': 0.9359}",0.9359,0.258,0.0,0.742,positive
754,2016-04-29 01:10:47+00:00,5,"Subtle, tasty and spicy. Wonderful flavors. If you love lamb, you must order it as a supplement, totally worth it: melt in your mouth.",False,2,0,3,Kamy D.,en,"{'neg': 0.0, 'neu': 0.541, 'pos': 0.459, 'compound': 0.9524}",0.9524,0.459,0.0,0.541,positive
753,2016-04-29 14:50:39+00:00,5,"Really interesting take on traditional Indian food. We ordered the 4 course menu, which allows you to choose any combination of 4 dishes from the menu (helpful perk). I had the potato chaat, pork pickle ribs, duck chettinad, and sea bass. 

If you have read any of the other reviews, you know how incredible the sea bass is. By far my favorite dish of the evening- perfect mix of sweet and tangy with the tamarind glaze and coconut curry. The pork pickle ribs were great as well- fall off the bone meat in a slightly sweet, asian-flavored glaze. The potato chaat was yummy and different. I am a huge chaat fan and it wasn't what i was expecting but they maintained the yogurt, tamarind, and chutney sauces which make chaat so delicious. Plus there was an added crunch surprise within the sphere which gave the dish a nice texture. My least favorite dish was the duck chettinad, which I was sadly the most excited about. The piece of foie gras was microscopic and the idly was bland so the dish was completely overwhelmed by the strong spices in the duck. The duck itself was pretty good but it kind of felt like you were just eating a plate of pulled duck rather than a composed dish. 

Overall, the service was outstanding but not overbearing and the food was unique and upscale. Perfect place to go out and celebrate something special as it is a bit pricier than we expected!",False,2,0,2,Nina C.,en,"{'neg': 0.065, 'neu': 0.669, 'pos': 0.265, 'compound': 0.9961}",0.9961,0.265,0.065,0.669,positive
752,2016-05-05 01:53:02+00:00,3,"Visited on 2nd May with my wife to celebrate my Birthday. Overall I felt that this restaurant is overpriced considering food, drinks, service and ambiance. The service looked little unprofessional and inexperienced to me. The server/sommelier does not explain anything about wine. Just taste it, if you like it, pour in the glass. Glass price is simply overpriced. 2013 Cabernet Sauvignon priced $25, The wine collection is not great. Now come to the food. The chef prepared dishes are good nicely decorated, but not that great that you say AWESOME. Dessert: Doda Burfi and Besan Laddoo Cheez Cake were the best. Ambiance: Modern look but too bright. If you go as couple and looking for more privacy, in the bright light of restaurant, you will feel naked and exposed.Noise level is too high. I don't expect this kind of noise when paying $300 for 2 people for fine dining. Last but not the least. Restrooms: Has Indian touch but looks modern. Men's restroom has a big flaw I found. The wall color is dark and does not make room bright. The light bulb is on top of the mirror. When you stand in front of toilet bowl, your shadow covers the whole toilet bowl and you don't see it, And makes you in-confident about where exactly are you shooting. Eventually to piss exactly in the bowl you need to stand on the side.Overall this is overpriced and not the kind of experience we looked for.",False,0,1,1,Manish P.,en,"{'neg': 0.122, 'neu': 0.728, 'pos': 0.15, 'compound': 0.7549}",0.7549,0.15,0.122,0.728,positive
751,2016-05-05 06:46:24+00:00,4,"Definitely one of the best Indian places I've been to. I've been here numerous times and it has failed to disappoint. Great food, great service, great prices (especially during lunch hours!)",False,0,0,0,Ryan J.,en,"{'neg': 0.121, 'neu': 0.485, 'pos': 0.394, 'compound': 0.9381}",0.9381,0.394,0.121,0.485,positive
750,2016-05-05 23:35:19+00:00,5,"Perhaps the best meal of my life, certainly the best Indian. Pre fix menu (only) at $75 or $100. Serene decor and impeccable service. Not yet reviewed by NYT - once it is, be prepared to struggle to get a table!

Must have: the sea bass and the spiced ribs.",False,3,0,3,H K.,en,"{'neg': 0.038, 'neu': 0.697, 'pos': 0.265, 'compound': 0.9286}",0.9286,0.265,0.038,0.697,positive
749,2016-05-08 17:19:51+00:00,5,"Delicious meal! Entire staff was attentive without being over bearing. My favorites from the night included the shiso leaf chaat, pathar beef kebab with bone marrow niahri, paper roast dosa and the tamarind sea bass. Desserts were both amazing (makhan malai and ladoo cheesecake).",False,1,0,1,Asif D.,en,"{'neg': 0.0, 'neu': 0.684, 'pos': 0.316, 'compound': 0.9661}",0.9661,0.316,0.0,0.684,positive
748,2016-05-08 23:41:27+00:00,5,"The best Indian food By far. City needed a good Indian restuarant and this is it. 
Everything in the menu is exceptional, well presented and authentic. The desserts especially the Makhan Malai and Doda barfi is to die for! 
The cocktails are amazing . The bar tenders do a great job! Eastern Milk Punch is my favorite.
Do try the Yoga Flame if you are sitting at the bar. A fun drink !",False,3,0,3,Shriya B.,en,"{'neg': 0.044, 'neu': 0.665, 'pos': 0.291, 'compound': 0.9681}",0.9681,0.291,0.044,0.665,positive
747,2016-05-11 03:17:15+00:00,5,"A very good Indian restaurant that does fine dining very well compared to other options in NY. 

The menu was inventive but not quite avant-garde. A varied selection of flavors from different parts of India (north, south, east, west). 4 courses was an overwhelming amount of food (on top of 3 amuse bouches). 
Potato chaat was an extremely good chaat - nice balance of flavors, crunchy and soft, sweet and spicy.
Soy kheema also very good. Quail egg is an interesting addition, but actually didn't add anything to the flavor or consistency once it's mixed in. Good spice level (for an indian, so maybe too much for the average person)
Sea bass was great. South Indian flavors with a coconut curry, spiced and soft fish. Tastes great with the mushroom kulcha. 
Dessert was good but not my favorite course. Got the makhan malai (like a rose-flavored whipped cream) and the besan ladoo cheesecake. Makhan malai was very rich and buttery (hence the name), and besan ladoo cheesecake was quite heavy, even for a cheesecake. I liked the flavors of both but were just a tad too rich for me. In most indian restaurants, would have been the best course, but had big shoes to fill from the other courses.

Overall, very good food, amazing service (extremely attentive but in a conversational and friendly way), but not mind-blowingly adventurous.",False,2,0,1,Namir S.,en,"{'neg': 0.062, 'neu': 0.635, 'pos': 0.303, 'compound': 0.9977}",0.9977,0.303,0.062,0.635,positive
746,2016-05-14 17:04:12+00:00,5,"Amazing amazing amazing Indian food

I am from Delhi and I am a big time foodie. I have never eaten such Indian food. I was amazed . 

Great service as well 
Will definitely repeat",False,5,0,4,Anirudh M.,en,"{'neg': 0.0, 'neu': 0.472, 'pos': 0.528, 'compound': 0.9735}",0.9735,0.528,0.0,0.472,positive
745,2016-05-15 15:36:20+00:00,5,"This restaurant is flawless. From the welcoming greeting at the door, to all the attentive and intuitive service and finally with the amazing food; this place really provided a perfect evening for me an my partner last night. For the food; the Blue Cheese Puffs, the Lamb 3rd course, the Pork Belly, the Saag Paneer Kulcha, the Rice Pudding and the plate of treats at the end were highlights, but everything was purely amazing!! For service: having a captain overhear my complaint to my partner with my discomfort at our table and to offer me another place to sit because, ""we want you to enjoy your evening here with us"" is just priceless in a city where many restaurants, even in this category, don't care. In addition, having every person who came to our table able to expertly describe what we were eating (some dishes are quite detailed!) I thought showed real consideration and dedication to great service. I can't wait to go back with friends. I recommend everybody do, too if they can.",False,2,0,2,Joe B.,en,"{'neg': 0.049, 'neu': 0.742, 'pos': 0.21, 'compound': 0.9862}",0.9862,0.21,0.049,0.742,positive
744,2016-05-18 18:41:38+00:00,5,"Amazing, exceeded expectations, professional and courteous waitstaff, fantastic experience, and the food..........   delicious and well presented.

I treat my girlfriend every week to a new restaurant we both have not tried. This restaurant was suggested by a friend.

My girlfriend and I had the most amazing experience here. 

The little chef tastings were incredible. The food was amazing, tasty, exquisite, detailed, and I could go on.

We're definitely going back.

I'm not Indian, and I have eaten Indian food before. If you are a die hard fan of Indian food, this restaurant may or may not be for you. The food is eclectic and with a twist. I suggest you visit their website to explore their menu and pictures to get insight of their offerings. It may not appeal to those who are used to eating Indian food in one set style. If you are happy to move out of your comfort zone, then yes, definitely go to Indian Accent.

For the both of us... my girlfriend does not drink alcohol and she is vegetarian, whereas I eat everything and drank three glasses of wine.  The total bill came to around $330 without tip. We were there for about 2 and a half hours, and we were not rushed at all. Such an amazing dining experience coupled with the food as well as my girlfriend made it an incredible evening.

Above all, we were attended to by a lovely lady who was pleasant, professional and courteous.  The manager even attended to our table as well as the amazing chef. The chef was extremely sincere and kind. Everyone was!!!

There were all sorts of added treats to our dining experience, and we were blown away with all the detail. My girlfriend was very very happy with the service as she recently experienced bad service at a Michelin star restaurant in the area, so coming to Indian Accent made her very happy.

We are definitely coming back here, and we really are appreciative of the attention we received and the kindness of all the staff at Indian Accent.",False,2,0,2,Craig D.,en,"{'neg': 0.025, 'neu': 0.711, 'pos': 0.265, 'compound': 0.9986}",0.9986,0.265,0.025,0.711,positive
743,2016-05-27 03:04:48+00:00,2,Great taste...but quantity of food is shockingly small. Ashamed to call this an Indian restaurant. Too expensive for what they finally give. Even the Branch in indIa @Friends Colony in Delhi serves triple the quantity. Prefer to eat somewhere else...given the great food NYC has to offer. What was the Chef and Owner thinking??,False,3,2,0,Prashant B.,en,"{'neg': 0.201, 'neu': 0.682, 'pos': 0.117, 'compound': -0.7149}",-0.7149,0.117,0.201,0.682,negative
742,2016-05-29 13:40:13+00:00,4,"My husband and I recently went to the Indian Accent in Delhi on our honeymoon, and were thrilled to learn that they were opening in NYC. The food was just as good as we remember it being the first time (some of the dishes are quite similar to the original restaurant) and there were excellent new dishes to try as well.

We did the tasting menu, which I would highly recommend for first time visitors. A lot of other reviewers have said that the layout of the menu is a little confusing, and they ended up being hungry at the end of the meal because the dishes they chose weren't very filling. You won't have that problem with the tasting menu! Though it is a bit on the pricey side, the amount of food and the quality makes it worth it. There were 2 amuse bouche, 5 small plates, a palate cleanser, a main dish served with kulcha, raita, and dal, 2 desserts, and a candy plate. Our favorites were the sweet pickle rib and the butter chicken kulcha.

They still seem to be working out some small kinks with their service (two separate sommeliers came in quick succession to ask us if we needed help with the wine list, the first course was brought while we were still enjoying our amuse bouche, they left empty cocktail glasses on the table for a long time) but overall everyone was very attentive and the whole experience was lovely.",False,0,0,0,Manda M.,en,"{'neg': 0.05, 'neu': 0.8, 'pos': 0.15, 'compound': 0.9705}",0.9705,0.15,0.05,0.8,positive
741,2016-06-03 16:01:53+00:00,5,"What a place! I am a big fan of Indian food and so I was excited to try this place.  It surpassed my expectations.  The menu came from a foundation of classic Indian flavours and dishes, but those flavours were taken to a new intensity: this was Imax surround sound Indian food, and just about every other Indian restaurant I have tried in NYC , or in India for that matter, was a dodgy black and white bootleg in comparison.

We had the tasting menu. They were very flexible about what we could have on it and ended up trying a bunch of stuff between us.  A lot of food but perfect - small - portions - that were well spaced out.  There were some great non-Indian twists on many dishes: water chestnuts with the dosai, or a desert that was part something Indian and part treacle tart (a British pudding that, spoonful for spoonful, might well break the world calorific intake record) and was utterly delicious. Other standout dishes were the baby squid with crispy rise, the sweet pickle ribs and the tamarind sea bass.

Great service, and nearly all of the staff who came to the table seemed to be glowing with pride at how good the food was and by how much we were enjoying it (hard to miss from our glassy eyed and open mouthed grinning faces ...imagine Mel Gibson locked in a whisky distillery and you get the idea).  Interesting wines too and some creative cocktails to start (The Goa Ahead - with sparkling vouvray and sherry was a real taste of the tropics) .

Yes it is expensive, But I would rather go there once for a 3 hour feast, than spend a similar amount on 3 meals somewhere non-mindblowing. Bring on the Michelin stars",False,6,0,4,Jon H.,en,"{'neg': 0.048, 'neu': 0.728, 'pos': 0.224, 'compound': 0.9963}",0.9963,0.224,0.048,0.728,positive
740,2016-06-04 15:06:08+00:00,5,"Incredible Indian fine dining. Been to other fancy Indian places in the city but the hubby says this one was the best (he's Indian so he should know)

Got the tasting menu to celebrate our anniversary. The apps, sides, and desserts were the bestttt (corn soup, stuffed naan, foie gras, incredible desserts)

Got the soft shell crab and dosa entrees which were just ok; looking forward to trying the other ones next time. 

Stuffed from all of the food (and special additions they gave us for our anniversary)

Tried a variety of cocktails. The eastern tea one was really interesting, on the sweater side.

Will definitely be back!! Highly recommend",False,2,0,0,B P.,en,"{'neg': 0.066, 'neu': 0.741, 'pos': 0.192, 'compound': 0.9596}",0.9596,0.192,0.066,0.741,positive
739,2016-06-04 22:00:39+00:00,5,"Went here last night for our 1st anniversary meal and as an Indian, I am happy to say that my list of go-to Indian restaurants in NYC is now complete!  

1) Late night quick fix - Kati Roll
2) Lunch time quick fix - Indi Kitch
3) Sunday Brunch - Utsav
4) Great but casual dining - Chote Nawab
5) Fancy but good Indian - Indian Accent  

We opted for chef's tasting - one meat and one veg so that we could get to taste everything :) 

WELCOME COURSE (complimentary)
Sweet corn shorba  
Blue cheese micro naan
FIRST COURSE
Potato sphere chaat
SECOND COURSE
Soft paneer, crispy quinoa, ramps
Soy keema, quail egg, lime leaf butter pao, 
Sweet pickle ribs, sundried mango, onion seeds, 
Duck chettinad, foie gras, idli, pearl onion chutney
THIRD COURSE
Paper roast dosa, mushrooms, water chestnuts
Soft-shell crab koliwada, malvani dried shrimp pulao 
ACCOMPANIMENTS
Dal moradabadi 
Wasabi cucumber raita
Kulcha - Butter Chicken
Kulcha - Wild Mushroom
Kulcha - Pastrami (complimentary)
DESSERTS
Makhan malai, saffron milk, rose petal jaggery brittle, almonds
Doda barfi treacle tart, vanilla bean ice cream
Besan ladoo cheesecake, amaranth

DRINKS
WIFEY
Eastern Milk Punch | Batavia Arrack, Assam Tea, Pineapple
Bandit Queen | Finger Chili Infused Tequila, Lemon Oleo Saccharum, Green Chartreuse
ME
Mughal Fortification | Bourbon, Saffron & Toasted Coriander Honey, Strega
Mumbai's the Word | East Indian Solera Sherry, Rye, Jaggery

My drinks were good, different takes on Manhattan and Old Fashions, the Eastern Milk Punch while a must try is a bit on the sweet side so beware, the Bandit Queen was nice and strong.

I've had fancy Indian food around the city (Tamarind, Junoon etc.) and have always left feeling that the food was just okay, not worth the fancy labels they carried. But last night, I think there was a new benchmark for fancy Indian food in NYC set. 
Indian accent is a place I am more than willing to go again to try and taste other dishes, few items were a bit of a miss, but overall I left dinner feeling a) excited by the dishes b) full bellied, impressed with the new takes on classic Indian flavors. 
A lot of the dishes reminded me of cooking back home, the Duck Chettinad reminded me of Meetha Achaar, the tastes were on point.  
The soft-shell crab looked impressive but was the only dish I wouldn't try again, I think it could just be that I'm not used to that texture, but I think replacing the crab with shrimps would make the dish more ""koliwada"", which is what I was hoping to recreate when I ordered the dish.  

The desserts were great as well, the besan ladoo cheesecake was legit besan ladoo and luckily for me was a bit to sweet for my wife so I got to eat most of it. The makhan malai is super light, one could eat bucket loads of it without thinking about weight gain and the barfi was my wives favorite dessert.  

They seem to seem to have the right ingredients for a marquee fine dining restaurant, good drinks, great food and awesome desserts. Service was top notch as well, with different waiters serving us the various courses but not losing sync. 
The wait staff also seems to be very knowledgeable when folks were asking them about gun-power and other funky Indian terms on the menu.   

The restaurant seems to be working hard to make a name for itself, the table next to us got complimentary wine and papad. We got complimentary Kulcha (I would have taken the papad instead), other tables were getting other complimentary stuff too.  

I hope they do succeed in the long run and stick around as it is nice to enjoy fancy Indian food especially as good as this.",False,1,0,1,N S.,en,"{'neg': 0.037, 'neu': 0.753, 'pos': 0.211, 'compound': 0.9992}",0.9992,0.211,0.037,0.753,positive
738,2016-06-07 02:55:43+00:00,4,"Pros
Food is great
Multiple courses complement each other
Service is hit or miss

Cons
Service feels rushed at closing time
Please don't bring the check unless asked
Space is small and cramped
Trying too hard but not there yet",False,0,0,0,Atul G.,en,"{'neg': 0.236, 'neu': 0.678, 'pos': 0.086, 'compound': -0.743}",-0.743,0.086,0.236,0.678,negative
737,2016-06-09 18:08:50+00:00,2,"A friend and I did the non-veg and veg tasting menus respectively, and shared each dish. We were both excited because of the great experiences my friend had at the New Delhi Indian Accent. Unfortunately, we were very dissapointed. NOT WORTH IT. Each dish ranged from tasteless/bland to just okay. Nothing exceptional, nothing stood out, nothing to remember. The pea/barley bhel puri was tasteless, had an awful texture and the bhel tasted stale. The soy keema was nauseating (rubbery texture in an oppressive Ragu type sauce). The mushroom dosha was just OK.  I didn't like the tasteless rubbery texture and taste of the mushrooms. The mango seabass tasted like frozen fish thrown in a pan for not enough time, with not enough spices. The wine pairing was just OK. The sommelier could have lended better perspective, in my opinion. We were left hungry, disappointed, and yearning for more. I am only giving 2 stars for the service. The food deserves zero stars.

Save your money, unfortunately this is yet another try-too-hard Indian restaurant in NYC that is missing its essential component: good food.",False,2,0,0,Sneha B.,en,"{'neg': 0.255, 'neu': 0.618, 'pos': 0.127, 'compound': -0.9891}",-0.9891,0.127,0.255,0.618,negative
736,2016-06-11 17:32:54+00:00,5,"WOW! The customer service... Was OUTSTANDING! I was soooo impressed! Very professional. Courteous. On point with everything! Quick customer service. Very attentive. They were always there right when you finished your dishes. They walk you all the way to the bathroom. The coat room lady took our stuff out for us before we even asked her as we were exiting.. Perfect timing! The words barely left my mouth and she was already turning around midpoint with our stuff in her hand. 

The FOOD... The food was DELICIOUS!! Rich with flavor! I had a food/mouthgasm twice. See my pics for the food I ate. I can't remember what the dishes were called but I remember the drink I got.. It's a mocktail with pomegranate and star anise.

Out of all the restaurants (in the 27 states) I've been to, this restaurant has THE best restaurant customer service in the U.S. (in my opinion). I'd say it's the best restaurant customer service I've ever received in the world (I've been to several countries) but only one place beats it... The restaurant is called Osteria Barberini in Barberini, Rome, Italy. Still, Indian Accent was such a wonderful place for delicious, quality food AND outstanding customer service! VERY impressed.",True,2,1,3,Dee M.,en,"{'neg': 0.0, 'neu': 0.744, 'pos': 0.256, 'compound': 0.9966}",0.9966,0.256,0.0,0.744,positive
735,2016-06-12 03:25:41+00:00,5,"Stupid, ridiculous, insanely great.  If you're interested in something unique and fun, then come here.  If you're looking for something boring, then look elsewhere.   Sit at the bar and enjoy the amazing environment and drink watching.  Let the bartenders guide you thru an eventful evening...you won't be disappointed.",False,3,1,2,Zak K.,en,"{'neg': 0.165, 'neu': 0.542, 'pos': 0.293, 'compound': 0.8466}",0.8466,0.293,0.165,0.542,positive
734,2016-06-20 20:50:30+00:00,3,"The concept of this place is impressive. It is unique in its twist on the Indian Cuisine. The food looked like an artwork. The flavors the chef managed to bring out with each course were marvelous.
The decor was decent
However, The portions were ridiculously small. It could pass for an Indian Tapas. When the food is that good(and pricey), you do feel cheated when you don't get enough.
Also the service was very slow. We were there for good 3 hours on a Saturday night. Who likes to wait that long to put few morsels in their mouth. Not me.",False,1,0,0,Reshma D.,en,"{'neg': 0.171, 'neu': 0.705, 'pos': 0.123, 'compound': -0.7902}",-0.7902,0.123,0.171,0.705,negative
733,2016-06-23 04:46:44+00:00,5,"Okay, so I live for Indian food, and make it a point to try Indian cuisine - in all price points - wherever I travel. That said, I cannot say enough about Indian Accent! The food is gorgeous (yes, I took pictures of every course), fresh, incredibly complex and flavorful. I am vegetarian so my choices were limited (even more so in their very limited menu), but I was wowed at every turn ... It IS pricey (my husband and I dropped $150 for lunch, which included two courses each, a shared dessert and two glasses of wine) but it was worth every cent. If you love Indian fusion, this is a meal to remember. But go with an open mind: you won't find traditional dishes like saag paneer (my standard) or chicken tikka masala. Indian Accent will definitely expand your vocabulary!",False,1,0,1,Jill O.,en,"{'neg': 0.065, 'neu': 0.72, 'pos': 0.215, 'compound': 0.9781}",0.9781,0.215,0.065,0.72,positive
732,2016-06-23 13:28:55+00:00,4,"Creative takes on Indian flavors.  First time I have ever seen duck on the menu of an Indian restaurant!  Highlights include the shiso leaf chaat, tamarind sea bass, rose petal almond with gold leaf foamy dessert and that jiggery (aka palm sugar) infused cocktail with a ""mumbai"" in its name... enjoyed the mini blue cheese naans too.",False,0,0,0,Char K.,en,"{'neg': 0.0, 'neu': 0.891, 'pos': 0.109, 'compound': 0.7574}",0.7574,0.109,0.0,0.891,positive
731,2016-06-26 02:43:40+00:00,3,"So here we go ... It was good but not upto the hype ... We had the ""Chef Tasting Menu"" and although the concoctions were unique and the presentation was outstanding the actual food was just okay, nothing to rave about. Maybe this place appeals to the non Indian clientele but for me it just didn't cut it. Wasn't completely satisfied/full with the tasting menu which is priced at 110/pp. Can't say I'll be going back anytime soon.",False,1,0,0,Rahul B.,en,"{'neg': 0.046, 'neu': 0.844, 'pos': 0.11, 'compound': 0.6879}",0.6879,0.11,0.046,0.844,positive
730,2016-06-29 02:36:04+00:00,3,"Let's be honest here. Nothing at this restaurant deserves 5 stars with the only exception of the cocktail list. The food is totally overrated, as mentioned before the portions are small, even after the chefs tasting menu we felt we could eat a slice of pizza. The dishes were ok at best, nothing here pushed the limit and anybody who's been to an Indian fusion restaurant has had similar dishes before. The main course was good and so were one or two other dishes, but overall it was lacking finesse and sophistication for this price  point. The wine pairing with the chefs tasting menu was very boring. Yes, we had the Riesling with an Indian dish before, and yes the sauterne is a common paring with any dessert, but don't charge $110 for that or come up with something more innovative. Look at Rasika in DC for example which probably sets the gold standard for Indian fusion with a wine list that matches some of the best French restaurants. But not what is being served here. The service is trying, but far away from a 5 star rating given by many reviewers here. Overall for the price point totally overrated.",False,0,1,0,Alexander M.,en,"{'neg': 0.092, 'neu': 0.801, 'pos': 0.107, 'compound': 0.3141}",0.3141,0.107,0.092,0.801,positive
729,2016-07-01 19:21:06+00:00,5,Really delicious food. I had the jackfruit phulka which was amazing and the dosa with mushrooms for my entree. The star of the meal was definitely the dessert: makahan malai. It was light and airy and sweet and amazing. I would definitely come back here.,False,0,0,0,An J.,en,"{'neg': 0.0, 'neu': 0.614, 'pos': 0.386, 'compound': 0.9758}",0.9758,0.386,0.0,0.614,positive
728,2016-07-01 19:40:02+00:00,5,"High scale modern Indian food. Classy environment. Fabulous desserts! My friend ordered the rice pudding which is amazing. And the makhan malai, airy and puffy. 

Great deal to eat lunch here. The whole set is around $40.",False,4,0,3,Sherry Z.,en,"{'neg': 0.0, 'neu': 0.595, 'pos': 0.405, 'compound': 0.9686}",0.9686,0.405,0.0,0.595,positive
727,2016-07-03 05:46:13+00:00,5,"Modern Indian restaurant, located right next to Le Parker Meridien hotel.
Recently received two stars from Pete Wells of the NY Times.
From the NYT review: ""Since opening Indian Accent in a small hotel on the outskirts of New Delhi in 2009, the chef Manish Mehrotra has become one of the most admired chefs in India.""

Tried the excellent Chef's tasting menu (approx. 10 courses; good value at $110, imo).
You pick the main from the menu.
Loved all the courses by Executive Chef Manish Mehrotra, including the desserts.

Only wished it included the soft shell crab dish in the tasting menu.

Many interesing items on the menu that I wanted to try, so going to come back again and order a la carte.

Excellent service.

Many thanks to the bartender for that amazing mango/cream cocktail.

Highly recommended.

: 9 calendars",False,6,0,3,Go Bruins 1.,en,"{'neg': 0.025, 'neu': 0.764, 'pos': 0.212, 'compound': 0.9824}",0.9824,0.212,0.025,0.764,positive
726,2016-07-06 17:28:12+00:00,4,"Lunch menu was a bit limited, especially for vegetarians. However, still great food and would recommend this to anyone!",False,1,0,0,Nikita J.,en,"{'neg': 0.08, 'neu': 0.63, 'pos': 0.29, 'compound': 0.7177}",0.7177,0.29,0.08,0.63,positive
725,2016-07-08 17:33:55+00:00,4,"Maybe I just need to get used to the idea that there can be such a thing as an upscale Indian restaurant solely with tasting menu and no shareable family style dishes.

Each dish was more sumptuous than the one before it. I suppose one star deduction is for extremely small portions that left me wanting more, based on the prices we paid. Otherwise, absolutely no qualms whatsoever. Every aspect of the experience is exactly what you would expect from a Michelin star worthy establishment. 

Potato sphere chaat, duck chettinad and tamarind sea bass happened to be my selections, but judging from what my friends ordered, you can't go wrong with anything on the menu. Complimentary soup was a nice touch, though a bit too salty for my tastes. That was literally the only thing that was slightly off, as far as my tastes are concerned.",False,2,0,0,Ashwin M.,en,"{'neg': 0.08, 'neu': 0.815, 'pos': 0.106, 'compound': 0.6291}",0.6291,0.106,0.08,0.815,positive
724,2016-07-11 19:04:53+00:00,5,"Oh yes. Having been to both the New Delhi and NYC locations, I can confidently state that Indian Accent NYC maintains the stratospheric standards of the original. The menu is as innovative as it gets, but the focus is always on great execution. Multiple amuse bouches and palette cleansers indicate that the management is aiming for recognition by a certain tyre company. Not to jinx them, but it looks like these guys are on track for those coveted stars!",False,1,0,0,Abhishek G.,en,"{'neg': 0.0, 'neu': 0.751, 'pos': 0.249, 'compound': 0.9678}",0.9678,0.249,0.0,0.751,positive
723,2016-07-18 20:03:34+00:00,4,"We had the chef's tasting menu and the food was very good. Everything was perfectly cooked, plated and seasoned to perfection. The morel dish is insanely delicious. My only comments would be that the foie gras on the duck dish really needed a little sear on it and that it would have been nice to have a fish or seafood dish instead of solely meats.  

We appreciated that the 7 course tasting takes about 90 minutes, a perfect pace unlike many tastings that have long waits in between courses. Unfortunately we were sat across from the bar and the constant shaking of the martini mixer during the prep of cocktails made it very difficult to have a conversation as well as hearing our servers explanations as they presented a dish. Our server didn't seem to know much about wines and took a stab at answering our questions when bringing over the sommelier would have been a better idea. It took about 15 minutes before we got our wines by the glass, which was a bit frustrating. I think they need to get their service a little more refined in general; overall it felt somewhat disorganized instead of a nice team flow. Based on the food though, we would certainly go back another time to sample some of the a la carte dishes.",False,0,0,0,AB G.,en,"{'neg': 0.082, 'neu': 0.765, 'pos': 0.153, 'compound': 0.9617}",0.9617,0.153,0.082,0.765,positive
722,2016-07-22 03:37:22+00:00,4,"I recently had the opportunity to go to Indian Accent for dinner.  My group had heard great things about the restaurant, so we were very excited to go.

The restaurant is under the Parker Meridien.  The space itself is small but is a very beautiful environment.  The decor is simple, with lots of white and neutrals.  The service was also excellent -- our waitress was very attentive, with lots of suggestions on dishes.  The other staff were prompt in filling our waters and other drinks as well.

Our dining party opted for the four course.  The chef's tasting did look good but required the participation of the whole table.  The menu is set up with ""first, second, third, fourth"" options, but in choosing courses, you are able to choose from any section of the menu.  I really liked this aspect of the menu.

The meal started with two amuse bouche offerings -- a pumpkin soup and naan stuffed with blue cheese.  Despite not really liking blue cheese, I really enjoyed both.

I tried the following dishes:

Shiso leaf chaat, water chestnuts (3.5/5): Interesting take on chaat, with a nice combination of crispy and soft textures.

Soft paneer, crispy quinoa, ramps (3/5): I was really excited to try this, but it was a pretty average paneer dish.  The paneer, while a nice consistency, was not spicy enough for my taste.

Soy keema, quail egg, lime leaf butter pao (4.5/5): Hands down my favorite dish of the meal.  The soy was made into a consistency similar to that of ground beef, and it was very well spiced and flavorful.  If going to Indian Accent, I would consider this a must order for me.

Paper roast dosa, mushrooms, water chestnuts (4/5): A really nice take on dosa.  The dosa itself was very crispy, which I like a lot, and the filling was good as well.  I wish it had been a bit spicier, but overall quite good.

Silken tofu, quinoa pulao, bottle gourd curry (3/5): An okay tofu dish with quinoa.  Like several other things in the meal, it wasn't spicy enough.

Tamarind sea bass, herb barley, spinach piroyal, kerala moilee (3.5/5): Decent sea bass.  I enjoyed the interesting mix of flavors and the addition of the barley.  The bass itself was really nice quality, but it was a bit dry.

Makhan malai, saffron milk, rose petal jaggery brittle, almonds (2.5/5): An airy, silky, mousse-like dessert made from milk cream and topped with sugar and almond pieces.  This dessert was just okay -- it was the one I ordered, and it was definitely not my favorite.

Kesri mango, almond shrikhand (3.5/5): Our waitress was very insistent about our trying this dessert and mentioned that it had been lauded in reviews.  I was pretty let down by this dish.  Although I enjoyed the mango, I did not find the dish to be groundbreaking.

Chur chur paratha (4.5/5): Very tasty paratha.  Crispy and fluffy all at once, a nice complement to the meal.

Wild mushroom kulcha (4/5): Kulcha stuffed with mushroom that was very good.  The mushroom was soft and flavorful and went very nicely with the kulcha.

I enjoyed my experience at Indian Accent.  I wish that there had been spicier options available, and I was not impressed with the desserts.  However, overall this was a very good meal with excellent service.",True,2,1,2,Christina M.,en,"{'neg': 0.033, 'neu': 0.672, 'pos': 0.295, 'compound': 0.9996}",0.9996,0.295,0.033,0.672,positive
721,2016-07-22 21:19:17+00:00,5,I am hardly ever at a loss for words when it comes to expressing my opinion/feelings on a new restaurant. In this case however I am at a loss because I tried to hard to think about what I should write. All I know is that this new restaurant is so amazing. Elegant but modern and not overbearing. Classy but not snobby. A fine dining experience in beautiful but modern setting. Settled in the hustle and bustle of hectic midtown 5th Ave. This restaurant has amazing food and drinks. I had the two course lunch menu with a non-alcoholic punch with desert to pair. Such incredible flavors with an amazing balance. Portions are a little small. Good job. Can't wait to be back for dinner perhaps.,False,2,0,2,Daniela T.,en,"{'neg': 0.079, 'neu': 0.62, 'pos': 0.301, 'compound': 0.9913}",0.9913,0.301,0.079,0.62,positive
720,2016-07-23 02:41:55+00:00,5,"just enjoyed the chef's tasting menu, and that's a huge understatement...  every morsel of every bite was pure joy and delight.  first class food, first class service.  i rate it five stars, easy.",False,2,0,2,jacob c.,en,"{'neg': 0.0, 'neu': 0.616, 'pos': 0.384, 'compound': 0.9451}",0.9451,0.384,0.0,0.616,positive
719,2016-07-23 16:36:21+00:00,5,Absolutely delicious. Try the tasting menus. Definitely worth a visit.,False,1,0,1,Charles J.,en,"{'neg': 0.0, 'neu': 0.335, 'pos': 0.665, 'compound': 0.9168}",0.9168,0.665,0.0,0.335,positive
718,2016-07-23 17:24:25+00:00,4,"Top marks for the lady bartender, who knew how to concoct a rather nice Singapore Sling...outside of Raffles, this drink is mostly a miss. I then tried the Proper Copper cocktail, & let me tell you, my taste buds were dancing because of the myriad of subtle flavors mingling so fantastically! Good drinks hands down.

Indian Accent has a sort-of prix fixe menu in that you have to order a minimum of 3 dishes per guest. But rather than the menu dictating what you eat, you get to choose any 3 dishes from their four-course sections comprising of salads, starters, entrees, & desserts. So if you were a dessert person, you could essentially order 3 desserts & you will have satisfied their requirements. There is a choice of a three dish set, four dish set, or chef's tasting menu.

The food was surprisingly different from traditional Indian cuisine. The amuse naan bite was yummy, as was the shot glass portion of pumpkin soup at the start of the meal. Between my husband & me, we ordered paneer, beef kebab, soft shell crab, pork belly, duck with foie gras, whipped saffron milk with crunchies & almonds, treacle tart with vanilla ice cream, & rice pudding with coconut ice cream. The duck with foie gras & the rice pudding were a surprise gratis because I had a difficult time deciding between items when placing my order, & because we were celebrating my birthday. Very nice of them to comp those two items for us. 

Oh! I almost forgot to mention the most exciting part of dinner...we also ordered the ghee roast lamb supplement because we just wanted to try it. This dish alone made the entire dinner worthwhile! This came out in a bento box setup, with a little copper pot of delectable lamb, four different sauces, cucumber & jicama, & tiny bite sized pancakes. You assemble your bite-sized treat as you like: adding dollops of sauce over the lamb, & garnishing it with a crunch of cucumber & jicama, then devouring the masterpiece bite of deliciousness! This dish disappeared so quickly!!

All of the dishes were fantastic, though some more outstanding than others. It's important to keep in mind that this is NOT your typical Indian joint. This is a revised, updated, modern take on Indian cuisine. The usual spices are still being utilized, but the results are rather subtle & more refined. Presentation of the food is certainly accounted for, the portions are pared down, & the table service is delightful. The décor is upscale, but perhaps a bit generic, missing the defining artifacts of India to enhance the visual senses. All in all, a good call for an evening out.",False,1,0,0,Joyce L.,en,"{'neg': 0.035, 'neu': 0.766, 'pos': 0.199, 'compound': 0.9981}",0.9981,0.199,0.035,0.766,positive
717,2016-07-25 03:13:57+00:00,4,"Indian Accent is a fancy indulgence--on a regular basis when money is no object (read ""nerdy Indian hedge fund manager"") or occasionally for the rest of us who can only aspire to go there after subjecting themselves to a steady diet of Progresso soups to make room for their fine dining adventures (read ""frugal foodies"").

I have tried the three-course, four-course and chef's tasting menus (on three separate occasions, of course).  It is easy to be overwhelmed by these choices.  But with the n-course menu options, it is good to know that you can substitute without any restrictions.  Tell them what you like, and so long as you stick with the total number, it is fine.  

The chaat with potato, paper roast dosa, black dairy dal, dal moradabadi (my absolute favorite), chur chur paratha are notably good.  From the dessert options, the malai is fluffy and unique, and the mango shrikhand is perfectly executed.  Everything is presented with panache, and the service staff is attentive and accommodating.  On a side note, I talked to Chef Manish Mehrotra, the brain behind both the New Delhi and New York menus.  He is very understated and poised and seems to enjoy his work.

Indian food should never be so pricey, unless it is so good.  Indian Accent is a welcome addition to the ranks of Daniel and Gramercy Tavern.  I will return for a special occasion--like winning the Nobel prize or the lottery.",True,18,19,12,Srini V.,en,"{'neg': 0.09, 'neu': 0.718, 'pos': 0.192, 'compound': 0.9843}",0.9843,0.192,0.09,0.718,positive
716,2016-08-01 17:56:45+00:00,4,"KenScale: 8.5/10

I am always a sucker for hearty Indian food, but it's not often that you see a lot of modern Indian restaurants trying to showcase the range of flavor of this huge country across different regions and influences. Beyond all the chicken tikka masala curry dishes, India displays so much versatility in its food and yet that attribute has not been really translated to a fine dining-type restaurants. Sure, I liked my experiences at places like Tamarind or Junoon, but it's hard to name one go-to game changer if someone asks me where they experience modern Indian dining. The team behind the acclaimed New Delhi restaurant Indian Accent decided to change that by opening a New York outpost in Le Parker Meridien Hotel (that place with perennial tourist brunch trap Norma's and perennial tourist burger trap (although a very good one) The Burger Joint) earlier this year. My recent experience at Indian Accent showed a lot of promise and I had a very pleasant dinner.

The price tag at Indian Accent doesn't come cheap (starting at $75 per person for three courses, $90 for four and $110 for chef's tasting) and there are also additional dishes that you can only get as supplements (i.e. extra bucks). I obviously wished the hefty price tag of $38 were reduced, but otherwise had no complaint about the supplement of ghee roast lamb that you can wrap in roti pancakes with four different types of sauce. It was quite a marvelous dish that displayed very nice balance of flavor. I just couldn't stop eating shell after shell of this delicious starter. Sweet potato shakarkandi with kohlrabi and crispy okra also had different vegetables working together for an elegant dish. While the spice of Indian cuisine tends to be on the stronger (and hence very addictive once you get hooked into it), the kitchen at Indian Accent has done very well to moderate that potent flavor often to great effect. Soy keema with quail egg on top was a delightful treat, as were the juicy, tender sweet pickle ribs with sundried mango and onion seeds that my dining companion and I quickly disposed of. The soft-shell crab at Indian Accent is definitely one of the better self-shell crab dishes in the city in terms of texture (the crunchy sensation was quite memorable), and I could totally eat pork belly vindaloo with goan red rice almost every day for a take-out if it is available, again displaying rich but not heavy flavor that was different from what I typically understand as the strength of Indian spice. For dessert, don't skip muskan malai dish with saffron milk; this airy dish at first tasted somewhat funky but over time my dining companion and I couldn't stop digging this delightful dish that wasn't overly sweet to my liking.

Getting a reservation at Indian Accent is manageable, but it's always preferable to book in advance given that the restaurant is located inside a hotel so there will always be hotel guests. There is a full bar with some Indian-inspired cocktails on the menu. I liked the modern vibe of the dining space that was bright and trendy but not stuffy at all. I'm really glad that New Delhi team decided to invade the Big Apple with this winner that could really become a champion of modern Indian cuisine in the city. A repeat visit will definitely happen sometime in the future.",True,8,1,5,Ken S.,en,"{'neg': 0.034, 'neu': 0.698, 'pos': 0.268, 'compound': 0.9996}",0.9996,0.268,0.034,0.698,positive
715,2016-08-04 22:18:54+00:00,5,Amazing food. Great taste and presentation. Went there for lunch and was lucky that there were tables available. I have heard that dinner reservations are required and lineups are long. Must go!,False,2,0,2,Sarim F.,en,"{'neg': 0.116, 'neu': 0.628, 'pos': 0.256, 'compound': 0.7177}",0.7177,0.256,0.116,0.628,positive
714,2016-08-04 23:34:12+00:00,5,"I haven't eaten at many indian restaurants before this, so maybe I am not the best reviewer for this place. But wow. Got the tasting menu which consisted of at least Seven small plates plus two dessert dishes.  All spectacular. The wait staff was also great and explained what every dish was. What amazing food and also drinks.",False,2,0,2,Brian P.,en,"{'neg': 0.157, 'neu': 0.638, 'pos': 0.205, 'compound': 0.6971}",0.6971,0.205,0.157,0.638,positive
713,2016-08-05 15:32:04+00:00,5,"#mindblown.

For indian restaurants in the city - this is a definite five. A game changer to the standard Indian restaurants (junoon, tamarind). If you're looking for fancy modern indian food...this is it. 

Hypes:

- Kohlapuri Chicken - a definite appetizer to get. You won't even know you're eating chicken or bhel puri (with avocado, peanuts, tomatoes and cucumbers) in this dish but its the best of both worlds
- Pathar beef kebab - One of my favorites here. Soft meat with perfect flavoring. Damn. 
- Pulled Jackfruit - Bomb. Seriously... bomb. Another favorite. Don't come here and not eat this - so untypical on a menu but a definite get.
- Ghee roast lamb - This is more of a traditional meat/curry combo, coming out with perfect mini homemade rotis (indian flatbread). But the zinger here are the four chutneys that come out with it. Wow. Each a different flavor (garlic, spicy, coriander, etc) - they compliment the lamb perfectly. We couldn't get enough
- Duck chettinad -  Most indians won't eat duck, and won't eat foie gras. But give it a try. Suck it up - theres idli on it at least. It was such a REALLY good dish - not meant for sharing.  
- Tamarind Sea Bass- This was that one dish i had for lunch which I ordered again for dinner. Perfectly cooked fish in a coconut indian spiced curry. If you come for lunch - you have no choice. This is what to eat.
- Wasabi Raita - have you ever heard such a thing? its amazing. Just amazing. 
- Try the kulchas - butter chicken is great. standard to get. Try another one too for the experience. We tried pastrami. 
- Black daal - creamy, heavy, tomatoey - mmmm
- Shisho leaf chaat - I had this as a part of my lunch. Refreshing, a little sweet, beautiful presentation
- desserts are good. If I'd pick one it would be the Dhoda barfi (toDha). If i'd pick two it would be that and the makhan malai.
- amuse bouche - came out for lunch and dinner and both times got Blue cheese mini naans and a spiced pumpkin soup - such a tease bc it makes you wanting so much more - a great start
- presentation - beautiful, not overwhelming, and pretty - they did it with indian food!
- Indian food never should be overpriced, but this is so good that its worth it. 

Gripes:
- Paper roast dosa - it was good...but not amazing. Maybe because I'm rating it in comparison to all the other dishes. 
- Pork belly vindaloo - not worth the space in your belly
- theres always a line for the bathroom. 

This is that place you take your parents to when they come to the city to visit. That place you have a good work lunch at. A place to impress your date. A place to go on a date night. Its that place when you want good indian food with a modern twist.",True,7,4,5,Shaila S.,en,"{'neg': 0.049, 'neu': 0.692, 'pos': 0.259, 'compound': 0.9992}",0.9992,0.259,0.049,0.692,positive
712,2016-08-05 19:33:44+00:00,1,"I was really looking forward to eating at this restaurant since I had heard good things and the menu sounded like it would be inventive and exciting. The name of the restaurant is fitting since the food was bland and generic with an Indian ""accent."" The food was so boring, it left me wanting to go eat at a good Indian restaurant afterwards to make up for the horrible experience. The only decent dishes were the Tamarind sea bass and sweet pickle ribs.

I suppose what turned me off most about the restaurant was the service. We did not want to do the chefs tasting and our server told us 4 times throughout the meal that we had to order a minimum of 12 dishes. Despite the fact that we spent $400 on two nice bottles of wine, she was intent on us ordering 12 dishes. I realize this is not her fault if this is the restaurant policy at this supposed ""fine dining"" restaurant but it really put a bad taste in my mouth. 

Not polished, bad food, horrible service. Will not be returning!",False,0,1,0,Bora G.,en,"{'neg': 0.183, 'neu': 0.755, 'pos': 0.062, 'compound': -0.9883}",-0.9883,0.062,0.183,0.755,negative
711,2016-08-07 14:55:06+00:00,5,"Exceptional food. Indian flavors with a different presentation. We went there for lunch and ordered mostly vegetarian dishes but each one was amazing. The Daal Makhni, the Kulchas, the paper dosa with mushrooms and the sweet potato chat. And to save the best for the last, the desserts are some of the best I have had. Try the malai foam for sure.",False,1,0,0,Puneet D.,en,"{'neg': 0.0, 'neu': 0.658, 'pos': 0.342, 'compound': 0.9849}",0.9849,0.342,0.0,0.658,positive
710,2016-08-10 02:13:46+00:00,4,Miniature yet tasty treats. Great service. Improvements maybe in variety of cocktails and portion size  required. Unexpectedly authentic flavor to a fusion food.,False,0,0,1,Ami S.,en,"{'neg': 0.0, 'neu': 0.605, 'pos': 0.395, 'compound': 0.9246}",0.9246,0.395,0.0,0.605,positive
709,2016-08-10 04:06:40+00:00,3,"Great service...super expensive for micro portions. Had wild mushroom kulcha for $9 which was literally 2 bites. Good taste though.

In short, I won't go there for Indian food. If you looking for naan and curry..don't go here.

It just leaves you unsatisfied.",False,3,1,0,Kalpesh S.,en,"{'neg': 0.149, 'neu': 0.716, 'pos': 0.135, 'compound': -0.1779}",-0.1779,0.135,0.149,0.716,negative
708,2016-08-13 12:34:39+00:00,5,"This place was the best intersection of fine dining and  casual attitude. 

I loved the way their tasting menu is set up - you don't need to choose one dish per category; you very well could get 3 desserts if you wanted. No judgement. You could go back any number of times and try multiple combinations of dishes. Portions were also just right even for sharing. And the plating was made for social media. The food was delicious - carefully made, layers of flavor etc 

Seating was comfortable in the back dining room. I always gripe about how a man makes dining seats Bc a woman always ends up w marks on the back of their legs or the fabric is awful on the skin. But not this place. Noise level did pick up later in the evening but not unbearably loud. 

Lastly, service was amazing. It helped give a casual approachable vibe to the meal.
Dishes were explained carefully and our waiter actually sent out a few more plates Bc he noticed we didn't order them / debated ordering them, and he thought they were cant miss ones. It was really thoughtful and appreciated. It likely didn't cost the restaurant more $, but engendered a lot of good will from our table... And made this dinner which was delicious, memorable.",False,4,2,4,Joanie K.,en,"{'neg': 0.04, 'neu': 0.75, 'pos': 0.21, 'compound': 0.9915}",0.9915,0.21,0.04,0.75,positive
707,2016-08-16 17:20:38+00:00,5,"The amazing service alone was enough to warrant this stellar review. I've never encountered a more helpful and friendly staff. Moreover, they were super flexible and accommodating about the tasting menu - there were no rules on how many dishes one can choose from each category or restrictions on what items can be picked. It felt like the staff was extremely committed to providing us with the most optimal experience.

Each dish that I had is memorable - so much so that I'm still thinking about the dishes weeks later.  They have developed a menu with very creative and unique flavor and texture combinations, none of which were disappointing. Even items that didn't sound particularly appetizing turned out to be incredible. 

It was an expensive meal, but I don't regret it.",False,2,0,1,Punita B.,en,"{'neg': 0.093, 'neu': 0.733, 'pos': 0.175, 'compound': 0.9238}",0.9238,0.175,0.093,0.733,positive
706,2016-08-17 23:59:19+00:00,3,"Ok maybe 3.5 stars.

This is thoroughly modernized Indian food.  Five stars for the attempt and being (oh so) avant garde. Pricey ($9 for a paratha, seriously).
There were five of us and we did the three course offering except for one who did the four course. There is also a chef's degustation menu signifying the presence of a guru. 
I think I got a taste of almost the entire menu. For my taste there were hits and misses, so don't go there expecting unbelievable flavors in everything and you'll be OK.
The service and attention was truly exceptional except for one unbelievable near-rudeness; their over-eager attempts at removing our plates before everyone was done. They seem to be oblivious to this common courtesy.
Air-conditioning is a problem here, apparently the hotel controls it. 
They spoilt us with extras and we got a whole range of their extraordinary desserts, gratis, because we were celebrating an anniversary. My thanks to the establishment.",False,1,0,0,Riz H.,en,"{'neg': 0.109, 'neu': 0.796, 'pos': 0.095, 'compound': -0.7603}",-0.7603,0.095,0.109,0.796,negative
705,2016-08-19 17:54:18+00:00,5,"Fantastic -- great vibe, well decorated, comfy chairs. Spicy lemonade is very good & some magical teas at the end (Yellow). Tofu first plate is also good",False,1,0,0,Tommaso V.,en,"{'neg': 0.0, 'neu': 0.534, 'pos': 0.466, 'compound': 0.9476}",0.9476,0.466,0.0,0.534,positive
704,2016-08-22 20:53:52+00:00,5,"I came here three times in one week, two dinners and one lunch. It must mean that I absolutely love it and yes, it is the case. I love how flexible the menu is, I don't eat desert, so I can choose anything else. If I am more hungry, I can choose more from third courses instead of more from first and second courses.Because of the flexibility of the menu, I think the portion is very reasonable. I left very satisfied each time without stuffing myself. 

I don't eat dairy, and they adjust it very well, even bring non dairy naan to me. Food is truly amazing, I have tried quite a lot of dishes, each of them is tasty. The presentation of each dish is pretty and upscale, not looks like the regular indian dishes I had before, but the taste is so indian, it is so authentic to me. Actually, there were a lot of  indian people ate here very time I visited. I guess it is enough to prove it. My most favorite dishes will be pulled jackfruit phulka, sweet potato shakarkandi, and sea bass. Next to them will be soft shell crab, and dosa.

The atmosphere is nice, can be a little loud later of the night, the servers are very nice and professional, the host is very kind and polite. I really think the lunch is a great deal, you can choose any two course for $31, and each extra dish only for $11. The lunch menu still offer a great selection of courses although not quite as extensive as dinner menu. But the portion wise is same as dinner. I can see this place will be my regular lunch spot.",False,2,2,2,zi x.,en,"{'neg': 0.005, 'neu': 0.774, 'pos': 0.221, 'compound': 0.9967}",0.9967,0.221,0.005,0.774,positive
703,2016-08-24 13:46:57+00:00,4,"What can I say? I loved Indian Accent and it's one of the best restaurants in NYC right now. From the amazing soft shell crab to the ribs to the stellar dessert with gold leaves (eatable of course). Despite the fact that I sat next to the most annoying person in the world who works in fashion but did not have manners, she was that annoying! she did not ruin my experience this past Monday. The service was excellent!  I can't praise enough this restaurant and I hope they keep the amazing job with food + service + chic decor and atmosphere! Thumbs up!!!!!",False,1,1,1,Pedro S.,en,"{'neg': 0.111, 'neu': 0.662, 'pos': 0.227, 'compound': 0.9326}",0.9326,0.227,0.111,0.662,positive
702,2016-08-26 18:27:33+00:00,4,"This is definitely one of the most memorable Indian meals I have ever had in my life. For those people who are looking for traditional Indian food with regular spice and broth, you would get so disappointed; as none of the dishes would fit into that category. Instead, each single dish we have ordered was more like a combination of Indian and modern cuisine, that made my whole tasting experience fascinating.

We started with some naan small bites filled with blue cheese - as a cheese hater, I could not help but to finish up each single bite as the cheese was grilled perfectly well and marinated itself with the bread outside. My appetizer chicken salad, on the other hand, carried a light spicy flavor, that completely opened up my palate. I should say the main course sea bass was actually not living up to the hype - small in size and a bit lack of flavor. I actually loved my co-worker's fried soft shell crab more...

Overall a pretty positive experience and I would recommend anyone having interest in modern dish to give a try. Slightly pricey given the amount of food you actually got.",False,13,10,13,Elaine H.,en,"{'neg': 0.099, 'neu': 0.691, 'pos': 0.21, 'compound': 0.9796}",0.9796,0.21,0.099,0.691,positive
701,2016-09-01 19:00:58+00:00,5,"One of the few places were the second is JUST as good as the original.  Now the original is in Friendship Colony New Delhi India... So if you cannot make it there then you must make it to NYC.  My guest said it best about 3 courses into the tasting menu, ""is this Indian food?""   That is the magic of this articulate fusion as it redefines bland over spiced curries and will change your view forever.  Met the owner and he was delightful and had an impromptu dhal competition and creamy black wins every time.   Just go... Order the tasting menu.... Sit back and enjoy the show.  So good.",False,2,2,2,John T.,en,"{'neg': 0.035, 'neu': 0.749, 'pos': 0.216, 'compound': 0.9705}",0.9705,0.216,0.035,0.749,positive
700,2016-09-04 00:41:27+00:00,4,"Incredible Indian fine dining! We tried the chef's tasting menu and the quality of the food along with the spices were everything I had read about the indian location. Out of all the dishes, the Tamarind Sea Bass and the Rib were by far the best...

Service was simply impeccable (well, it also should be for the price) and they do a great job of explaining all the dishes to you, helpful for those not familiar with Indian spices.

I was a bit disappointed with the ambience, it was a bit ""bland"" with not much character. 

I would point out the portions are quite small, which is expected since this place is about the experience and ""tasting"" so suggest not coming here on a night you're starving. Although the burger joint at the Parker Meridian hotel is right next door!!!",False,1,0,1,Gauri L.,en,"{'neg': 0.107, 'neu': 0.839, 'pos': 0.054, 'compound': -0.8466}",-0.8466,0.054,0.107,0.839,negative
699,2016-09-07 21:12:58+00:00,5,"Been here once for lunch and once for dinner, excellent experience both times. Food has strong Indian flavors but also very refined. Big fan of the soft-shell crab and dal gosht. Service excellent and reasonably priced. Definitely will be harder to book a reservation once it becomes more well known",False,1,0,0,Tammie C.,en,"{'neg': 0.0, 'neu': 0.688, 'pos': 0.312, 'compound': 0.9614}",0.9614,0.312,0.0,0.688,positive
698,2016-09-09 15:06:50+00:00,2,"The food is delicious. 

The service was the worst I've ever experienced at this quality restaurant.  Just amazingly incompetent - 5 people seated at a table appropriate for 4 (we had to ask to be moved) forgotten dishes, including an appetizer not served until after the main course had arrived, and an entrée that came a half an hour after the rest of the table.  Management tried to make it up to us, comping a number of dishes and not charging for the forgotten entrée, but it ruined a birthday bon voyage party and just left us all feeling sad and angry.  At these prices, we expected a fun evening.
  
One star for the food.  One for management's recognizing that they screwed up, big time.",False,1,0,0,Willa L.,en,"{'neg': 0.201, 'neu': 0.698, 'pos': 0.1, 'compound': -0.9524}",-0.9524,0.1,0.201,0.698,negative
697,2016-09-13 01:53:04+00:00,5,"Phenomenal. One of the best dining experiences I have had!

I have not a single complaint or suggestion.

We arrived early and started at the bar, where a very helpful bartender suggested the perfect Indian inspired cocktails for us - Transcendental Medication for Linse and Mumbai's the Word for me. They were perfect. 

Every single item we ordered in our four course meal was an adventure for our taste buds.  Especially:

- Kolhapuri Chicken, Peanuts, Cucumber, Tomatoes, Avocado
- Pulled Jackfruit Phulka
- Tamarind Sea Bass, Herb Barley, Spinach Poriyal, Kerala Moilee
- Soft-Shell Crab Koliwada, Malvani Dried Shrimp Pulao

The service was impeccable. Every detail was exactly what you would expect in a fine dining experience. The only slight hiccup was that Linse's wine glass sat empty for a few moments before she was offered another glass. It was actually not a big deal, but the sommelier came out immediately and brought her another glass on the house.",False,2,0,3,Jim M.,en,"{'neg': 0.022, 'neu': 0.88, 'pos': 0.098, 'compound': 0.8759}",0.8759,0.098,0.022,0.88,positive
696,2016-09-16 16:14:58+00:00,3,"After much thought I have decided to give this a 3 star instead of 4 - to be fair I wanted to give 3.5 and leave enough room to upgrade.

Indian Accent has been on my list for some time now and highly recommended by just about everyone including the New York Times! The plan was made well in advance for my daughters 21st birthday. She's just like me, she loves good food and fine dining, so I thought it would be a nice treat!

As I entered I was very pleasantly surprised with the design and decor of the restaurant. Just that day I had read about the place in the NY Times about how wine is better paired with Indian food than beer which I have been screaming for ages, someone finally published it, thank you!

The wife and I sat at the bar and got a quick drink while we waited for our little star. In my recent beer phase I have been keenly investigating eateries with a well thought out beer list as well as a wine list - and this place has a really really good one! Major plus points here, including the wine. Good on you chef!

I had requested a special table for the event but we were seated right in the middle of the main dining area, is that special? Anyway, it was just after 7pm and the patronage was on a lighter side. The wooden tables were bare, missing a table cloth for added effect of fine dining, but that's up to debate. I brought a very nice bottle of wine which I asked to be opened at a corkage fee of $50 and that was not on the list - or it's not allowed. When I asked for it to be done the server seemed a little confused, I guess she was new and didn't know the policies. There was a glass of coke ordered which took about 15 minutes to arrive, i'm not sure why. Also the wine was constantly being poured as if to be finished so we would order more from their list. It just seemed like pressure rather than keeping a glass filled.

The menu looked every interesting. We got 2 Three Courses and 2 Four Courses so we could share a number of things - btw I think Three Courses are plenty since you will be filled with the sharing plates and sides. The papad and pickles were a good start, I would surely get that again. Here's a list of items we ordered and a very quick rating:

1. Tasting of papads - a very good start with a huge variety of flavors
2. Potato sphere chaat - highly unique texture and explosions of flavor, must do
3. Sweet potato shakarkandi - I liked it, a good veg sharing option
4. Duck chettinad - yes, surely try this one, it's small only in size
5. Sweet pickle ribs - decent, it's ok to try or miss, either way
6. Beef kebab - some will not like it, the meat is bland but the sauce is very rich
7. Black dal - tasty but not as good as other Indian restaurants
8. Chur Chur paratha - this was nice but seemed like it was from a packet
9. Wild mushroom kulcha - NO
10. Paper dosa - save it for a real Indian restaurant 
11. Bombay pay bhaji - please take this off the menu!!
12. Tamarind sea bass - very very yummy and very filling on it's own
13. Dal gosht - it's minced meat in a fried ball, i didn't like this, a bit too dry
14. Makhan malai - light and airy, must try
15. Doda barfi - this was the best thing I ate from the list!! 

HOT TIP - try the Makhan malai and doda barfi together, it's amazing!

Ok now for some other thoughts....

As the evening progressed I noticed the crowd growing on the tables and the floor. All of a sudden there were a number of servers running around the room and I didn't know who to ask for. Our server wasn't to be seen for a little while so I just asked the next person walking by. It felt a bit chaotic to be honest, not what I was expecting in this level of place.

Being an Indian I really wanted this to be among the top dining venues in the city, one that can compare to the likes of Per Se, Daniel, etc...but it was clearly lacking in a number of areas. I didn't feel like the price matched the food in any way. I will always excuse everything else but when it comes to food, that's what brings us back! So with that said, I am leaving room for two more stars. I hope things improve to the next level when I'm back in the future to update my review.",False,3,0,0,Sabin C.,en,"{'neg': 0.07, 'neu': 0.726, 'pos': 0.204, 'compound': 0.9989}",0.9989,0.204,0.07,0.726,positive
695,2016-09-17 03:52:57+00:00,4,"We had the pleasure of dining at Indian Accent to celebrate a birthday. I was hoping for what I thought would be an incredible experience. Though I undoubtedly enjoyed the dine, my expectations of ""EMP meets Indian food"" did not even come close. Here lies the problem - Indian Accent is a restaurant which looks to be having loftier aspirations than Junoon, Tamarind Tribeca, etc., When you dine at EMP, you are a bit awestruck by the experience. It appears as though they have their entire staff focus only on you. You begin to enjoy the ride at the beginning of the meal itself. It is that focus on a diners experience that sets EMP, Per Se, etc., apart from the rest. Even if I forget about the Michelin aspirations, the biggest compliment an international cuisine chef can get is if he can get a non resident native diner to harp back on his native roots. 

These 2 things went completely missing here - The restaurant was way too noisy to have any sort of experience. Almost all the $$$ Indian restaurants in NYC have better ambience than Indian Accent. I don't know what would help - maybe white noise? The service while speedy remained completely alien. There was no small talk, no laughter etc., We did indicate that we were celebrating a birthday. No birthday wishes until we were leaving - the Maître D' wished us towards the end. None of the servers or our table host made a mention of it. There was a noticeable gap between the courses. The ratio of staff to tables/diners was either low or appeared low. 

We ordered a 4 course meal for 2 of us - essentially, 8 items for the table. 

1. Initial serving of pumpkin soup, blue cheese naan and dhokla - pumpkin soup was brilliant, blue cheese naan was bizarre, dhokla was good, but then again, it's hard to go wrong with dhokla

2. Potato Sphere Chaat, Sweet Potato Shikarkhandi, Tofu Vada - All brilliant stuff. Impressed by tofu vadas, though it was a bit on the sweeter side. 

3. Soft Paneer, Summer Corn Bhel - Meh, it wasn't exactly chaat flavored. The word Bhel must have been used to indicate a potpourri, but to an Indian, it also indicates a menagerie of spices and textures coming together. This was just corn with basic masala flavors.

4. Pulled Jackfruit Phulka - Good, not extra ordinary. While it had the jackfruit flavor, it lacked the jackfruit texture. 

5. Dal Moradabadi and Chur Chur Paratha (Extra accompaniments) - Dal Moradabadi was brilliant. Chur Chur Paratha was disappointing. I hardly noticed any paneer in it and if there was any, it was over-powered by the Ajwain. Tasted more like Indian Bakery Puffs

6. Paper Roast Dosa - Really good but non traditional. The curry accompanying the dosa was very flavorful. I won't be surprised though if Indians are against this. Indians really have strong preferences and high standards for their dosa. 

6. Bombay Pao Bhaji - The bhaji was probably the best bhaji I have eaten outside of Mumbai. The garnish was weird - I am not even sure why they had a papdi flower with bhel on top of the bhaji. Don't let anything ruin the taste of that perfect bhaji. The pao was disappointing. The pao's flavors over powered the bhaji. There is a reason why they don't use flavored pavs for pav bhaji. 

7. Besan Ladoo Cheesecake - Besan ladoo is the crust. Cheesecake was not very good. Took out the cheese cake portion and ate the besan ladoo.

8. Crispy seviyan, rice pudding - good. 

All in all, I would call this a single Michelin starred place. While it's better than Tamarind and Junoon, it's not by much. As far as the food, there is a bar that some Indian restaurants in NA have set - Vij in Vancouver, Bombay Club/Rasika in DC etc., Maybe, just maybe, Indian Accent comes close to meet that bar. It definitely does not go over it.",False,1,0,0,Harry B.,en,"{'neg': 0.084, 'neu': 0.773, 'pos': 0.143, 'compound': 0.9937}",0.9937,0.143,0.084,0.773,positive
694,2016-09-21 01:09:07+00:00,5,"Wow.  What a meal.  Loved the chicken for the first course, the kebab for the second and the lamb for the third.  You need to go here!",False,1,0,1,Premal P.,en,"{'neg': 0.0, 'neu': 0.75, 'pos': 0.25, 'compound': 0.8398}",0.8398,0.25,0.0,0.75,positive
693,2016-09-22 02:37:10+00:00,5,Amazing- has become our go-to special occasion restaurant.  The vegetarian menu is like nothing I have ever had and the food is as beautiful as it is delicious. Great wine selection as well.  Can't wait to return!,False,1,1,0,Melissa B.,en,"{'neg': 0.0, 'neu': 0.49, 'pos': 0.51, 'compound': 0.9837}",0.9837,0.51,0.0,0.49,positive
692,2016-09-25 02:41:39+00:00,4,"Review is for the $31 two-course lunch, which is a thrifty way to try this very nice spot. There were four of us and so we tried most of the menu, and everything ranged from good to great.

The best: tuna bhel (raw tuna with vibrant flavors and puffed rice) and sea bass (tender fillets, incredible cream sauce). Black pepper pork, served cold with curd rice, was also offbeat and tasty.

Also recommend the cheesecake (light as air, accompanied by delightful chewy tamarind orbs).

I'll also note that the portions really punch above their weight - they're modestly sized but very filling. We were all stuffed for hours afterward (the amuse bouches and complimentary dessert snacks helped).",False,4,0,2,Jeff O.,en,"{'neg': 0.037, 'neu': 0.766, 'pos': 0.196, 'compound': 0.9607}",0.9607,0.196,0.037,0.766,positive
691,2016-09-25 14:53:26+00:00,5,"Went with 4 people for lunch and had the 2 course lunch. 
Course 1 - 
-sweet potato shakarkandi- very good and surprised me because I'm not a fan of Sweet Potato. horrible to admit.
- tuna bhel - absolutely delicious. I would go back for this alone!
- kolhapuri chicken - I really loved this. Extra points for being unique. Must try!
-black pepper pork, curd rice - Pork yummy, not a fan of curd anything , so not my fav

Course 2 - 
-tamarind sea bass - Super fantastic, curry sauce excellent! Table favorite!

Portion might seem a bit small but they were very filling and I would 10/10 recommend and go back again!",False,3,1,1,Heather O.,en,"{'neg': 0.12, 'neu': 0.628, 'pos': 0.252, 'compound': 0.9445}",0.9445,0.252,0.12,0.628,positive
690,2016-09-25 17:33:23+00:00,4,"Having heard plenty and more about Indian Accent from my friends in Delhi, I thought to give the NY one a try. Without getting into details first, I'd say that it was a great experience but nothing extraordinary that blew my mind. Decor is great but like any other fine dining place so I was saddened to see they hadn't given anything an Indian touch. Food wise - desserts were kick ass ! The crispy seviyan was fantastic ...loved it. There were some interesting items like the duck chettinad and beef kababs that I will recommend. The kohlapuri chicken, while refreshing, was average in flavor. Chef's signature dish- the pork ribs with tamarind glaze - was my least favorite. Nothing was cutting through the richness of the pork to give any alternating flavor bursts. For mains, I took the soft shell crab which was pretty good. Came with shrimp pulao which I liked better than the crab. So overall, there were parts to the dining experience that I loved but I definitely went in expecting more. The servers were kind and friendly but quite slow - a quick modification to my soft cocktail took 20 mins ! But that said, they were also hosting the who's who of India that night ...the Ambani's and Abhishek Bacchhan so perhaps more servers were concentrated on those tables :)",False,0,0,0,Supriya M.,en,"{'neg': 0.087, 'neu': 0.629, 'pos': 0.284, 'compound': 0.9959}",0.9959,0.284,0.087,0.629,positive
689,2016-10-06 21:22:04+00:00,5,"Took hubby there for his birthday. We did a 3-course tasting and ordered an additional dish to share. The portion is decent and we were stuffed to our face! Decor of the restaurant is pretty simple (and what you expect for a midtown hotel restaurant). Service was impeccable. (We were sitting next to a private equity titan. Of course the service he received was even a few notches above that:)). 

We liked every dish, though I do feel that sometimes there were too many different flavors going on at the same time (good and bad). Presentation of dishes was beautiful and the dishes were pretty creative (and tastes indian at the same time). 

We had and enjoyed the following:  

ghee roast lamb with roti pancakes (for share): you wrap the lamb and other condiments (4 chutneys and cucumbers/daikons) with the pancakes. Sorta like how you eat a peking duck.

duck chettinad, foie gras: good but not outstanding

kolhapuri chicken with peanuts, cucumber, tomatoes and avocado: good and balanced flavor profile

baby squid with crispy rice: who doesn't like a fancy version of fried calamari?

pathar beef kebab with bone marrow nihari: beef is super tender and flavorful

soft-shell carb: loved this; always a big soft shell crab fan and this dish didn't disappoint

pork belly vindaloo: cooked to perfection

Desserts look yummy but we were simply too full. Restaurant gave us free bubbly and chocolate cake for hubby's birthday. Overall a perfect night!",False,0,0,0,Lucy Z.,en,"{'neg': 0.014, 'neu': 0.705, 'pos': 0.281, 'compound': 0.9978}",0.9978,0.281,0.014,0.705,positive
688,2016-10-11 16:44:33+00:00,5,"A brilliant dining experience! Sublime! The extraordinary food was matched by the amazing service and very handsome setting. The tasting menu was an incredible treat!  Indian Accent takes Indian food to an entirely elevated level. Actually, Indian Accent takes restaurant dining, regardless of the cuisine, to a whole new level. Bravo!",False,1,0,1,Jane H.,en,"{'neg': 0.0, 'neu': 0.75, 'pos': 0.25, 'compound': 0.9429}",0.9429,0.25,0.0,0.75,positive
687,2016-10-12 15:24:54+00:00,5,Did the tasting menu here.... this place is amazing! Fusion Indian food does a good job of incorporating traditional Indian flavors and also newer flavored/ food our palettes are used to! Some of the best Indian food I've ever had! Would go over and over again! Drinks are great too....,False,2,0,2,Surbhi L.,en,"{'neg': 0.0, 'neu': 0.736, 'pos': 0.264, 'compound': 0.9529}",0.9529,0.264,0.0,0.736,positive
686,2016-10-16 15:34:38+00:00,5,"I give this place 5 stars because it is the most inventive eclectic Indian food I have every had. The fusion of flavors of various cuisines gives a fresh take on what can be done with Indian food. It is not your typical greasy Northern Indian food. This is fine dining food 
I went with 4 people one night and we had a vegetarian feast. The food was amazing. Every dish had flavors to savor. Just loved it. It has been consistent at every dinner. 
I do not love the lunch menu and it falls a little short for me. Room for improvement here. But dinner is just amazing!!!",False,2,0,1,Steven P.,en,"{'neg': 0.037, 'neu': 0.806, 'pos': 0.157, 'compound': 0.929}",0.929,0.157,0.037,0.806,positive
685,2016-10-21 22:33:22+00:00,5,Great service. Best modern gourmet Indian food by far I have ever had. If you want traditional tastes in a modern cuisine,False,3,0,0,Crit I.,en,"{'neg': 0.0, 'neu': 0.478, 'pos': 0.522, 'compound': 0.9468}",0.9468,0.522,0.0,0.478,positive
684,2016-10-25 04:12:30+00:00,1,"NEVER AGAIN
Taste - good/Great
Service - Above average
Serving size (yes even for restaurants touting themselves as edible art it does and should matter) - Tiny
A Kulcha the size of a pierogi does not merit a $15 price tag. This is a travesty. In all fairness the taste was good but the size and prices were INSANELY RIDICULOUS
Junoon, Tamarind and other high end indian establishments may be pricey but this combination of high prices and poor sizes of servings to the extent that the beef dish is no more than the size of a pinky (serious)
Had to get a slice of pizza afterwards
I love indian food and love excellent quality food whether at high end establishments or holes in the wall.
This gets a solid - NEVER AGAIN from me",False,2,0,0,Sid S.,en,"{'neg': 0.171, 'neu': 0.698, 'pos': 0.131, 'compound': -0.488}",-0.488,0.131,0.171,0.698,negative
683,2016-10-26 16:26:02+00:00,4,"We came in for my husband's birthday and we had a great time! The service is impeccable and it's worth coming here just for that alone as they really care about making your evening spectacular. My husband and I had the three course meal and ordered appetizers, three entrees and one dessert. The meal starts off with an amuse bouche then the appetizers. The appetizers are small for sure but very tasty! The duck confit was spectacular. The chicken was yummy too. The entrees are smaller than we're used to seeing so definitely get some side dishes such as naan or stuffed bread. On dessert we had the besan ladoo cheesecake and I loved it personally. My husband liked the dhoda barfi dessert better, which came on the house with a birthday candle! We really appreciate the extra special touch they took to celebrate his birthday. Will be back on our next special occasion. On a tip: if you want a booth for 2, you need to request it when you make a reservation!",False,0,0,0,Sonia A.,en,"{'neg': 0.018, 'neu': 0.688, 'pos': 0.294, 'compound': 0.9964}",0.9964,0.294,0.018,0.688,positive
682,2016-10-26 20:21:21+00:00,3,"This was my second meal at Indian Accent.  My first was dinner which my husband and I enjoyed greatly.  Lunch, however, was a lot less enjoyable.  At dinner time the restaurant is nicely lit, romantic, food is interesting and plentiful.  At lunch time the lighting is harsh and the portions consisted of bites.   Food is still interesting and tasty.  It's not that I want a dark heavy lunch, however, the contrast was so noticeable that my business companion made a similar observation.",False,0,0,0,Tony R.,en,"{'neg': 0.042, 'neu': 0.678, 'pos': 0.28, 'compound': 0.9765}",0.9765,0.28,0.042,0.678,positive
681,2016-10-27 13:57:33+00:00,4,"Excellent, modern, tasty Indian food. Very good service, polite and smiling staff. 
Shakerkandi was the best appetizer.",False,1,0,0,Lubna B.,en,"{'neg': 0.0, 'neu': 0.261, 'pos': 0.739, 'compound': 0.984}",0.984,0.739,0.0,0.261,positive
680,2016-10-27 20:35:12+00:00,4,"Pricey but delicious elegant and modern Indian food in midtown. Lunch is a great deal though. The highlights were the pumpkin soup, jackfruit roti, pork with curd rice, tamarind sea bass, dosa with mushrooms and truffles, and maybe my favorite, the hoisin duck naan. 

Service was a little slow to start. We sat for a while before anyone came by. But then ordered off the prix fixed menu and decided to share everything. The restaurant has a modern decor to match the food. They gave us some chocolate for dessert in a box. We decided to eat them there. One had a liquid center. Which exploded all over my friend. A warning with such types of food would be nice. Generally a very good meal. I look forward to coming back for dinner.",False,1,0,1,J. Karim A.,en,"{'neg': 0.053, 'neu': 0.646, 'pos': 0.3, 'compound': 0.9941}",0.9941,0.3,0.053,0.646,positive
679,2016-11-01 18:21:11+00:00,5,"Honestly one of the best gastronomic experiences I've ever had!! We ordered the Crab kolivada with malvani shrimp pulao, Tuna bhel with kurkure, Tamarind sea bass,  Pao bhaji with butter chicken khulcha, and then Besan Laddoo Cheesecake and Makhan Malai to end. Every dish was phenomenal and far exceeded expectations. We were here for a birthday celebration and the staff were kind enough to bring out complimentary amouse bouche rounds with blue cheese for us, a complimentary cocktail and even a dessert on the house for the birthday girl! We did the $38 pre fixe lunch menu and ordered a few extra courses so while it ended up being $150 ( with tax and tip) for two of us, I would definitely come back here for a special occasion.",False,2,0,0,Mahima D.,en,"{'neg': 0.0, 'neu': 0.835, 'pos': 0.165, 'compound': 0.9708}",0.9708,0.165,0.0,0.835,positive
678,2016-11-02 02:17:08+00:00,5,Really unexpected delights with every dish. Everything was incredibly flavorful. The wait staff explained everything we were about to eat. Each course blossomed in my mouth.  I never had Indian food like this!,False,3,0,0,Lesley M.,en,"{'neg': 0.085, 'neu': 0.651, 'pos': 0.264, 'compound': 0.8271}",0.8271,0.264,0.085,0.651,positive
677,2016-11-02 14:09:12+00:00,5,"Delightful Indian cuisine with definite flare!  The decor and layout very aesthetically pleasing too.  Good attentive service.  

Complimentary soup in a mini mug was very tasty - pumpkin and some spices was a seasonal favorite.  The blue cheese infused nan was also quite intense and a great prelude to a sweet potato and crispy okra appetizer.  Great flavor and not overwhelming

The entree was a fish on a bed of coconut style curry with some light vegetables.  Absolutely worked!  Tamarind on the fish was exactly right and the combo of the sauce and the fish was excellent.   

Light digestive items after the lunch completed a delightful experience.   Will be back.",True,5,1,2,Marios D.,en,"{'neg': 0.0, 'neu': 0.596, 'pos': 0.404, 'compound': 0.9958}",0.9958,0.404,0.0,0.596,positive
676,2016-11-02 15:57:42+00:00,5,Lovely lunch service. Everything was delectable and beautifully presented. The amuse bouche was so good (butternut squash soup) that we got seconds (I think our server noticed that we were practically licking our cups clean). He tuna starter was amazing as was the fish for the main course. Also get that wonderful cloud like mouse dessert. It was gorgeous and yummy!,True,4,0,1,Stephanie L.,en,"{'neg': 0.0, 'neu': 0.559, 'pos': 0.441, 'compound': 0.9919}",0.9919,0.441,0.0,0.559,positive
675,2016-11-03 23:14:25+00:00,5,I've been to Indian Accent here in NYC and in Delhi. The tasting menu is divine. So worth the money. Every dish is prepared so intentionally and carefully. I love the Lamb main course.,False,2,0,2,Julia S.,en,"{'neg': 0.0, 'neu': 0.672, 'pos': 0.328, 'compound': 0.9128}",0.9128,0.328,0.0,0.672,positive
674,2016-11-05 15:06:46+00:00,5,"We have tried almost all of the upscale Indian restaurants in NYC over the last decade, and were blown away by our dinner last night at Indian Accent. The ambience, food, and service all top notch. The food was creative, and flavorful. Indian Accent takes traditional Indian dishes from all over India (not just one region), and gives each a slight twist. The dishes are still recognizable but the slight changes are creative and tasty. The service was also phenomenal - each person we interacted with at the restaurant (start to finish), was smiling and seemed proud to work at the restaurant. Our server was also quite flexible with the menu - recognizing that we may want a few extra items (papadam or rice on the side). Looking forward to going back to celebrate many more occasions at Indian Accent!",False,3,0,1,Anindita D.,en,"{'neg': 0.0, 'neu': 0.776, 'pos': 0.224, 'compound': 0.9894}",0.9894,0.224,0.0,0.776,positive
673,2016-11-05 19:01:04+00:00,5,"Dinner at Indian Accent was truly exceptional. I have never enjoyed a prix fixe dinner more. Every course bursted with unique Indian flavor, spice, and creativity.

The menu was difficult to understand fully at first but our server was lovely and helped answer all of our questions. We all decided to go with the four-course-meal ($90 per person). Interestingly, you do not need to pick one dish from each of the four sections on the menu but instead can mix and match as you choose (technically you could order four entrees if your heart and stomach so desired...although I wouldn't recommend it).

We each got different dishes so that we could try multiple items on the menu, many of which are based off of Indian street food. I am sincere when I say that everything we tasted was wonderful. Highlights included the kashmiri morels, the duck chettinad with foie gras, soy keema, the lamb and lentil gosht, and the kulcha breads (these are not part of the four course meal but we ordered two on the side - the hoisin duck stood out). 

My one criticism was that we found the four course meal to be too much food. Portions weren't tiny and therefore we filled up quickly. Next time I would opt for the three course instead, even though I thought we all had big appetites!",True,3,3,2,Sol C.,en,"{'neg': 0.043, 'neu': 0.852, 'pos': 0.105, 'compound': 0.9532}",0.9532,0.105,0.043,0.852,positive
672,2016-11-08 12:19:12+00:00,5,"What an enjoyable evening. One of the best meals we ve had in a long time. We had 7:45 pm reservations. We were greeted by a gentleman wearing a suit. After confirming our reservations we were seated immediately by a young lady working at the front desk. 

The restaurant has a modern look to it. It has clean lines. The chairs are cushion and soft and not your typical dining chair. The space was bright. 

We ve eaten Indian food before but we needed some help from one of the many servers who waited our table. You have a choice of a three course or four course meal. There is also a chef's tasting menu. 

There is also a pretty extensive wine list. We talked at length with the wine steward and settled upon a brisk white wine. 

There are four categories of food to order from. The fourth being dessert. You can make your choices all from  one categories or opt for any combination. 

We were given a starter of Two small naan breads stuffed with cheese. They were only the size of a large quarter but were delicious. Next  we had a small square of chopped chickpeas made into a cake with a hot pepper skin. Again it was very good. Finally we had a small serving of cold pumpkin soup   It was also very tasty. 

Next we were served our first choices which consisted of two shredded potato ball cover with white bean mash, yogurt and something else. The mixture of flavors was excellent. Our next dish consisted chopped chicken with nuts formed into a round cake. It was pleasantly spicy and good. 

Next we had beef kabobs and an order of two pickled spare ribs. The ribs were tender and meaty. The kabobs were served a nice brown sauce. We also received a bowl of naan bread to enjoy with these dishes. The naan was a nice touch and welcomed. 

Our final two dishes were tamarind sea bass and a lamb dish. There two small fillets that were nicely prepared. The spice was not overpowering and the fish was delicious. I enjoyed the lamb dish but it was probably my wife's least favorite dish. But that would matter because she will definitely want to come back here. 

The service was excellent. We started with a waitress who took our order but had at least three or four other people attend to us throughout the night. 

This  was fine dining and great service   The portions are not large but by the end of the vining you are delightfully full and we didn't have dessert.   This was a food experience.",False,4,1,3,jed k.,en,"{'neg': 0.072, 'neu': 0.7, 'pos': 0.228, 'compound': 0.9981}",0.9981,0.228,0.072,0.7,positive
671,2016-11-15 05:58:12+00:00,5,"Indian Accent

A foodie friend suggested Indian Accent to us since my wife and I were staying at Columbus Circle. Being from LA, we love the walks to meals in NYC. 

I'm generally not a fan of fusion cuisine and was happy that Indian Accent changed my mind. We were most pleasantly surprised. 

The menu is made up four sections (courses) and accompaniments. One chooses a 3-course prix fixe and an optional 4th course from the dessert section. The courses may be selected from any of the four sections.  

Our meal began with a trio of complementary bites. Our meal:
First: 
* Kolhapuri Chicken, Peanuts, Cucumber, Tomatoes, Avacado
* Duck Chettinad, Foie Gras,  Idli, Pearl Onion Chutney
Second:
* Baby Squid, Crispy Rice, Everything Chutney
* Soy Keema, Quail Egg, Lime Leaf Butter Pao
Third:
* Pork Belly Vindaloo, Goan Red Rice
* Tamarind Sea Bass, Herb Barley, Spinach Poriyal, Kerala Moilee
Accompaniments:
* Saag Paneer Kulcha
* Butter Chicken Kulcha
Fourth (desserts):
* Markham Malai, Saffron milk, Rose Petal Jaggery Brittle, Almonds
* Doda Barfi Treacle Tart, Vanilla Bean Ice Cream

On the next visit, we will require the papadam chutney sampler as it looks most intriguingly decadent from across the room. 

A creative modern menu that focuses on quintessential Indian flavors. Everything was delicious and perfectly prepared. The only thing off was the pork belly, which was a tad over cooked. 

Presentation is immaculate. Complements to the chefs. 

The greeting and dining room staff are both well trained, providing a welcoming environment and an efficient well orchestrated service without the snootiness that often handicaps high end establishments. Complements to staff, management and ownership.",False,1,0,0,Wing-Hon N.,en,"{'neg': 0.007, 'neu': 0.81, 'pos': 0.183, 'compound': 0.9947}",0.9947,0.183,0.007,0.81,positive
670,2016-11-15 17:56:27+00:00,5,"Probably one of the best meals I've ever had! Indian accent does such an amazing job of fusing traditional Indian food and adding a modern flare. All the dishes were so original and presented so well. 
They have a long list of drinks, including non alcoholic- soft cocktails. I got the stickey wicket which tasted similar to pineapple juice with a kick of cinnamon. It has a very original taste. 
To start with, everyone is given a tiny blue cheese naan and a tiny savory type of soup that reminded me of a fall soup with an Indian twist. I ordered the tofu coconut vadai for my first course and it was scrumptious! It was crispy on the outside with loads of flavor on the inside, a strong dallop of sauce on the side, and 2 beets. I also really recommend the tuna bhel that also had quite an array of tastes in a small plate. The sweet potato shakarkandi and kohlapuri are great as well depending on what you prefer. As a party of 4, we ended up getting all different dishes and no one was disappointed with their dishes. 
For the second course, I got the Bombay pao Baji and it was pretty good. It had a little crispy ball filled with goat cheese, surrounded by a sauce/salsa. 
For dessert, we got the doda barfi treacle tart and it was amazing! It almost tasted like a brownie with ice cream, but Indian style and not actually chocolate. It had the best mix of hot and cold melting in your mouth, I highly recommend getting it. The crispy seviyan were really good as well, but I prefer the Bombay pao Baji. 
I was very impressed with the whole experience at Indian accent as well as the extraordinary service. The servers are so attentive and make sure you are having a great experience. This place is a prime example of a restaurant with over the top service and food. Yes it's a little pricy, but I assure you it's worth the price!",False,2,0,0,Fai A.,en,"{'neg': 0.067, 'neu': 0.675, 'pos': 0.258, 'compound': 0.9973}",0.9973,0.258,0.067,0.675,positive
669,2016-11-20 14:22:41+00:00,5,"Had a wonderful experience with the chef's tasting menu. Beautiful and rich dishes, served seamlessly by a great staff. A very carefully selected and blended mix of Indian food. The cocktails were also amazing (had the Indian Autumn and Transcendental Medicine, both exquisite).",False,1,0,0,Jonathan C.,en,"{'neg': 0.0, 'neu': 0.619, 'pos': 0.381, 'compound': 0.9678}",0.9678,0.381,0.0,0.619,positive
668,2016-11-21 19:43:37+00:00,1,"I had called for a reservation for a party of 4 and the call lasted approximately 20 minutes. The lady trying to take my information was soo ill informed and the call was then snatched over by another man who barked in for my credit card number! Seriously, when you are trying to earn patrons and the reception is soo bad, I am reluctant to try this place. So I made reservations at another place and called then AGAIN to cancel, the same issue. The call was somehow connected to the kitched, made to hold for the reservation desk for 15 minutes, & call got disconnected. Called back again - went to kitchen line and was asked to stay on line for transfer. Refused that. the person took my number down and said he will have someone call me. Terrible service.",False,1,2,0,Anjali A.,en,"{'neg': 0.188, 'neu': 0.762, 'pos': 0.05, 'compound': -0.9776}",-0.9776,0.05,0.188,0.762,negative
667,2016-11-22 18:59:37+00:00,5,"I've had the pleasure of dining at the original Indian Accent in New Delhi many times. I was beyond excited that an Indian Accent was coming my way in Manhattan. I was also curious if it would meet my expectations, seeing as the Delhi location was phenomenal. And I'm happy to say it did not disappoint!

I went for lunch with a group of three others and we all did the three course lunch menu. I believe two courses was $31 and an extra $11 for a dessert course. The waiter however told me that you can choose from any course and mix and match and it doesn't have to be one appetizer/main/dessert type of thing. 

We ordered one of everything! The meal started with a complimentary amuse bouche, this time it was a delicious pumpkin with a savory coconut flavor, and baby blue cheese naan (just like Delhi!). 

Everything was delicious. Each meal is creative and is a twist on traditional indian cuisine. This is not your typical ""butter chicken fix"", no. If you want to try innovative Indian fusion cuisine this is your spot, incorporating cuisine from all over India-- influences from the south with the dosas and vadai to the northern Punjab region with punjabi kadhi. And not everything needs to be classified and that's the beauty of it, some dishes are just a blend of creative deliciousness that keeps you wondering what is in this dish??

My favorites from the current menu (they change it up accordingly every season) were the tofu coconut vadai and the bombay pao baji. Both had a great blend of flavor and textures. We tried the tuna bhel which was cool and refreshing, sweet and savory, with a mixture of soft tuna and crispies. Please do order the duck naan from the accompaniments, it was our favorite at the Delhi location and delicious here as well. We ordered the doda barfi treacle tart (hmmmm) and the crispy vermicelli dessert. Both were worthy of licking the plate clean, especially the soda barfi which was warm and gooey and reminiscent of pecan pie. 

Try this place before it becomes impossible to secure a reservation, it certainly is on that path. Also I would be surprised if it doesn't get a Michelin star soon. The service is great, they will ensure you have a wonderful time. I will update this once I go for dinner, which is definitely going to happen.",False,2,0,1,Sarah A.,en,"{'neg': 0.005, 'neu': 0.732, 'pos': 0.264, 'compound': 0.999}",0.999,0.264,0.005,0.732,positive
666,2016-11-23 00:02:41+00:00,5,"IndianAccent came highly recommended and did not disappoint. We had the chef's tasting menu. It was decadent, flavorful and beautiful. The service was good too. The place was full and what other patrons had ordered from the a la carte menu looked delicious too. Great cocktail menu and wine list too.",False,1,0,0,Karen G.,en,"{'neg': 0.0, 'neu': 0.612, 'pos': 0.388, 'compound': 0.9822}",0.9822,0.388,0.0,0.612,positive
665,2016-11-23 14:28:30+00:00,5,"Can't say anything that anyone already hasn't!
Food is delicious and service is amazing. Not the cheapest (we paid $300+ because of 3 drink orders) but it's fine dining. 
If you're celebrating a special occasion, definitely mention it at the time of booking. The staff were exceptionally good and every single person wished me a happy birthday. I also got a complementary dessert!

Highlights of our visit:
Exceptional service
Butter chicken nan - MUST TRY
Complementary food for my birthday. 

The ambience:
The restaurant has two sections - outside area a la carte and inside which is set menu. I would def go a la carte next time. Set menu starts at $75 for 3 dishes of your choice from any category ( appetizer, main, dessert). 
This place is dimly lit. It's noisy for a fine dining but I never mind that. I love talking to people :)

We ate:
Dhodha - complementary appetizer. Made with black gram flour(besan) that is fermented and then steamed, to make a fluffy savory cake with amazing taste. This is served with pumpkin shorba(mini cups of spiced pumpkin soup) and a non spicy green chilly. 

Sea bass - fresh fish served on a bed of coconut milk broth. 

Pav bhaji - puréed mixed veg with mini pav(white bread rolls). The rolls are very tiny and super cute. The veggies were garnished with puffed rice and a baby pakoda(fritter). 

Dosa - paper thin crepe made with rice+lentil batter, filled with 5 types of mushrooms sautéd in tomato onion. 

Kolhapuri chicken - non traditional still yummy. Creamy chicken served over salad of cucumber. 

Butter chicken nan - the highlight of their menu. This is a must try dish. At $9 this is the most expensive nan I have had but so worth it. Butter chicken is filled inside the nan which in itself is art to me! Tastes amazing. Nan is cut into 4 slices hair like a pizza. 

Mushroom nan - complementary for us as we were talking to our waitress and she really a wanted us to try this! When do you ever get that at a place?! This again was yummy! 

Laddoo cheesecake - laddoo is made of besan and in this version the shell of the tart was made with the laddoo ingredients. The tart is then filled with cheesecake filling ( sour cream). This is exceptionally heavy to eat!

Kheer - the restaurant gave this to us complementary as it was my birthday. If you've never tried Indian sweets, this one is for you. Yummy rice pudding served with fried crispy vermicelli and vanilla ice cream. 

Dhodha - sticky cake made with evaporating and reducing milk. this isn't the easiest dessert to make. I was surprised they had it on the menu. It isn't available freely even in India. This is quite sweet so stay away if you're not a sweet tooth. 

They also do two courses at lunchtime for $30. I'm unsure of the days. 

I loved this place so much, I could actually work there! Staff are friendly to each other and the diners and have fun. I didn't mind one bit tipping them at all.",False,2,0,0,Dee D.,en,"{'neg': 0.091, 'neu': 0.705, 'pos': 0.204, 'compound': 0.9978}",0.9978,0.204,0.091,0.705,positive
664,2016-11-23 19:44:07+00:00,3,"Good quality food and good deserts however the portions are very small for lunch main course. I ordered a chicken kofta which was very good but very less quantity. This place would be extremely good if they serve better portions.
I should point out that compared to standard Indian restaurants the lunch menu here is extremely limited.",False,0,0,0,Arjun G.,en,"{'neg': 0.082, 'neu': 0.712, 'pos': 0.205, 'compound': 0.7972}",0.7972,0.205,0.082,0.712,positive
663,2016-11-26 18:45:27+00:00,2,"The food is good. However it is completely over priced. They do not provide you with bread, a basic app n Indian cuisine, and when ordered, it is 5$ for a small slice of naan. Drinks have no free refills even for kids. Dinner for three, with only one alcohol order, a beer was $321.18 !!! Completely overpriced.",False,0,0,0,Manal H.,en,"{'neg': 0.195, 'neu': 0.715, 'pos': 0.09, 'compound': -0.8469}",-0.8469,0.09,0.195,0.715,negative
662,2016-11-27 19:52:54+00:00,5,"Looking for something unusual for Thanksgiving  with my son, I stumbled on Indian Accent and started researching. Since we both love Indian cuisine, off we went. What a wonderful dinner. Chef deconstructed traditional American turkey dinner ingredients into a menu fixe using them all but with brilliant Indian flavors and sauces.  Wonderful early courses, topped by a main service centered on small strips of turkey breast wrapped around panzer with cranberries, accompanied by fabulous mini kulchas stuffed with blue cheese. Dessert included a doda barfi treacle tart with vanilla bean ice cream that was spectacular. 
Can't wait to return.",False,0,0,0,David G.,en,"{'neg': 0.047, 'neu': 0.75, 'pos': 0.202, 'compound': 0.9582}",0.9582,0.202,0.047,0.75,positive
661,2016-11-29 19:46:29+00:00,3,"Dinner on 11/26/16.  I really struggled with this one, I really wanted the rating to be higher, but I just could not justify it.  Let me reveal that I am originally from India and have lived here for the past 26 years.  The meal did not amaze me - the dishes were good, just not exceptional.  And, for $360 (only one beer, no other alcohol) for three diners, you deserve exceptional.

The food was flavorful and the presentation was very good, but I was expecting to be blown away at these prices.  I had the 4-course prix-fix menu including the lamb supplement.  Which, ironically turned out to be the weakest dish.  Besides that, I had the scallops, ribs, and doda barfi for dessert.  I enjoyed all three, with the scallops being just okay.  

Overall wait staff service was good.

I do recommend the place, just don't expect to be overwhelmed...",False,1,0,0,Mohun K.,en,"{'neg': 0.122, 'neu': 0.728, 'pos': 0.149, 'compound': 0.7769}",0.7769,0.149,0.122,0.728,positive
660,2016-12-01 04:51:30+00:00,2,"Group of 3 for dinner. The service was inattentive and took away from the experience. We were seated at a table where a man was watching something on his iPad without headphones. Other guests were talking on their cellphones throughout the meal. I've never seen this level of behavior at a ""fine dining"" establishment and was surprised the first person was not kindly told to put it away and the other to take it outside. We moved tables because of the ipad distraction and our waiter never communicated so our dishes were delivered to the wrong person throughout the meal. I had to flag someone down to order a drink as I was never asked and also had to flag down someone to get water refilled every time. There was another table, a couple, and it seemed they were getting a lot of attention yet as I said we were not tended to. Some of the food was very good but small portions and high prices at this kind of place. Overall we did not feel taken care of at all and not a good experience.",False,0,0,0,E. M.,en,"{'neg': 0.089, 'neu': 0.87, 'pos': 0.041, 'compound': -0.8468}",-0.8468,0.041,0.089,0.87,negative
659,2016-12-03 18:46:05+00:00,5,"One of the best dining experiences of my life. 

We ordered the four course meal. Every course, as well as the amuse bouche, was exceptional. You get to pick from 4-5 items per course. The menu is new to westerners but the excellent service staff love to describe each dish and how it's prepared. They're also great making recommendations on how to pair one course to the next. 

It's hard to describe the food. It's not heavy or spicy like most Indian food; rather, it's light but with the Indian spices we're all familiar with. It's done exceptionally well and left me really full. Please try the cocktails while you're there   

Highlights were the scallops for the first course - which were the best I've ever had.  And the light/ airy saffron cream dessert was something that made me so happy!

The icing on the cake - the chef himself came out to check on us and gave us insight into the dishes. I will be back to try a different course pairing!!",False,0,0,0,Dan W.,en,"{'neg': 0.008, 'neu': 0.761, 'pos': 0.231, 'compound': 0.9939}",0.9939,0.231,0.008,0.761,positive
658,2016-12-07 16:56:38+00:00,2,"My rating would have been a lot better but for the reasons below.
So let me start by saying that the food in this restaurant is good. Not amazing, but decent. Also the presentation is very nice. The chef is a superstar.
We would have had a blast that evening except for the horrible service we got from the inattentive staff in the dining room.
We walked in at our designated time, were seated promptly and asked if we wanted to order cocktails within five minutes. So we order drinks, give the waiter our bottle of wine that we asked him to decant and wait for our drinks. 30 min. later we are still waiting for our drinks. I go up to the manager up in the front and asked him to look into it as we could not find our server. The manager told us that he would look into it right away and get our drinks to the table. 
Well, ten more minutes later and our asking two more servers we still have nothing. 
I finally get up and go to the bar and order our drinks and the bartender says to me ""Oh, are these your drinks? pointing to four drinks lying on the counter. Says ""they have been here for a long time"".  So we pick up our drinks ourselves and bring them back to the table and the staff is watching and not offering to help carry them to the table. 
Now the foodservice starts and we don't have our wine. Finally after 45 minutes of our sitting down, the server brings out our bottle to the table ""UNOPENED"". We had asked them to decant it when we sat down. Now he opens it and we make the best of our meal.
The manager stopped by and said that he would call me the next day to talk about the evening but he never did. The staff does not really care. Service is atrocious at best. Not worth the money they charge. For four of us we paid close to $700 and this was one of the worst dining experiences that I have had.
Too bad I have to write this but A restaurant with staff  as bad as this one does not deserve anything more than a star.",False,4,0,0,Sunil R.,en,"{'neg': 0.152, 'neu': 0.794, 'pos': 0.054, 'compound': -0.9949}",-0.9949,0.054,0.152,0.794,negative
657,2016-12-15 03:39:57+00:00,5,"I don't normally make the effort to write reviews but this experience just blew me away. So we went first time in April 2016, when it opened two weeks or so prior.  Can not say enough about the  delicious and innovative food. The chef came out to meet us and all of the dishes have a distinct Indian flavor and yet it's fusion food. Pricey but worth every penny... 
second time, in Dec 2016, the menu had just changed.  Loved everything just the same. This  is one restaurant that one shouldn't miss if you're into flavors and truly innovative food.  Highly recommend for a date night",False,1,0,0,Andee D.,en,"{'neg': 0.041, 'neu': 0.701, 'pos': 0.258, 'compound': 0.985}",0.985,0.258,0.041,0.701,positive
656,2016-12-18 17:18:12+00:00,5,This is not a Indian fusion food. This place has a strong Indian Accent that completely enthralled me. The flavors are very North Indian - the chicken kofta entree especially was divine. The desert- Makkhan Malai that looked too big and heavy was deceptively light.  Amazing find!,False,0,0,0,Sharika S.,en,"{'neg': 0.0, 'neu': 0.784, 'pos': 0.216, 'compound': 0.9056}",0.9056,0.216,0.0,0.784,positive
655,2016-12-19 00:40:24+00:00,5,"Serendipity.

Tried to go to Bengal Tiger Indian Food, which is approximately one block away. But, although they were at least 15-20 minutes from their published closing time, we were turned away before we even made it through the front door.

Bengal Tiger's loss ended up being our gain, as we found Indian Accent, which despite having the same published closing time as Bengal Tiger, warmly welcomed and timely sat us for what ended up being THE MOST unique Indian meal we've ever had the pleasure to enjoy (anywhere on the planet).

Now, let me preface this all by saying this was the most ""unique"" Indian meal we've ever had, which in some respects means not the best, and in some respects means the best.

Sufficiently confused? Lol. Here's the thing ... We opted for the chef's tasting menu - one vegetarian, one non-vegetarian. I - we - were unaware of any Indian restaurant with a chef's tasting menu, and so began the uniqueness.

I'm posting pictures of all, in order, after posting the menu itself, so it will be easy enough to follow.

Here are some of ""the best"" highlights:

- Potato sphere chaat with white pea mash

- Black dairy dal with kulchas

- The arbi paneer sarson ka saag with corn roti

- Mushroom kulcha

And, the two dessert courses, which are among the very best and very finest desserts we've had, anywhere. The latter of which is what a pecan pie might be like in ""heaven"". Absolutely amazing.

Oh, yes, the service was exceptional, too, and we were greeted with a 3rd dessert to close out the night, on the house.

Fantastic overall experience. Worth every cent. Highly recommended to any / all that truly savor a fine dining experience coupled with an amazingly inventive chef.",False,3,0,1,James A.,en,"{'neg': 0.09, 'neu': 0.732, 'pos': 0.177, 'compound': 0.9861}",0.9861,0.177,0.09,0.732,positive
654,2016-12-20 19:09:43+00:00,4,"""I'll have lamb chops"", said the man,  dressed in a 3pc suit, while handing the menu back to the server. As the server stared back blankly (there are no lamb chops on the menu) the man added with a hint of exasperation, ""you know, I pride myself on knowing Indian food, but I can't figure out your menu. You'll have to help me out"". The server smiled politely and then patiently described every single dish on the menu!

That interaction sums up Indian accent for me. Serving haute Indian cuisine that's been influenced by global culinary techniques, Indian accent is a worthy contender to Tamarind Tribeca for the top high end Indian restaurant in the city. You see the difference straight away from the complimentary amuse bouche: mine was the pumpkin coconut milk shorba with garam masala. That impactful introduction puts you on notice that you're dealing with serious people here. What I love about Indian Accent is that despite the modern influences, the food is authentically Indian. Yes, the traditional dishes have been paired with non-traditional ingredients, assembled in innovative combinations, and brought together by both traditional and modern styles of preparation within the same dish, but retain their Indian essence and soul. For some reason it reminds me of the saying in Thailand: ""Same same but different."" ;) 

""Try the Dal Muradabadi"", was Srini's advice to me when he learned of my upcoming visit. You must trust Srini blindly when it comes to Dal. And, I did. I don't think I've had better Dal in an Indian restaurant. Ever. It wasn't just consistency (perfect), textural contrast from crackers and fried grams, salt, pepper, and spices - but (sugar and) a dollop of tamarind chutney and green chutney (mint?) that reminded me of street snacks (Chaat and Dahi vadas) in South Asia - but mixed into the Dal. For those who know Dal, this dish alone is worth a visit to the restaurant (and, I must note not on the menu currently!).

As the (Indian origin) girl next to me asked the server about the sweet potato shakarkandi (an excellent pick from the appetizers) and I rolled my eyes at ""clueless kids these days"", the server brought out my pathar beef Kabab with bone marrow nihari. That dish at Indian accent exemplifies the harmonious marriage of two dishes traditionally segregated from each other in social gatherings but presented with such elegance here as is missing in traditional preparation. I also really liked the paper roast Dosa with mushrooms and water chestnuts and the Pav Bhaji. But, if you're a carboholic and debating on ordering the kulchas? Don't bother. Sadly, an unqualified disappointment with the filling muted by the bread. 

The dish that really endeared Indian Accent to me was the Makhan Malaai. Perhaps the single most authentically Indian (as opposed to fusion or inspired) new dessert I've seen in Indian restaurants in NYC. In like, forever - not just the last 3/5/10 years. Makhan Malai is actually a sweet treat popular during winters in Northern India, most associated with the bastion of arts, Lucknow. It's a minimalist dessert with milk, cream, saffron, cardamom, and palm sugar (sprinkled with almonds, and at Indian accent: rose petals and brittle) and is made from a process of boiling milk, adding cream, boiling it again, and after cooling leaving the mixture under the skies to expose it to dew, before churning for a few hours and reducing milk while mixing layers (with saffron and cardamom). I expect no one in NYC processes the mixture with dew(!), still the traditional process should give you an idea of how light, and ethereal the dessert is. But, the restaurant knowing that it's their greatest hit piles up on quantity, and so don't be deceived by the server telling you ""its cloud like"", you'll still have to share it :) 

While my first visit (dinner) was a solid 5 stars, both of my subsequent visits (lunch) have been less glorious. There's clearly a difference between the two meals that's not warranted for a restaurant of the caliber they aspire to. It's not just that the Daniel like symphony in service at dinner is missing at lunch, it's that the same appetizer or main (no adjustments for size or ingredients) tastes different, and so one wonders if the same team is available in the afternoon as it is at night. Further, while I'm not averse to paying for quality and demonstrable innovation (unlike people who balk at paying money for Indian restaurants), I'm unconvinced that if the dessert hadn't been as rich, I'd have left the restaurant satiated. There's a quantity to price trade-off at Indian Accent that makes me uncomfortable. So, they should look at (slightly) improving portion size. Size matters. That's simply settled science. And, Indian Accent is absolutely worth the visit. By now, that should be settled too. (4.5 stars)",False,12,8,9,Fitzwilliam D.,en,"{'neg': 0.052, 'neu': 0.799, 'pos': 0.149, 'compound': 0.9982}",0.9982,0.149,0.052,0.799,positive
653,2016-12-20 21:43:08+00:00,5,"This was the first time we had been to this place, it was our 25th Wedding Anniversary. Our kids had recommended us this place & they treated us like royalty 4 course meal. It was Indian Food with Classic Style & NYC Ambience was also great. Had we known it's a classy restaurant we would have dressed up. Highly recommend to have the taste of different variety of food, 
Appetizer:
* sweet potato shakarkandi, kohlrabi, crispy okra 
* potato sphere chaat, white pea mash 
* scallops, cauliflower saffron shorba, pickled gobi

Main Course:
* chicken kofta, punjabi kadhi, onion pakora* pork chili fry, rice crusted prawn, poha* braised lamb, prune korma, rajasthani pearl millet khichdi

Accompaniments:
* Kulcha: wild mushroom & butter chicken* black dairy dal with morel pulao

Deserts:
* makhan malai, saffron milk, rose petal jaggery brittle, almonds
* doda barfi treacle tart, vanilla bean ice cream* cheeni ki roti, marshmallows, old monk ice cream 
* meethe chawal, sweet rice, almond milk, barberries

Each course was well decorated & well cooked, the Lamb was the Best, you could see the tenderness & juicy meat it just melted in our mouth. Would highly recommend to see how classy can be Indian Restaurant right in middle of Manhattan, really worth spending the precious time together & money. They had a special card to wish us on our 25th wedding anniversary.",False,0,0,0,Deepak Kumar S.,en,"{'neg': 0.0, 'neu': 0.772, 'pos': 0.228, 'compound': 0.9949}",0.9949,0.228,0.0,0.772,positive
652,2016-12-28 20:05:42+00:00,5,"The best Indian fusion restaurant in city, all the dishes are outstanding and amazing mix of flavor and color. Highly recommend it.",False,0,0,0,Swati S.,en,"{'neg': 0.0, 'neu': 0.549, 'pos': 0.451, 'compound': 0.9412}",0.9412,0.451,0.0,0.549,positive
651,2016-12-29 17:20:14+00:00,4,"This restaurant was on my list of must visit, and I wasn't disappointed. Modern décor. The conception of the dishes was unique, and each was presented in a different way. It's fun when every dish is served differently and  you look forward to choosing and then seeing how it will turn out to be. Portion sizes are small  though. We went there for lunch which has a prix fix menu of 2 courses and a third can be added for extra charge. There is a flexibility of choosing any of 2 dishes out of starters, entrees and desserts.
For the amuse bouche we were served blue cheese naan and pumpkin soup both of which were amazing.
For my two course meal I got
1. Salmon, chutney potatoes which was outstanding. Salmon was cooked to perfection, marination was perfect with not much spices and was tender and highly enjoyable. 
2. Braised lamb, prune korma and millet khichdi. The sauce was poured on top of the lamb in front of us. The lamb was so tender and juicy. 
For the drinks we tried the mudra punch and the mango#4. Both of these are nice options.
We had gone in a group and so I got a chance to try other dishes too. I tried the  paneer, saag and the chicken kofta, kadhi both of which were good but nothing exceptional. Found  the chicken kofta dish to be incomplete without any naan or roti. 
The portion sizes were tiny.  We ended up ordering accompaniments as the food wasn't enough to fill you up. Out of the extra dished which we ordered black daal was good, kulcha was tasty but the size again was so small, didn't like the mushroom rice much.
The dessert experience was a mixed one - had the dhoda barfi which was excellent but did not like the makhan malai - was fluffy and didn't have a particular taste to it.

To sum it up this place is good for a fine dining experience. Most of the dishes were good, some were not. But there is a limited menu to choose from. They should have more options to choose from. Also the portion size does not justify the high prices however good the food is. Menu is planned in such an manner that no bread is supplied and to add that and few accompaniments increases the price.  We had gone there as an anniversary celebration and informed them about it but were not even acknowledged about it.

Will give it 3 and a  1/2 star but since  1/2 is not available chose 4 instead.",False,0,0,0,Malini A.,en,"{'neg': 0.064, 'neu': 0.8, 'pos': 0.136, 'compound': 0.9837}",0.9837,0.136,0.064,0.8,positive
650,2016-12-29 21:00:21+00:00,5,"I was particularly interested to try this restaurant out because while it maintains its Indian authenticity, it spruces the food up with a little bit of a modern twist. We started with blue cheese naan and a tomato shorba as an amuse bouche and they were delicious. I took lots of pictures but don't recall every single one of the dishes on the tasting menu. I do remember that the salmon was cooked to absolute perfection and that the makhan malai (whipped desert) was the perfect finish to the meal.  It was light, airy and sweet. 

We ordered a few mixed drinks off the menu and they came out tasting as wonderful as they looked. 

The service was also incredible. The waiters were extremely attentive and took the time to explain anything we asked but they were never overbearing. 

The decor is modern and minimalistic but inviting. The lighting is bright but cozy and warm at the same time. 

Portion sizes are small as you would expect with a tasting menu, however, they were absolutely satisfying--didn't feel like I needed to grab a slice of pizza after the dinner was over :) 

I would definitely recommend this place if you're bored with the usual offerings at a traditional Indian restaurant and you've already been to Junoon or Tamarind way too many times",False,0,0,2,Christine P.,en,"{'neg': 0.042, 'neu': 0.705, 'pos': 0.253, 'compound': 0.9959}",0.9959,0.253,0.042,0.705,positive
649,2016-12-30 01:21:44+00:00,5,My fiancé booked a dinner reservation at Indian Accent to celebrate our engagement with our families and everything was perfect. I'm Indian and my fiancé is American and this restaurant was the perfect fusion of our tastes and cultures. The appetizers and entrees were especially exceptional and had the perfect balance of Indian flavors. It's definitely a place for special occasions and worth the price to celebrate such once-in-a-lifetime moments.,False,1,0,0,Sne G.,en,"{'neg': 0.0, 'neu': 0.647, 'pos': 0.353, 'compound': 0.9843}",0.9843,0.353,0.0,0.647,positive
648,2017-01-02 17:19:49+00:00,4,"We tried this place as pre theAtre dinner for the messiah.  As far as I know this is a relatively new place that came from New Delhi.  A la carte menu can be ordered at the bar, while tasting menu is orders in the dining room.  There is no bar tables but only stools. 

We were greeted by a very nice bartender who served a very good non alcoholic cocktail.  It had nice Scent of Indian spice but also tasted good.  As for the food we ordered lamb, ocra with sweet potato and another dish I forgot.  Overall they were pretty tasty.

It is not a cheap restaurant but a la carte is a definitely doable option.",False,0,0,1,Jay I.,en,"{'neg': 0.034, 'neu': 0.685, 'pos': 0.281, 'compound': 0.9906}",0.9906,0.281,0.034,0.685,positive
647,2017-01-03 04:25:05+00:00,4,"I came here with my family for x mas eve dinner. They had a 9 course tasting menu which I was pretty excited for since I hadn't done a tasting menu at an Indian restaurant before. The only hitch in the service for the night was the delay with getting us seated, our table was empty when we arrived but it still took over 20 mins to get seated (we arrived on time. However, everything else was amazing from the first bite sized naan bread stuffed with blue cheese to the end. The service was great, the attention to detail and the atmosphere made the experience stand out that much more. The most important part, the food . . . Everything was perfect for what it was. All the seasonings, textures and courses were perfect. It's not cheap by any means but it definitely changes the face of fine Indian dining in NYC and will force others to elevate their dining experiences!",False,4,1,0,Vikash S.,en,"{'neg': 0.063, 'neu': 0.764, 'pos': 0.173, 'compound': 0.972}",0.972,0.173,0.063,0.764,positive
646,2017-01-03 09:04:52+00:00,5,"I had been waiting to try this restaurant and when I did, it didnot disappoint. Got a reservation for new years day. They were pretty easy in changing our time to later in the evening to accomodate our hunger. Let me start with the food, each of us got a 4 course ala carte menu and got to taste each others food. We were given an amuse bouche of blue cheese naan (great and not over powering) and the best squash soup! There were some things in the tasting menu but not in the ala carte however the host was kind enough to give that as a part of our courses. The highlights were the aloo sphere chaat, ghee roasted lamb (the best lamb my cousin ever had), paper dosa with mushrooms(my dish of the day), morrels with parmesan (from tasting menu), bengal rice khichdi, potato fenugreek cheela, wild mushroom kulcha, dodha barfi tart and makhan malai (my favorite dessert). 
We even got to each the mathri trio (good but not amazing), braised lamb (my cousin said lamb was amazing but the accompanient clashed), arbi paneer sarson (the roti was excellent in it), black daal withh pulao and chicken tikka naan.

Along with all this, the bar service was great. I got a whiskey cocktail which turned out to be too strong for me. Then the bartender personally came upto me and asked my taste and crafted a cocktail. A pretty special touch IMO.

I think the best part about the evening was the service. The staff takes care of you amazingly well and everyone knows your allergies and dietery restrictions. They constantly ask you if you have any questions or concerns. What surprised me the most was that the restaurant closes at 10:30, and the table before us left at around 11:30, we lingered till about 12:00 but they didnot even have a cringe on their face because we were there. They waited till we left to start cleaning up.

Overall an amazing experience. I was pleasantly surprised to see indian food with french techniques and what chef Manish is doing is pretty special",False,1,0,1,Anuja K.,en,"{'neg': 0.008, 'neu': 0.78, 'pos': 0.212, 'compound': 0.9981}",0.9981,0.212,0.008,0.78,positive
645,2017-01-08 18:58:15+00:00,4,"I have been 6 times now and I love the food (great Indian food without the feeling of heaviness due to grease at other Indian restaurants).

Probably the lunch is a better deal",False,0,0,0,S S.,en,"{'neg': 0.04, 'neu': 0.754, 'pos': 0.206, 'compound': 0.7737}",0.7737,0.206,0.04,0.754,positive
644,2017-01-09 01:07:48+00:00,5,"In a word - exceptional!

It's a bright and airy space with a very modern vibe.  We opted to eat at the bar and order small plates instead of the prix fixe menu.  Couple of reasons for going al a carte - the vegetarian choices on the prix fixe seemed limited and although we had reserved a table, we felt it was a bit too tightly packed for comfort.

What we ordered - tofu coconut vadai, sweet potato kohlrabi, mushroom kulcha, pumpkin kulcha, Bengal gram khichri (yes - that's right) and the staple black daal.  The food is creative in presentation and taste - it redefines and elevates Indian food, yet stays true to its roots. The khichri was my superstar because it was just so wholesome and homey while being presented with such elan!  We also sampled a Pumpkin coconut milk with garam masala and a blue cheese naan - oh awesomeness!

We stayed longer than we ever expected because not only was the food a treat, but George - the bartender - was pretty great too!  The cocktails are inventive and so interesting - Bandit Queen, Bitter Branches tried a spiced Aperol - has a very serious bite to it! The aquavit infused with Darjeeling tea and cardamom - no overwhelming flavors - just right.

Welcoming staff, great food, excellent drinks, ambience to match - a must-go - if you're looking for an exceptional eating experience.",False,1,0,2,N S.,en,"{'neg': 0.075, 'neu': 0.745, 'pos': 0.18, 'compound': 0.9824}",0.9824,0.18,0.075,0.745,positive
643,2017-01-09 06:58:14+00:00,5,"I had heard of the Indian Accent in New Delhi by reputation so when they opened a place here in NYC, I really wanted to give them a try. We arrived early at the restaurant and decided to give the bar a try. Excellent bartenders who are always trying something new. I feel bad about forgetting the name of one of the bartenders who made sure he sent us drinks to our liking and followed up by checking on us at the dinner table

The food was excellent and imaginative. I fondly recall the crab claws in a cauliflower masala and the Makhan Malai dessert. Vegetarians will love the place! The prime rib marrow topped with delectable cuts of meat was to die for. And for $75 for 3 courses, I think it was a steal for the city, location and ambiance. Would be back again!!",False,0,0,0,Puneet G.,en,"{'neg': 0.087, 'neu': 0.753, 'pos': 0.16, 'compound': 0.9198}",0.9198,0.16,0.087,0.753,positive
642,2017-01-10 16:01:44+00:00,5,"We had a terrific dinner at Indian Accent.  On a slushy, train-delayed evening prior to a trip to the theater, we arrived late and a bit harried by our experience getting to the restaurant. The staff at the front couldn't have been nicer about the misstep at the start of the evening. They were warm and welcoming, and they promised we would have plenty of time to enjoy our meal.

And enjoy it we did.  There were some dishes better than others (the ghee lamb, pork rib and treacle tart, as well as the butter chicken kulcha were real standouts), but all were exceptionally well presented. The cocktails were splendid, although some were heavier on the ice than one might have wanted (particularly at $17 a drink). We had to flag down our server a few times to get cutlery or extra plates for sharing, or even to order an additional drink, so despite the attentiveness to service from the supporting players, some additional training for our main server on making efforts to engage with diners would be useful.

That said, it was a very nice meal and we would happily recommend it or return.",False,0,0,0,Julie B.,en,"{'neg': 0.015, 'neu': 0.759, 'pos': 0.226, 'compound': 0.9927}",0.9927,0.226,0.015,0.759,positive
641,2017-01-11 02:35:36+00:00,5,"Their vegetable tasting menu is so fresh and original. The sauces paired perfectly with the textures and spices of each dish. Their non-alcoholic drinks are very different, unlike any other you've had before and taste great with the meal.",False,1,0,0,Eckie E.,en,"{'neg': 0.0, 'neu': 0.687, 'pos': 0.313, 'compound': 0.9515}",0.9515,0.313,0.0,0.687,positive
640,2017-01-11 14:28:32+00:00,5,"Checked in on 12/28/2016.

Ideally, I would have liked to give a 4.5 star rating, details on that below.  But since Yelp does not have half star ratings, I had the choice to go with 4 or 5 star and I chose 5 star, because everything else met my expectations.

Having heard (and read) so much about Indian Accent, I went with high expectations and I was not disappointed.  Our table ordered more items than I'm listing below, but I'm reviewing only those that I tasted:
     1) Bengal Rice Khichdi, crispy lentils, smoked papad - excellent
     2) Arbi, paneer, sarson ka saag, corn roti - excellent
     3) Salmon, dill, chutney potatoes - outstanding
     4) Braised lamb, prune korma, rajasthani pearl millet khichdi - outstanding
     5) Black dairy dal - excellent
     6) Morel pulao - disappointing
     7) Butter chicken kulcha - very good, but very small serving
     8) Makhan malai, saffron milk, rose patal jaggery brittle, almonds - disappointing
     9) Doda barfi treacle tart, vanilla bean ice cream - excellent
     10) Mudra punch - outstanding
     11) Pumpkin Shorba - outstanding
     12) Blue cheese naan - ok

Morel pulao and Makhan Malai are the two dishes because of which I wanted to take off half star from the rating.  When a restaurant charges the prices like Indian Accent does, I expect all the menu items to be at that high level, but these two disappointed me.  I did not think there was anything extraordinary about them.  When Indian Accent can elevate an every day dish like Khichdi to excellent status, they should be able to do better with mushroom pulao and a dessert.  Service was good and ambience was subdued and non-Indian themed.  I debated between 4 and 5 stars but in the end went with 5 because of the creative menu.  I'm tired of seeing run of the mill menu items in every Indian restaurant I visit.  The items I tried at IA were tasteful, had good share of Indian spices and they did not have ""americanized"" taste.  All the dishes stayed true to their roots, yet were different.  

No doubt this is an expensive restaurant, but overall the dining experience there is worth it.  There was restaurants for every pocket and every occasion in NYC.  If one can't afford it, or if it's a casual visit to the city, there are other choices.  Indian Accent is not your everyday dining venue.",False,2,1,0,Anjali A.,en,"{'neg': 0.098, 'neu': 0.678, 'pos': 0.224, 'compound': 0.9963}",0.9963,0.224,0.098,0.678,positive
639,2017-01-15 23:19:19+00:00,4,"Wonderful service, wonderful cocktails.  Interpretations of classics are inventive albeit, there's too much showmanship in presentation.",False,0,0,0,Ramona B.,en,"{'neg': 0.0, 'neu': 0.654, 'pos': 0.346, 'compound': 0.8126}",0.8126,0.346,0.0,0.654,positive
638,2017-01-20 17:33:15+00:00,5,This was a great dining experience.  It really hit all the high notes and was well worth the price tag.  Every course of the dinner was just delicious.  It was hard to narrow down the choices because the menu is full of so many gems.  Wine list was a definite plus with plenty of great choices at fair price points.  Wine service was flawless with gracious and warm recommendations.  Table service was great too.  I will definitely be back.,False,1,0,0,John O.,en,"{'neg': 0.014, 'neu': 0.608, 'pos': 0.378, 'compound': 0.9897}",0.9897,0.378,0.014,0.608,positive
637,2017-01-21 00:26:28+00:00,3,"I'm a fan but it's not amazing. I love, love, love Indian food and so have been meaning to come here for a year since it opened and only just made it. Came here for lunch, which is 2 course prix fixe only (no dessert). The place was nice albeit a bit too well lit and service was pleasant and professional. Regular naan was a little dry but hoisin duck stuffed naan was not, although it did not resemble naan much.It had the Chinese flavor down but not sure if that's what you'd want at an Indian restaurant. Meal also came with complimentary small bites, not my favorite part. Bengal rice khichdi with crispy lentils and smoked papad was beautifully plated and had great texture but tasted the same as if you were to get it at a lunch buffet (a good one though).Sweet potato shajarkandi with kohlrabi and okra was also beautiful and sounded unique but did not carry any unique flavors. Now on to the entree. The braised lamb with prune korma and rajasthani pearl millet khichdi sounded the most filling of all the options so my friend and I decided to both get it. Lamb and prune korma were served separately, which the server combines for you at the table. I was really expecting it to taste a lot different but alas it did not again. The lamb was very tender but because it was not sitting in the korma sauce, it was not flavorful on it's own. The meal ends with a few bites of complimentary dried fruits and Indian peanut brittle, which were much appreciated. All in all, while the good was good, I cannot deny, it only looked magnificent and tasted slightly above average. I may come back again for dinner but would not for lunch.",False,1,0,0,Lucy C.,en,"{'neg': 0.119, 'neu': 0.673, 'pos': 0.209, 'compound': 0.9896}",0.9896,0.209,0.119,0.673,positive
636,2017-01-22 02:46:06+00:00,5,"An amazing dinner service from all perspectives. A few things to keep in mind, this attracts a lot of business dinners and due to the seating and layout of the restaurant, it can be rather loud and obnoxious if you are anywhere near another party. The menu is all bought in courses, meaning you can get 3 courses and select from all their offerings for what you would like. 

The staff was extremely accommodating with our tasting menu as my friend had already experienced the tasting menu here so they ensured to mix it up while also bringing out the favorites. The sommelier came out to help us pair a wine for the remaining courses. The waiter was very helpful with us trying to decide amongst the wines and let us sample some of the potential options. 

We got the tasting menu with about 10 different courses so I will dive right in because there were a lot of food that spanned almost 3 hours. The dishes came in the order as mentioned below.
·dhokla with black garlic chutney, shisito pepper - This opened up the appetite with a sponge like texture with a rich black garlic sauce
·pumpkin soup and blue cheese naan - Amuse-bouche, one bite seasonal soup. Generally not a fan of pumpkin dishes but this had a subtle pumpkin taste that I surprisingly liked. Blue cheese naan...if you like blue cheese you will like this. Very strong blue cheese flavor for such a small bite.
·potato sphere chaat, white pea mash - slightly heavy dish as it is very starchy. the apple slice and yogurt topping helps to address this.
·baby squid, crispy rice, everything chutney - my favorite dish, perfectly fried squid covered with chutney that provided a nice kick. Topped with airy rice puffs which made every bite a nice crispy crunch that was not oily or overfried.
·pulled jackfruit phulka - essentially eating a taco as the phulka is semi-crispy but still pliable but a delicious combination of jackfruit that felt just like eating meat. This was topped with crispy thin onion that balanced the jackfruit. 
·sweet pickle ribs, sundried mango, onion seeds - tender beautiful rib that is a mixture of so many complex flavors that I can't even put to words. This is paired with a slice of sweet mango. Definitely worth having if you only get a few courses.
·lemon kulfi palate cleanser - first time having a kulfi which seems to usually be creamy or rich but this wasn't the case. It felt more like eating just a regular popsicle without any dairy. The lemon was a subtle sourness and included a bit of salty savoriness. This was a nice reset after the rib so the flavors don't roll over to the next course.
·pork belly vindaloo, goan red rice - At this point in the meal we were already stuffed and thought we were at the dessert phase but then we are presented with this pork belly. Perfectly tender belly with lots of rich vindaloo sauce served on goan red rice, a rather large sized grain of rice. Very filling dish.
·Various naans,  Daal and yogurt accompaniments - these were served alongside the pork belly which made this course overwhelming. We were lucky enough to get four of their stuffed nanns, wild mushroom, saag paneer, butter chicken, hoisin duck. All delicious in their own right, it's really a matter of preference. They each are filled with just the right amount of filling that you don't even need to add anything to it. The mushroom one is very earthy as it is wild mushrooms. Hoisin duck has a bit of sweetness to it from the hoisin and the other two are very traditional flavors.
·makhan malai, saffron milk, rose petal jaggery brittle, almonds - This was the perfect finish for me for a dessert. Light and creamy, similar to eating a mousse .Flavors include floral nodes with a nutty finish from the brittle and almonds. Very unique as perfect follow-up from the richer dishes beforehand.
·doda barfi treacle tart, vanilla bean ice cream - without knowing the name of this dish it was hard to pinpoint how this dish has an Indian accent. In plain words it is a gooey caramel tart served with ice cream. Rich finish and overall pretty sweet of a dessert which is what I expect from an Indian dessert.

Wonderful experience with great service by the staff. Myriad of various Indian flavors when you do the tasting menu.",False,2,0,1,Jason Y.,en,"{'neg': 0.028, 'neu': 0.745, 'pos': 0.227, 'compound': 0.9996}",0.9996,0.227,0.028,0.745,positive
635,2017-01-23 01:14:08+00:00,5,"Wonderful experience. Food, service, interior - everything was impeccable. We were the party of 3. All of us ordered 3 course pre-fixed. Maybe it was not the traditional food we usually eat in Indian restaurants but the modern innovative menu was very exciting. Would definitely recommend it",False,0,0,0,Inna K.,en,"{'neg': 0.0, 'neu': 0.607, 'pos': 0.393, 'compound': 0.9766}",0.9766,0.393,0.0,0.607,positive
634,2017-01-27 16:26:08+00:00,4,"The wild mushroom kulcha was one of the most delicious comforting foods I've ever had in my life. If I could come here and order just that I'd be in heaven! Everything else was really tasty but didn't blow me away. Especially not after Gymkhana in London which is the best Indian food I've ever had (and I've traveled in India, but not much). The vibe here feels like they're catering to older people. It doesn't feel sexy or cool inside. Not somewhere you'd wanna go for a date.",False,1,1,1,Julie N.,en,"{'neg': 0.034, 'neu': 0.739, 'pos': 0.227, 'compound': 0.9664}",0.9664,0.227,0.034,0.739,positive
633,2017-01-27 17:52:50+00:00,2,"Everything about this place is beautiful and tasty.  The staff are lovely.  The decor is lovely.  We ate at the bar, which was well stocked and comfortable.  Five stars.

However, the portions of food are so tiny that my daughter and I had to (literally) go out to dinner afterwards.  The $30 chicken kofta was a single small chicken meatball on a plate, topped with a SINGLE ONION RING that was supposed to be a modern take on onion pakora.  One onion ring?

The mathri trio ($20) was beautifully presented and flavorful, but a single bite each.  And for goodness sake, if you are paying almost $20 for a glass of bourbon, could we get something more than a tiny shot?

The place is beautiful.  The food is delicious. But you will depart hungry, with a feeling that you have been ripped off.",False,0,0,0,Jeff K.,en,"{'neg': 0.073, 'neu': 0.675, 'pos': 0.252, 'compound': 0.984}",0.984,0.252,0.073,0.675,positive
632,2017-01-28 16:36:26+00:00,5,"Love it. 

My girlfriend and I each had a 4 course + dessert meal here, and we love it. I had both lamb dishes, with ghee roast being particularly fancy and delicious and filling, well worth the 10 dollar extra donation. My girlfriend had bengal rice and the scallops, her favorite though was hard to pick, but I will say for her that it's the crab crawls. Fresh and flavorful. In terms of dessert, the fluffy saffron milk was something out of this world. For drinks, we ordered from the cocktail menu. While all were good, the standout was the smoke and spice. Service was very friendly (thanks Kenny, though he prefer Kenneth!) and patient as you figure out the menu. Overall, deservingly 5 star experience.",False,0,0,0,Jeffery H.,en,"{'neg': 0.008, 'neu': 0.739, 'pos': 0.253, 'compound': 0.9897}",0.9897,0.253,0.008,0.739,positive
631,2017-01-29 11:03:56+00:00,4,"Went for lunch. Duck kulcha was the best item. I was told the chef was in India so the famous fish was not on the menu , perhaps he doesn't share recipes. The ambiance was very nice . The pickled rib was not so special. The tuna , which is in a ceviche style mix, was special with a mix of flavor and texture . The braised lamb was great, they've really gotten that down. The tandoori salmon wasn't so special. The paneer dish was fine, but can be found at any India restaurant in the world.",False,0,0,0,Zac H.,en,"{'neg': 0.094, 'neu': 0.833, 'pos': 0.073, 'compound': -0.0033}",-0.0033,0.073,0.094,0.833,neutral
630,2017-01-29 14:56:53+00:00,5,"The food here is fantastic and service is even better. I would give a 4.5 because I think it is a bit overpriced for what it is but the dining experience was excellent. Starting with the pumpkin coconut  curry soup as a palate cleanser -so delicious. We loved it so much the waiter actually brought us another round without us even asking for it!  Followed by the signature trio of eggplant, chicken, duck. Not a huge fan of duck but the way it is made is delicious Recommend the bone marrow kabob and roast lamb. The lamb and roomali roti are very authentic tasting. But the dessert finale was the best part of the meal We had the Makhan malai which has the taste of Ras malai but with the aerated mousse was light and fluffy. Even though we were beyond full we were able to clean our plates with this dessert. Expensive tasting menu but the quality of food and service makes it worth it",False,0,0,0,Anjum K.,en,"{'neg': 0.07, 'neu': 0.666, 'pos': 0.264, 'compound': 0.9944}",0.9944,0.264,0.07,0.666,positive
629,2017-01-29 16:37:54+00:00,5,"We sat at the bar and had the bartender (Manny) create amazing concoctions. 
We had a few appetizers and entrees. The food  was very interesting. A take on indian cuisine but not leaving the essence of the food of the indian subcontinent.

We plan to go back soon.",False,2,0,0,Amit K.,en,"{'neg': 0.0, 'neu': 0.879, 'pos': 0.121, 'compound': 0.6055}",0.6055,0.121,0.0,0.879,positive
628,2017-01-31 00:30:17+00:00,4,"Very comfortable and relaxing high end restaurant with amazing service. Definitely a Treat yourself or Treat someone kind of place. We ordered the 4 course option and were stuffed! Next time probably go for 3 course. I'd recommend skipping the appetizer, and go for the desserts.",False,1,0,0,Judy Y.,en,"{'neg': 0.0, 'neu': 0.61, 'pos': 0.39, 'compound': 0.9721}",0.9721,0.39,0.0,0.61,positive
627,2017-01-31 16:38:29+00:00,5,"The best meal I had in NYC on my trip this past weekend (and I don't even care for Indian food).  The drinks were just absolutely amazing.  We enjoyed them so much that we returned a second time just to have them again.  My boyfriend and I drank the Proper Copper and the Smoke & Spice.  The food was equally amazing, especially the butter chicken kulcha and the hoisin duck kulcha.  I highly recommend this place.  The staff and service was awesome and I will definitely be returning on my next visit.",False,1,0,1,Alexis B.,en,"{'neg': 0.025, 'neu': 0.732, 'pos': 0.243, 'compound': 0.9748}",0.9748,0.243,0.025,0.732,positive
626,2017-02-04 18:53:01+00:00,5,"The ambience was great and so
Was the food. Presenting Indian food in such manner was an extraordinary experience. I have recently started to try all new restaurants to
Find the better and special. Although very very expensive. Must have experience atleast once and more if you can afford. 
Pros- Food- mushroom kulcha was my fav. All the appetizer was great too. Paneer was very interesting. I m not a huge fan of saag and considering i m vegetarian they didn't have any more Option in the main course. 
Cons- $$$$, 
My husband and brother tried meat options, they didn't care to ask if they were okay with different meat. They just presented one with duck and other with chicken. My brother didn't like the duck. And wasn't happy that he wasn't warned. Same thing with chicken and salmon which was great but they still didn't ask. I think they should ask since people might not prefer one kind of meat than other. 
I was. It impressed with dessert. Again we tried chef special which is $120 and considering how delicious Indian desserts are. I have a very sweet tooth and look for delicacies everywhere  especially in NY, they didn't ask for other options and def what was presented was not mouth watering so we hue left it on the table",False,0,0,0,Preeti J.,en,"{'neg': 0.056, 'neu': 0.785, 'pos': 0.159, 'compound': 0.9822}",0.9822,0.159,0.056,0.785,positive
625,2017-02-04 19:26:58+00:00,3,"3 out of 5 stars for the service.  5 stars for the food and decor.

I'm a fan of the space and the food quality/inventiveness.    The prices are high and for me, that means to save for special occasions (birthday, anniversary).     Highlights of the food include: ghee roast lamb w/roomali roti pancakes and wild mushroom kulcha.

I rated 3 instead of 5 stars due to the mood of the server.  He showed up to take our order with no 'hello, do need help with the menu' attitude, that you'd expect at a regular Indian restaurant.   Listen, when two people pay close to $400 for a meal with a bottle of wine, you should really make us feel welcome and appreciated.",False,1,0,0,Doug J.,en,"{'neg': 0.068, 'neu': 0.797, 'pos': 0.136, 'compound': 0.8225}",0.8225,0.136,0.068,0.797,positive
624,2017-02-07 00:51:27+00:00,5,"On a bit costlier side, but amazing food. One of the best indian food ever had. Each of the courses were mouth watering . I am giving 5 star for dodha barfi dessert!!",False,0,0,0,Somendra T.,en,"{'neg': 0.0, 'neu': 0.639, 'pos': 0.361, 'compound': 0.9492}",0.9492,0.361,0.0,0.639,positive
623,2017-02-10 23:09:46+00:00,4,Nice contemporary room near MoMa with excellent service.  Delicious take on Indian food with unique twists and excellent presentation.  Price is high and even the smaller of the fixed price menus was more food than I would care for.  Would prefer less food and a lower price   Worth a visit if you want to spend the money,False,0,0,0,bob c.,en,"{'neg': 0.027, 'neu': 0.643, 'pos': 0.33, 'compound': 0.9708}",0.9708,0.33,0.027,0.643,positive
622,2017-02-13 00:13:52+00:00,5,"Simply unbeatable, unique Indian lunch. Original ideas from the kitchen, elegant service, atmosphere perfect for conversation. Cannot wait to return.",False,0,0,0,Howard M.,en,"{'neg': 0.0, 'neu': 0.53, 'pos': 0.47, 'compound': 0.9346}",0.9346,0.47,0.0,0.53,positive
621,2017-02-18 14:48:23+00:00,5,Hubby and I had dinner here on a Wednesday night and omg the service and food were amazing. There's wasn't a single thing we didn't like. We did one three course and another 4 course. We first started off with the Mathri Trio and Bengal Rice Khichdi for mid course. For main course we tried the Chicken Kofta and Ghee Roast Lamb for accompaniment we did butter chicken Kulcha and Black dairy dal and naan and finally for dessert we had Makhan Malai and the Doda Barfi Tart. Like I said before everything we had was amazing and definitely will be back soon.,False,1,0,0,Sunji C.,en,"{'neg': 0.02, 'neu': 0.862, 'pos': 0.119, 'compound': 0.8931}",0.8931,0.119,0.02,0.862,positive
620,2017-02-20 05:22:33+00:00,5,Had one of the best meals of my life here. The chef's tasting menu is the thing to do - order and enjoy the course after course of taste explosions in your mouth. Super take on the Indian food taken to the next level of innovative deliciousness. Extremely attentive and polite service adds to the overall experience. A must visit place when you decide to pamper yourself.,False,1,0,0,Anuj S.,en,"{'neg': 0.0, 'neu': 0.684, 'pos': 0.316, 'compound': 0.9813}",0.9813,0.316,0.0,0.684,positive
619,2017-02-20 06:00:02+00:00,4,This restaurant has a very innovative tasting menu and had a good ambience for a special occasion. I gave it four stars because I felt the desserts could use some work as they were tad bit too sweet but all in all a great experience and I would definitely want to go back.,False,0,0,0,Snigdha K.,en,"{'neg': 0.0, 'neu': 0.678, 'pos': 0.322, 'compound': 0.9481}",0.9481,0.322,0.0,0.678,positive
618,2017-02-25 19:52:51+00:00,4,"Great,inventive foods with a twist on the traditional. Go with a bunch of people so you can try all the food on the menu .",False,0,0,0,Jiten R.,en,"{'neg': 0.0, 'neu': 1.0, 'pos': 0.0, 'compound': 0.0}",0.0,0.0,0.0,1.0,neutral
617,2017-03-01 17:55:50+00:00,5,The best Indian I have had in NYC. It keeps up to its reputation and tastes exactly like the one in Delhi.,False,0,0,0,Aditya M.,en,"{'neg': 0.0, 'neu': 0.739, 'pos': 0.261, 'compound': 0.7717}",0.7717,0.261,0.0,0.739,positive
616,2017-03-06 04:24:36+00:00,3,"Ok, but not worth it for the price. I came when they first opened and was blown away. This time I left feeling like I could go to my local Indian for half the price and double the satisfaction. Fine if you are in midtown and on an expense account, but not worth it for the price. The food is good, but not much better than more traditional places all over the city. Service is slow. I doubt I will be back.",False,0,0,0,Ali C.,en,"{'neg': 0.213, 'neu': 0.66, 'pos': 0.127, 'compound': -0.8251}",-0.8251,0.127,0.213,0.66,negative
615,2017-03-07 02:20:04+00:00,5,One of the best dining experiences I've had EVER. Everything was exceptional from the ambience to service and of course food. They hit the perfect balance of upscale Indian food in that every dish looked fusion and used unique ingredients but had all the authentic Indian flavors and taste you hope for.  The cocktails were strong and so delicious. Expensive but worth it for a special occasion. Will definitely go back again.,False,3,0,0,Dhvani D.,en,"{'neg': 0.072, 'neu': 0.605, 'pos': 0.323, 'compound': 0.9793}",0.9793,0.323,0.072,0.605,positive
614,2017-03-10 18:13:41+00:00,5,"My husband and I are fans of high end (and low) Indian Food. We have tried most if not all, fancy and/or Indian ""fusion"" in NYC.   Indian Accent blows Junoon, Tamarind and anyone else out of the water.   The food is incredible in part because the flavor profile or layers of flavor are amazing.  It reminds me of the flavor you would get in India.   We each had the three courses.  I am vegetarian and rarely get the opportunity of have ""courses"" or ""tasting menus.""  Everything we had was awesome and it was fun to see what other diners get so you can note to get it in the future.  The dessert was also awesome and worth getting even if you have no room in your tum.  I brought home a dessert for my mom because it was so good. I have never done that before ever.   It's pricey but you perfect for a special occasion.  Or if you're rich you can go any old time.",False,1,0,0,Sarah M.,en,"{'neg': 0.032, 'neu': 0.819, 'pos': 0.149, 'compound': 0.9691}",0.9691,0.149,0.032,0.819,positive
613,2017-03-12 13:33:34+00:00,5,Inventive and modern Indian. Excellent hospitality all around and very helpful sommelier. Ribs were the favorite.,False,1,0,0,Patrick D.,en,"{'neg': 0.0, 'neu': 0.455, 'pos': 0.545, 'compound': 0.9371}",0.9371,0.545,0.0,0.455,positive
612,2017-03-14 14:54:51+00:00,4,"I would have given the restaurant 5 stars, but our confirmed reservation was canceled, since we didn't show up at 8pm - Open table had it at 8:30pm and the restaurant called to confirm for 8:30pm.

Anyway, off to a rocky start, but the food made up for it.  the menu is set up with a number of options, from a chef tasting menu, and then a very wide open prefix menu.  Essentially, you get to pick 3-4 items from any of the courses.

We ordered some drinks, a proper copper and a almond milk fruit drink which i can't remember the name of.  Both were good.  While waiting for the meal to start, we were given some pumpkin soup shooters.  Great flavor, and a perfect .  For the apps we ordered the Bhel and the tofu.  Both were amazing.  For the main course, we ordered the chicken pakora with kadhi, and the lamb chili stir fry.  for the accompaniment, we opted for some rice and dal, and also the kulcha (stuffed bread).  Lamb was good, and the chutneys provided with the meal were amazing.  The green chili chutney was by far my favorite, packing some really nice heat. the lamb also came with some really tiny and extremely thin romaji rotis.  Great to make your own little taco's!

The chicken dish was also amazing, with a very modern twist, and some very traditional flavors.  The kulcha was also amazing.  Again, great flavor, and very light and fluffy. For my final course, i opted for another entree; the shrimp and pork.  This dish was good, however not as balanced as the chicken or lamb dishes.

My wife opted for the Malai desert for her final dish, and she really enjoyed it.  It was an aerated mouse of sorts, that just melted in your mouth.  The only odd thing about the dish was the size.  It was massive.  A smaller size, would have probably been better.  But who can complain of being given too much food?!??!

With the bill, we were given some digestives (candied ginger, sesame items and a few others).  A nice snack after the meal.

The restaurant is modern and clean.  The bar area can get a little loud (especially if there is a loud group there).  Overall a great meal, and some fantastic food, from the plating to the flavors.

Can't wait to return!",False,1,1,4,Asish P.,en,"{'neg': 0.026, 'neu': 0.744, 'pos': 0.23, 'compound': 0.9987}",0.9987,0.23,0.026,0.744,positive
611,2017-04-01 18:59:43+00:00,5,Came here for my daughter's birthday celebration.  We had Dear Evan Hansen tickets that night and I did not realize the curtain was at 7 instead of 8.  We finished our appetizers when I got the alert that we had 15 minutes to curtain.  The staff was incredible helping us with the check and told us to come back after the show for our entrees.  We made it in time for the show and came back for our delicious and beautiful main courses and desserts.  The staff was amazing!,False,1,0,1,Patty R.,en,"{'neg': 0.0, 'neu': 0.784, 'pos': 0.216, 'compound': 0.9719}",0.9719,0.216,0.0,0.784,positive
610,2017-04-03 14:58:54+00:00,5,"This place is truly ""as good as it gets"" of Indian food - even better than the things they have in India and in London! Presentation is truly gorgeous, great service, nice decor. It is certainly on the higher end of prices, so the best thing to do is to go at lunch/brunch - you get many of the same items without the heavy price tag. They still have a 2-course minimum during the day, and you will probably want at least 3 courses - but that's a much more palatable $45 bill, vs. $75 for the same number of courses at dinner time.

Between the two of us, we ordered 5 courses and one ""side"" item - a dill salmon dish, chutney potatoes, a paneer dish, braised lamb, and chicken kofta. The side was a flatbread with butter chicken inside (you can choose from many veg and non-veg stuffing options). In addition to all this, we were offered a shot-sized tasting of a coconut squash soup and another bite-sized stuffed bread, as well as a couple of truffle chocolates for each of us to finish off the meal.

If I had to pick a favourite, I would probably not be able to. Literally every single dish blew our minds with flavour and quality - without being spicy. This is definitely a place you want to take your time to enjoy, and it would be wonderful for a special occasion or a date.",False,1,0,0,Irina B.,en,"{'neg': 0.0, 'neu': 0.814, 'pos': 0.186, 'compound': 0.9909}",0.9909,0.186,0.0,0.814,positive
609,2017-04-03 17:48:00+00:00,2,"Not exactly Indian food, however, some Indian flavored food not worth the price for sure. 
Bad and slow service for Sunday night. No attention to details or know when to check in case someone wants another drink or has a question. Many managers and staff just not sure what for and what exactly they do. 
They need to train staff on how often to check on a table, when to offer coffee, when to ask if they need another drink and most importantly how to deal with issues.",False,4,1,2,Franco S.,en,"{'neg': 0.121, 'neu': 0.806, 'pos': 0.073, 'compound': -0.6881}",-0.6881,0.073,0.121,0.806,negative
608,2017-04-09 17:50:28+00:00,5,"This place is absolutely the ""as good as it gets"" for Indian food - even better than their presence in Delhi! Food presentation is truly gorgeous, immpeccable service, nice decor and well paced courses.

it is certainly among the top priced places in New York, but the whole experience was so good.

We got the vegetarian chef's menu - while its steep at 120+ , it was a nonstop series of maybe 10 12 courses. About 40-50% of the courses were something to write home about, which is saying a lot for a party with traditional Indian tastes.

Cocktails - definitely innovative, but nothing worth too much of a mention.

fantastic courses which come to mind: blue cheese nan, dal makhani, sarson ka saag, makhan malai, several other desserts",False,0,0,0,Ankit G.,en,"{'neg': 0.014, 'neu': 0.741, 'pos': 0.245, 'compound': 0.984}",0.984,0.245,0.014,0.741,positive
607,2017-04-10 01:36:04+00:00,4,"Very tasty Indian food that's worth the higher price point. 

We stopped by for Valentine's Day, and we enjoyed a nice, creative meal. The service was a bit off at times, but the quality of the food throughout the meal was top notch, and I thought the dishes overall were were very well prepared and had a lot of flavor. I would definitely return to try some items off the a la carte menu at some point.",False,0,1,0,Dennis J.,en,"{'neg': 0.017, 'neu': 0.716, 'pos': 0.267, 'compound': 0.9599}",0.9599,0.267,0.017,0.716,positive
606,2017-04-13 21:35:28+00:00,3,It'd be better to fly to London and eat at Dishoom or Gymkhana. This place isn't getting it done.,False,1,0,0,Josh D.,en,"{'neg': 0.0, 'neu': 0.861, 'pos': 0.139, 'compound': 0.4404}",0.4404,0.139,0.0,0.861,positive
605,2017-04-15 04:08:06+00:00,1,"Won't recommend!!!
Bad Service!!!!! Too many waiters, yet slow and 
Mute service!!!
Food is really overpriced for the taste, portion and the meal type.
Presentation is very nice, but taste's average like any deli would offer!",False,1,2,2,Zaiyed A.,en,"{'neg': 0.252, 'neu': 0.59, 'pos': 0.158, 'compound': -0.6801}",-0.6801,0.158,0.252,0.59,negative
604,2017-04-15 21:17:00+00:00,5,"Undoubtedly the best Indian fine dining restaurant! The dessert,makhan malai was simply outstanding. Will come back again.",False,1,0,0,Deepa V.,en,"{'neg': 0.118, 'neu': 0.549, 'pos': 0.333, 'compound': 0.7574}",0.7574,0.333,0.118,0.549,positive
603,2017-04-16 17:29:16+00:00,5,"What an amazing experience!  The food was amazing as well as the service. We sat at the bar and Daniel, the assistant GM was helping out behind the bar and took great care of us. Food was prepared with great attention to detail and balanced perfectly.  I have dined with Chef Mehrotra in Delhi and was happy to dine again with him again in NYC. Compliments to you and your team for the great experience!",False,0,0,0,Dhiren C.,en,"{'neg': 0.0, 'neu': 0.605, 'pos': 0.395, 'compound': 0.9909}",0.9909,0.395,0.0,0.605,positive
602,2017-04-18 22:02:17+00:00,5,"I was suspicious when I walked in here for lunch.   It seemed like the typical fancy indian place that is light on spice.   Fortunately I was wrong.  The pork lunch appetizer was incredible, as was the lamb main course.  Both had incredible, strong seasoning. The restaurant is expensive, and the portions are not big, but the service and food are excellent.",False,1,0,0,Moses H.,en,"{'neg': 0.1, 'neu': 0.768, 'pos': 0.132, 'compound': 0.4854}",0.4854,0.132,0.1,0.768,positive
601,2017-04-25 12:00:15+00:00,4,Twist on Indian that combined Indian flavors and spices with modern fare and ingredients that you never see in an Indian menu like beef and foie gras .  The heat of each dish was very well executed and even the spicier dishes did not overpower the food.  The naan and dal with lentils for dipping was a fantastic accompaniment.  We took three courses which filled us up but not too much.,False,0,0,0,Andrew W.,en,"{'neg': 0.0, 'neu': 0.891, 'pos': 0.109, 'compound': 0.7137}",0.7137,0.109,0.0,0.891,positive
600,2017-04-26 21:57:51+00:00,1,"Was prepared to drop $500 for two people for the chef's tasting and wine pairing. 

We came on time to our reservation and the restaurant had several tables available but we were offered a table next to the bathroom or next to the serving station. 

Too bad.",True,4,1,1,Dave K.,en,"{'neg': 0.161, 'neu': 0.811, 'pos': 0.027, 'compound': -0.8442}",-0.8442,0.027,0.161,0.811,negative
599,2017-04-26 22:43:48+00:00,4,Very authentic Indian food with interesting combination of flavors.  Lunch menu is very reasonable.  The decor is nice and the service was good.  Would definitely recommend this place.,False,0,0,0,Tommy C.,en,"{'neg': 0.0, 'neu': 0.566, 'pos': 0.434, 'compound': 0.9422}",0.9422,0.434,0.0,0.566,positive
598,2017-04-28 21:11:47+00:00,3,"Finally one Friday afternoon; I get to escape for a long lunch to this new fancy place I have been dreaming about since last 6 months!
10 on 10 for the attentive staff; 6 for the presentation (I have seen better at similar Indian places), 5 for portion size/value for money and 6 for ambiance. Overall the cost of the dishes even during lunch is not justified for the taste, portion size and the environment all put together. They are very fast and quickly turn out the dishes, so unlike other places you do not have to wait much longer staring awkwardly at other tables or your phone if you decide to go solo. The two course lunch is 34 dollars, if you order the lamb which I did, it would cost extra 10 bucks; desserts are an additional cost. I tried the chili pork on roti,(Indian flat bread) the ghee lamb; followed by the dhoda tart with ice cream! (a must try)
They also give a tiny micro-cute mini blue cheese naan and a cute cup with a soup complimentary before the start and a medley of 4-5 mouth post meal mouth freshners; so that was great. However the lamb though served with mini roti- were not close to roomali roti texture; the chutneys served with lamb did not make sense to me. The lamb is boneless; with a non creamy gravy but nothing I will remember for long. The chilli pork was served on a roti with crispy fries.  Decent decor; nothing that would stand out, also a long queue for the ladies room, which was close to the entry way; finally I gave up!

Overall a decent experience; nothing out of the way which will make me go there a second time!",True,0,0,0,Sanghita B.,en,"{'neg': 0.078, 'neu': 0.856, 'pos': 0.066, 'compound': -0.8328}",-0.8328,0.066,0.078,0.856,negative
597,2017-04-29 16:25:07+00:00,5,"Authentic Indian flavors with an incredible modern twist, phenomenal vegetarian selection and the beet tikka was a spicy hit",False,0,0,0,Gopal C.,en,"{'neg': 0.0, 'neu': 0.833, 'pos': 0.167, 'compound': 0.5267}",0.5267,0.167,0.0,0.833,positive
596,2017-05-04 02:29:14+00:00,5,"Delicious  food and cocktails. The only ""fancy"" Indian restaurant in NYC worth eating at. Start with the sharkando or trio and then get the ghee lamb for your main. The Mughal cocktail is excellent.",False,0,0,0,Michael S.,en,"{'neg': 0.0, 'neu': 0.711, 'pos': 0.289, 'compound': 0.9274}",0.9274,0.289,0.0,0.711,positive
595,2017-05-06 19:07:58+00:00,5,"This is probably the best elevated Indian food experience you can get outside of Delhi. Recommended by friends who have been to the mother restaurant, we were not disappointed. We did the chef's tasting and all the courses were phenomenal. Each course was full of flavor and well balanced. We were stuffed by the end of it. The service was on point and impeccable. The atmosphere is upscale but unpretentious. Loved it!",False,1,0,0,Wendy H.,en,"{'neg': 0.0, 'neu': 0.808, 'pos': 0.192, 'compound': 0.929}",0.929,0.192,0.0,0.808,positive
594,2017-05-07 03:00:41+00:00,5,"To be honest, the prices had initially discouraged me from wanting to try this place. I was thinking about any Indian restaurant I've ever tried (and there have been many) were all very similar. So, why, I thought, would I spend so much on Indian food to get the same standard Indian food I could get anywhere?

Well, I saw the reviews in Yelp, and thought I'd give it a try anyway.  I was not disappointed at all. This is probably the best Indian restaurant in NYC and is deserving of a Michelin star. I'm actually surprised it doesn't have a Michelin star. 

The prix fixe lunch menu is the way to go.  Get the sweet potato shakarkandi!! It will be unlike anything you've ever had. The food is delicious. The service was above average. We happened to have a ""newish"" waiter but he was still very good--just didn't have a super great understanding of the menu.  The atmosphere is super luxe with beautiful appointments throughout the restaurant. 

A tip for you -- if you order a soft drink, be careful of the straw--which is made of metal. It looked like a plastic straw so I almost chipped my front tooth when I went for my first sip of Coke. 

And get dessert--it seems expensive but it is wonderful. I can't say enough great things about the quality of the food and ambiance of this restaurant.",False,1,0,0,Nick D.,en,"{'neg': 0.108, 'neu': 0.769, 'pos': 0.124, 'compound': -0.2439}",-0.2439,0.124,0.108,0.769,negative
593,2017-05-07 03:54:25+00:00,5,Excellent experience. Great food and service. Would definitely go back. Pricey but well deserved.,False,0,0,0,Shrey B.,en,"{'neg': 0.12, 'neu': 0.431, 'pos': 0.45, 'compound': 0.7096}",0.7096,0.45,0.12,0.431,positive
592,2017-05-11 22:55:04+00:00,5,"If you go to Indian Accent expecting typical Indian dishes such as Butter Chicken or Chicken Tikka Masala, you will be disappointed. When they named the restaurant 'Indian Accent', they MEANT Indian ACCENT. The restaurant offers unique dishes with a hint of Indian influence. 

For those of you with MANGO ALLERGIES, like myself, you NEED to tell the server about your allergy. Although mango is listed as an ingredient in one or two of the dishes, they use mango powder in a number (if not most) of the dishes. The server and the chef were extremely accommodating when I came in and prepared altered versions of the dishes for me. Even with the alterations, the dishes were extremely good. I would definitely recommend this restaurant to everyone I know.",False,0,0,1,Ceecee Y.,en,"{'neg': 0.037, 'neu': 0.858, 'pos': 0.105, 'compound': 0.7474}",0.7474,0.105,0.037,0.858,positive
591,2017-05-16 14:10:36+00:00,1,The manager is extremely rude - we were there for an early Mother's Day meal and my son who is 3 pressed the automatic door button 3 times perhaps - the manager and the co manager both were rude and obnoxious. I fully understand that it was inconvenient but there is a way to handle things. They also forgot or perhaps intentionally left out the last dessert of the tasting menu and knowing I had an egg allergy proceeded to bring the wrong dessert for me. I am appalled - we've been there many many times but never have I encountered this level of disregard. Definitely don't go there with young kids,False,1,0,1,S K.,en,"{'neg': 0.183, 'neu': 0.788, 'pos': 0.03, 'compound': -0.9534}",-0.9534,0.03,0.183,0.788,negative
590,2017-05-18 13:34:06+00:00,5,"Really great and interesting experience to try Indian food in high end restaurant. 
Beautiful dishes. Wine pairing was excellent. Worth to try!",False,0,0,0,Simona K.,en,"{'neg': 0.0, 'neu': 0.498, 'pos': 0.502, 'compound': 0.9528}",0.9528,0.502,0.0,0.498,positive
589,2017-05-20 11:15:21+00:00,2,"We had dinner on 18th May.
It was a special occasion as my son was graduating the next day from college in New York.
Overall, the meal was a big disappointment and a huge let down. For starters, the air con was not working, and the waiter explained to us that this was a problem over the past two weeks. Why was this not disclosed to us when we made the reservation?
The food itself was average, especially the starters, but the main course was so disappointing that we didn't even finish it. Both my son and I had vegetarian food, and my main course, a dosa with paneer, was a disaster! The food was so average that we didn't even feel like ordering dessert, and left as quickly as we could.
I'm so disappointed that I'm not coming back to your restaurant, here in NYC or even Delhi, if these are your standards.
A special occasion turned sour!
Raghunandhan",False,0,0,0,S R.,en,"{'neg': 0.228, 'neu': 0.735, 'pos': 0.037, 'compound': -0.9926}",-0.9926,0.037,0.228,0.735,negative
588,2017-05-24 17:50:49+00:00,1,"I just had lunch here, compliments of the vendor we do a lot of business with. Thank God it didn't come out of my pocket. 

The restaurant is nice inside, but I was baffled how at 12pm on a Wed the restaurant was virtually empty. The hostess literally asked us if we had reservations. The four of us looked at each other in disbelief. Since we didn't, our options were the bar or outside. We opted for the latter since the weather was permitting. Usually If a place is empty and they ask if you want to sit outside, it means they want the foot traffic on the street to see that they actually have people eating there. 

I give the wait staff a 10 out of 10, they were very attentive. That's about where the positives end. Portion size is definitely lacking I give it a 2. This is an Indian restaurant, is it not? ; Presentation gets a 5 ; Ambience gets a 5. 

Overall i just wasn't impressed. I'm surprised by the 4.5 star review on Yelp. The cost of the lunch dishes is not justified when you add all the above. The two course lunch is 34 dollars, was worth more like $17 and that's reaching. 

Needless to say, I left hungry. I'm not into these 'Foo Foo' type places but this was a last minute decision since two other places were booked (and yes they actually had people eating at their tables).

I would never come back here, even if I was paid to. Nor would I recommend to anyone. There are far better Indian restaurants in the area for less.",False,0,0,0,Marc A.,en,"{'neg': 0.067, 'neu': 0.795, 'pos': 0.137, 'compound': 0.9623}",0.9623,0.137,0.067,0.795,positive
587,2017-05-30 05:23:57+00:00,4,"Okay, I'm not a big fan of the tapas style motif, which our group agreed to do.  You get waves of small dishes, which always make me fear leaving hungry.  Well, not only was the food great, but I got full!  It was a great night with great friends in a nice atmosphere.",False,0,0,0,Nick C.,en,"{'neg': 0.114, 'neu': 0.534, 'pos': 0.353, 'compound': 0.9639}",0.9639,0.353,0.114,0.534,positive
586,2017-06-01 16:12:05+00:00,5,"In terms of high-end Indian food, this is way at the top of the NYC list. Expect ""elevated street food"" - so instead of a fancy version of butter chicken or lamb vindaloo, you're going to get an artistically rendered kulcha, khichdi, chaat, etc. The presentations are beautiful.
Recommend the aforementioned khichdi, the mathri trio, the arbi saag, black dal, wasabi raita (!!) among others. We trusted our server's recommendations and it was all delicious. Two three-course meals plus an additional accompaniment was more than enough for two of us. 
The room, well, it's in the Parker Meridien, basically, so it looks like that, but still pretty and comfortable. 
Service is a little odd especially at the entrance (lots of reservation demanding for an empty restaurant that had every time slot available on OpenTable, a bit of attitude...also hard to get in drinks orders or additional requests) so imagine this as a 4.5 star review.",False,1,0,1,Elli S.,en,"{'neg': 0.05, 'neu': 0.796, 'pos': 0.153, 'compound': 0.9565}",0.9565,0.153,0.05,0.796,positive
585,2017-06-02 04:30:48+00:00,2,"Waited 30 minutes for reservation.

Waited 30 minutes at table. Busser came over, apologized, gave us water, and took our orders and waited on us. (We did the tasting menu plus wine pairing)

Got a bone marrow dish served by three people. We're vegetarian. They took the plates away without apologies.

Bathroom had paper towels overflowing from the bin.

You've seen the reviews on the food.  It's ok, not innovative.  The dessert is the best part.  Overall mediocre experience especially when considering creativity and portion size.

Just a disappointment for a Michelin star resto. Meh. 

Will not recommend.",False,0,2,0,S Z.,en,"{'neg': 0.184, 'neu': 0.736, 'pos': 0.08, 'compound': -0.9209}",-0.9209,0.08,0.184,0.736,negative
584,2017-06-02 17:04:54+00:00,2,"Knowing my Indian food well, I think it's a solid B+. Desserts probably A+. But our service sucked for what you would expect at a high end place. No one even came to our table for 15 minutes until we finally asked for water and menus. Then awhile before a waitress showed up. They served us the wrong food too. Kind of weird since we did the tasting menu. At $200pp, you can do so much better in the city. Value C-",False,0,0,0,Hirak B.,en,"{'neg': 0.183, 'neu': 0.713, 'pos': 0.104, 'compound': -0.8941}",-0.8941,0.104,0.183,0.713,negative
583,2017-06-05 18:06:22+00:00,5,"I love this move towards modern/fancy/molecular indian food!  First Rooh in SF, and then Indian Accent.  The flavors are amazing and frequently put into unusual textures.

We opted for the 4-course menu so we could share everything and try 8 dishes:

- Potato Sphere
- Mathri Trio (indian food cones!)
- Pulled Jackfruit sandwich (it's good but it ain't pulled pork)
- Beef Kebab
- Ghee Roast Lamb
- Salmon (this was from the tasting menu... amay-zing!)
- Hoisin Duck Naan
- Cucumber Raita
- Meethe chawal (Sweet rice with cashews)
- Doda Barfi treacle tart

Service was great, ambience was great.  No complaints!",False,0,0,0,Chad T.,en,"{'neg': 0.057, 'neu': 0.753, 'pos': 0.19, 'compound': 0.9413}",0.9413,0.19,0.057,0.753,positive
582,2017-06-11 02:28:53+00:00,4,The presentation and the creativity of the dishes sets this place apart from other Indian restos. Definitely a place worth trying!,False,0,0,0,Vandya K.,en,"{'neg': 0.0, 'neu': 0.694, 'pos': 0.306, 'compound': 0.7574}",0.7574,0.306,0.0,0.694,positive
581,2017-06-14 15:58:20+00:00,5,"AMAZING!!! Being an Indian, I have pretty high standards for Indian food. This place did not disappoint. Menu is different from what you would expect at a regular Indian place. So no paneer tikka,  chicken tikka. If you do not like to experiment this place is not for you. 

Food- we got the four course dinner. It was absolutely wonderful, with unique flavors and combinations. It is a fusion of ingredients that I never imagined being together. Presentation was beautiful as well. 

Ambiance- it has a nice clean look.  But I would say nothing mind blowing. We visited on a weekday so it was full with people on business trip. 

Service- perfect amount of attention and speed. I usually don't like servers who hang around like a shadow. Our glasses were always filled and plates cleared between courses. 

Price- it is a fine dining restaurant with a Michelin star. So the cost is not just for the food, but the overall experience. It came to about $350 for two of us. 

I will certainly be visiting again on a special occasion. This time we celebrated husbands birthday there. Definitely worth trying!",False,0,0,0,Ams S.,en,"{'neg': 0.059, 'neu': 0.74, 'pos': 0.201, 'compound': 0.9821}",0.9821,0.201,0.059,0.74,positive
580,2017-06-17 20:12:09+00:00,2,"It's good food, they gave it a modern twist but for the price the portions are awfully small, I had to wake up in the middle of the night to eat something despite a 3 course meal with accompaniments.

Pro: Great taste, nice ambience, ""modern"" Indian food; had a great time with friends

Cons: extremely small main course portions. If you are hungry, not the place to go to. 
It's more of a classy tete-a-tete place (imagine yourself at a Bollywood party, always conscious of being caught by a photographer with your mouth full of food which I think justifies their small portion sizes)

I'd recommend to go to this place once for the entire experience and you are ok with shelling out those extra dollars",False,0,0,0,Apoorva C.,en,"{'neg': 0.152, 'neu': 0.637, 'pos': 0.211, 'compound': 0.7614}",0.7614,0.211,0.152,0.637,positive
579,2017-06-18 11:48:12+00:00,5,"For months I had been wanting to visit Indian Accent and thanks to the wonderful Cristiano, who helped me make the reservation, my dream became a reality.

Indian Accent was beyond phenomenal!!! My brother and I were welcomed by the amazing Matrîe D' Michael who sat us down and gave us the most heartfelt welcome.
Brady was our waiter and his knowledge and pronunciation of the items in the menu were fantastic - Indian accent uses the most delicious rare ingredients in a very peculiar way, where your taste buds feel the Indian flavors and cuisine yet the combinations of ingredients will leave imagining what the dish may taste like, but once you savor it, it will leave you craving for more.

This was far, one of the best Lunches I've ever had. We were served a delicious complimentary Amuse-Bouche of Pumpkin coconut shorba and blue cheese naan. It was so so delicious and warm.

For appetizers I tried the delicious beet and peanut butter tikki, goat cheese raita and my brother tried the bengal rice khichdi, crispy lentils, smoked papad. We were transported to another place. The flavors and presentation were superb! 

For Entree I was so thrilled on ordering and could not make up my mind between a couple of dishes, but the wonderful Brady helped us decide and his recommendations exceeded my expectations! We opted for the soft-shell crab koliwada, malvani dried shrimp pulao and salmon, dill, chutney potatoes. The flavors and texture of the items were truly out of this world. That has been one of the best seasoned and paired soft shell crab I've ever had.
Accompaniments: Wild mushroom and butter chicken Kulcha. (Still craving for more)

For Dessert; one of my favorite
Doda barfi treacle tart, vanilla bean ice cream- reminded me of a delicious pecan pie- one of my favorite desserts, but the taste in the Doda Barfi Treacle Tart was even better.
My brother savored the Kesar mango, almond shrikhand which he mentioned it was very very delicious.

The food, amazing service, knowledge of the staff truly made this experience beyond outstanding. Cannot wait to return! Thank you to the wonderful Chef, Staff and Management!",False,1,0,2,Jennifer P.,en,"{'neg': 0.005, 'neu': 0.662, 'pos': 0.333, 'compound': 0.9995}",0.9995,0.333,0.005,0.662,positive
578,2017-06-22 02:08:32+00:00,5,"I have eaten in the New York branch multiple times and the only better Indian food I have ever had is at the New Delhi branch!

First of all, the service is always spectacular. The waitstaff are attentive, very knowledgeable and exceedingly friendly. Only drawback is the food can at times take a while to come out. 

I really enjoy the amuse bouche soup and blue geese bread they provide. Delicious. Maybe one day they will change it up.

The food is the star. Whimsical takes on Indian classics, all with a refined twist. The chef (who we met in New Delhi and is very friendly). Know how to compose dishes seamlessly. From the tuna and salmon starter to the chicken kofta (with the tastiest sauce in the world), to the soft shell crab, I just keep coming back.

The desserts - which I rarely have room for - are also 5/5.

When you pay your bill you also get a tasty sampling of desserts too! 

I LOVE this place.  I really wanted to buy chef Manish Mehrotra's book in New Delhi but they were out :(.",False,1,0,1,Peter B.,en,"{'neg': 0.006, 'neu': 0.869, 'pos': 0.125, 'compound': 0.966}",0.966,0.125,0.006,0.869,positive
577,2017-06-22 04:11:55+00:00,4,"Beautifully designed, spacious, calm and quiet restaurant with delicious food. Complete with a celebrity sighting. 
My only negative comment is that the bartender Andy was incompetent and rude. He shouldn't be serving drinks at a McDonalds in Newark Airport-let alone a fine dining establishment in midtown Manhattan. His subordinate was a delightful woman named Taylor who more than made up for his horrible service. We would have left if it wasn't for her.  When I go back I'm not staying if he's still there.",False,0,0,0,Alison B.,en,"{'neg': 0.247, 'neu': 0.577, 'pos': 0.176, 'compound': -0.8834}",-0.8834,0.176,0.247,0.577,negative
576,2017-06-24 15:14:58+00:00,5,"This is the NYC branch of a highly acclaimed New Delhi modern Indian restaurant. It deserves every accolade it's gotten, from the space and decor to the really just nigh on perfect service. And the food. And the wine (glass, or two, of Maison L'Envoyé Two Messengers Pinot Noir 2014 from the Willamette Valley - fantastic wine).

In the dining room it's tasting menu only, I think. At the bar, there's a short a la carte menu and bar snacks, we went mostly with the latter. Let's see, from the top, and each dish as good as the previous one.

-blue cheese naan with pumpkin soup (these were giveaways, but we ordered another round, which they happily brought)
-crab claws, butter-pepper-garlic, cauliflower
-bheja fry, goat brains, khasta roti (so good we ordered another plate of these, and my friend had said upfront he doesn't eat offal, he does now)
-pathar beef kebab, bone marrow nihari
-sweet pickle ribs, sundried mango, onion seeds (some of the best bbq ribs you'll have)
-phulka chili pork
-mathri trio: smoked eggplant bharta; duck khurchan; chicken khurchan
-soft-shell crab koliwada, malvani dried shrimp pulao
-cute Ecuadorian waiter (wasn't on the menu)
Expensive, but worth every penny.",False,1,0,1,Dan P.,en,"{'neg': 0.031, 'neu': 0.798, 'pos': 0.172, 'compound': 0.984}",0.984,0.172,0.031,0.798,positive
575,2017-06-27 14:22:57+00:00,5,"One of my favorite NYC fine dining experiences. If you love Indian cuisine, you have to visit Indian Accent. We chose the four course dinner and everything we ate was creative and delicious. 

My favorites were the sweet pickle ribs; the goat brains (try them; if you didn't know what they were you'd never guess); and the ghee roast lamb. 

Also, try the cocktails. I can speak for The a Proper Copper and the Indian Summer (may change names seasonally but it's the cardamom Pisco cocktail); both were outstanding. I've tried a lot of cocktails in my day and these are two of my faves; you could barely taste the alcohol (oh, it was there!)  

I can not recommend this place enough and will definitely be back to try the chef's testing menu",False,0,0,0,Elizabeth H.,en,"{'neg': 0.032, 'neu': 0.807, 'pos': 0.161, 'compound': 0.9591}",0.9591,0.161,0.032,0.807,positive
574,2017-06-28 17:01:48+00:00,3,"I gave it 3 stars because food there were good. However, what defines a great restaurant does not only lie in the quality of food, but also lie in other factors, such as attention to details and hospitality. I phoned the restaurant a day before our dinner to confirm my reservation, saying that it would be a celebration dinner so I requested a candle celebration for the dessert part. The manager responded in an attentive manner and said he put my request in the system to ensure my request would be fulfilled. At the dinner, however, there was no candle on our dessert, and the waiter gave us a wrong dish that we did not order. Overall, although food itself was delicious, I was very disappointed. Dining at Indian accent is not for food only, it is more importantly for a memory to celebrate with your important ones, but Indian accent did not do a good job on that. That is a shame for a fine dining restaurant in New York City.",False,0,0,0,Mutsuki J.,en,"{'neg': 0.127, 'neu': 0.673, 'pos': 0.2, 'compound': 0.9393}",0.9393,0.2,0.127,0.673,positive
573,2017-06-28 22:27:28+00:00,5,"This review is only for the bar. My god, the bartender was amazing. He made some of the most unique and delicious drinks I've ever had. Although he lacked personality, he made it up in how he made those drinks. Purely amazing.",False,0,0,0,Kristen V.,en,"{'neg': 0.079, 'neu': 0.632, 'pos': 0.29, 'compound': 0.9241}",0.9241,0.29,0.079,0.632,positive
572,2017-06-29 03:23:51+00:00,2,"Not impressed! Found the food too heavy and rich. 
Will give them props for the presentation but the flavors are missing.",False,0,0,0,Purvi N.,en,"{'neg': 0.193, 'neu': 0.715, 'pos': 0.091, 'compound': -0.3755}",-0.3755,0.091,0.193,0.715,negative
571,2017-06-30 00:46:28+00:00,2,"Nice, fancy place. That is not in question.
But the food is surely not authentic and over priced.
For 2 people we spend more than 250$ without alcohol!!
Not recommend!",False,0,0,0,Mike Y.,en,"{'neg': 0.0, 'neu': 0.746, 'pos': 0.254, 'compound': 0.8342}",0.8342,0.254,0.0,0.746,positive
570,2017-07-05 10:19:19+00:00,5,"Very nice ambiance, quiet and intimate. Food is very delicious with sophisticated flavor and the staff very friendly. We only ended up having 45 minutes before our show and they accomodated us very nicely. We ordered their regular 3 course meal and were pleasantly surprised to be out the door in no time and make our highly anticipated show. I cannot wait to come back here and spent more time inside!",False,1,0,0,Mihaela D.,en,"{'neg': 0.023, 'neu': 0.615, 'pos': 0.363, 'compound': 0.9878}",0.9878,0.363,0.023,0.615,positive
569,2017-07-05 20:34:58+00:00,5,"I finally had the chance of visiting Indian Accent. The ambience was absolutely beautiful and not your typical indian restuarant. 

The food was absolutely delicious, however I would consider it indian fusion. It was be a disappointment for anyone hoping to eat authentic indian food.",False,2,0,0,Kalpana D.,en,"{'neg': 0.086, 'neu': 0.635, 'pos': 0.279, 'compound': 0.9059}",0.9059,0.279,0.086,0.635,positive
568,2017-07-07 15:43:29+00:00,5,"Incredible from the moment you walk into the restaurant. My experience started off with the great smell that was in the restaurant. Most restaurants with strong smells are terrible but the smell of Indian accent was so welcoming and inviting. The short ribs and soft shell crab were superb and fantastic. My favorite and an item that I will remember forever was the pumpkin shorba, simply superb in every way. All in all, great food and great atmosphere and can't wait till my next visit.",False,1,0,0,Shamir K.,en,"{'neg': 0.016, 'neu': 0.561, 'pos': 0.423, 'compound': 0.9958}",0.9958,0.423,0.016,0.561,positive
567,2017-07-09 14:32:00+00:00,5,Creative and delicious alternative to the standard New York India restaurant.  I had jackfruit and my partner had goat brain.  Every item was a delightful surprise.,False,1,0,0,Rosie N.,en,"{'neg': 0.0, 'neu': 0.559, 'pos': 0.441, 'compound': 0.9501}",0.9501,0.441,0.0,0.559,positive
566,2017-07-14 10:47:54+00:00,5,Excellent service. Food was amazing. We had the chefs menu and every item was delicious. Make sure you have plenty of time as we were there for nearly 3 hours! Great atmosphere. Definitely recommend for a special occasion.,False,1,0,0,Beth S.,en,"{'neg': 0.0, 'neu': 0.49, 'pos': 0.51, 'compound': 0.9836}",0.9836,0.51,0.0,0.49,positive
565,2017-07-14 18:53:26+00:00,5,"Came with a group of 4 people during weekday lunch and had a very nice meal.  The service was fantastic and we ordered a lot of food for the table to share.  I don't remember what every dish tasted like, but they were amazing and delicious.

Amuse Bouche
-They brought out a nice broth amuse bouche with a blue cheese puff accompaniment.  I don't like blue cheese so I skipped that part.

First Course
-Sweet Potato
-Beet and Peanut butter - loved this
-Bengal Rice 
-Phulka - very flavorful
-Tuna and Salmon - this was a little fishy for my taste
-Sweet Pickle Ribs - amazing

Second Course
-Paper roast doas - I didn't love the dosa since I'm not the biggest mushroom fan, but the truffles were good
-Arbi
-Poha
-Salmon - was cooked very well and had good flavor
-Soft-shell crab - very tasty 
-Chicken kofta - my favorite main 

Sides
- 2 orders of naan, though they brought us an extra one, which was nice
- black dairy dal, this tasted like chicken tikka masala, which I love so I loved this

Dessert
- We were way too full for dessert, and I don't normally like Indian desserts anyway.

Even though we ordered 6 items from the first and 6 from the bottom, they treated it as if we ordered 6 ""two course lunches"", which saved us some money, and was also very nice of them.

Overall, the food was delicious and service attentive. I will definitely be back.",True,3,2,1,Elyka A.,en,"{'neg': 0.027, 'neu': 0.571, 'pos': 0.402, 'compound': 0.9992}",0.9992,0.402,0.027,0.571,positive
564,2017-07-16 02:00:00+00:00,2,The food is great and so is the service. My only concern was the quantity was kind of a joke. I had ordered Bengali khichdi and pohe. Both the dishes were just few spoonfuls. The food anyway is pricey but that is something you can accept if the quality is good. But each dish was so small that I was still hungry after having them and I am a light eater.,False,0,0,0,Aniket P.,en,"{'neg': 0.16, 'neu': 0.722, 'pos': 0.118, 'compound': -0.6727}",-0.6727,0.118,0.16,0.722,negative
563,2017-07-18 17:35:13+00:00,4,Great food and loved the ambience. Their butter chicken Nan was just amazing. Portions are small though with limited menu,False,0,0,0,Ravi B.,en,"{'neg': 0.18, 'neu': 0.459, 'pos': 0.361, 'compound': 0.7845}",0.7845,0.361,0.18,0.459,positive
562,2017-07-23 03:37:10+00:00,5,It was an honor to meet Chef Vivek and enjoy his creations! Excellent food amazing service.,False,0,0,0,Giggles And Grins R.,en,"{'neg': 0.0, 'neu': 0.396, 'pos': 0.604, 'compound': 0.9501}",0.9501,0.604,0.0,0.396,positive
561,2017-07-29 20:16:04+00:00,4,"Got the tasting menu, and really enjoyed it. The beet and peanut butter tikki was pretty fab. We actually ended up getting a complimentary extra portion of this because of a waiter mix-up, and it was just as yummy the second time. The sea bass was really nice too, as was the soft shell crab. The makhan malai is the must-have dessert here; it's a wonderful mousse, and the portion is really impressive. In general the appetizers were rather good, and if the waiters offer you the choice of taking more appetizers than main courses, do so.

On the flip side, the main courses were generally okay, nothing remarkable. I had a palak paneer type thing that was quite dismal. The breads were pretty meh, though the blue cheese stuffed naan amuse bouche was pleasant. The kheer with crispy sevia was practically inedible. 

The cocktails were hit-or-miss. I got the smoke and spice, which ended up tasting pretty much like a smoky whisky (the base) with nothing more going on. Some of the other cocktails were actually quite tasty.

Worth a visit though, and you'll be pretty stuffed at the end.",False,0,0,0,Srivas P.,en,"{'neg': 0.083, 'neu': 0.657, 'pos': 0.26, 'compound': 0.9918}",0.9918,0.26,0.083,0.657,positive
560,2017-08-01 03:35:32+00:00,2,"We ate at the Indian Accent in Delhi last year and it was phenomenal so we were VERY excited to go here. The restaurant is beautiful but we were so disappointed by the food! All in all, it was really mediocre and SUPER EXPENSIVE -- $500 for 4 people with a bottle of wine. With so much great Indian food in NY, I have to say I can't recommend this restaurant.",False,0,1,0,Gabrielle A.,en,"{'neg': 0.254, 'neu': 0.575, 'pos': 0.171, 'compound': -0.9094}",-0.9094,0.171,0.254,0.575,negative
559,2017-08-01 19:40:25+00:00,4,"Indian Accent is one of the best meals in Midtown West: consistently good food that is unique and all within in a stylish space with superb service.

The food is new and exciting, within a subtle Indian twist...so the name is perfectly apt. The cuisine is more Indian inspired as opposed authentic, which is what makes the dining experience special. The menu offers seemingly familiar dishes but the presentation and ingredients put a whole new twist on those items like the dosas and kulchas as examples. 

From the blue cheese naan amuse bouche to the pickled ribs, one of the seasonal entrees and any of the delicious deserts, your meal at Indian Accent will make for an excellent dining experience. The sweet pickle ribs, the butter chicken kulcha, ghee roast lamb, and especially makhan malai (which may be one of my most favorite deserts anywhere) are some of my personal favorite dishes, but there is certainly an abundances of choices whether you're vegetarian or meat/seafood fan.",True,5,0,0,Danesh I.,en,"{'neg': 0.0, 'neu': 0.711, 'pos': 0.289, 'compound': 0.9959}",0.9959,0.289,0.0,0.711,positive
558,2017-08-02 23:27:43+00:00,5,"The nice thing is that the entire staff is so invested in making our experience different, understandable and wonderful. The variety of tastes was incredible, and presentation and service were above our expectation.",False,1,0,0,Richard G.,en,"{'neg': 0.0, 'neu': 0.827, 'pos': 0.173, 'compound': 0.7579}",0.7579,0.173,0.0,0.827,positive
557,2017-08-04 22:16:25+00:00,5,"Being an Indian raised in India, I had a mental block against paying hundred bucks for a tasting menu for Indian food. Until a chef friend convinced me that Indian Accent is really truly worth it. Glad I listened to him!

This isn't your typical taj-bombay-palace-durbar-bhavan-buffet Indian food. This is high end creative fine dining, with a mix and match of different ingredients, flavors, textures, and presentation. 

We went for a 9-course chef's tasting menu. The Kashmiri morel mushroom and the soft shell crab were my favorite. The stuffed kulchas were so perfectly balanced, yet different from the usual kulchas. The sweet rib was a tad too sweet, but the texture was perfect. And the desserts were truly fusion and satisfying, not heavy and oversweet like Indian desserts tend to be.

The decor and service were top notch. The cocktails very innovative and strong. The whole experience, well worth the $$$$ bill.",False,2,2,2,Gaurav S.,en,"{'neg': 0.022, 'neu': 0.678, 'pos': 0.3, 'compound': 0.9934}",0.9934,0.3,0.022,0.678,positive
556,2017-08-05 02:28:01+00:00,5,"Memorable Fine Dining // Packed with Flavor
Elegant Indian Cuisine // Unique Handcrafted Cocktails

Time and time again, Indian Accent delivers a unique memorable experience. The interior of this restaurant is impeccable, the service is friendly and well trained. Whether you are hosting someone for business, having an anniversary meal, or interested in impressing someone you will be well served choosing Indian Accent.

Inventive would be putting this menu mildly. In a world filled with kale salads, and goat cheese and beets, it is refreshing to find a chef and a team who are forward thinking. Each dish feels like an adventure that ends with a smile. This is one of those restaurants that you may want to bring a foodie friend to, even if only to have the dosa and a couple of drinks at the bar. The rich flavors, and smaller portion sizes leave ample room for you to try multiple dishes.  

I come to this restaurant on a regular basis, foodie friends, and friends from India who have all enjoyed their experiences.  


The Scene: Gorgeous Everything, Savory, Elegant
Destination Rating: 8
Date Rating: 9
Hob Nob Potential: N/A

Strong Suggestion: Limited seating at the bar, generally spots available on the later side. If you are dining alone, the bar is peaceful and the staff is friendly.",False,14,5,9,Megan C.,en,"{'neg': 0.031, 'neu': 0.702, 'pos': 0.267, 'compound': 0.9962}",0.9962,0.267,0.031,0.702,positive
555,2017-08-06 19:16:32+00:00,5,The chef's tasting is absolutely incredible. The service was wonderful and the entire experience was a true 5 star.,False,1,0,0,Lance B.,en,"{'neg': 0.0, 'neu': 0.698, 'pos': 0.302, 'compound': 0.7579}",0.7579,0.302,0.0,0.698,positive
554,2017-08-13 18:37:16+00:00,5,Almost certainly the best Indian food I've had since I left the U.K. This restaurant is in a class of its own and I cannot wait for my next trip to New York to eat there again. Truly wonderful!!,False,2,0,0,Clare C.,en,"{'neg': 0.0, 'neu': 0.66, 'pos': 0.34, 'compound': 0.9433}",0.9433,0.34,0.0,0.66,positive
553,2017-08-13 21:27:54+00:00,5,"AMAZING!!! Every dish was a delightful surprise! The staff was extremely friendly and attentive, and the food was absolutely incredible. Such a memorable meal in NYC, look forward to going back!",False,2,0,0,Chelsea K.,en,"{'neg': 0.0, 'neu': 0.536, 'pos': 0.464, 'compound': 0.9711}",0.9711,0.464,0.0,0.536,positive
552,2017-08-18 19:55:47+00:00,5,"I'm an Asian person who enjoys fine dining (a shock, I know), so I love restaurants like Indian Accent. All the decadence of haute cuisine with the big flavors and interesting ingredients of ""ethnic"" food, which is forever expected to be cheap and homey. Indian Accent is a high-end dining experience, with amuse bouches and tasting menus and expensive cocktails, the whole thing. It's also the best place I've come across for creative takes on Indian cooking.

My mom and I went for dinner when we were in New York. The space was great, a small, stylish restaurant with a dressed up but comfortable feel. I'm guessing a number of parties were here on business dinners. We got a nice corner table, where we were well taken care of by the immaculately professional staff. Our waiter was a huge help. We took most of his recommendations for both food and drink, and they panned out beautifully.

Indian Accent has a full bar, and if you're into fancy cocktails, I'd highly recommend going that route. The Mango Goldmine was an excellent drink made with mango gastrique, golden rum, banana reduction, and pink peppercorns, light and refreshing, but with an assertive, vinegary edge that kept things interesting. The Mughal Fortification was a smooth, golden cocktail of small batch bourbon with saffron and toasted coriander Strega. For an even boozier option, I'd pick the Mumbai's the Word, a balanced drink made with East Indian Solera Sherry, overproof rye, and jaggery.

The food was tremendous, starting with the two amuse bouches. The pumpkin coconut milk shorba was a wonderful shot of soup, velvety and heavily flavorful, enhanced with garam masala. Blue cheese stuffed naan came in puffy little disks bursting with the creamy funk of the cheese--a genius bit of fusion.

I don't think you can dine a la carte at Indian Accent, at least not in the dining room. We had a choice between the tasting menu or the prix fixe, which was either three or four courses, served with accompaniments. We decided to go with the four course option, picking six savory dishes, two accompaniments, and a couple desserts to share. This was plenty of food, and gave us more flexibility than the tasting menu.

We started with the potato sphere chaat and the crab claws, both fantastic. The chaat was a marvelous explosion of flavors and textures, draped in some lovely sauces over a white pea mash. The crab claws were sweet and meaty and abundantly seasoned, prepared with butter, pepper, and garlic, with tender bits of cauliflower that got the same treatment.

We got more crab in our second course--the soft-shell crab koliwada, with malvani dried shrimp pulao. The crab was delicate and crunchy with plenty of meat, and I loved that Indian fried rice as well as the hearty, tangy sauce that came with it. The sweet pickle ribs rounded out our second course, and these were superb, the tender glazed pork falling off the bone, finished with sundried mango and onion seeds.

Our last savory course could've been a meal all on its own--chicken kofta and ghee roast lamb, with butter chicken kolcha and black dairy dal with naan as accompaniments. The kofta was the dainty part of this course, a lightly breaded and fried ground chicken meatball served with punjabi kadhi and an onion pakora--a complex curry and a gorgeous Indian onion ring. The lamb was a small feast, not unlike Peking duck or Korean ssam, the savory, stewy roast lamb presented with roomali roti pancakes and an array of vegetables and sauces to make lamb wraps. This might have been my favorite dish of the night. I also appreciated the accompaniments. The kulcha was a great little flatbread stuffed with butter chicken, and the black dairy dal was satisfying.

Oddly, I didn't love the dessert. The makhan malai is an Indian Accent signature, an upscale version of an Indian sweet, made with saffron milk, sprinkled with rose petal jaggery brittle and almonds. There were definitely some good flavors there, and I liked it for a few bites, but it was just so foamy and massive, I couldn't stick with it. The doda barfi was a more familiar dessert, a treacle tart with vanilla bean ice cream. Solid, but very sweet, and not that memorable.

Overall, though, this was an enormously impressive meal, with top notch service, cocktails, and food. I know New York is filthy with nice restaurants, but Indian Accent is a special place. I'd recommend it to anyone looking for inventive, delicious cooking, especially if you're a fan of Indian cuisine.",True,8,2,8,Steph C.,en,"{'neg': 0.024, 'neu': 0.711, 'pos': 0.266, 'compound': 0.9997}",0.9997,0.266,0.024,0.711,positive
551,2017-08-18 20:33:03+00:00,5,"Amazing food; waiter was really helpful since I'm vegetarian and I didn't want any fried dishes. Wine, mix drinks and service was excellent!. We will definitely be back. The best garlic naan!",False,0,0,0,Jacqueline U.,en,"{'neg': 0.029, 'neu': 0.607, 'pos': 0.364, 'compound': 0.9465}",0.9465,0.364,0.029,0.607,positive
550,2017-09-15 02:21:39+00:00,5,"I wouldn't consider myself an expert on Indian cuisine, but despite being a novice, I found the food wonderfully complex and exquisite.  My only disappointment is that since I came for lunch in between meetings, I didn't have time to experience a full dinner tasting or the drinks.

You walk into a airy contemporary space (my dream of a dining room) with soaring ceilings and a beautiful little bar  - and I do mean little, if I remember correctly, it only seats 6.  From there, the waitress expertly guided me through the menu - this is the first time I've been to a restaurant where every item on the menu included an ingredient or term I had to look up, so you'll have the forgive the overly simplistic recap.

Amuse Bouche 1: Pumpkin chai-ish soup in a shot glass mug.  I wanted never-ending bowls of this. I wanted to hoard gallons of this in my freezer for cranky cold autumn nights.  This is what I'll be dreaming of when the weather turns crisp and I want something to warm both my soul and my body.  This was heaven in a teeny tiny serving.

Amuse Bouche 2: This is where my ignorance comes to play, I don't know what I ate. It looked like a tiny dumpling, stuffed puffed naan? It was filled with a creamy blue cheese....something. It was also delicious. This may be the one time in my life where I can say that blue cheese was mild, subtle, almost delicate.

First Course: beet and peanut butter tikki, goat cheese raita - a mouth-watering riff on peanut butter and jelly in croquette form. May I please have these in my lunch box every day?

Second Course: under a paper thin dosa ""cone"" lies a gift of water chestnuts and various mushrooms (morels! champagnes! truffles!), each bite incrementally spicier in such a gradual way that you barely notice the heat creeping up. I wanted to break the dosa with my hands and dip it into the mix, but alas, we were in a ""civilised"" restaurant, and I had to behave.

Dessert: makhan malai, saffron milk, rose petal jaggery brittle, almonds - this was beautiful, but overwhelmingly large!  I've had dinner portions of savory courses smaller than this dessert!  Surprisingly, this dessert was ethereally light, so much so that had I enough time, I probably would have managed to polish this off. Makhan Malai should be the new ""it"" dessert, this version is like cloud fluffy custard with just a bit of crunch dusted on top.  This is the perfect dessert to gaze into the eyes of a special person as you spoon feed each other. *sigh*

Between the decor, service and food, I'd be highly impressed if someone thought I was special enough to warrant a date here - everything screams indulgence without the slightest hint of snobbishness.  I'll definitely be dragging friends here for dinner.",False,3,1,0,Jennifer C.,en,"{'neg': 0.073, 'neu': 0.738, 'pos': 0.19, 'compound': 0.9968}",0.9968,0.19,0.073,0.738,positive
549,2017-09-16 02:03:20+00:00,5,So delicious! Thoroughly enjoyed our meals. I opted for the vegetarian tasting menu. The dal makhani is something I've been craving ever since.,False,0,0,0,B C.,en,"{'neg': 0.0, 'neu': 0.636, 'pos': 0.364, 'compound': 0.9252}",0.9252,0.364,0.0,0.636,positive
548,2017-09-18 11:15:22+00:00,5,"Probably the best Indian meal I've ever had in my life.
Keep in mind this is upscale but the chef managed to keep the flavors authentic while letting you know this is how exceptional Indian cuisine can be.
Amazing food..everything I had was special.
I will be eating here every time I visit NYC.",False,1,0,1,Balu L.,en,"{'neg': 0.0, 'neu': 0.809, 'pos': 0.191, 'compound': 0.9072}",0.9072,0.191,0.0,0.809,positive
547,2017-09-20 19:25:24+00:00,4,"Ok So being from India and from Delhi, where original Indian Accent was opened a couple years ago, I was really excited for the Nyc location to open. We went their with family and reservation I must say weren't easy to get. They don't take reservations between certain time slots even for large groups which I found unsettling for a fine dine restaurant. We sat in the main dining room and were promptly seated. The dining room is nice, elegant, nothing to set it apart but gives you a quaint feel. They started us with amuse bouche which was a pumpkin soup. We started ordering more of a tapas style. The portions are very small but I guess that's the concept of the restaurant. It's more of a tapas style Indian rather than traditional family style with def a very unique presentation. I specifically loved their beet chaat and the small rolls. The dessert was really good too. Overall a great place to try.",False,0,0,0,Sakshi G.,en,"{'neg': 0.101, 'neu': 0.742, 'pos': 0.157, 'compound': 0.8557}",0.8557,0.157,0.101,0.742,positive
546,2017-09-26 17:36:37+00:00,3,"Having had high-end Indian (and Indian-inspired) cuisine in the past, and being familiar with Manish Mehrotra's Delhi restaurant, my husband and I were really looking forward to celebrating his birthday here. We booked a spot well in advance, and I called a few days ahead to mention 1. that he is vegetarian (typically not a huge problem with Indian restaurants in general, but we were going for the tasting menus so I wanted to be certain that he'd have options) and 2. that it was his birthday and I'd appreciate it if they could put a little candle or something jazzy on the dessert to make it a little special. The person taking my call sounded quite nonchalant and dubious, and sure enough when dessert came around at the actual meal - no candle, nothing. We even mentioned that it was his birthday before the meal began, and got no response at all.

Service was very spotty, with around 5 'checkups' within the first 10 minutes of receiving the menus that made us feel like we had to be apologetic for not making quick decisions on the wine and food, and then being mostly ignored when it came to water refills (plus, the sommelier spilt our wine both times he came by to to refill our glasses), and finally it took an age to get the check. The food itself was interesting and mostly tasted good, though I'm not entirely certain that this experience merited the cost in the end. I know they are gunning for a Michelin star but the service definitely needs to be improved for that to happen - I did try to find an email address on their website to reach out to so that I could tell them directly instead of writing a public Yelp review, but that was nowhere to be found.",False,2,1,1,Nam S.,en,"{'neg': 0.042, 'neu': 0.827, 'pos': 0.131, 'compound': 0.9806}",0.9806,0.131,0.042,0.827,positive
545,2017-09-26 18:26:16+00:00,1,"I'm not sure why this place has such great reviews! The food gave my the biggest headache. The portions are small, and the food is mediocre.

The ambiance is nice but people are pretentious. 

I won't be back and wouldn't recommend this place to a friend.",False,2,1,0,Beth E.,en,"{'neg': 0.269, 'neu': 0.588, 'pos': 0.143, 'compound': -0.8266}",-0.8266,0.143,0.269,0.588,negative
544,2017-09-26 19:20:29+00:00,2,"Last evening, I visited Indian Ascent on a special occasion of my birthday. Before visiting the place I was v happy as i was going to Indian Ascent to celebrate my bday.  My husband and I had reached the place yesterday, September 25 at 9:00 pm as per our booking. Upon my arrival, the person in the front desk wished me and made up seated. We were waiting for our server. Our server only came after 20 mins after we were seated and there was no one before that who even asked for water. The server explained us the menu and we requested for some time for which  he only came after 15 mins after we requested him to come couple of times.
Once the starters were severed the main course really really took a while to come and that too something we did not order. But we dint say anything as we thought no one will care.

After the food was severed no one even came to ask for desserts and we requested some other server for the dessert menu. By this time our server had completely disappeared and no where to be seen.

After desserts we were so bored with the place that we asked for the bill immediately.

We didnt want to raise this issue there as no one was concerned. 

I really appreciated the food and quality, but service was just below We reached the place at 9:00 pm and we left around 11:00 pm  with no great experience.

After spending so much, we didnt even get an experience or service of a 2 star hotel. We are bringing it to your notice so that you get a chance to improve your service.

Really disappointing.",False,0,0,0,Sahana C.,en,"{'neg': 0.111, 'neu': 0.794, 'pos': 0.095, 'compound': -0.641}",-0.641,0.095,0.111,0.794,negative
543,2017-09-27 16:53:00+00:00,5,"Super creative Indian food in the heart of midtown. My husband is South Indian and really appreciated the flavors and dishes at Indian Accent. We really enjoyed the lamb, sweet potato and poha. The hoisin duck and butter chicken kulcha accompaniments are not to be missed. They were very small bites and were perfect for sharing. The pulled jackfruit and pulled pork were also very good. I feel like we could have skipped desert because we were very full but my hubs ordered the Makhan Malai because of all the Instagram pics. It was beautiful and had a very strong saffron flavor. But it was not my favorite because it was too  perfumey and sweet. We both liked the  Doda Barfi Treacle Tart because it was an Indian take on the traditional British sticky toffee pudding.",False,1,0,0,Hilary D.,en,"{'neg': 0.036, 'neu': 0.726, 'pos': 0.238, 'compound': 0.983}",0.983,0.238,0.036,0.726,positive
542,2017-09-30 15:00:31+00:00,5,"I have eaten lunch and dinner here and both were exceptional. This is a fine dining experience, Indian style. Table service includes a mouth-watering description of the menu which makes you wonder if the food could really be that good. It is. In fact it may even be better because in truth I enjoyed the flavours so much, the descriptions I heard beforehand had long since left my mind. Enjoy!",False,1,1,1,Dezie D.,en,"{'neg': 0.099, 'neu': 0.715, 'pos': 0.187, 'compound': 0.7316}",0.7316,0.187,0.099,0.715,positive
541,2017-10-06 13:29:53+00:00,5,"First and foremost, Indian Accent is expensive. HOWEVER, this does not mean it isn't worth far beyond its price. We have eaten here twice, and both times have been outstanding. If you ever have a reason to celebrate Indian Accent should be the place you go, over any other NYC restaurant.

As an aside, the menu can be incredibly intimidating (we had trouble producing more than half the words), but the service staff is patient, exciting and thoughtful. Not only do they tell you about the dish, but about its creation and reason for being. 

The food is downright perfect. Complex Flavors, over the top creativity, worldwide ingredients and cooked to perfection. You probably will never taste anything quite like it. 

I cannot give this restaurant enough praise, and cannot recommend it highly enough. Please go try it, and have any expectation exceeded.",False,0,0,0,Bryan M.,en,"{'neg': 0.062, 'neu': 0.697, 'pos': 0.241, 'compound': 0.9881}",0.9881,0.241,0.062,0.697,positive
540,2017-10-07 18:44:24+00:00,4,"Tried the:

Drink: upsi desi. 0/5. This was so weird, I couldn't drink more than a few sips. Super sour and weird. 

Drink: the almond, rose, coconut drink. 4/5. At first it's very weird to get used to because it's super sweet but it grew on me. Would love it if it were less sweet next time though. Also the portion is very small. 

Bleu cheese mini stuffed naan (amuse bouche) 5/5. Absolutely perfect and wish I had more. Such cute little nuggets

Pumpkin soup (amuse bouche). 4.5/5 It was like a spicy butternut squash soup. So perfect, and loved it. 

Soy keema with quail egg. 4/5. This tasted like a mix between Indikitch's spices, and Chipotle's tofu. It was good but don't think it was worth $14.

Sweet pickle ribs. 5/5. Delicious! Ribs were cooked so well, and it wasn't overpoweringly sweet or pickle-y. 

Ghee roast lamb with mini roti pancakes 5/5. Delicious again! Lamb was cooked so well. Came with a platter of sauces and cucumbers to build your own roti with. At first I was SO surprised how small a portion it is, but Indian food is really heavy. Still, for $34 that's not a lot of food (but you'll be glad you didn't eat too much). 

Soft shell crab 4/5. The crab was cooked well, the rice it came with was good, and the sauce was good but I didn't jive with the placement (they put it on the side of the rice, so basically one side of my rice was drowned in sauce and the rest of the dish wasn't). 

Kulcha - butter chicken 5/5. It was absolutely delicious but I was shocked at the small portion size. Was also very buttery. 

Black daal naan 0/5. Tasted to me like tomato sauce mixed with butter, except worse. Couldn't down this. 

Doda barfi 4/5. I thought it was good but heavy. Tasted like it has a LOT of butter. 

Service 4/5. Most of the staff was excellent but my two qualms were 1) every table except ours got hot towels. I sensed some sort of racism here. The table next to us (2 old white people) were waited on by the white manager (who did not wait on anyone else). He went through the entire menu with them, commented on their Ferragamo shopping bag, etc. Was very clear he was being selective. 2) It was my boyfriend's birthday so I expected them to comp the dessert as is typical for a restaurant to do, but they did not.",False,3,1,1,Lori Y.,en,"{'neg': 0.095, 'neu': 0.649, 'pos': 0.255, 'compound': 0.9984}",0.9984,0.255,0.095,0.649,positive
539,2017-10-07 21:24:35+00:00,3,"Finally checked off this place on my bucket list last night.
Simple and classy ambiance, no crazy decors. Super sweet and attentive staff. Bartenders are very talented and it's worth trying a proper cocktail! 

It threw us off that once you are seated at the table, you must chose from a 3 course, 4 course, or chef's tasting menu options. If you are someone with not so big appetite, you will not be able to pick and chose only few items from the menu and share with a friend. This option was only available at the bar. 

We ended up trying the 3 course option. 
Dosa, Mathri trio, and Potato Chaat were innovative and very flavorful! 
Saag & Chicken were good but a little on the bland side. 
Kulchas were okay and started to get chewy. 
The Makhan Malai was innovative and super fluffy and light! We were so full but couldn't stop! 

The place was slightly lower than my expectations, mainly because of the menu setup and the bland dishes mentioned above.",False,2,0,0,Henali P.,en,"{'neg': 0.137, 'neu': 0.689, 'pos': 0.174, 'compound': -0.3843}",-0.3843,0.174,0.137,0.689,negative
538,2017-10-08 14:19:20+00:00,5,"I've grown up eating Indian food and was skeptical about a fancy-fusion spin on the cuisine - but I was pleasantly surprised. Every bit of food we tried was delicious and authentic to an Indian flavor-palette. 

We decided to try the four-course meal option and started off with two amuse bouches- a ""shot"" of pumpkin-coconut-milk shorba and a bite-sized blue-cheese naan. Both were delectable and set the tone for an amazing meal to follow.

As a vegetarian, I was really happy to see that there were several meatless options. I tried the arbi paneer, soy keema/quail egg, beet/peanut tikki, and the dairy dal/butter naan accompaniment. The spice level was perfect across the board--I was expecting bland food, but everything was very flavorful and incorporated noticeable but understated fusion influences. I've never had a more soft, fragrant tikki and the paneer was perfectly cooked as well. 

For dessert, we tried the treacle tart barfi and saffron malai desserts - they were just too good and are 100% must-tries. 

That being said, the soy keema came with two very small pieces of pau bread - it could have used more in proportion to the curry, and the dairy dal was a bit too tomato-ey. I also wish that there were lassis available on the menu. But these issues were minor and didn't take away from the deliciousness of the meal! I can't wait to come back.",False,0,0,0,Sruti K.,en,"{'neg': 0.048, 'neu': 0.694, 'pos': 0.258, 'compound': 0.9969}",0.9969,0.258,0.048,0.694,positive
537,2017-10-10 20:52:59+00:00,5,"Excellent service, excellent food. Brought my co-workers here for lunch and they too were impressed by the food -- including the soft-shell crab and the stuffed naans. Service was great as well. Was not a fan of the dessert, but that's a matter of taste. Lovely ambiance; definitely a winner.",False,1,0,0,Jackie Y.,en,"{'neg': 0.023, 'neu': 0.574, 'pos': 0.403, 'compound': 0.9734}",0.9734,0.403,0.023,0.574,positive
536,2017-10-11 02:09:29+00:00,4,"Food- 4
Service-5
Value-4
Ambiance-4

For an upscale Indian restaurant, the decor is rather underwhelming. The menu is limited but original; the drinks menu is varied and interesting.

We were greeted with hot towels and complimentary pumpkin amuse bouche (can I get a bowl full next time, please) and Blue cheese naan (strong cheese flavor, can I have papad instead, Chef?!)

We decided to go for the 2 course lunch menu for $34pp. Our group of 3 got potato sphere chaat( a take on Indian tokri chaat), sweet potato chaat and pork with phulka (yum!)

For the mains I had dosa with mushrooms- honestly, I felt the flavors didn't go well together. On its own the dosa and mushrooms both tasted good. We also got the lamb with roomali Roti and it was an extra $10 supplement but was well worth it. The presentation was top notch with small rotis, different chutneys and fall of the bone lamb curry. The third dish was a chicken kofta with Kadhi; again the flavors did not work together, imho!

For dessert, the makhan malai lived up to the hype- it was light and airy and just so delicious. The dodha treacle tart was an Indian version of sticky toffee pudding- it was an instant hit and we cleaned out the plate.
Also got the Rose drink( ginger in it was weird) and a cocktail called Weekend at the manor- nothing spectacular for $17.

Total for 3 people with tax and tip came to $220 for 3 people for lunch- pretty steep. 

This is a special restaurant with a fresh take on Indian food and I welcome that. It is classy yet not snobbish at all- Although I would like the decor to be cutting edge modern or plush( either would be fine).

I might go back for the chefs tasting menu for $120pp but will wait for a special occasion to justify the cost.",False,0,0,0,Tulina S.,en,"{'neg': 0.072, 'neu': 0.715, 'pos': 0.212, 'compound': 0.9957}",0.9957,0.212,0.072,0.715,positive
535,2017-10-11 15:12:41+00:00,5,Eating at Indian Accent was more like an experience than a dinner. Everything from service to food was exceptional. We did four course dinner and tried one of their signature cocktails. Every dish was an absolute delight so was the cocktail. Food is very flavorful without overloading on spices. One of the few places in New York worth spending $100ish per person.,False,2,0,0,Priyanka S.,en,"{'neg': 0.0, 'neu': 0.804, 'pos': 0.196, 'compound': 0.9311}",0.9311,0.196,0.0,0.804,positive
534,2017-10-15 18:23:01+00:00,5,Beautiful experience. Indian food with contemporary decor. Long wait but it's worth it. Take your loved ones and it will be a nice surprise for them.,False,0,0,0,Deb N.,en,"{'neg': 0.131, 'neu': 0.453, 'pos': 0.416, 'compound': 0.9062}",0.9062,0.416,0.131,0.453,positive
533,2017-10-25 17:56:06+00:00,5,"What an amazing surprise this place is!!! I am so impress with the food, quality, service... this is what I call "" a True Culinary Experience!! If you are in NY, you MUST come eat hear. Absolutely perfection!",False,0,0,0,Ana M.,en,"{'neg': 0.0, 'neu': 0.622, 'pos': 0.378, 'compound': 0.9559}",0.9559,0.378,0.0,0.622,positive
532,2017-10-31 21:53:17+00:00,3,Food very good and diverse. Goat brains on menu so def not your traditional Indian restaurant.  Extremely slow and inattentive service keeping me from giving this 4 stars.  Took forever to get a first glass of wine. Yikes!! I'm not sure how the Michelin system works as this has a star but if you are looking for traditional Indian this is not your place. It's exotic food with exotic prices.  If you are a true foodie looking for something unusual and over the top this is your place.,False,0,0,0,F K.,en,"{'neg': 0.039, 'neu': 0.849, 'pos': 0.112, 'compound': 0.7686}",0.7686,0.112,0.039,0.849,positive
531,2017-11-02 05:48:05+00:00,5,"Hands down, my absolute favorite Indian restaurant in NYC. Not gonna pull the whole ""I'm Indian so I know Indian food"" card, but I've probably been to over 100 Indian restaurants so I know a good Indian restaurant when I find one :)

Indian Accent is actually one of a few successful restaurants that started in India and made its way to the States. They specialize in upscale Indian food, which is becoming more and more of a trend in the city and across the US. In my humble opinion, however, no one has succeeded in this particular niche as much as Indian Accent has. They take familiar Indian flavors and transform them into uniquely magnificent dishes that take it to a whole new level.

They offer a prix-fixe menu, and recently started doing a la carte at the bar and for lunch. However, do the prix-fixe....it's worth it!! For $75, you can chose any three items on their menu - as in, you can get three entrees and that's totally cool!!!! (And no, they don't change the portion size....mind-blowing, I know!) 

I've been here at least half a dozen times, and I am always finding reasons to come back! Although they make minor changes to their menu, my favorites are seemingly staples. I could literally eat the ghee-roast lamb every day of my life and die happy......

ps - this place is becoming quite popular and reservations are probably necessary.",False,4,2,5,Asmita S.,en,"{'neg': 0.042, 'neu': 0.82, 'pos': 0.138, 'compound': 0.9797}",0.9797,0.138,0.042,0.82,positive
530,2017-11-04 18:27:23+00:00,5,Oh my God. Best Indian food ever. Used to go to Vancouver just to eat at Vij's...Indian Accent is worth the trip to NYC!,False,1,1,1,Mike B.,en,"{'neg': 0.0, 'neu': 0.712, 'pos': 0.288, 'compound': 0.8172}",0.8172,0.288,0.0,0.712,positive
529,2017-11-05 12:52:34+00:00,5,"This place is busy! Came here last night for a 9:30 reservation. The place was packed so we were seated at the bar to wait until our table was ready. The manager told us there were people in the restaurant sitting from 7 pm who just wouldn't leave! 

Anyway, while we were waiting, the couple waiting next us started talking to me and told me it was their second time and that they were too waiting for their table but also that it was worth the wait. 

After about 20-25 mins our table was ready and we ordered the 3 course meal with a wine pairing. Let me tell you, the food is phenomenal. Not only is the presentation absolutely beautiful but the taste is out of this world! Our server was really good - he knew exactly what he was doing and he paired our wines perfectly with the food so another star for that! Anyway, please dont miss this place - add this to your list or whatever and if you are in NYC and celebrating something (this place can cost you around $150-$200 per person but trust me it is worth every penny) AND if you enjoy fine Indian cuisine then this place is perfect!",True,3,3,3,Komal R.,en,"{'neg': 0.044, 'neu': 0.749, 'pos': 0.208, 'compound': 0.9915}",0.9915,0.208,0.044,0.749,positive
528,2017-11-10 21:33:48+00:00,5,"The fusion of sweetness, savoriness, textures and just the right amount of heat is crafted in every dish here. 

While this place is expensive, it's worth every penny!

I will be back.",True,0,0,0,Eric A.,en,"{'neg': 0.13, 'neu': 0.729, 'pos': 0.14, 'compound': -0.2942}",-0.2942,0.14,0.13,0.729,negative
527,2017-11-11 01:36:27+00:00,5,The best food ever and Adeline was super great at the bar. She made awesome drinks and was a delight. Best food we have had in the US!! Must try for sure.,False,1,0,1,Niki V.,en,"{'neg': 0.0, 'neu': 0.468, 'pos': 0.532, 'compound': 0.9823}",0.9823,0.532,0.0,0.468,positive
526,2017-11-11 18:44:32+00:00,5,"Amazing food, best presentation...but super expensive....its like easily $100 For 1 person....i took 1 drink...but if u go for more ...u have to pay more....but must try for experience...its unique...",False,1,0,1,Prachi M.,en,"{'neg': 0.036, 'neu': 0.536, 'pos': 0.429, 'compound': 0.9468}",0.9468,0.429,0.036,0.536,positive
525,2017-11-13 01:46:54+00:00,5,"Indian Accent is just a block from Carnegie Hall, east of 7th Avenue, sharing space with Le Parker Meridian Hotel. Dinner at this place was truly exceptional. Incredible food with an unique Indian flavor, spice, and creativity. The tasting menu is absolutely delicious. I'll probably continue dreaming about the bites that are served on the house, especially the miniature naan filled with blue cheese. 

The cocktail selection is inspired and creative. There is a full bar with an interesting selections. Definitely try the Sazerac there from the cocktail list, it is truly exceptional. Service was excellent, efficient and unobtrusive.

While the price is much higher, it is definitely worth it! This is my favorite restaurant for date nights or any special occasion. Definitely worth a visit and make sure to give yourself enough time for the experience. Highly recommend this amazing restaurant.",True,9,5,5,Maulik M.,en,"{'neg': 0.016, 'neu': 0.647, 'pos': 0.338, 'compound': 0.9953}",0.9953,0.338,0.016,0.647,positive
524,2017-11-13 03:06:41+00:00,5,"Top 5 meal of my life. Staff was wonderful. Polished without being stuffy. The food was incredible. The Chicken Kofta, Butter Chicken and Sea Bass were our favorites. The Bengal Rice with Nan were the best appetizer I've had. Encourage starting with their Rose for a refreshing drink!",False,1,0,1,Kathryn D.,en,"{'neg': 0.0, 'neu': 0.674, 'pos': 0.326, 'compound': 0.9602}",0.9602,0.326,0.0,0.674,positive
523,2017-11-13 19:09:11+00:00,5,"This is so not your usual local Indian restaurant! We had an absolutely memorable dinner here. Dishes are presented as works of art with wonderful and delicious combinations of flavors. Try the four course dinner and do the wine pairing with it. It is a little pricey but you won't regret it. For appetizers, we did pass on the goat brains (just couldn't..!) but the smoked eggplant was yummy. The baked sea bass was cooked all the way but still buttery soft. Try the treacle tart for dessert. Yum.",False,0,0,0,Kochia S.,en,"{'neg': 0.021, 'neu': 0.75, 'pos': 0.229, 'compound': 0.9817}",0.9817,0.229,0.021,0.75,positive
522,2017-11-18 14:28:25+00:00,5,"AMAZING. we went in expecting things like ""chicken tikka masala"" to be on the menu, and they are not. But don't be deterred! We had the sweet potato appetizer, and beef tenderloin and ghee roast lamb as mains, and they were INCREDIBLE. Best Indian food of my life. Cocktails were amazing as well. You will not regret it. Just be sure you have a reservation- this place is packed!",False,1,0,1,Taylor F.,en,"{'neg': 0.014, 'neu': 0.615, 'pos': 0.371, 'compound': 0.9901}",0.9901,0.371,0.014,0.615,positive
521,2017-11-20 03:29:10+00:00,4,"Had a great dining experience here tonight! Everything from the service to the food was sublime. Each dish was beautifully presented by our waiter and amazing manager Christiano. Our favorites were the crab legs, lamb main dish, and the doda dessert! The naan bread paired with this lentil sauce was also absolute perfection. Can't wait to return!!",False,1,0,0,Nayla B.,en,"{'neg': 0.0, 'neu': 0.694, 'pos': 0.306, 'compound': 0.9721}",0.9721,0.306,0.0,0.694,positive
520,2017-11-20 04:02:15+00:00,5,"One of the best restaurants I have done a tasting menu at and they serve an expansive list of creative non alcoholic cocktails which are refreshing and fun. The tasting menu is offered both vegetarian and non vegetarian. The presentation of each course sung precision, harmony and flavor depth. One of their new additions, the dark cake, had a rich intensity beckoning on chocolate but contained no chocolate. The chef reimagined classic flavors in new innovative ways (strawberries with garam masala? A mint popsicle) and harmonized beautiful ingredients (morelle mushrooms) that left me longing for a return visit.",False,0,0,0,Kay K.,en,"{'neg': 0.053, 'neu': 0.736, 'pos': 0.211, 'compound': 0.9552}",0.9552,0.211,0.053,0.736,positive
519,2017-11-20 20:22:04+00:00,2,"The food was flavorful but not spectacular.  The fusion concept was a bit bizarre  - blue cheese inside a nan the size of a large coin had confusing flavors, there's no basmati rice, the 1/2 cup lamb stew was way too expensive for what it is.  I spent almost 200 dollars for a 2 course pre-fix option and was marginally pleased by anything I tasted.  The plating was pretty; the flavors unimpressive and the price way too high.  I have been to other delectable 9-course with wine pairing settings and Indian Accent fails by comparison.  What they succeed in is getting your money for a little frufru plating devoid of distinct fascinating flavors.  What a sad dining experience. Super Overrated!",False,0,0,0,Bernardita C.,en,"{'neg': 0.205, 'neu': 0.585, 'pos': 0.211, 'compound': 0.4593}",0.4593,0.211,0.205,0.585,positive
518,2017-11-20 21:28:56+00:00,5,"Wow! Came here for a work lunch and I was really impressed. This isn't standard, saucy Indian food that makes you want to go to sleep after. It's light, flavorful and creative. Splurge for the tasting menu, it is absolutely worth it. I especially enjoyed the saffron mousse dessert with rose petals, almonds and gold. Really wonderful meal.",False,1,1,1,Sarah C.,en,"{'neg': 0.04, 'neu': 0.61, 'pos': 0.351, 'compound': 0.9734}",0.9734,0.351,0.04,0.61,positive
517,2017-11-22 13:43:19+00:00,4,I would say it's more 3.5 stars -Ambiance - somewhat underwhelming - food - is a hit or miss based on what you order. We were party of 5 and each of us got an unique dishes and for the most part the food was good. I would suggest sticking to the more Indian dishes. I think the fusion dishes were a miss. the ribs and beef tenderloin were less than appetizing in my opinion. The beef dish in particular just didn't work. The desserts and drinks were fantastic. Overall we all agreed that it was a good experience to try it once but weren't sure we would repeat.,False,0,0,0,Vibha P.,en,"{'neg': 0.082, 'neu': 0.804, 'pos': 0.114, 'compound': 0.5368}",0.5368,0.114,0.082,0.804,positive
516,2017-11-24 20:49:09+00:00,4,"This restaurant had been on my watch list, and finally got a chance to try. The food is very good and chef has unique take on the traditional Indian dishes. Treacle tart is a must have. I'd also like to call-out that portion sizes are a bit too small.",False,0,0,0,Abhishek K.,en,"{'neg': 0.074, 'neu': 0.782, 'pos': 0.143, 'compound': 0.4005}",0.4005,0.143,0.074,0.782,positive
515,2017-11-25 04:17:38+00:00,5,"Inventive. Fun. Playful. Most important of all, brilliant food. 
So happy to dine here tonight with the husband. Both of us enjoyed the 4-course with wine pairing. 
1. Pumpkin soup with blue cheese kulcha - bite size, perfect. Burst of flavor. Amuse-bouche. 
2. Trio of Mathris - loved it. Both the eggplant and chicken stayed true to their name. Nice touch to have customized paper for the cones! 
Crab claws - husband could not stop raving, a little short of licking his fingers
3. Jackfruit with phulka - tangy, crunchy, creamy, spicy, sweetish all at the same time. Phulka was good. A fun course to have! 
4. Beef tenderloin with pepper sauce, caper raita - peppery goodness. 
Lamb with multiple sauces and roomali roti : Husband's dish. Stole more than a bite. 
Roomali roti is a really thin streteched roti which is RARELY available in the US, and is hard to perfect. Having tasted this roti, it is true to it's name and big points on technique! I would come back here just for this dish! 
5. Dessert - Malai makkhan and doodhi burfi, both really good. Malai makkhan, light airy and fluffy. The burfi, similar in texture to a sticky toffee, but reminded me of home. Loved it, and hit the spot! 
Digestives after - Chikki/peanut brittle, sesame chikki,  candied amla to cleanse the palate, and chooran/digestive. 
Wine pairing was good, serves were exceptional and knew the food. Decor is simple and subdued.",False,1,0,0,Zestlife V.,en,"{'neg': 0.009, 'neu': 0.814, 'pos': 0.177, 'compound': 0.9892}",0.9892,0.177,0.009,0.814,positive
514,2017-11-28 14:03:18+00:00,5,Really interesting and sophisticated use of Indian flavors and traditions.  Great service and beautiful food presentations.,False,1,0,0,Gena D.,en,"{'neg': 0.0, 'neu': 0.447, 'pos': 0.553, 'compound': 0.9419}",0.9419,0.553,0.0,0.447,positive
513,2017-12-02 21:07:51+00:00,5,"Best place for indian food in NYC. Food, drinks, service, decor all outstanding. Flavors that you wont get anywhere else. I really loved the ribs and prawns. Barbary coast cocktail was awesome. Bacon Kulchas are a must have. We will eat here every time we come to NYC.",False,0,0,0,Dyson R.,en,"{'neg': 0.0, 'neu': 0.718, 'pos': 0.282, 'compound': 0.9552}",0.9552,0.282,0.0,0.718,positive
512,2017-12-02 23:24:06+00:00,3,"Indian Accent was on my list to try out when a colleague suggested that it is one potential Michelin grade/ star Indian fine dining experience after my recent disappointment with Junoon. This is what my honest opinion, not as an expert in grading by any means but as a vehement lover of Indian cuisine in dire search of authenticity, innovation and love for it. 

Food- excellence in itself. 5/5. We had 8 course chef choice. 95 bucks per head. First 4 courses were appetizers- a very creative version of potato chat, kashmiri kofta, punjabi kulchas with dal makhani n yoghurt and corn cheese nuggets. Delicious, perfect balance of spices, a treat for the palate. Complimentary pumpkin soup and blue cheese naan were also served- exquisite. 5th course is the entree- I had dosa and hubby garden vegetable entree- he loved his, I was expecting a bit more. While it was mini dosa made to perfection, I honestly missed dipping sambhar or rasam and the best part of south indian meal- the coconut, coriander and tomato chutneys! I did appreciate the flavor of sambhar in the vegetable medley at the bottom of my dosa hut, however, my plate missed the colors n a touch of creative authenticity as was represented by the appetizers. The last 3 were courses with desserts and this was the best part of our meal. The chuski in delicious tangy dipping, the out-of-the-world saffron almond makhan malai and the absolutely perfect warm dhodha burfi with vanilla icecream comprised of a great end to the meal. The palate cleansers were however disappointing. While I am a fan of fatafat, the true essence of any indian meal would probably be with the flavors of pan, supari and desi fennel. 

Management- Several concerns. For the potential of the kitchen, the management is a weak link. The staff was not knowledgeable. While certain folks were more helpful and prompt, there is a clear lack of grace. Service is good but no where close to getting a grade. We waited 25 minutes between our entree and first dessert and had to remind the server twice who had mistakenly forgotten. That set the experience from a 5 star to 3. 

Cocktails- Mine was pretty good 4/5 but hubby's Manhattan was watered down. Average cocktails over all. Definitely not worth the price.

Price for the experience- Based upon my previous indian food experience ranging from roadside street food to fine dining, I don't think I got what I paid for. There is a very obvious disconnect between the level of service by the kitchen and the service itself. This significantly compromises the experience overall- which indeed is what we pay for. It is unjust to the hardwork that is put in creating these fabulous dishes and it breaks my heart. Additionally, the cocktails were somewhat disappointing. 

Again?- Probably not.",False,5,3,5,Nish S.,en,"{'neg': 0.1, 'neu': 0.647, 'pos': 0.253, 'compound': 0.9988}",0.9988,0.253,0.1,0.647,positive
511,2017-12-03 00:53:51+00:00,4,"Beef tenderloin ok only.
Winter vege was solid.
Don't love duck naan dealio.
Don't need the lentil app.
Still love the trio and they allow you to substitute so I remove the eggplant.
Beef with marrow app not bad 
Excellent service",False,0,0,0,aaron h.,en,"{'neg': 0.288, 'neu': 0.578, 'pos': 0.135, 'compound': -0.8582}",-0.8582,0.135,0.288,0.578,negative
510,2017-12-05 16:47:18+00:00,5,"This is my most favorite upscale modern Indian place.  I sat at the bar and ordered a la carte.   If you sit in the dining room, it's fixed menu which looks fantastic.  They served this delicious broth or consommé before the meal.  It was so delicious that the person next to me was in as much awe as I to point they served another.  I ordered a beef dish and the sauce was divine.  I plan to return for my upcoming bday and experience the dining room and fixed menu.  Beautiful ambiance and excellent service.",False,1,0,0,Terri W.,en,"{'neg': 0.0, 'neu': 0.676, 'pos': 0.324, 'compound': 0.9922}",0.9922,0.324,0.0,0.676,positive
509,2017-12-05 19:22:35+00:00,5,"This one deserves a Michelin 2* status!

Definitely need reservations. This is not a place to sit by the bar and spend $200/person on Chef's tasting experience. 

Talking about the bar they have a well stocked collection of single malts. 

Don't want to spoil your experience. Just sit there and enjoy. The chef keeps sending some surprise delicacies made with authentic ancient recipes that'll hit the spot. Some were his own inventions like mini blue cheese filled naans, spicy coconut cream soup in tiny cups, and mini ice golas!

Every thing we had was simply Amazing. 

5* presentation (and outstanding taste)

The highlight was their fluffy Makhan Malai desert. Simply mind blowing! Giant proportion topped with real Gold flakes! Beats any desert I've ever had! 

 Will definitely go there again. And many more times just for that Makhan Malai desert.",False,2,1,1,Shyam M.,en,"{'neg': 0.033, 'neu': 0.798, 'pos': 0.169, 'compound': 0.9659}",0.9659,0.169,0.033,0.798,positive
508,2017-12-05 22:08:40+00:00,2,"Ok.

Just OK.

That's how I'd describe our meal.

I know Indian food very well having grown up with it, and this obviously is an attempt to elevate the flavors and present them in a more creative way.  That being said, there's no excuse for why the goat brains dish has the exact same flavor profile as the mathri trio (where the duck, eggplant and chicken all tasted the same).  This is really unfortunate and unacceptable for a restaurant at this price point.  

Similarly, as we were dining off the regular dinner menu (and not the bar menu), we really didn't appreciate sitting in the bar area. We were there for a special celebratory dinner (which they inquired about while making reservations, but then ignored while we were there... if you're not going to make any attempt to observe the celebration, just don't ask) and really disliked sitting smack in front of a noisy bar. It takes away from the whole experience.

The stand out dishes were the ghee roast lamb, where the chutneys really add some extra flavor and tantalize your taste buds, but this similar nuance of flavor is missing from most dishes. My husband also enjoyed the prawn koliwada.  And the complimentary soup that arrived at the start was an amazing start- I just wish more of the dishes had similarly beautiful layered notes.

Final verdict: would not return",False,1,1,1,Stella R.,en,"{'neg': 0.115, 'neu': 0.769, 'pos': 0.116, 'compound': 0.0876}",0.0876,0.116,0.115,0.769,positive
507,2017-12-06 11:50:08+00:00,5,"Best meal and service i had! The food was wonderful, presentation gorgeous, and the bartender's attention to detail amazing. Everything was just excellent!",False,2,0,0,Claire S.,en,"{'neg': 0.0, 'neu': 0.46, 'pos': 0.54, 'compound': 0.9682}",0.9682,0.54,0.0,0.46,positive
506,2017-12-07 02:43:20+00:00,1,"No idea why this place has such a high rating. The food wasn't very good, it was SO expensive, and the portions were small!",False,1,1,1,Allie N.,en,"{'neg': 0.443, 'neu': 0.557, 'pos': 0.0, 'compound': -0.9446}",-0.9446,0.0,0.443,0.557,negative
505,2017-12-09 15:39:24+00:00,5,"Fantastic pre-theater dinner! 2 courses, for us,it would be hard to eat more, unless you had dessert. Each bite was a party in my mouth, husband said so,too! To begin, there was a chefs tasting, amazing soup and blue cheese filled naan. Pickle Rib, sweet potato for an appetizer, and both were great. The deconstructed lamb and mini roti with butter chicken filled naan are a must! Sea bass was so unique and delicious. Loved our meal, we will be back! Yum!",False,0,0,0,nancy h.,en,"{'neg': 0.014, 'neu': 0.694, 'pos': 0.293, 'compound': 0.985}",0.985,0.293,0.014,0.694,positive
504,2017-12-11 00:12:18+00:00,3,"The food was delicious, but the service was subpar for the price. Not only did the restaurant make us wait 45 min to be seated for our 9pm reservation, but the waiter wasn't helpful with explaining the menu. When we asked for highlights or favorites on the menu, he merely recommended everything. For this price scale, you'd think they'd be better with letting their reservation guests know ahead of time that there would be a delay in seating. There were at least 4-5 parties ahead of us that were also left waiting- lots of disappointed faces in the crowd.

The food was tasty and the drinks were unique. My favorites were the chef's complimentary blue cheese stuffed mini-naan bread with a sippable warm curry, butter chicken kulcha, and the soft shell crab. Enjoyed it, but would recommend you spend the $$$ elsewhere. There are so many more restaurants with better food and exceptional service.",False,2,0,0,Alex C.,en,"{'neg': 0.111, 'neu': 0.66, 'pos': 0.229, 'compound': 0.973}",0.973,0.229,0.111,0.66,positive
503,2017-12-12 01:02:38+00:00,5,Indian accent was delicious! All the vegetarian options were delicious. It's a bit pricy but perfect for a special occasion! My husband took me here for my birthday and my favorites were the makhan malai dessert and the bengal rice khichdi with crispy lentils. His favorite was the paper roast dosa with mushrooms and water chestnuts and he's South Indian so I trust his opinion on dosa!,False,0,0,0,Rachna P.,en,"{'neg': 0.027, 'neu': 0.585, 'pos': 0.389, 'compound': 0.9899}",0.9899,0.389,0.027,0.585,positive
502,2017-12-12 03:04:16+00:00,5,"Wow! Indian accent was not what I expected in all the best ways possible. My local friend Tiffany recommended this place to us. The staff was incredibly attentive and receptive. They gave fabulous recommendations on eats and drinks based on our tastes and everything was superb. They knew we had a show to get to, and were attentive to the length of our dinner to get us there on time. I appreciate every detail they put into the service and experience from beginning to end. Also what is that coconut stuff they served at the beginning!? Oh my goodness can someone ship that to me!!? It was so unbelievably unexpected and absolutely delicious. Thank you Indian accent for being awesome!!!",False,0,0,0,Kate P.,en,"{'neg': 0.0, 'neu': 0.668, 'pos': 0.332, 'compound': 0.995}",0.995,0.332,0.0,0.668,positive
501,2017-12-12 08:40:03+00:00,5,"Excellent food. Fresh ingredients and really nice flavors in every dish. The staff was very friendly and attentive.  Dishes were very delicious and presentation very interesting. I highly recommend the chef's menu, which delights with flavors from all over India.",False,0,0,0,Eleanor R.,en,"{'neg': 0.0, 'neu': 0.453, 'pos': 0.547, 'compound': 0.9901}",0.9901,0.547,0.0,0.453,positive
500,2017-12-13 15:46:09+00:00,5,Really good food and amazing service. We went with the $90 choice of 4 items. Yes that does mean you can go with 4 entrees but don't do that. Choose one dish from each section to get a feel of different textures. Between my husband and I we got 8 different items and every single one was outstanding. For the dessert the doda barfi was so amazing. The servers are very attentive and polite. The ambiance is great as well- it's not snooty or snobbish in anyway - it has a warm vibe.,False,1,0,0,Double Infinity P.,en,"{'neg': 0.0, 'neu': 0.634, 'pos': 0.366, 'compound': 0.9929}",0.9929,0.366,0.0,0.634,positive
499,2017-12-13 23:00:29+00:00,2,"The food is just OK not bad but not great either - quantity is small and price is high. Expectations should go up too. But then how can we understand why people like this place? They have not been to a better place. I would recommend Tamarind - far far better - both food and service. They goofed up on my bill - did not match and luckily I had a pic of the ""Restaurant copy"" but the manager Cristiano was unapologetic about their mistake which i would consider sacrilegious - changing the amount the customer signs off on should be a no-no. But I am not upset because I don't expect much out of this place - there are better places in NYC.",False,0,0,0,Avatar K.,en,"{'neg': 0.24, 'neu': 0.678, 'pos': 0.081, 'compound': -0.9797}",-0.9797,0.081,0.24,0.678,negative
498,2017-12-24 03:29:44+00:00,5,"As I write this 5-star review of Indian Accent, I almost want to go back to all of the 5-star reviews I have written for other businesses, and knock them down a star. Few, if any, of them quite match Indian Accent with respect to the joys of dining I have experienced here. 

One thing I order on every visit is the bone marrow nihari with pathar kabab. These two dishes (nihari and pathar kabab) are traditionally served separately. For as far back into my youth as I can remember, I have ordered and eaten them together because they just tasted so good together; I have always thought of these two different delicacies as a match made in food heaven. Imagine my delight to finally discover a restaurant that shares this sentiment, and serves these items as a single, combined dish! 

For dessert, I'm always torn between the makhan malaai and the doda barfi treacle tart. 

Service is courteous and professional, and I believe reservations are required (I've never shown up without one; just didn't want to risk getting turned away and not getting my nihari/kabab fix!).",True,10,5,11,Kashif K.,en,"{'neg': 0.01, 'neu': 0.837, 'pos': 0.153, 'compound': 0.9796}",0.9796,0.153,0.01,0.837,positive
497,2017-12-24 19:37:06+00:00,2,"The food was average (some things excellent and others not good), but the killer here is the service. If you want to check it out, order appetizers (decent but aesthetically A++) and dessert (SO GOOD). Just don't expect the staff to be helpful or polite. Oh, and the drinks weren't anything special.

Some items on the menu were very good, including the soft shell crab, appetizers, and the conical dosa. Other items made it feel like the kitchen is still experimenting to solidify their menu. Their breaded paneer dish left something to desired, and there's really only so many ways to make some of the basic lentil dishes / palak / saag...

My main complaint was that our server was not polite, which is really unacceptable at this price point. After contacting management they partially comp'ed my meal (~50%) but with a gift card so I guess I'm forced to go back... meh",False,1,1,1,Daniel C.,en,"{'neg': 0.183, 'neu': 0.642, 'pos': 0.175, 'compound': -0.6939}",-0.6939,0.175,0.183,0.642,negative
496,2017-12-30 02:40:52+00:00,5,"Ok.  Besides one of the dishes in our tasting menu, we enjoyed everything else including the wine pairings!  Also, presentation was beautiful and the Service was wonderful too.  We just left all too full - and might opt for a smaller tasting menu or a la carte next time.  A friend brought me here for my bday and I thought it was great.  Great place for a special evening or occasion!",False,0,0,0,Emma P.,en,"{'neg': 0.057, 'neu': 0.651, 'pos': 0.292, 'compound': 0.9665}",0.9665,0.292,0.057,0.651,positive
495,2018-01-01 21:19:08+00:00,2,"Are there some solid dishes here? Yes. But does it justify the price or make you want to trade in your favorite Indian joint? Not even close. We did the four course menu and our dishes ranged from decent to good, but never spectacular. The biggest letdown was the wine pairings. Most were way too sweet and didn't do much for the food it came with. I would suggest passing on the pairings and following your own palette.",False,0,0,0,Mike M.,en,"{'neg': 0.103, 'neu': 0.723, 'pos': 0.174, 'compound': 0.4234}",0.4234,0.174,0.103,0.723,positive
494,2018-01-02 01:54:27+00:00,4,"Always a pleasure to be here. 
But please take care of cold dishes to the table.
Also, when it's sent back, please do not reheat n send the same thing back. 
It really threw us off!!!",False,0,0,0,Harry S.,en,"{'neg': 0.086, 'neu': 0.625, 'pos': 0.289, 'compound': 0.8565}",0.8565,0.289,0.086,0.625,positive
493,2018-01-02 19:40:33+00:00,5,"We came here on New Year's Eve and did the pre fixe with wine pairing. It was pricey, the meal with gratuity ($125 dinner, $70 wine pairing and tips) was about $250 per person...but it was so worth it. There was a LOT of food. My personal favorites were the puchka shots, the appetizers, butter chicken naan and the sarson ka saag..everything was splendid. Would definitely come back here!",True,1,0,0,Nivi R.,en,"{'neg': 0.051, 'neu': 0.797, 'pos': 0.153, 'compound': 0.7954}",0.7954,0.153,0.051,0.797,positive
492,2018-01-04 04:28:06+00:00,1,"Can't review the food bc we were never able to order. This is on the service and experience. Walked in and sat at the bar. Only a couple of guests were in the restaurant. The bartender was AT the bar. Literally behind the bar, but if still took her 10-15 minutes to greet us. Then poured water. No order. She eventually asked what we wanted. I got a beer. She poured it. My date ordered a glass of wine. The bartender poured a sample, then walked away. She didn't come back for 5 mins. She eventually came back and finished the pour and left again. Guess we can't order food. She was not blatantly rude, but extremely pretentious and dismissive. We were going to order good but why bother. We drank or beverage, paid and went down the street the Bengal Tiger (which was amazing BTW). Can't comment on the food but this still leaves a bad taste in my mouth. No thanks. Change your staff and/or attitude.",False,0,1,1,Shawn A.,en,"{'neg': 0.149, 'neu': 0.741, 'pos': 0.111, 'compound': -0.867}",-0.867,0.111,0.149,0.741,negative
491,2018-01-05 05:30:49+00:00,5,"My review is solely for the dessert I had and the impeccable service I received. I came in rather late on a weekday night, very close to closing time but they were happy to accommodate me for dessert at the bar. I had the makkhan malai which is quite possibly one of the lightest Indian desserts I've ever had. I'm honestly not a huge indian dessert fan so this says a LOT. If I had more time in NYC I'd definitely try all of their desserts- especially that kheer, and a round 2 of makhan malai wouldn't disappoint either!",True,0,0,0,Unaiza P.,en,"{'neg': 0.023, 'neu': 0.797, 'pos': 0.18, 'compound': 0.9537}",0.9537,0.18,0.023,0.797,positive
490,2018-01-06 03:10:50+00:00,3,Service 5 stars. Value for money - can't ask for much given it's supposed to be high end. Ambiance - average. Food quality - mediocre at best. We had the chef tasting menu. Every dish except the fenugreek tart was OK (far from spectacular though). The fenugreek tart filled with spinach curry that really lacked in flavour. Not very impressed.,False,0,0,1,Abhiram N.,en,"{'neg': 0.268, 'neu': 0.645, 'pos': 0.087, 'compound': -0.9413}",-0.9413,0.087,0.268,0.645,negative
489,2018-01-10 22:11:12+00:00,5,"Had such a wonderful time at Indian Accent today! As a first time diner, I was not disappointed. Two friends of mine decided to stop in for lunch and boy are we glad we did. The lovely hostess, Karishma, took our coats and bags and brought us to the bar. Manny, our bartender took great care of us while also making great recommendations and keeping light conversation. 

The food was to die for. It started out with some amuse, and some pumpkin coconut shorba. Can someone get me a recipe for this?! I could eat this all day! Next I had the sweet pickles rib, it was marinated beautifully and melted in your mouth. My friends also got the sweet potato and ribs as well. We also tried the pulled jackfruit phulka. Who would've thought jackfruit tasted so good. It was almost like a little taco that was bursting at the seems with flavor. Our next course we shared dosa, prawns, black dairy dal, an aloo kulcha and naan. All tasted wonderfully, but I especially loved the scallops and prawns! We also tried the soy keema. Though the best part of the meal was the dessert, the doda barfi was simply exceptional. Coming in a close second was the meethe chawal! Overall, brilliant ideas and food.

Huge shoutout to our bartender Manny, who took care of us with all of our needs and food accommodations (one of us is vegan). Also the managers Mark and Richard both stopped by to see how we were enjoying our meal and made polite conversation. As we were leaving we thanked the chef who came up to see how we enjoyed everything. 

In the end, Karishma helped us assemble our things and thanked us all for coming. She has such a great personality and really topped off our meal. She asked for highlights of our meal and asked our overall comments on the experience. I had nothing but amazing things to say! I will certainly be back in the future! Thanks, Indian Accent!",False,1,1,0,Taylor N.,en,"{'neg': 0.035, 'neu': 0.728, 'pos': 0.237, 'compound': 0.9978}",0.9978,0.237,0.035,0.728,positive
488,2018-01-13 21:38:21+00:00,4,"Food and cocktails were both great. I especially enjoyed the saffron dessert. I think it's overpriced though, and service was rather slow.",False,0,0,0,Nicole I.,en,"{'neg': 0.275, 'neu': 0.489, 'pos': 0.235, 'compound': -0.3197}",-0.3197,0.235,0.275,0.489,negative
487,2018-01-14 01:44:17+00:00,5,One of the finest dining experiences I've had in New York. Ambiance is both warm and energetic. The food....and service.... outstanding! I'll be back for sure.,False,3,0,0,Tiffany P.,en,"{'neg': 0.0, 'neu': 0.659, 'pos': 0.341, 'compound': 0.8858}",0.8858,0.341,0.0,0.659,positive
486,2018-01-16 20:05:38+00:00,5,"After an afternoon shopping @ 5th, we ended up in this great restaurant. A great experience & the best indian restaurant I ever visited.",False,2,0,0,Sven B.,en,"{'neg': 0.0, 'neu': 0.549, 'pos': 0.451, 'compound': 0.9428}",0.9428,0.451,0.0,0.549,positive
485,2018-01-19 00:45:07+00:00,5,"An incredible tasting experience with lovely servers inside a beautifully-adorned interior. Highly, highly recommend not just as a meal but as a thorough gastronomic adventure into artfully altered Indian classics. 

As a New Year's Day treat, my family and I set off into exploring the dinner menu. We had so much fun picking apart the flavors as no dish had too much or too little complexity - just the right amount to prompt a 'there's something unusually great added to this!' Sharing our courses between us, we tried:

Appetizers
Yogurt and goat cheese kebab, pickled beet - highly recommend for the veg eaters at the table; 
Potato sphere chaat, white pea mash 
Crab claws, butter-pepper-garlic, cauliflower
Bheja fry, goat brains, khasta roti - my first time trying goat brains, and though skeptical to start, I was pleasantly surprised 

Between the apps and mains, Indian Accent includes ""mid-courses,"" my favorite of which was the soy keema, quail egg, lime leaf butter pao combination served in a small clay pot. 

For the mains, I loved the winter vegetables, punjabi kadhi (and I have very high standards for kadhi), but the sea bass shone as the category winner.

Having tasted the most authentic Indian desserts of Amritsar, Mumbai, and Delhi, we almost ignored the dessert section entirely before being convinced by our server that we might be missing out - and he was right. The meethe chawal was unlike anything we'd tried before, finishing off our evening with another classic reinvention. 

The cocktails were incredible too, in case you opt out of the wine pairings!

Small note, my main course was served cold, but they quickly brought out a new dish once alerted.",False,4,0,0,Shivangi K.,en,"{'neg': 0.079, 'neu': 0.737, 'pos': 0.184, 'compound': 0.9897}",0.9897,0.184,0.079,0.737,positive
484,2018-01-19 18:05:25+00:00,3,"For this much money, I expect the flavors to blow me away. Everything was good, nothing was great. Dining room is beautiful, presentation is spectacular, and service is impeccable, but I eat for the taste. 
At this price point, I expect more.",False,0,0,0,R. H.,en,"{'neg': 0.05, 'neu': 0.846, 'pos': 0.103, 'compound': 0.3078}",0.3078,0.103,0.05,0.846,positive
483,2018-01-24 02:15:07+00:00,3,"It was time to choose a fine dining,  special occasion venue for our Anniversary and usually we pick a Japanese restaurant however this time we decided to think outside the culinary box and to try something different. A quick Yelp  search for ' Best Indian fine dining restaurant ' threw up Indian Accent as the main contender. The reviews were mainly very positive so off we went .
Before arriving at the restaurant  I have to admit I conjured up images of food served in gold platters in a grand palatial  hall dimly lit  with opulent furnishings . The truth could not have been more different. The restaurant was decorated in a very modern style with a very bright light fixtures piercing down at the diners. Although we arrived 30 mins past our reservation due to the unreliability of the weekend NYC subway system , the manager gave our hostess the nod to seat us. Truth be told I was  ready to burst out in melodramatic display of emotion - the sort that might garner an Academy award had we been turned away from the restaurant. Perhaps it was just as well for the sake of the finely dressed diners who really seemed to be enjoying the food and company. 
We noticed many Indian families consisting of dad, mom and young adult children and considered that as always to be a good sign. 
Our menus arrived and my husband picked the vegetarian 8 course meal  and I went for the 8 course  meat version. The food while superb was minuscule and left us wanting for more. We felt the restaurant was well named as the food was fusion with a mere Indian accent. For example : they served little pita bites with a teaspoon of butter chicken which resembled pizza bites. One dessert was a  ( mini ) treacle tart.   
Would we return? Probably  not but as we headed out for pizza we unanimously agreed that we had a fun experience and a great albeit tiny anniversary meal.",False,1,0,1,Wenn S.,en,"{'neg': 0.034, 'neu': 0.83, 'pos': 0.136, 'compound': 0.9785}",0.9785,0.136,0.034,0.83,positive
482,2018-01-25 02:18:26+00:00,5,"We had reservations to celebrate a birthday. While we waited for our table we ordered drinks at bar. They had creative cocktails such as a Moscow mule with a twist and the Upsy Desi drink which was unique as well as ""mocktails"" such as a rose almond milk type of drink. Both were really great. We decided on the 3 course tasting menu. They brought out complimentary Chef's Tasting of roasted pumpkin shorba and blue cheese stuffed naan. Both were excellent. We ordered a bunch of vegetarian items. Our favorites were the pulled jackfruit on top of a layered bread, winter root veggies tart, lentil stew (kichdi) and the stuffed paneer makhani naan. The mushroom dosa was interesting as well as the sweet potato sphere chaat. At the end they served a tray of digestives. For dessert they put a candle on our makhan malai since we specified during reservations that we were celebrating a birthday. The staff and management were so professional and courteous. While they weren't Indian they knew the history behind the cuisine which was impressing. I highly recommend this restaurant and can't wait to come back for another special occasion.",True,0,0,1,Shivani S.,en,"{'neg': 0.0, 'neu': 0.76, 'pos': 0.24, 'compound': 0.9941}",0.9941,0.24,0.0,0.76,positive
481,2018-01-28 05:04:01+00:00,5,Great food and fantastic cocktails! The food tastes very authentic. The presentation is very western. The service was good. We tried the chefs tasting menu.,False,1,0,0,Simran S.,en,"{'neg': 0.0, 'neu': 0.669, 'pos': 0.331, 'compound': 0.8977}",0.8977,0.331,0.0,0.669,positive
480,2018-01-30 04:06:42+00:00,5,"I first went to the one in New Colony, Delhi and then NYC. So delicious! Order the tasting menu to sample all of the flavors. Cocktails and mocktails are amazing...",False,1,0,0,Megan M.,en,"{'neg': 0.0, 'neu': 0.787, 'pos': 0.213, 'compound': 0.862}",0.862,0.213,0.0,0.787,positive
479,2018-01-30 20:02:22+00:00,5,"The loveliest dining experience I have had, at some moments I truly felty the food was too pretty to eat! We were asked several times if our food was okay. The server was so attentive. The chef also sent out blue cheese stuffed naan that made everything wonderful. The food was creatively presented, perfectly spiced, and just the right portion size to make it through the whole meal. I would recommend to anyone on a special occasion, it was the best way to kick off our adventure weekend.",False,1,0,1,Samantha O.,en,"{'neg': 0.027, 'neu': 0.661, 'pos': 0.311, 'compound': 0.9853}",0.9853,0.311,0.027,0.661,positive
478,2018-02-04 16:30:28+00:00,5,"This is one of the best Indian restaurants on east coast. Food, that makes you crave for more. Very authentic. We went for chef's menu which is worth every cent. Service was amazing as well.",False,0,0,0,Abhishek W.,en,"{'neg': 0.0, 'neu': 0.721, 'pos': 0.279, 'compound': 0.9001}",0.9001,0.279,0.0,0.721,positive
477,2018-02-06 20:04:27+00:00,4,"Was looking for something different for a special night recently and stumbled across this restaurant listed on Zagat.

1/ It was awesome
2/ Although pricey it was nice to have a dinner in a restaurant and actually be able to hear my date and have a regular volume conversation (eg tables are nicely spread out and the height of the room means volume is nicely hushed).

We had the ""tasting menu"" lol have no idea how many actual courses with the various little tasting tidbits (13? 15?) but by the end we were waving the white flag and saying we surrender. Although each bite is quite small they were amazingly tasty and unique from course to course.

Out of every course they only 'missed' on two of them (eg 'duck pancake' and the 'sticky date pudding') but every other dish I'd very willingly come back for - including some that I'm coming back to particularly try.

Highly recommend.",False,1,0,0,Dean C.,en,"{'neg': 0.057, 'neu': 0.8, 'pos': 0.144, 'compound': 0.9376}",0.9376,0.144,0.057,0.8,positive
476,2018-02-08 16:46:53+00:00,5,"This place is a gastronomical delight. Great quality of service, innovative food essentially Indian but served in a way that feels western. I tried the bheja fry as an appetizer as well as chicken kofta and Kadi for the main course. The cocktails are different so I will not have them again and stay with flavors I am familiar with. I'd recommend his place despite the price. You guys need to open a place in San Francisco too.",False,1,0,0,Vin M.,en,"{'neg': 0.0, 'neu': 0.839, 'pos': 0.161, 'compound': 0.8968}",0.8968,0.161,0.0,0.839,positive
475,2018-02-09 15:49:40+00:00,5,"This place is a gem - great, interesting food and attentive, informed service. We enjoyed our meal, drinks and service. Last night was my 3rd trip for dinner, and it did not disappoint. The flavors are amazing, the presentation is top notch, and the ambiance is casual elegance. Dishes are complex and vary from adventurous like goat brains (delicious) to black dairy dal to beef tenderloin - but not the usual chicken tikka or lamb biryani. Highly recommend.",False,1,0,1,Eric K.,en,"{'neg': 0.012, 'neu': 0.701, 'pos': 0.287, 'compound': 0.9599}",0.9599,0.287,0.012,0.701,positive
474,2018-02-13 22:28:39+00:00,5,An amazing experience from beginning to end!  Each course more delicious than the next we will be sure to come back our next visit to NYC.,False,1,0,1,Yvonne F.,en,"{'neg': 0.0, 'neu': 0.627, 'pos': 0.373, 'compound': 0.9401}",0.9401,0.373,0.0,0.627,positive
473,2018-02-15 13:52:11+00:00,4,"Came here for dinner. So as a non Indian these are my opinions. I enjoyed the high end ambience, and a different flavor style. They have very different dishes so if you come here be ready to experiment and to enjoy some spice- everything is very spicy. I would recommend this place to someone looking at dishes and just ready to jump in and try something different, the chef is very creative. The downside to this place is the 20 mins between courses, they are very slow bringing out food.",False,1,0,0,Jaclyn G.,en,"{'neg': 0.055, 'neu': 0.772, 'pos': 0.173, 'compound': 0.8979}",0.8979,0.173,0.055,0.772,positive
472,2018-02-15 16:03:12+00:00,5,"Went for Valentine's, a set menu, but everything given was a taste of heaven and unique. My Valentine who accompanied me to dinner loved it herself and some items reminded her of food she's had in the past. It was the 2nd time I've tried Indian Food in my life. The first being at a coworkers Indian Wedding but I much younger. We had a 5 course meal of appetizers, entrees, drinks and desserts. A nice setting in the heart of Manhattan. Service was excellent and our table was ready before the reservation. A bar is located in the place in the dining room area, with a pretty decent selection of wine to choose. Would recommend on a special day like Valentine's. Two other locations exist , one being in the capital  of India; New Dehli and one in London.",False,0,0,0,Anthony G.,en,"{'neg': 0.0, 'neu': 0.768, 'pos': 0.232, 'compound': 0.99}",0.99,0.232,0.0,0.768,positive
471,2018-02-18 13:13:21+00:00,5,"Food: 5
Vibe: 5
Staff/wait time: 5

This is the best Indian restaurant in Manhattan. Their establishment is beautiful, and there is a good amount of space.

The food was excellent. Opted for the three course option. Everything we had was excellent. Things that stood out:

1. Jackfruit tacos: well balanced and flavorful
2. Potato sphere chaat - was initially skeptical but this really came through 
3. Black dal - simple but just the right amount of flavor.
4. Kheer - perfect

Overall recommend! Skip Junoon and Tamarind, this place is the spot.",False,3,0,2,Dina P.,en,"{'neg': 0.016, 'neu': 0.742, 'pos': 0.242, 'compound': 0.969}",0.969,0.242,0.016,0.742,positive
470,2018-02-18 20:02:28+00:00,1,"Pretentious, finicky and overpriced, this restaurant is like a Wes Anderson version of Indian food, from the overly precious waitstaff to the impenetrable menu to the carefully constructed, lifeless dishes.  And the prices are utterly ridiculous.  To add insult to injury, we were charged $9 for a (microscopic) substitute side order of vegetables, without being warned (though they did take it off the bill when questioned.  Overall, an exercise in frustration.  With so many great Indian places in NYC, it's an expensive shame to waste a dinner here.",False,0,1,0,Geoffrey L.,en,"{'neg': 0.325, 'neu': 0.561, 'pos': 0.113, 'compound': -0.9819}",-0.9819,0.113,0.325,0.561,negative
469,2018-02-20 00:14:40+00:00,5,"So amazing that I ordered everything on the menu and threw up the next morning, was very sad that it escaped my body.. :( will be coming back again!",False,0,0,0,Hanna R.,en,"{'neg': 0.226, 'neu': 0.665, 'pos': 0.109, 'compound': -0.6588}",-0.6588,0.109,0.226,0.665,negative
468,2018-02-25 01:14:58+00:00,5,"TLDR version - Good food. good service. Great experience. 

Food - 4.5* ( I liked pretty much everything I tasted)
Ambiance - 4.5*
Service - 5* (this was true of every person who touched us that day, and the only other place I've gotten service that good was Alinea, a Michelin 3-star in Chicago). 

We were celebrating our anniversary with a nice dinner and the experience didn't let us down. We started with cocktails and my 'smoke and spice' came with a large chunk of ice that the restaurant cuts each day with a marigold emblazoned on top - good start.. 

From there, things only got better - our server was friendly, attentive and helpful. Guiding us towards what to order and how much to order. We compulsively photographed each dish before we ate it (because they all looked so good). 

there's may other photos so I'll pause here with a quick nod to Kristiano and an invitation to come and open a new restaurant in SF (maybe a pop-up one for 3-months)... 

Looking forward to visiting their newest branch that opened in London when I am there in a few weeks.",False,1,0,0,Akshay S.,en,"{'neg': 0.011, 'neu': 0.758, 'pos': 0.232, 'compound': 0.9928}",0.9928,0.232,0.011,0.758,positive
467,2018-02-25 22:49:17+00:00,4,"A long awaited visit to this restaurant turned out to stand upto my expectations. I went with a group of friends and opted for al-a-carte instead of the two-course lunch. The menu here is seasonal and exclusive. It is sweet and short with equal vegetarian and non-vegetarian options. we tried to taste as many vegetarian dishes as possible but the desserts blew us away.

We started with a complementary serving of BLUE STUFFED MINI NAAN and PUMPKIN SHORBA. In spite of these being tiny in size they were full of flavor. Not that you dont expect that from Indian food. 

Without any delay we went on to our First course, we had sweet potato shakarkandi and Yogurt and Goat cheese kebab as our firsts. Both the dishes were so good you would definitely go for seconds! The sweet potato shakkarkandi was sweet potatoes on a bed of radishes, topped with crunchy okra and some greens. quite good balance of sweet and spice. 

for seconds we ordered paper roast dosa, wild mushrooms, water chestnuts but replaced mushrooms with paneer and vegetables. This dish was pretty good as well. Also ordered winter root vegetables, sarson ka saag, fenugreek tart. I liked this better than the dosa. Flavor wise both are equally good but I would recommend getting the latter if you have to choose. We also got the black dairy daal which was rich and yumm! The paneer makhani kulcha was out of the world. Stuffing paneer in kulcha is pretty traditional but is always a good idea. 

The best part of the meal for anyone with a sweet tooth were the desserts. We had three desserts makhan malai, doda barfi treacle tart and kheer. The Makhan malai was amazingly light, with rich flavor of saffron and milk. Kheer was pretty good as well but I am personally not a fan of sweet rice but if you are thats your to go dessert. The best of all was the Doda barfi, it was a milk cake with pecan like base which was crispy and nutty. My favorite part of the meal was the doda barfi.

Overall, definitely visit once!",False,1,0,0,Prashansa D.,en,"{'neg': 0.036, 'neu': 0.659, 'pos': 0.305, 'compound': 0.9992}",0.9992,0.305,0.036,0.659,positive
466,2018-02-26 04:20:29+00:00,5,"Best meal I've ever had.  Each bite starting with the sipping soup appetizer was an experience in itself. The service was outstanding which deserves it's own 5 star evaluation. Vegetarian tasting was out of this world and if I could eat like this every day I would consider myself rich.
Vegan's will love this place because the chief has gone above and beyond to create a special experience.",False,1,0,1,Robert L.,en,"{'neg': 0.0, 'neu': 0.71, 'pos': 0.29, 'compound': 0.9729}",0.9729,0.29,0.0,0.71,positive
465,2018-02-28 16:49:41+00:00,1,"Bootlegging at fine dining prices !!


Horrible valentines experience where they took over 2 and half hours to serve the second course , messed up our bill , disregarded a bday request and continued to try and ply us with drinks all through to keep their billing up.

I wrote to their management ( email below) to which I got a standard response of them forwarding my concerns to their chef Manish Malhotra and nothing beyond. 

My email to Indian Accent Managemnt :

This is to provide you feedback on our dinner experience last evening for Valentine's Day. I had booked your restaurant three weeks ago and got a 9 pm slot for dinner for two which I had booked to celebrate my partners birthday which happens to be on Valentine's Day. 

We were first told to wait at the bar and get a drink while waiting to be seated...finally seated at 9 30 pm.

To start on a positive  note with the cocktail that was well made and presented ( Moghul Fortification) though the one we wanted Smokey something  was not available ( funny for an Indian restaurant where the flavor for a whisky based drink would be the highest amongst its patron demographic  ).

The meal was painfully slow and given that dinner was a prefixed menu where the first Course of Puchka ( pre fried flour balls with pre made chutneys  ) is not something one has to prep or cook - was served 25 mins post being seated. The portions were even smaller than a fine dining French restaurant though the prices clearly for your Valentine's Day were not in the same range as peer NYC dining establishments.
I still did not have a problem given it was a super special occasion but what really got us was the deliberate delay of each course and the trained and constant nudge to have another drink/ cocktail/ wine. The second course was finally served at 11. 18 pm ( two hours after being seated ) and that's after we had mentioned the delay twice to the staff. The dessert was again served after the customary 20 - 33 mins wait and despite instructions to have something special written on the dessert plate ( happy birthday !!) .. it was served quite perfunctorily. This is after I had gotten up and even reminded them before they served the desserts. 

Finally without embarrassing my dinner date and the birthday boy .. I got up and told the staff about the complete disregard of my request and the delay ... to which they come back with the check. On reviewing my invoice I find that I was charged for a beverage that the table next to us had !! 

The staff then comes back with the revised invoice and tells me he has given us two drink OFF for the error and offers us two glasses of complimentary prosecco at 11 55 pm !! Whilst the gesture is appreciated ... it's was nearly midnight on a weeknight and the whole reason we were still stuck there was due to the problem in the first place of the food being served in a strategically planned manner to ply the alcohol agenda to hungry customers !!

Absolutely under par and disappointing for a restaurant of your caliber !!

Thought you should get this feedback firsthand from us so that hopefully other expectant guests don't have a similar dining experience.

Their response : Thank you for your candid feedback. My sincere apologies about your experience. I am forwarding your email to Chef Manish Mehrotra as well as our General Manager Neil Mendoza. We will look into this immediately. 

Apologies once again. 

Warm regards 
Mukta Kapoor",False,2,0,0,Andrita M.,en,"{'neg': 0.097, 'neu': 0.823, 'pos': 0.079, 'compound': -0.9514}",-0.9514,0.079,0.097,0.823,negative
464,2018-03-10 04:00:54+00:00,5,"A really wonderful experience. Amazing food, service and atmosphere. Would come back anytime!!!",False,0,0,0,Sarah C.,en,"{'neg': 0.0, 'neu': 0.528, 'pos': 0.472, 'compound': 0.873}",0.873,0.472,0.0,0.528,positive
463,2018-03-14 13:01:30+00:00,5,"Superb.  If you're looking for a ""fine dining"" experience but don't want yet more wine country food, consider this.  Also, if you're looking for just deliciousness of any sort, consider this.  I came with in a group of four and we were all alternating between being impressed, delighted, and blissed out on the food.

Instead of focusing on all the good things, let me focus on the weak things, because they were few:

- the yogurt and goat cheese kebab: a bit dry, and while not bad at all, it was not as delicious as just about everything else.
- the kulchas: these are just stuffed naan you can order as accompaniment.  Very good stuffed naan, but, I preferred the dal makhani (here called ""black dairy dal"", because... fanciness?), which was exquisite and also came with its own little naan.
- the desserts: meh.  I see many others love them, but, if you're stuffed from over-ordering everything else, and you're on the fence for dessert, it's okay, you may skip without missing out too much.

Now, the good things:

- Everything.

Okay more seriously:

- Everything.

Okay okay, just a few of many highlights:

- The baked sea bass with berry pulao is maybe the best or among the best fish dishes I've ever had.  It's a mix of flavors and textures, bit sweet, bit savory, creamy, crispy, flaky, buttery.  I want more, now, please.
- The ghee roast lamb, the sphere chaat--enthusiastically enjoyed by the people who ordered them, and delicious from the tastes I got.  
- The soy keema was really good, basically just a flavorfully spicy chili, but made of soy and quail egg.  
- The winter root vegetables was like a tart or a crown, beautifully constructed surprisingly flavored and delicious.  Really liked it.
- The ""black dairy dal"" I mentioned above, which may be ordered as accompaniment.  I think this is one of the few things on the menu that is recognizable as typical restaurant Indian food.  It's just dal makhani, but, richly flavored and probably as good as dal makhani gets.  Which is very very good.

Service was very good.  Setting is pleasantly generic upscale.  Price is high.",False,4,0,0,Daniel B.,en,"{'neg': 0.126, 'neu': 0.631, 'pos': 0.243, 'compound': 0.9958}",0.9958,0.243,0.126,0.631,positive
462,2018-03-16 18:24:14+00:00,5,"First time in NY and this was our first meal! Kind, attentive staff with great recommendations!!! Enjoying ourselves very much!!",False,0,0,0,Michelle S.,en,"{'neg': 0.0, 'neu': 0.49, 'pos': 0.51, 'compound': 0.9563}",0.9563,0.51,0.0,0.49,positive
461,2018-03-24 04:06:58+00:00,1,"I used to be a regular here, probably have been here 40+ times since it opened, but now the service has gone to the dogs. The way they treated us on Thursday at dinner was beyond shocking. I had 2 guests, one visiting from abroad and experiencing the restaurant for the first time. Way to make an impression, Indian Accent! 
 
We ordered the 4-course meal, a total of 12 dishes + 3 accompaniments that we were all going to share plus drinks for the table. The menu hasn't changed much in 2 years though a few dishes like the crab claws and ghee roast lamb are still classics (that's where the good news ends). They had overbooked the restaurant and clearly wanted to hurry us out, so they brought the dishes all together in 2 batches instead of the four. Needless to say the food got cold at the table and was not as enjoyable. Then it just got worse. Daniel (who I believe, is the Sommelier and was the host/floor manager for the night) made my party get up midway through the meal before dessert was served (we had ordered it as part of our prix fixe menu) under the pretext of seating us elsewhere. I thought they needed the table for a larger party and would accommodate us elsewhere in the restaurant but they headed us to the bar, which had standing room only. 

One of the other managers thought we had finished our meal and were leaving, so he started escorting us to the door even as one of the waiters was trying to set up our desserts at the bar for us. Is that what you expect at a Michelin-starred or a top restaurant in NYC? At this point, I had had enough and refused to eat dessert standing at the bar. BTW other parties were leaving by now and those waiting at the door were shaking their heads in disbelief at the way we were being treated. We asked for the check (it took us 15 more minutes standing by the hostess to get it), paid and left. 

Daniel was so arrogant that one of my guests openly questioned whether he would have treated us differently if we were of a different color. I apologized to my guests and took them to Landmarc for drinks and dessert to make up for the horrible experience. The hostess was equally shocked and asked me to contact Mark Shay (the GM) as we left. 

Cristiano Azevedo (you are the best) and Mark Shay, it was a great ride while it lasted. Thanks for the good old days but if this is the way your staff is going to treat your customers, you can kiss us all goodbye. 

To Manish Mehrotra (the chef-owner, who I met during his early days here): I have seen a steady decline in service after 2 years, accelerated even further after your Mayfair, London location opened late last year and the reservation hotline for NY was offshored. All I can say is that the current strategy and service may fill tables in the short term but not for long. It is time to listen to your most loyal customers and take action if you want to sustain your early success, though some, like me, may not ever be coming back.",False,4,1,0,Rajesh N.,en,"{'neg': 0.08, 'neu': 0.804, 'pos': 0.116, 'compound': 0.9541}",0.9541,0.116,0.08,0.804,positive
460,2018-03-24 14:37:13+00:00,5,"My bf surprised me here last night and I loved it! This dessert definitely caught my eye. The Makhan Malai was out of this world and the best I have ever had. It's was smooth, just the right amount of sweetness and crunch. I will be back :)",False,0,0,0,Maullika D.,en,"{'neg': 0.0, 'neu': 0.67, 'pos': 0.33, 'compound': 0.9595}",0.9595,0.33,0.0,0.67,positive
459,2018-03-24 23:44:39+00:00,4,"Throw out all of your preconceived notions around Indian food. Indian Accent proves the cuisine can reach well beyond take away curries. Chef Mehrotra harnesses bold flavors with finesse and nuance. Spice was deftly handled, nothing was too jarring but you did get a good sense of lingering heat on the finish of most dishes. Surroundings are modern and upscale, again not your stereotypical Indian venture. For a while, Indian Accent has been rumored to be in contention for Michelin star. In my opinion, it's not too far off the mark; the food certainly delivers, although service is not quite there yet. Absolutely worth a try - we plan to return.

Atmosphere
- Modern and upscale, but surprisingly comfortable with plush seating and not too much formality.
- Decent spacing of tables, including for two tops.
- Cool looking bar area at front.

Food
One can select among a 9-course tasting menu or 3-4 course prix fixe. We ordered four courses ($90), which also includes one accompaniment. Have to say, we really enjoyed most everything. Four courses includes a fair amount of food, just short of too much. Desserts were gigantic, and could probably be cut in half. We sampled:
      
- potato sphere chaat, white pea mash: Deeply flavorful, but pea mash really refreshening. Recommend.     
- mathri trio: smoked eggplant bharta; duck khurchan; methi murgh: Nice little bites to start, on smaller side, but good flavor.
    
- phulka chili pork: Delicious deep flavors with wonderful spice. Recommend.
- pathar beef kebab, bone marrow nihari: Enjoyed the kebab as well as the sauce, but found the bone marrow to be far too much/rich. Could use some refinement.

- chicken kofta, punjabi kadhi, onion pakora: Excellent, highly recommend, beautiful flavors and refined presentation. 
- beef tenderloin, bakarkhani, potato and fenugreek cheela: Lacked creativity in flavor and presentation. Not that it tasted bad, just no where near level of other dishes.

- butter chicken kulcha: Addictive, must order! Butter chicken filling is so succulent.
- black dairy dal with lachha naan: Enjoyed the dal very much, naan was nice but perhaps a touch greasy. Recommend.

- makhan malai, saffron milk, rose petal jaggery brittle, almonds: Quite interesting and not too heavy, but large in size.
- kheer, crispy seviyan, coconut and jaggery ice cream, strawberries: Ordered on waiters recommendation, very nice. Highly recommend.   

Beverage
We enjoyed the 2013 St. Innocent Freedom Hill Vineyard Pinot Noir ($105). Though it wasn't the bottle we ordered. Wish I had noticed the offered wine pairings at the very bottom of the food menu, as $58 for four courses is quite reasonable. Would do that on a future visit. Overall the wine list leans heavily toward Rieslings, Gruner Veltliner, etc. that typically pair well with Indian cuisine and bottle prices are on average ~$100-150.

Had a mishap on our bottle order. In spite of the waiter confirming our selection twice (returning once to the table to do so), the wrong bottle was brought out. They have three various versions and vintages of the same vineyard. It didn't register to me until after they opened (my fault), but in the end we were charged for the original bottle. If you have a preference or are into wine, pay attention.

To conclude, the after dinner drinks list contains a number of off-the-run options, pretty cool. The Pedro Ximenez 'Gran Barquero' Montilla-Morilles, Spain NV ($20) was excellent.

Service
- Fine, if unexceptional; overall could use some more polish. Our waiter did have generally good suggestions on what to order, however.
- Wine service needs some tweaking (see above).",False,0,0,0,D. L. J.,en,"{'neg': 0.063, 'neu': 0.678, 'pos': 0.259, 'compound': 0.9994}",0.9994,0.259,0.063,0.678,positive
458,2018-03-25 14:19:13+00:00,5,"Loved this place! Took my fiancé for his 28 birthday since he loves Indian food and we loved the different kinds of foods we were given, the textures, flavors and spices were amazing! Christiano one of the hosts gave us a complimentary dessert. Get the mustard infused tequila for all the tequila lovers!",False,0,0,0,Sara H.,en,"{'neg': 0.0, 'neu': 0.672, 'pos': 0.328, 'compound': 0.9735}",0.9735,0.328,0.0,0.672,positive
457,2018-03-25 14:22:10+00:00,4,"Fine dining Indian food-- who knew? I love Indian food, it's probably my favorite cuisine. However, fine dining, for my taste, is too expensive for what it is. Though this wasn't the best Indian food I've had (ranks maybe second), it's the best fine dining I've had. Of course, it's very popular-- so popular that you have to make a reservation months in advance. We got the pre-theater course (2 of any dishes you like with an accompaniment, be it two mains, an app and a main, a main and a dessert, etc.). Before our orders, we got cute little hors d'oeuvres of pumpkin-coconut milk soup with little puffs of blue-cheese stuffed naan. It was perfect (but hot). 
- Bengal rice khichdi, crispy lentils, smoked papad
(More lentil soup with some sauces, good but not as good as the khichdi from Vatan, which is more rice-like)
- Mathri trio: smoked eggplant bharta; duck khurchan; methi murgh 
(Three super tiny flatbread cones; one had eggplant curry, one with duck curry, and one with chicken curry. They're not super discernible from each other). 
- Seared scallops, prawn koliwada malvani dried shrimp pulao 
(A scallop dish with delicious fried shrimp and shrimp biryani, though I think the seafood is not as good as the truly Indian dishes). 
- Accompaniment: butter chicken kulcha 
(Delicious tiny naan stuffed with butter chicken).
- Baked sea bass, patrani butter, berry pulao
(A super tender bass with a similar biryani). 
- Ghee roast lamb, roomali roti pancakes
(Cute set up of a tiny pot with goat curry, tiny rotis, and little containers of sauces and chopped cucumbers and daikon-- if you wrap up the goat in the roti with tamarind sauce and the vegetables, it's a perfect combination of sweet and savory. It's my favorite main of the three and reminded me of one of my favorite dishes: peking duck.)
- Accompaniment: black dairy dal with lachha naan 
(Even better than the kulcha, it was a nice flaky naan with a butter chicken-like sauce, without the chicken. It goes well with the ghee lamb). 
- Doda barfi treacle tart vanilla bean ice cream
(Tasted like a very sweet chocolate cake topped with ice cream, though there's no chocolate. It was one of the delicious highlights--I'm a sweet tooth.)
- Kheer, crispy seviyan, coconut and jaggery ice cream, strawberries 
(Rice pudding with fried vermicelli noodles, ice cream and fruit. It was also good, I always appreciate good rice pudding, but it's not as good as the doda.)
To top it all off, they gave us little sweet indian snacks, like peanut brittle and sesame things at the end. 

Yes, this was good Indian food, but better than a hole in the wall place, or a good family restaurant like Saravana Bhavan? Maybe. (Yet, I'm still partial to Vatan). But still not worth the hundreds of dollars it costs. But if you're willing to spend, this is the most worth-it fine dining I've had.",False,0,0,0,Vivian B.,en,"{'neg': 0.071, 'neu': 0.663, 'pos': 0.266, 'compound': 0.9992}",0.9992,0.266,0.071,0.663,positive
456,2018-03-26 21:03:45+00:00,5,"4.5 stars. I had high expectations for Indian Accent. I generally find Indian restaurants in NYC to be unimaginative and average. Indian Accent does a great job breaking the mold. There are several interesting options on the menu. We're vegetarian and we got the 4 course menu. 
Amuse bouche: Pumpkin soup (delicious) and tiny naan with blue cheese (loved the tiny naan presentation but I'm not a fan of blue cheese--be careful when biting into it...it's warm and the cheese squirts out)
Starter: Shakarkandi (chaat style, tasty, I liked the added fried okra and use of sweet potatos). My husband got the potato sphere chaat which was closer to more traditional chaat
Mid-course: Soy keema. Tasty, very filling, unique. I was stuffed at the end of this meal. If I had to eliminate one dish, it would be this one... it was good but too much quantity (I got tired of it towards the end); My husband got the Bengal Rice Khichadi which he liked but it was probably the most boring menu item we ordered. 
Main: Winter root vegetables (we both LOVED this). I thought it was extremely unique, tasty and well presented. Highly recommended especially if you're vegetarian. It was suitable for those with nut allergies. They made an error for my husband and brought this plus a dosa with paneer (an option to substitute mushrooms). The winter root vegetable was so much better than the dosa. 
Dessert: Doda burfi treacle tart... must get! so amazing! if you have a nut allergy (like my husband) get the Makhan Malai without almonds. The Makhan Malai is very light and airy.
Cocktails: I LOVED the trancendental medication. Perfect cocktail. Not too sweet, very tasty, amazing honey granules around the rim. My husband's Mughal Fortification was great if you like Bourbon. 
The negatives (why I docked 0.5 stars): the service was too fast/rushed. We would've liked some time to breathe between courses. The vegetarian menu was the same price as the regular menu. There's no way veggies cost as much as meat... it always feels like you're getting a little ripped off when you pay the same price. Also, menu doesn't seem to change much. It would be nice to go back if they offer some new things every once in a while. They should expand their vegetarian offerings and put it all on a separate menu.",False,1,0,0,Prianka D.,en,"{'neg': 0.063, 'neu': 0.682, 'pos': 0.254, 'compound': 0.9987}",0.9987,0.254,0.063,0.682,positive
455,2018-04-09 01:37:26+00:00,5,"This place takes indian food to the next level! Such great service, a very relaxed and romantic ambiance, and a menu with unique selections that you will not find anywhere else. This completed our experience at NYC! The chef Manish Malhotra has done an incredible job using the indian spices to make fusion dishes that is nothing short of incredible. They serve complimentary mini naan filled with blue cheese with a side of pumpkin coconut chorba. It was so good that we asked for seconds. The bheja fry on khasta rotti was my favorite dish! We finished with the makhan malaai which was like eating air! What an interesting experience. it's texture is hard to describe, it is whipped milk infused with saffron and topped with candied almonds, rose petals and pure gold! It was exquisite!",False,0,0,0,Mar P.,en,"{'neg': 0.009, 'neu': 0.804, 'pos': 0.187, 'compound': 0.9826}",0.9826,0.187,0.009,0.804,positive
454,2018-04-09 18:02:03+00:00,5,"Incredible, there's not words to describe how amazing is the food at this place. The explosion of flavors in my mouth were unforgettable. We arrived and David was our server, he decided 4 courses for us and he chose the best of the best, he was very nice and explained everything. The other servers were kinda as well. Obsessed with this place, will come back!!!",False,1,0,1,Lina P.,en,"{'neg': 0.019, 'neu': 0.749, 'pos': 0.232, 'compound': 0.9556}",0.9556,0.232,0.019,0.749,positive
453,2018-04-09 21:53:05+00:00,4,"Went there with 6 people for a work anniversary. The ambience is nice, place is very modern and clean feel to it. 

Drinks: they took some time to get the drinks. But after we tried them we were all amazing how well crafted the drinks where. The flavors stand out and you will remember them. I had the transcendental medication which is gin based!

Food: is on the next level, flavors are well matched up. To be honest you don't need supplemental spice /heat which I have a habit of asking for at restaurants. I didn't use any additional spice. Tastes for each appetizer and mains we ordered were unique and not the same. The table had tried ribs, sweet potatoes with okra app, tuna salmon bhel, goat cheese kebabs, pulled pork phulka and again all where amazed. For mains we had chicken, scallops, poha and wild rice veg medley supplemented with naan and many ""little"" stuffed Kulchas. All brilliantly prepared with amazing taste profiles.

Only issue: portions are very small! And slightly $$$$.  Portions are small!

That said I will probably go back again with my better half for a special occasion!",False,0,0,0,Mayur P.,en,"{'neg': 0.051, 'neu': 0.726, 'pos': 0.222, 'compound': 0.9905}",0.9905,0.222,0.051,0.726,positive
452,2018-04-17 01:07:42+00:00,5,"Amazing, high-end Indian restaurant. Ate alone at the very nice bar. Had a glass of the Ott ""Am Berg"" Gruner Veltliner and a main dish: seared scallops, prawn koliwada, malvani dried shrimp pulao. When I said I like it spicy, he said they had a green sauce he would put on the side. Compliments of chef was two tiny naan w blue cheese inside, which were delicious. Also, tiny little soup. Everything was so flavorful, although portion size is small. Not cheap, but I would come again.",False,0,0,0,Ann T.,en,"{'neg': 0.112, 'neu': 0.723, 'pos': 0.165, 'compound': 0.7175}",0.7175,0.165,0.112,0.723,positive
451,2018-04-20 06:52:36+00:00,5,"There are no words to describe this indian dining experience! The ambience, the staff and the location are great but the food! Impeccable blend of flavors to satisfy any palette! Absolutely impressed! Keep up the great work!",False,1,0,1,Valishti Artee P.,en,"{'neg': 0.031, 'neu': 0.621, 'pos': 0.348, 'compound': 0.9604}",0.9604,0.348,0.031,0.621,positive
450,2018-04-21 17:20:19+00:00,1,Bad service.  Good food.  I will not be back.   They are not nice to customers generally.  I did not like the overall experience.,False,0,0,0,Nathaniel E.,en,"{'neg': 0.322, 'neu': 0.579, 'pos': 0.099, 'compound': -0.7609}",-0.7609,0.099,0.322,0.579,negative
449,2018-04-21 21:38:49+00:00,2,"There were issues settling in. Made to wait despite reservation and gave 3 of us a small table ( good for 2 people only). Portions are small and taste is average. Ordered Mathri trio, ghee toast lamb and kheer. The dessert is probably the best of all courses. I went with a lot of expectations but honestly speaking, the restaurant is over rated.",False,0,0,0,Dhruv N.,en,"{'neg': 0.136, 'neu': 0.738, 'pos': 0.126, 'compound': 0.09}",0.09,0.126,0.136,0.738,positive
448,2018-04-22 00:57:35+00:00,3,"Good. Not great 

Pros: beautifully plated modern Indian. Creative. 
Good cocktails. 
Friendly staff. 
Nice interior. 
Excellent dhal
Nice overall experience 
Well run restaurant 

Cons: actual flavors don't always match the impressive plating. If you close your eyes, flavors are pretty ordinary, such as the yam salad. Basically a curry potato salad. 

The ribs, which we were told people come back for were ok, and then we realized they're basically Général Tsos glazed ribs. So a little meh. 

The ghee lamb was salty and a little greasy with very monotone flavors. 

While the staff is friendly, every 3-5 minutes someone came to ask us if we were enjoying our meal. It was too much attention.",False,1,0,0,Emiliano T.,en,"{'neg': 0.152, 'neu': 0.585, 'pos': 0.263, 'compound': 0.9373}",0.9373,0.263,0.152,0.585,positive
447,2018-04-24 04:08:19+00:00,5,"This is hands down one of the best food experiences I've had. It is definitely the best Indian food I've yet to experience. 

My husband and I did the 9 courses for our anniversary dinner last weekend. I randomly saw this place in a YouTube video for the London location and upon looking it up, saw there was one in NYC, and made a reservation for the weekend we would be in town. 

The service from the phone to in person was 5 stars. We had Kenneth help us at this location and he was a delight to interact with, he was friendly and made our experience about more than just the meal we were eating. We had a great time talking to him about the dishes and the flavors. 


The food is amazing. I don't want it give it away but I would 100% recommend the chefs tasting. 

The ambiance was nice but in my opinion could be a bit more luxe. This was the only thing 'missing' for me. 

We had an absolutely memorable time! I will make it a point to try the other locations on Delhi and London!",False,1,0,0,Mohnia P.,en,"{'neg': 0.006, 'neu': 0.86, 'pos': 0.135, 'compound': 0.9727}",0.9727,0.135,0.006,0.86,positive
446,2018-04-24 14:51:50+00:00,5,"Indian accent is a fun Spin - or accent as it were on Indian food.  We figured that out when we asked for Indian beers and were told they don't have any. I felt under dressed in jeans as it was the fine dining experience as advertised! Their version of Naan is delicious stuffed with mushrooms chicken or bacon,and the Seabass was spectacular. The servers (many) are very professional.  It's a multi course long ordeal so just be prepared to make it a night.",False,1,0,0,Nora F.,en,"{'neg': 0.084, 'neu': 0.781, 'pos': 0.135, 'compound': 0.6962}",0.6962,0.135,0.084,0.781,positive
445,2018-04-25 05:46:24+00:00,1,"Hi yelp can we  hv option of no star..this restaurant goes for 0 star as of my point of view.why I am saying that cos ther is no taste and flavor in any of the food items, and food quantity was very very less  prices as compare to other good fine dining restaurant is very very high and when u don't get good taste and in the end whn check comes, u feel lik someone robbed you ..menu is v confusing ..we ordered 4 and three course meals and can u believe I m still hungry and i had food at home after coming form there.anyway let's not talk about quantity let's talk about taste ..I feel chef main concentration was making everything crispy..and he used same sauces Nd chuttnies in all the food .as complimentary we got Som sort of drink and blue chees nan ..drink was ok nan taste like medicine then appetizer came which was ok ..thn khichdi which was again spoiler and thn main course where I ordered sarson ka saag and kulcha..I even dnt remember how was the taste..thn desert which was ok so overall one of the worst restaurant I visited so far ..where ntn was tasty ..go for good service nice ambiance.",False,0,0,0,Anurag S.,en,"{'neg': 0.14, 'neu': 0.764, 'pos': 0.096, 'compound': -0.9246}",-0.9246,0.096,0.14,0.764,negative
444,2018-04-27 23:18:47+00:00,5,WOW I had friends recommend #INDIANaccent and true to their word... this HAS TO BE THE BEST UNIQUE INDIAN FOOD RESTAURANT in NYC! Looove the butter chicken accompaniment( I could have had 4 orders of that!) .. but thankfully waited for the $75 prefix3 course .. so delicious ... ask for SMITHA as your waitress SHE IS AMAZING with full service and truly knows how to take care of clients ! Mark the manager totally took care of us and the bartender SHAWN is to die for!,False,0,0,0,Mj J.,en,"{'neg': 0.043, 'neu': 0.572, 'pos': 0.385, 'compound': 0.993}",0.993,0.385,0.043,0.572,positive
443,2018-05-03 23:32:33+00:00,4,"Food: v. Good
Service: over pretentious/ ostentatious 
Ambience: bit noisy.
Overall it's a high end Indian restaurant!",False,2,0,2,Joshua J.,en,"{'neg': 0.163, 'neu': 0.693, 'pos': 0.144, 'compound': -0.1007}",-0.1007,0.144,0.163,0.693,negative
442,2018-05-05 15:32:41+00:00,5,Amazing food and amazing hospitality. We tried almost everything on the menu and it was all delicious,False,1,0,0,Abhishek S.,en,"{'neg': 0.0, 'neu': 0.49, 'pos': 0.51, 'compound': 0.9485}",0.9485,0.51,0.0,0.49,positive
441,2018-05-06 22:52:35+00:00,4,"My coworker recommended this place after she had her amazing dinner at Indian Accent. I made a reservation for Saturday dinner. My husband and I usually go to new American or french restaurants for fine dining, so this was a new experience for us. The place radiated very classy and modern vibes. We got seated towards the inner end of the restaurant. We decided to do the three course dinner. The menu was a little difficult for us to understand as there were many Indian terms that did not have English description, but our server was very friendly and patient with us at explaining and answering all of our questions. We got blue cheese naan and coconut pumpkin soup/yogurt (?) as our amuse bouche.
My three choices were sweet pickle rib, ghee roast lamb, and meethe chawal (dessert), and bacon Kulcha for accompaniment. My husband got mathri trio, scallop, makhan malai (dessert), and kulcha stuffed with duck.  My marinated pork rib was delicious but I didn't feel like I was eating Indian food. Kulcha was similar to fried stuffed naan. Scallop dish was my favorite (although it was one of my husband's choices). The lamb dish was also good and reminded a lot of the sloppy jo. All the presentation for the food was excellent, and the portion was also very filling. I think my tastebuds are not quite accustomed to the some of the tastes of the food, but I was happy to have tried something different from our usual restaurant choices.",False,2,0,0,Ellen C.,en,"{'neg': 0.022, 'neu': 0.803, 'pos': 0.175, 'compound': 0.9937}",0.9937,0.175,0.022,0.803,positive
440,2018-05-12 13:19:21+00:00,5,"Absolutly amazing food!! We had the 3 courses meal, and each course was better then the last. We also paired it with the wine tasting and we couldn't be happier with what we got. The service was very attentive and took time to explain what the dishes were like so we didn't have any doubts.  I HIGHLY recommend this place for dates and special occasions!",False,1,0,0,Mariana A.,en,"{'neg': 0.034, 'neu': 0.68, 'pos': 0.285, 'compound': 0.9653}",0.9653,0.285,0.034,0.68,positive
439,2018-05-25 23:26:14+00:00,5,"I went here with my family after my sister's college graduation and we all loved it. Two of us got the four course and the other two got the three course (both do a pretty good job of filling you up with delight). It was definitely a new experience for all of us, trying dishes we have never had before (even though we are Indian). The drinks were also a new taste. I remember the goat and duck being my favorites from all that we were given, but honestly, it's all really good. Will definitely plan on going again when I come back to New York City. I rarely give 5 stars, but this place has earned it!",False,0,0,0,Sid M.,en,"{'neg': 0.0, 'neu': 0.823, 'pos': 0.177, 'compound': 0.9635}",0.9635,0.177,0.0,0.823,positive
438,2018-05-28 00:48:59+00:00,5,"It's taken me a few trips to NY to finally make it in here, but man I am glad we finally did.  I started with a Barbary Coast which had a ton of flavor with the chili infused aperol (but I'd recommend finishing it before you start into the food!)

The potato chaat was fantastic--great flavors and textures.  For a main, I had the sea bass and smoked bacon Kulcha.  The bass was cooked perfectly and had amazing flavor.  The Kulcha was a bit spicy and absolutely delicious.  

We had to run so couldn't enjoy dessert but we are looking forward to our next visit.",True,0,0,0,Jonathan D.,en,"{'neg': 0.031, 'neu': 0.735, 'pos': 0.234, 'compound': 0.9836}",0.9836,0.234,0.031,0.735,positive
437,2018-05-28 22:19:43+00:00,5,"Amy thanks for a wonderful service and best ever indian food I have had in NYC. Anand has to be proud to have such a great indian restaurant being run by you and your team. 

I recommend the lamb and sea bass. Fantastic place!!!!",False,0,0,0,Rahul G.,en,"{'neg': 0.0, 'neu': 0.566, 'pos': 0.434, 'compound': 0.9783}",0.9783,0.434,0.0,0.566,positive
436,2018-05-29 15:25:27+00:00,4,"Food is a little bit more hit or miss than I expected, but the highs are truly incredible. I would skip the potato sphere (sounds a lot better than it is.) The beef you get with the beef kebab and bone marrow mid-course is delicious, although there are 3 or 4 tiny bites of meat; the dish is 90% bone marrow. The chicken kofta was rich and simply delicious. The ghee roast lamb is by far the best thing we had and I would go back there just for that. The cocktails were also delicious, particularly the ones with bourbon :)",False,0,0,1,Alena A.,en,"{'neg': 0.048, 'neu': 0.586, 'pos': 0.366, 'compound': 0.9952}",0.9952,0.366,0.048,0.586,positive
435,2018-06-03 18:04:09+00:00,4,"The food is very good.  It's inventive, this is not your standard curry house, so don't expect any classic dishes.  There are some fan favorites though: the sweet pickled ribs are well worth it.  The kulchas (stuffed naans) were heavenly, the butter chicken one is a standout. 

The wine list is pretty extensive and you can find cheap bottles.  It's a little difficult to pair indian flavours with wine though, our waiter seemed a little clueless but we landed on a good bottle sub-70.

The bar is expensive.  You'll probably wait there a bit before getting your table but I would just wait it out.",False,1,0,1,Philippe L.,en,"{'neg': 0.155, 'neu': 0.672, 'pos': 0.172, 'compound': -0.5955}",-0.5955,0.172,0.155,0.672,negative
434,2018-06-04 01:48:38+00:00,5,"We consider ourselves foodies. Indian Accent (IA) has become our most desired place for creative/inventive Indian cuisine. Today we tasted the season's new brunch menu at IA and the master chef Manish Mehrotra himself flew from Delhi to host this experience. Our taste buds were in cloud nine and so were we and we are not easy to please! Great food, great service and rich with Indian hospitality! A must visit for those who demand only the best! DP",False,0,0,0,Dinesh P.,en,"{'neg': 0.062, 'neu': 0.736, 'pos': 0.203, 'compound': 0.9469}",0.9469,0.203,0.062,0.736,positive
433,2018-06-05 10:39:55+00:00,5,"Came here post day-long conference of lip service meets and needed a place to unwind with delicious food. Always look for quality indian in NYC and the issue with Indian food is always portion control - they overserve and you overeat loving every minute when it goes down but hating yourself after with a belly of guilt! 

Indian Accent does a prixe fixed which at first was different but it was the perfect balance and size - we had the mushroom dosa (awesome, they should add a truffle option for $$ extra), traditional Chaat, the kulcha was over buttered but since it was so small it was just fine! paneer was terrific. 

Presentation, service all were excellent. Decor was like a find american restaurant. Highly recommend, good place for Indian people with White friends who want ""good Indian food""",False,0,0,0,Saga D.,en,"{'neg': 0.103, 'neu': 0.659, 'pos': 0.238, 'compound': 0.9753}",0.9753,0.238,0.103,0.659,positive
432,2018-06-08 02:41:42+00:00,4,"We came here for lunch. The amuse-bouche was a great start with a tasty spicy soup served in a small cup and mini pita bread filled with goat cheese. I'm not a fan of goat cheese but I really liked it. For app, I had the famous sweet pickled rib.  OMG this was one of the best ribs I've eaten across all cuisines and would have been happy to have a plate full of them instead of just 2 ribs as an app. For main I had the ghee roast lamb.  It was very good, but not the best I've had, and it was nice to eat with the mini roti pancakes.  It was accompanied by cucumber with a few sauces. I had this with the butter chicken kulcha - excellent.  To finish I had the doda tart. First, I like the name and it was very good and you need the vanilla ice cream to balance the sweetness.  Service is excellent and atmosphere is upscale. Will be back.",False,0,0,0,Jazz C.,en,"{'neg': 0.03, 'neu': 0.673, 'pos': 0.297, 'compound': 0.9961}",0.9961,0.297,0.03,0.673,positive
431,2018-06-09 21:03:34+00:00,5,"Good food and ambience !!
Very delicious appetizers , different from regular Indian food !",False,0,0,0,Mary M.,en,"{'neg': 0.0, 'neu': 0.498, 'pos': 0.502, 'compound': 0.9196}",0.9196,0.502,0.0,0.498,positive
430,2018-06-10 03:24:02+00:00,4,The lunch A La Carte and service deserves a 5/5 HOWEVER When I came back for the lunch tasting menu both my mother and I agreed that the A La Carte was far better and that the tasting menu was not worth the money.  Don't get the tasting menu BUT DO eat here.  It would be 5 stars if not for the tasting menu.,False,0,0,0,Elias H.,en,"{'neg': 0.022, 'neu': 0.919, 'pos': 0.058, 'compound': 0.2885}",0.2885,0.058,0.022,0.919,positive
429,2018-06-14 23:30:50+00:00,2,"We had gone with too much expectations and even agreed to book late evening 9 PM reservation as it was the earliest reservation available. Reached there at exactly 9 PM after day long activities, the person at reception desk told that they would require couple of minutes to prepare our table. We waited patiently with our restless kid for 10 mins and asked again. The same person tells that the previous guests have not left the seat and they can't ask them to leave- which is altogether different from earlier story of preparing table. They let us stand for exactly 30 mins despite reservation and had let in few other people who came after us. I even pointed to vacant tables but were brushed aside, treated coldly and ignored at multiple occasions! They kept telling us couple of mins to wait and never seemed to make any effort to expedite the process.This is ridiculously bad treatment one can expect at such fine dining place inspite of the reservation and double confirmation over phone.

Later raised the same issue with a manager there and she profusely apologised after spoiling our mood. The lady who was taking our order was good and nice to talk with, however our beer order was missed which we never bothered to check again. 

They added extra course charges on our bill which we never ordered and got it corrected.

Overall not a good experience even though food was fabulous and creatively presented.",False,2,0,0,Abhinav R.,en,"{'neg': 0.118, 'neu': 0.79, 'pos': 0.093, 'compound': -0.8401}",-0.8401,0.093,0.118,0.79,negative
428,2018-06-16 20:36:04+00:00,5,"Service was impeccable from the hostess, to the bartender, and server. The food was AMAZING (I included descriptions with my pictures below).",True,0,0,0,Stephanie G.,en,"{'neg': 0.0, 'neu': 0.822, 'pos': 0.178, 'compound': 0.6739}",0.6739,0.178,0.0,0.822,positive
427,2018-06-22 12:17:48+00:00,1,"This is worst restaurant of New York. I would suggest to all Indian visiting New York, Do not waste your time to go their.   I was their in evening 6.30 pm at June 21st and waste my time and money. Very luxuries look and duffer services.",False,0,0,0,Tarun G.,en,"{'neg': 0.165, 'neu': 0.75, 'pos': 0.085, 'compound': -0.8093}",-0.8093,0.085,0.165,0.75,negative
426,2018-06-22 18:22:32+00:00,5,"Probably the best high-end Indian restaurant I've ever been to.  I had some expectations when we arrived...it had a nice NYC vibe to the decor and ambiance and was pretty full when we came.

We started with drinks: I had the ""Proper Copper"" which was Kaffir LIme Leaf vodka, honey and rose blossom water.  While I didn't love my drink, my husband did.  He had a tito's soda to start with.

The drink menu had some clever names to their cocktails, such as bandit queen, mughal fortification and Mumbai's the word. 

We chose the 3 course menu (you could do all four courses if you would like as well), at $75 each.  I thought the price was fair.  There was also a more limited chef's tasting menu. 

Our amuse bouche was a spicy tomato soup and stuffed naan. So good and a good start for what was yet to come. You could choose a lot of different combinations for your tasting menu. 

I chose the mid-courses, mains and desserts. My husband did 2 mid courses and a main. So you can get creative. 

I had teh pulled jackfruit phulka, the baked sea bass and makhan malai, with a saag paneer kulcha accompaniment. My husband did the sweet pickle ribs, pork dumplings and chicken malai tikka with the black dairy dal.

He said his ribs were amazing. They fell off the bone so he was super happy about that.  My jackfruit was like a mix of a taco and flat bread. I ate the jackfruit, which was well marinated with a fork and I loved the mini phulka that was provided. the dumplings  (in a savory broth) were something he wanted to order another round.
My sea bass was a good portion and came with a side of pulao rice with berries. So good! We both did the wine pairings with our dishes and they enhanced the food nicely.

The kulcha was really different and I loved the inventive spin on putting my favorite Indian dish inside the kulcha since I eat it that way most often.

The makhan malai was a standout.  It looks dense but is really airy and the rose flavor was incredible.  A lot of tables were ordering this dish and I could see why. My husband ended the night with a couple of old fashioneds and thought these were some of the best he's had. 

I never felt rushed and had a fantastic experience at Indian Accent.  The food is so creative and filling--you get a decent portion for each course. I'm really glad we came here for dinner.",False,4,0,2,Milee S.,en,"{'neg': 0.014, 'neu': 0.822, 'pos': 0.164, 'compound': 0.996}",0.996,0.164,0.014,0.822,positive
425,2018-06-26 21:26:48+00:00,5,"I came here for lunch and thoroughly enjoyed the experience. As you would expect, this isn't your traditional Indian restaurant but the flavors were still very true to the cuisine. The service and ambiance were also very nice. 

There were three of us and we all went with the two course lunch for $35. The awesome thing about this two course was that you could literally choose any combination of the two items that you wanted. You could have an appetizer and main or two appetizers, or even two mains. I went with the two mains of course. 

I ordered the softshell crab to start with the ghee lamb for entree. My friends ordered the ribs, dumplings, and salmon. We also had the hoisin duck naan. 

Everything was delicious and it was just the right amount of food. I didn't leave hungry nor did I leave uncomfortably full. I would definitely come back for lunch and maybe even dinner next time.",True,0,0,0,Tony Y.,en,"{'neg': 0.008, 'neu': 0.78, 'pos': 0.213, 'compound': 0.9911}",0.9911,0.213,0.008,0.78,positive
424,2018-06-30 05:34:47+00:00,5,"Five stars just for the dessert! Must try the Makhan Malai which will melt in your mouth. 

Nice ambience, bright and cheerful. Inventive dishes on the menu, quite a few vegetarian options. Started off with the complimentary coconut flavored soup which was good and the blue cheese naan which was messy to eat. 

Got the sweet pickle ribs , melt in the mouth tender just the right amount of spice and sweet. The shrimp kolivada dish was just amazing , tasted like the homemade shrimp rava fry, elevated!

Wife got the Bengali kichidi and the fenugreek palak tart which she loved. Great flavor and creative presentation.

Dessert - both the makhan malai and the kheer was fantastic. Great textures in each, well balanced and not too sweet. The kheer dessert had perfectly cooked rice kheer, crispy sevaiyan and juicy berries along with two wonderful ice creams- brilliant combination. The makhan malai was light and airy , with crunchy bits and nuts and a hint of rose, easily the best dessert in a long time! 

Wanted to eat at the Indian Accent in Delhi to try the daulat ki chaat , didn't happen due to time constraints. Came here for a memorable lunch while in New York for the Memorial Day weekend.",False,5,1,2,Prasanna N.,en,"{'neg': 0.044, 'neu': 0.646, 'pos': 0.311, 'compound': 0.9972}",0.9972,0.311,0.044,0.646,positive
423,2018-07-01 23:47:07+00:00,5,"Amazing food, amazing experience!

We did the chef's tasting menu for dinner, it was outstanding.
The whole experience lasted a good 4 hours. 

Very decently priced for a 9 course dinner; the presentation of the food was beautiful, modern and elegant; a very nice twist on Indian cuisine.

The langoustine is one of the best things I've ever tasted, the cod was so buttery and flaky, and the dessert was out of this world; each dish is small but packs a nice punch.

The ambience was nice and modern, it could work for a business meeting as well as a date.",False,0,0,0,Deemy M.,en,"{'neg': 0.021, 'neu': 0.663, 'pos': 0.316, 'compound': 0.9862}",0.9862,0.316,0.021,0.663,positive
422,2018-07-06 02:23:28+00:00,5,The best high quality Indian places in all of NYC! The fried soft shell crab had great texture and was so tasteful! A must try in NYC!,False,0,0,0,Kevin H.,en,"{'neg': 0.0, 'neu': 0.723, 'pos': 0.277, 'compound': 0.88}",0.88,0.277,0.0,0.723,positive
421,2018-07-07 01:10:00+00:00,5,"We sat at the bar and ordered a la carte. 

It was great; the cocktails were amazing (I ordered the one with bourbon and saffron / coriander) and the food was wonderful. 

We got the ghee lamb, the spinach kofta, and the butter chicken kulcha. The kulcha was great with the chutneys that came with the lamb, the lamb was spiced perfectly, and the kofta was soft and tender. 

Strongly recommend you spend way too much money at this tasty establishment ;)",False,0,0,0,Apal B.,en,"{'neg': 0.0, 'neu': 0.644, 'pos': 0.356, 'compound': 0.991}",0.991,0.356,0.0,0.644,positive
420,2018-07-08 01:35:02+00:00,5,"I recently went for dinner and did the chef's tasting menu. The food was not only beautifully prepared, but amazingly delicious as well. Indian Accent's progressive take on traditional Indian plates was refreshing. Although there were hints of modern taste and texture, each plate held true to its authentic origin. In addition to the food, the cocktails were also just as good (try the Transcendental Medication)! The experience lasted about 2 hours and was worth every penny.",False,0,0,0,Jeremy J.,en,"{'neg': 0.034, 'neu': 0.679, 'pos': 0.287, 'compound': 0.9833}",0.9833,0.287,0.034,0.679,positive
419,2018-07-09 01:32:01+00:00,4,"For a great upscale Indian meal, Indian Accent is perfect. A small restaurant inside, it manages to be upscale without being pretentious. The cocktails are delicious with an Indian flare of flavor. The food is exquisitely tasty with a punch of flavor and a nice balance of different textures and tastes. The service is top notch too and incredibly attentive. It's a great spot for a special occasion, or just for something different.",False,1,0,1,Tyler L.,en,"{'neg': 0.04, 'neu': 0.554, 'pos': 0.406, 'compound': 0.9906}",0.9906,0.406,0.04,0.554,positive
418,2018-07-15 14:42:42+00:00,5,"This is based on my dinner experience. Loved the ambience the food and the service. Everything had a distinct flavor unlike a lot of Indian fusion restaurants. 
It's Indian fine dining at its best. Def a stop next time I am in NYC.",False,0,0,0,Srishti S.,en,"{'neg': 0.108, 'neu': 0.725, 'pos': 0.168, 'compound': 0.5994}",0.5994,0.168,0.108,0.725,positive
417,2018-07-16 14:54:38+00:00,3,"I came here for brunch, and it was nothing short of 'meh'.

The great thing about this place at brunch is that it's relatively empty, and not loud at all. It's definitely for families or friends trying to have a nice New York city brunch where you can actually hear each other. The food also comes out relatively quickly, so there's no waiting around. We were in and out in an hour.

The sad part is that the food is just.so.meh. Everything looks really good but tastes all too similar to the inspiration.

To start, I had the wasabi and yogurt batata puri. It tasted just like the original, with a slight afterburn of the wasabi which was nice, but again, not outstanding. 

For my entree, I had the parsi ""salli per eedu"". Now you tell me, what kind of New York city brunch entree with egg for $22 has JUST ONE EGG?! I got this entree and was overwhelmed with the ""ARE YOU KIDDING ME"" feeling. The dish itself was tasty, but again, nothing worth hauling ass to midtown and paying serious $ for.

My friend and I split a wild mushroom kulcha which was the smallest kulcha of all time. It was tasty but super, super, super small.

We split the bill, and the total came out to around $50 each. I just paid $50 for meh food, y'all, and certainly not doing it again. I'd liken this experience to paying for a Lamborghini, but getting a nicely painted Volvo with a Lamborghini hood ornament. I love Volvos, but dressing one up really nicely doesn't make it a Lamborghini. When you pay for Lambo, you want a Lambo.",False,3,0,0,Chithra V.,en,"{'neg': 0.091, 'neu': 0.656, 'pos': 0.253, 'compound': 0.9961}",0.9961,0.253,0.091,0.656,positive
416,2018-07-20 10:43:18+00:00,4,"Faultless service, innovative drinks and delicious inventively plated food come together in this unpretentious Indian restaurant.

Four of us went for dinner on a Friday night and had a lovely evening. We started with cocktails off the menu and were all happy with our choices.

We did the 4 course prix fixe menu. Everything was flavorful and delicious with interesting plating.",False,0,0,1,Pooline N.,en,"{'neg': 0.0, 'neu': 0.588, 'pos': 0.412, 'compound': 0.9899}",0.9899,0.412,0.0,0.588,positive
415,2018-07-23 00:34:49+00:00,5,"I must admit I was a bit skeptical before coming to Indian Accent, as I have not often had successes with Indian cuisine in Midtown. But given it's part of a franchise with a successful location in Delhi, I thought it was worth a shot.

I'm glad I took the risk, as the food was excellent. The soy keema pao was a great way to start the meal, and even caused the meat eaters at my table to regret their selections once they tried my appetizer. The innovative kulchas, including one filled with mushrooms, are also a must-have.",True,3,0,0,Alan S.,en,"{'neg': 0.176, 'neu': 0.605, 'pos': 0.219, 'compound': 0.5248}",0.5248,0.219,0.176,0.605,positive
414,2018-07-27 01:25:59+00:00,5,I usually have a drink at the bar and read! Extremely comfortable seats and great cocktails! Fresh ingredients and just very different flavors! I would love to come back just for the cocktails and the nice relaxing bar where you can read and unwind after a long meal! Another pro-tip: The bartenders are pretty friendly!,False,0,0,0,Vidhisha M.,en,"{'neg': 0.064, 'neu': 0.535, 'pos': 0.402, 'compound': 0.981}",0.981,0.402,0.064,0.535,positive
413,2018-07-28 16:56:59+00:00,5,"Surrender yourself to the chef and you won't be disappointed! 
Incredible tasting menu and they are always innovating. You might be disappointed that something you ate last time has been churned on the menu but trust me the replacement is even better. I almost think the midtown location is better than the original in New Delhi, India. Chef Manish and his team goes above and beyond to create an experience for the soul with modern twists to classic Indian dishes and street food. Ending the meal with daulat ki chaat is like taking a bite out of the clouds",False,1,0,0,Nicolas T.,en,"{'neg': 0.0, 'neu': 0.74, 'pos': 0.26, 'compound': 0.9847}",0.9847,0.26,0.0,0.74,positive
412,2018-07-30 01:44:27+00:00,5,This place was absolutely exceptional! And was worth every single penny it was actually a very fun experience in the food was absolutely amazing! If you are a lover of Indian food or even someone that may be on the fence about Indian food this place will definitely win you over I can't even express how positive experience wise! There's definitely nothing else out there quite like it! I highly recommend the stuffed butter chicken naan!!,False,2,0,0,Drew M.,en,"{'neg': 0.0, 'neu': 0.629, 'pos': 0.371, 'compound': 0.9882}",0.9882,0.371,0.0,0.629,positive
411,2018-07-31 21:49:46+00:00,2,"Went for a team lunch recently. I read the reviews and expected a lot.

1. SMALL portions. (of course fine dining implies small portions, but if you're  hungry when you entered, you're going to be hungry by the time you leave). Watching a  teammate eat two spoons of salmon was painful haha.

Tip: While ordering, ask the waiter for food options that have a lot of quantity :P
For veg: Order the idly and dosa combo 2 course combo.

2. Everything tasted good, but it wasn't SPECTACULAR. I could've had this at most decent Indian restaurants.

3. I had inquired vegan/vegetarian options and was misinformed that they had a separate vegan menu. However, the waiter just pointed at a few recipes and said he could make them vegan by removing half the stuff.  That was disappointing. The waiter missed informing that idlies (which I love) was vegan/vegetarian -  I should've guessed but I didn't want to assume  - which I completely missed and only found out later. I wasn't informed that we can order 2 dishes from main courses instead of an appetizer and a main course. Would've picked other options but I thought I had to order from each.

Advice to the management: Do not tell people you have a separate vegan/vegetarian menu. Having symbols next to dishes might us to  identify these options without having to depend on anyone else.",False,2,0,0,Meghna N.,en,"{'neg': 0.12, 'neu': 0.83, 'pos': 0.051, 'compound': -0.9382}",-0.9382,0.051,0.12,0.83,negative
410,2018-08-02 21:06:46+00:00,4,"Indian Haute Cuisine!! It's a shame that this is such a selling point to me, but not many of these types of places exist in the world. Service was definitely accommodating, while knowing there place and when to interrupt.  

The mini bleu cheese kulchas were fucking fantastic. I could have ate a barrel of those. Fluffy bread, creamy bleu cheese, and the char on the edges from the tandoor put an exclamation point on it all! A great start to the meal for damn sure. 

The Kashmiri morels were a delicious mushroom, spiced with a great zest that rings long after the last bite. The texture of the crispy Parmesan papad is Quite helpful as the mushroom is obviously spongy. The walnut powder didn't make much of a difference (or at least from what I could tell) 

The duck khurchan were not as good as I thought they were gonna be. The duck is there, and they top it with foie gras, but there's nothing that explodes with orgasmic flavor. They aren't terrible, but they were certainly a let down with my high expectations. 

The cod amritsari was a dish that took cod to new heights I never dreamed. The entire filet was jam packed moist with a delicious buttery feel and flavor. Never did it fade or disappear while eating. The boondi on top gave a much welcomed texture that gave my teeth some fun little toys to crunch and destroy. The spices they pepper on top zip in and out on the forefront, leaving a wonderful aftertaste. 

The lobster with coconut curry was good, but I wish the lobster had a more pronounced fish flavor. Otherwise, it was cooked just right. The coconut curry didn't explode in my mouth at first, but it did have me coming back for more. By the end, I was scraping the bowl clean with my spoon. Rich, creamy, with a Creeper spice that leaves a great zest on the tongue 

The tiger prawns are simple, yet the sauce is what really carries them. Nutty, spicy, and creamy in all the right ways. 

The sweet pickle ribs were a delight that I didn't even expect. The chef figured if I wanted to try the best off the menu, that he would throw one on there. The charred candy bits were the highlight of that dish. If you don't do the tasting menu, I highly recommend you order this.  

The kulchas kinda remind me of pizza. Especially with the masala filling. The tandoor charred edges of course made it better. But black dal was great, but the mustard caper raita was the show stopper! It came out tasting like a horseradish cream, which is not something raita normally tastes like. I spooned globs of that stuff on my kulchas and enjoyed every minute of it.  

The chicken malai was not what I expected, but it's still a good dish. It definitely feels like east meets West in this dish. I'm surprised the sugar snap peas didn't bother me. The texture of the meat reminded me of meatballs. They packed it was a great spice though. It was quite creamy with the sauce they added on top and all around the plate.  

The digestive pomegranate sorbet sat in some mango lassi tasting sauce that was quite bright and fruity. It was a great way to prepare my taste buds for some dessert.  

The mahkan? malai was quite a treat! The saffron milk looked like ice cream, scooped like mousse, yet dissolved quickly into air in my mouth. It almost felt like I was breathing it in! All the toppings sit nice on the mouth once the mousse disappeared with the almonds and rose petals. The gold flakes seemed unnecessary, but they added to the jewelry like presentation of the meal. 

This place has quite the charm to me. Its conservative enough to bring the family, but it offers items I would never find elsewhere in america. I was quite happy with what they served here. Not everything was a show stopper, but its worth a visit (if you have plenty of time in New York. If you only have a few days, then wait till next time.)",True,1,0,2,Gill S.,en,"{'neg': 0.048, 'neu': 0.711, 'pos': 0.241, 'compound': 0.9995}",0.9995,0.241,0.048,0.711,positive
409,2018-08-04 02:20:53+00:00,5,Great food and ambiance! Not your typical Indian restaurant in any manner but definitely lived up to all the hype!,False,0,0,0,Joe J.,en,"{'neg': 0.0, 'neu': 0.729, 'pos': 0.271, 'compound': 0.7707}",0.7707,0.271,0.0,0.729,positive
408,2018-08-05 01:33:02+00:00,5,"Excellent choice for a modern take on Indian cuisine in a sumptuous modern restaurant.

- beautiful, tasteful modern decor
- excellent service, many wait staff so you're always taken care of. 
- food was very good, I would say the portions are definitely on the smaller side 

Definitely recommend",False,0,0,0,James M.,en,"{'neg': 0.048, 'neu': 0.442, 'pos': 0.51, 'compound': 0.9854}",0.9854,0.51,0.048,0.442,positive
407,2018-08-05 17:18:56+00:00,4,"If you're feeling a light meal, skip the prix fixe/ tasting menu and grab a seat at the bar, where you can get most of the popular bites and get drinks.

The proper copper is an excellent refreshing drink, while the wine selection leaves a bit to be desired. 

The sweet potato shakarkandi is a great way to start your meal (after the pumpkin soup they brought us on the house that is). The black dairy dal was a creamy version of the Indian staple but was very good with a lachha naan. We also got the lamb pancakes which was a good light dish but required a bit more bread. All in, the meal was light and a good way to have Indian food without it being too heavy. The portions are on the small size so keep that in mind while deciding your order :)",False,0,0,0,Emily V.,en,"{'neg': 0.034, 'neu': 0.788, 'pos': 0.178, 'compound': 0.9643}",0.9643,0.178,0.034,0.788,positive
406,2018-08-06 15:48:42+00:00,5,This place has some of the best non-traditional Indian food I've had. Especially the sea bass and doda barfi.,False,0,0,0,Swaroop T.,en,"{'neg': 0.0, 'neu': 0.811, 'pos': 0.189, 'compound': 0.6369}",0.6369,0.189,0.0,0.811,positive
405,2018-08-11 14:23:04+00:00,2,"It's OK not great. 
Service might have been the worst part of the experience. My husband and I usually set next to each other at restaurants. We sat at a table w lots of space but they didn't allow any seat changes. Wasn't elegant as I expected. The server made a passive aggressive comment about us putting the water glass on the table and how it might ruin their ""beautiful new tables"". the waiter was so unhelpful when we were asking about the menu. After we decided what we wanted he THEN tell us that if one person wanted the chef menu everyone should get it. Didn't bother saying that 20 min ago and save everyone's time. 
Food: was not consistently good some were meh somewhere enjoyable. We didn't have dishes that were ""oh my god I have to come back"" kinda dishes. The cod was good. But strangely it was served with rice that was good but the same rice was served with 2 more dishes. Same flavor and everything. 
Cocktails were EXCELLENT. Wine menus is also great with many exotic options. 
Unfortunately we didn't enjoy the experience. I don't think I would recommend it.",False,0,0,0,Yusi A.,en,"{'neg': 0.224, 'neu': 0.666, 'pos': 0.11, 'compound': -0.9803}",-0.9803,0.11,0.224,0.666,negative
404,2018-08-12 22:07:26+00:00,3,"Having tried other top Indian restaurants in NYC, I came to Indian Accent with high hopes and mostly positive reviews but I was very disappointed. 

We were a very large group so we ordered almost everything on the menu (the portions are quite small). Except for a couple of items, most of them were not very enjoyable. 

I felt like they tried too hard to be creative, which is great except when your creations lack excitement or flavour.",False,0,0,0,Surya V.,en,"{'neg': 0.15, 'neu': 0.593, 'pos': 0.257, 'compound': 0.8756}",0.8756,0.257,0.15,0.593,positive
403,2018-08-13 17:27:49+00:00,5,"Great Food. Very Well Made. The Soft Shell Crab, Butter Chicken Kulcha, and Ghee Roast Lamb are Amazing!",False,0,0,0,Gaurav G.,en,"{'neg': 0.0, 'neu': 0.586, 'pos': 0.414, 'compound': 0.8906}",0.8906,0.414,0.0,0.586,positive
402,2018-08-16 03:47:32+00:00,5,The food here is amazing. So many interesting flavors and the presentation is beautiful. Would love to come back!,False,0,0,1,Maddy L.,en,"{'neg': 0.0, 'neu': 0.497, 'pos': 0.503, 'compound': 0.9448}",0.9448,0.503,0.0,0.497,positive
401,2018-08-19 21:37:58+00:00,2,"I do not wish to repeat my review of Indian Accent in the Trip Advisor on the Yelp site. But I would urge you to visit Trip Advisor and see my full review headlined ALL HYPE, NO SUBSTANCE. THIS IS NEW YORK AND WE ARE NOT CULINARY MORONS. 

Here is the bottom line. The restaurant service staff is polite and obliging but totally lack fine dining service etiquette. The restaurant of this caliber should have a trained Sommelier. The service etiquette is crude and does not match the pricing. 

My main, roast lamb was served on a very narrow width rectangular wooden tray. The main was served with julienned daikon and cucumber surrounded by 4 sauces including Tamarind sauce. What were these sauces doing was not explained to me. The menu stated that my main would be served with Roomali Roti. Totally false. There was no Roomali Roti. The 2"" or 2.5"" Tortillas were housed in a cane box. They were dry, hard and chewy. If the Chef wants to experiment let him do so but not destroy the soul of the proclaimed offering. 

The roast lamb was loaded with ghee or oil and the taste of the lamb was sacrificed at the altar of the floating oil. I did not eat the main and neither the maitre'd came by to enquire the reason I abstained from consuming it. I was with some guests and did not want to subject them to my complaint. 

The restaurant offers only two varieties of Vodka I.e Ketel and Tito's. Better and high end brands like Belvedere and Grey Goose are not on the menu. I believe when a restaurant offers only limited and not too popular brands and charges top prices does so to improve margins at the cost of customer care. Perhaps lucrative promotional monies are given to keep other brands out.

This restaurant is all about gouging customers and not paying attention to service etiquette, quality of food and customer concerns. Pretty looking and innovative presentations only do not serve business interests longer term. 

All hype and no substance. New York has sophisticated diners and not culinary morons.",False,0,0,0,Suresh C.,en,"{'neg': 0.125, 'neu': 0.759, 'pos': 0.116, 'compound': -0.2117}",-0.2117,0.116,0.125,0.759,negative
400,2018-08-23 13:44:37+00:00,2,"Nope. Not impressed with this place at all. It's expensive and not worth the hefty price tag for the quality and taste. The ambiance is also lacking for a place that should be classier. The original Delhi location has amazing food in a gorgeous space, but I guess restaurants can get away with a lot less in Manhattan based solely on reputation or perceived quality.",False,1,0,0,Madhu R.,en,"{'neg': 0.064, 'neu': 0.815, 'pos': 0.12, 'compound': 0.4199}",0.4199,0.12,0.064,0.815,positive
399,2018-08-27 16:37:46+00:00,5,This was my 2nd time visiting Indian accent. We asked for a table for 6 but requested addition of 2 friends who wanted to dine with us last time. The staff were extremely accommodating with all of our requests. Everyone at the table ordered from the 3-4 course menu. The portions were generous and absolutely delightful. The seabass and the paper dosa were fantastic. The best I've ever had. This is one restaurant in NYC that we highly recommend. Absolutely worth it.,False,0,0,0,T J.,en,"{'neg': 0.0, 'neu': 0.694, 'pos': 0.306, 'compound': 0.988}",0.988,0.306,0.0,0.694,positive
398,2018-09-01 01:37:23+00:00,1,"I had such a huge expectations before visiting Indian Accent, and it all crushed as soon as the first dishes came out.
Feels like yet another american restaurant, the Indian flavours were not there. Food was really disappointing, even returned one main course since it felt like I am eating just cooked spinach. Prices are extreamly high and definatrly dont worth it.
And to finish the experience I was served a cold latte (cold, not just not hot enough, cold, is if it was waiting for 30 minutes before I had it).",False,1,1,0,Roey S.,en,"{'neg': 0.156, 'neu': 0.772, 'pos': 0.072, 'compound': -0.8576}",-0.8576,0.072,0.156,0.772,negative
397,2018-09-02 23:11:45+00:00,1,The service is amazing but the food is really bad. We ordered 9 items and the only thing that we ate was the naan. Even the naam was below average. Would not recommend this place!,False,0,0,0,Lyndsae G.,en,"{'neg': 0.308, 'neu': 0.641, 'pos': 0.051, 'compound': -0.9325}",-0.9325,0.051,0.308,0.641,negative
396,2018-09-03 21:57:25+00:00,4,"We went for the Sunday brunch and had the two-person sharing ""feast"". It was definitely a feast - so much food we were ready to burst by the end. Everything was excellent and also quite varied albeit with a focus on eggs and carbs (natural for brunch). The proper copper drink was one of the best I've had - superbly tart, with a really strong kaffir like flavor. The standout dishes to me were the batata puri, the salli boti, the beef dabba gosht, the saag paneer kulcha, and both desserts - the makhan malai deserves a special mention, but the deconstructed sevaiyon ki kheer was also superb. Overall my only critique would be that it was a bit heavy - could have done with some more ""fresh"" or ""bright"" tastes, perhaps through some palate cleansers (am imagining a tamarind granita with rock salt!). Overall superb. Will be back.",False,0,0,0,S D.,en,"{'neg': 0.0, 'neu': 0.821, 'pos': 0.179, 'compound': 0.9778}",0.9778,0.179,0.0,0.821,positive
395,2018-09-12 19:42:20+00:00,5,"Not a big fan of indian food but this  wonderful Indian restaurant met my expectations! I loved every bite I've had. Every dish was beautifully presented, the portions were small but flavorful and filling. 

First we started with amuse. 
Pumpkin soup. It was delicious! And small bites of naan stuffed with blue cheese! And that was excellent as well.

Ghee roast lamb, roomali roti. Was very tasty! I usually don't like lamb due to the strong flavor it has, but this one was excellent! Wouldn't think it's lamb if I didn't know. Spinach stuffed naan was great, mango dessert was good as well and few more dishes that I don't remember... overall everything tasted delicious! 

Excellent service! every dish was explained to us and the servers were attentive!",False,1,0,0,Sanaa M.,en,"{'neg': 0.07, 'neu': 0.474, 'pos': 0.455, 'compound': 0.9985}",0.9985,0.455,0.07,0.474,positive
394,2018-09-12 20:54:56+00:00,4,"Beautiful presentation, great taste and high class service. 
The food is fantastic. The staff is very knowledgeable. 
You have a nice big menu to choose your course from. 
And all the dishes are made to order but they don't keep you waiting. So plus point there.
Of course it's expensive give the class. 

Amazing place to take your date to or to make your date 


The only thing missing is the ambiance. For such upscale place, they can do a little better. Private dining/ better lighting etc ..",False,0,0,0,Veena K.,en,"{'neg': 0.091, 'neu': 0.713, 'pos': 0.196, 'compound': 0.8563}",0.8563,0.196,0.091,0.713,positive
393,2018-09-15 00:50:38+00:00,5,"In NYC for just a couple of days.  Stumbled across this restaurant while searching for Indian food, which we love.   Can't find enough accolades to express our delight at every dish.   What they do to coconut!   The saffron infused dish was a delight.  Every bite was different from all other Indian food, and spectacular.  When we ordered two desserts, but not the owner's favorite, he had it made for us anyway.   It was outrageous.  We were pretty lucky we had long walks to and from our hotel as we were more than full.  And happy.  We will be back, every time we come to NYC.",False,0,0,0,A P.,en,"{'neg': 0.11, 'neu': 0.728, 'pos': 0.161, 'compound': 0.683}",0.683,0.161,0.11,0.728,positive
392,2018-09-17 20:01:43+00:00,1,Overpriced food with very small portions! I was still hungry after spending over $150 on a three course dinner! The food was mediocre at best! Will never go back! The waiter kept coming to our face every few minutes even after telling him several times that we were not ready. Then the manager comes to intimidate us to hurry up and place the order. We were waiting for a friend to arrive and didn't want to order ahead of him. He was only 15 minutes late! Ridiculous!,False,0,0,0,Nick G.,en,"{'neg': 0.219, 'neu': 0.711, 'pos': 0.07, 'compound': -0.9402}",-0.9402,0.07,0.219,0.711,negative
391,2018-09-18 23:33:32+00:00,5,"Love coming here. The food is incredible and constantly finds a way to alter my perception of Indian food, always in the best way. My favorite part is always the starter that they give you. The soup and blue cheese nan is delicious. The wine is amazing, I'm currently enjoying an amazing Gruner that is refreshing and delicious. The staff is always what truly makes the experience for me though. The hostesses are friendly and warm, and I always feel like they are genuinely happy to see me. The one in the glasses (Alyssa I think?) is always super cute and bubbly. My last server Kevin showed my guest and I a great time, and was very attentive and knowledgeable about the menu. I've never had a bad experience here. The quality of everything is what keeps me coming back! Plus they have such a great lunch deal that is incredibly hard to pass up for a 5 Star restaurant. I would definitely recommend this place to anyone.",False,0,0,0,Katy C.,en,"{'neg': 0.008, 'neu': 0.622, 'pos': 0.37, 'compound': 0.9979}",0.9979,0.37,0.008,0.622,positive
390,2018-09-28 19:17:07+00:00,5,"This is a wonderful Indian restaurant, transcending the usual North Indian staples for a variety of exotic and delicious contemporary takes on the ancient cuisine.  What's not to love (well, the prices are hard to love.  Ha!).",False,0,0,0,Sam B.,en,"{'neg': 0.166, 'neu': 0.611, 'pos': 0.224, 'compound': 0.7056}",0.7056,0.224,0.166,0.611,positive
389,2018-10-01 00:18:17+00:00,1,"We visited this restaurant today to celebrate my friend's birthday. we booked in advance for two course brunch buffet, cost for which was $35 each. We made it very clear that we want to go for brunch buffet. When dishes came they were super small in portions and we had waiting time for reordering for our dishes. 
                                                   When we were ready to pay for our buffet, amount was switched to $55 each without giving us any clear explanation. We made it very clear in the beginning that we would like to go for brunch buffet. When asked, server gave us vague explanations such as that dal etc.would be at extra cost, so long story short it was a rip off and they charge you according to their convenience. Brunch buffet did not include bread or rice. How can they think of buffet without bread or rice. We all were really disappointed. I would not recommend this to anyone.",False,0,0,0,Sujata B.,en,"{'neg': 0.121, 'neu': 0.757, 'pos': 0.121, 'compound': -0.2561}",-0.2561,0.121,0.121,0.757,negative
388,2018-10-13 18:22:33+00:00,5,"I've only ever had dive-esque indian food, and was hesitant to try an upscale indian experience but I am the most thankful I did. This is one of my favorite meals I have ever had. I had so many things I can't even remember the name of but get the dang pork dumplings and the corn.",False,0,0,0,Jami-lyn F.,en,"{'neg': 0.05, 'neu': 0.791, 'pos': 0.16, 'compound': 0.8604}",0.8604,0.16,0.05,0.791,positive
387,2018-10-21 02:30:38+00:00,5,Very tasteful and freshly prepared with delicious combinations. One item was not that delicious - the sweet potato appetizer. My lamb dinner was elegantly presented and spiced perfectly. Dessert was a light and delicious rice pudding with crispy kataiffi and coconut ice cream on top. Would recommend highly,False,0,0,0,Panos H.,en,"{'neg': 0.0, 'neu': 0.466, 'pos': 0.534, 'compound': 0.9924}",0.9924,0.534,0.0,0.466,positive
386,2018-10-22 12:11:00+00:00,5,Innovative take on Indian cuisine. Vegetarian friendly restaurant with amazing choices for each course. Given it was our first time here - tried out the full tasting menu. Loved every bit of it including the delicious desserts. It was a 3 hour dinner in a beautiful setting being served by courteous hosts. Will be returning for more......,False,0,0,0,Eva S.,en,"{'neg': 0.0, 'neu': 0.604, 'pos': 0.396, 'compound': 0.9862}",0.9862,0.396,0.0,0.604,positive
385,2018-10-31 14:12:53+00:00,4,Excellent blend of east and west but I found it to be pricey . The food was plated well as is evident by the photographs!,False,1,1,1,Ayesha T.,en,"{'neg': 0.188, 'neu': 0.65, 'pos': 0.162, 'compound': -0.4199}",-0.4199,0.162,0.188,0.65,negative
384,2018-11-02 15:47:19+00:00,5,"Just freaking go there!! This place deserves a Michelin star ASAP.

We were really, really looking forward to visiting this place, and read up everything we can find about them. Needless to say, we weren't disappointed. It's difficult to please a seasoned Indian palate with Indian food, and even more difficult to wow them. But Indian Accent did it. People see Indian food as daunting because of its complexities, but Chef Mehrotra has actually managed take out a few ingredients and still retain the taste of each dish. If you're mindful while eating, you can distinguish the flavor of each and every dominant ingredient in the dish.

We had many things there, but here are the highlights:

Pumpkin shorba: served as warm shooters, it was the very first dish. We came in after a long walk in a particularly chilly evening, and LOVED them. Our delight was so visible that the lovely server brought us seconds, then even asked for thirds :p

Sweet-potato chaat: simple yet delicious: sweet potato, chaat masala, fried okra.

Soy keema quail egg with kaffir lime pao: if soy wasn't written in the menu, you'd think this is actual keema.

Ghee roast lamb: served peking duck style, with tiny parathas to wrap the meat with. The meat is cooked tender and exquisitely, with the ghee, black pepper and garam masala flavors in perfect harmony. Served with three chutneys: we especially loved the green chilly... very very spicy!!

Doda barfi treacle tart: served warm, with a scoop of vanilla ice cream. The deep caramelized flavors of doda barfi works so well with the mellow vanilla.

Makkhan malai: Light, fluffy with rose petal chikki for crunch. Probably their signature dish, and is absolutely delicious. All the basic Indian dessert flavors- malai, cardamom, saffron- in perfect balance.

In conclusion, there are many Indian places in NYC that claim to serve 'inventive' or 'modern' food, but this place is the real thing. It's expensive, but totally worth it in my opinion.",False,1,0,0,Subhabrata M.,en,"{'neg': 0.052, 'neu': 0.721, 'pos': 0.228, 'compound': 0.9975}",0.9975,0.228,0.052,0.721,positive
383,2018-11-12 16:40:22+00:00,5,"I visited Indian Accent for dinner, and I loved it!  The atmosphere is sleek and cool, with dim but not too dim lighting and minimalist decor.  I opted for the four course fixed price dinner.  After a complimentary appetizer, the individual courses included a cute appetizer consisting of several cone shaped shells with assorted fillings, followed by steamed pork dumplings, a main course of sea bass, concluding with a nut tart topped with a scoop of ice cream.  Everything was delicious, light with an accent of Indian spices.  Before getting the check we were brought a small plate of sweets to top off the meal.  One piece of advice - If you want a glass of wine, order it at the table.  If you order at the bar the pour will be measured with a five ounce cup.... for a cool $20.  At the table they just pour.",False,0,0,0,Diane L.,en,"{'neg': 0.042, 'neu': 0.745, 'pos': 0.212, 'compound': 0.9819}",0.9819,0.212,0.042,0.745,positive
382,2018-11-13 18:32:05+00:00,5,"I came for buttered chicken but I didn't see it available on the lunch menu. There was an option to get first and second course for  a bundled deal. I chose the amazing signature ribs for my first and for the main, scallops. The ribs would not have been enough on their own, they are a starter. The scallops would have provided a light meal. The only naan they offer has blue cheese which I couldn't have and they gave me a cute and flavorful alternative. The bartender did a great job making iced tea on demand-it is made fresh to order but be sure to check out the cool hot tea menu. Nice decor. Excellent service. Soft jazz music could have been turned up just one notch. I'll be back tomorrow for dessert and drinks. Definitely would come back for a meal on a future NYC visit.",False,0,0,0,Jamie P.,en,"{'neg': 0.0, 'neu': 0.736, 'pos': 0.264, 'compound': 0.9941}",0.9941,0.264,0.0,0.736,positive
381,2018-11-15 23:42:17+00:00,5,"Ambience, drinks, and food were all amazing!! They deliver a modern play on The traditional Indian dishes everyone loves, with an innovative twist and innovative plating. Their cocktails are the cherry on top. I recommend trying the ""mustard"" one. It has that spice kick but compliments your food so nicely!",False,0,0,1,Nan W.,en,"{'neg': 0.0, 'neu': 0.601, 'pos': 0.399, 'compound': 0.9692}",0.9692,0.399,0.0,0.601,positive
380,2018-11-16 13:54:25+00:00,5,"Where to start? Even if the place weren't lovely - and not deafening, hallelujah!! - the service impeccable and staff completely accommodating yet discrete, the insanely delicious food would still make this a five star. We stayed a ala crate but all seven dishes left us speechless from their excellence. Top notch cocktails and wines by the glass. Not cheap, but worth every penny. I can't remember the last restaurant experience that could top this. My new favorite restaurant in Manhattan.",False,1,1,1,Ed W.,en,"{'neg': 0.098, 'neu': 0.692, 'pos': 0.21, 'compound': 0.9138}",0.9138,0.21,0.098,0.692,positive
379,2018-11-19 23:43:27+00:00,5,"Wow amazing food and outstanding service, can wait to try more from the menu soon. Best Indian food I ever had, the lamp was amazing. You can select 3 for $75 or 5 for $90 the items, i am not a desert person and went with the 3 main courses.",False,0,0,0,lars r.,en,"{'neg': 0.056, 'neu': 0.623, 'pos': 0.321, 'compound': 0.9531}",0.9531,0.321,0.056,0.623,positive
378,2018-11-20 13:16:50+00:00,5,Wow this place was amazing. So fresh and interesting. You will need the waiter to help u through the menu and all of the staff is great and knowledgeable. Very expensive but worth the money. Every dish was better then the next.  Don't ask me names of dishes but u will enjoy. Such a relax atmosphere and very comfortable seats for a change.  If you want something different this is the place. !,True,0,0,0,Mike C.,en,"{'neg': 0.033, 'neu': 0.577, 'pos': 0.39, 'compound': 0.9861}",0.9861,0.39,0.033,0.577,positive
377,2018-11-23 12:46:51+00:00,5,"""Oh my god"" - these are the words you'd keep repeating while enjoying your amazingly cooked and presented meal at Indian Accent. We had made reservations for a Sunday lunch for noon, and I'd highly recommend making reservations if you plan to come here around 1/1:30 pm as this place did fill up very quickly within 45 mins. and the restaurant was packed by 12:45 pm.

For drinks, I ordered their non-alcoholic beverage ""Upsy Desi"" and would highly recommend it if you love lime.

We went with the shared brunch feast option, which is priced at $55 per person and would highly recommend this option, because it gives you the opportunity to try some of their best dishes in a single meal. We were 4 of us, so we could pick any 4 items from their menu with an option to repeat one. In terms of servings, you get 2 portions of each dish which you split 4-ways. For the first course, ""potato sphere chaat, white pea mash"" was a winner. First course gives you 3 options to pick from.

For the 2nd course ""parsi ""salli per eedu,"" fried egg, crispy potatoes, chutneys"" and ""beef chili dabba gosht, baked egg, chappati"" are to die for. Definitely order the mushroom, and bacon kulcha.

No options to choose from in the 3rd course, but the 2 options listed on their menu are absolutely delicious i.e. makhan malai, and kesar mangoes.

Service is absolutely spot on and food arrives within 20 mins of placing the order. Is it expensive? - Yes it is... is it worth it? - It absolutely is!",True,2,0,5,Ameya B.,en,"{'neg': 0.038, 'neu': 0.818, 'pos': 0.144, 'compound': 0.9797}",0.9797,0.144,0.038,0.818,positive
376,2018-11-25 19:25:23+00:00,5,"Loved it. Great food, service and ambience!

We tried the following for dinner:

Drinks: Mughal fortification (amazing) and garden reviver with vodka

Appetizers: beet tikki and soy keema

Entrees: Tawa paneer, chicken malai tikka

Accompaniments: Black dal, pulao

Bread: saag paneer kulcha and 2 lacha naans

Loved it all but particularly the chicken and dal. I've never had such tender chicken.

The portions are just the right size (appetizers are really small though) but we were quite full from the above and couldn't indulge in dessert.

Highly recommend going if you haven't already. I'd definitely go back.",False,0,0,0,Lakshya R.,en,"{'neg': 0.127, 'neu': 0.776, 'pos': 0.097, 'compound': -0.752}",-0.752,0.097,0.127,0.776,negative
375,2018-11-25 23:47:32+00:00,5,"My first dinner here was so good, I went back 3 days later! The food was not just delicious but creative, beautiful and participatory (depending on what you order, you will be picking, designing, and/or rolling).  My husband and I sat in a booth in the back room on our first visit and it was very private, quiet and luxe while our second dinner was in the front which is more active, (noisier and friendlier with some conversations taking place across tables which are much closer together).  Different experiences but both great.  The service was impeccable; the servers are extremely well trained and take great care.  Indian Accent is a great experience and I look forward to my next dinner there.",False,1,0,0,Robin M.,en,"{'neg': 0.021, 'neu': 0.687, 'pos': 0.292, 'compound': 0.9927}",0.9927,0.292,0.021,0.687,positive
374,2018-11-28 13:36:33+00:00,5,"I give 5 stars for excellent food and service! From the moment you walk in until you leave you are treated so well!  Of course we are there to eat but I personally want to be treated well, it's why I spend the money.  We both enjoyed the chefs tasting menu of which every course was perfect.  This restaurant, and its above average price point also attracts a more refined clientele, everyone was well dressed, no one on their cell phones, no one taking pictures of their food....everyone just talking, eating and enjoying their night out.",False,0,0,0,Jeffrey O.,en,"{'neg': 0.089, 'neu': 0.651, 'pos': 0.26, 'compound': 0.9699}",0.9699,0.26,0.089,0.651,positive
373,2018-11-28 17:09:11+00:00,2,"We went for their prix fixe Thanksgiving dinner this year. 
What a disappointment and overly expensive:
$240 for two, not including the tip.

The appetizers were delicious; especially flavorful were the roast turkey pinwheels.

But the main courses were all strongly redolent of the same curried and cumin spices. And frankly although the ingredients were different everything tasted the same. 

Cumin maple brussels sprouts, tandoori cauliflower, spicy almond kadhai potato and the pumpkin and cranberry kulcha was again indecipherable in taste from one another. 

Also, the deserts were sparse; brought to the table a runny pink rice pudding (terrible) with a fancy name 'saffron pear petha, rice kheer' 
and a tiny piece of treacle tart with vanilla bean ice cream (okay).

Inedible assortment of pecan candy.",False,0,1,0,Mountain Girl L.,en,"{'neg': 0.147, 'neu': 0.786, 'pos': 0.067, 'compound': -0.9403}",-0.9403,0.067,0.147,0.786,negative
372,2018-12-01 03:57:55+00:00,4,"Exceeded my expectations!

We started with the complimentary mini pumpkin soup and blue cheese naan. They were so good we asked for seconds! Both were perfect.

My appetizer was the potato chaat. It was meh. Served cold covered in sauce - definitely not something I'd order again. My boyfriend got the crab and really liked it. 

For the second course, I ordered the ribs. They were the perfect balance of sweet and spicy-- and I hate spice so me enjoying them says a lot. The meat melted in my mouth. Need now.

For my entree, I got the bass. It was served next to a big bed of rice. I was shocked by how big the portion was (at least compared to their other portions). Not that it was huge, but it was a hefty filling dish. I loved it and would definitely get it again. My boyfriend got the lamb taco thingy and really enjoyed it. It was a bit too spicy for me but I really like how it is DIY. 

We also ordered garlic naan, which was divine. 


For only $15 more you can get another dish- including the entree sized dishes. That's a pretty good option, do it guys!",False,2,1,0,Olivia R.,en,"{'neg': 0.035, 'neu': 0.742, 'pos': 0.224, 'compound': 0.9926}",0.9926,0.224,0.035,0.742,positive
371,2018-12-03 01:04:44+00:00,5,Amazing Indian food - innovative without losing track of its roots. Expensive.,False,0,0,0,Jean Marc G.,en,"{'neg': 0.239, 'neu': 0.335, 'pos': 0.425, 'compound': 0.4374}",0.4374,0.425,0.239,0.335,positive
370,2018-12-05 21:50:26+00:00,5,"Died and went to heaven.  Then came back when the check was delivered!!   But food this insanely delicious is often times blisteringly expensive.  The tandoori lamb chops?   Unreal.  The dumplings I would have passed on.  The crab claws?  Forget about it.  I do thing the lamb roti (for an extra $10) maybe was not as wonderful as the others (and maybe because of the surcharge).   But still...overall the most sublime Indian cuisine anywhere, ever.   Oh yeah...the cocktail ""Transcendental Medication""?   Get one of those.",False,0,0,0,Freddy K.,en,"{'neg': 0.175, 'neu': 0.709, 'pos': 0.116, 'compound': -0.6213}",-0.6213,0.116,0.175,0.709,negative
369,2018-12-06 15:35:34+00:00,5,"The experience was excellent. I would give it a 4.5 if I could but a gracious round up brings us to a 5 star establishment. Unlike other more common fine dining cuisine, this was my first experience in fine dining Indian food - and it was above expectations. 

Ambiance: The décor is simple and clean - inviting - and not too pretentious. The size and flow of the restaurant are appropriate and the over feel of the establishment is one of understated class. - 5 stars

Service: The service was good. Nothing spectacular.  - 4 stars

Food: my girlfriend and I each did a 3 course (all separate courses) dining experience. We started off with the Asparagus, the pork dumplings and the ribs. The asparagus was very good, the coconut chutney was nice. the pork dumplings had an amazing green chilly broth that really made the dish - this is a must get for those that enjoy subtle spices and flavors. the ribs were good but nothing special - I would skip these. For the main courses we got the lamb and the sea bass. The lamb was great, but the star of that dish was the four chutneys that your presented with. Its a great way to explore different flavors and was worth the $10 up charge. The sea bas was also very good - perfectly cooked. My only complaint is I prefer the skin on fish to be crispy, and they present the fish with soggy skin which may throw some off. for accompaniments we had the pulao and the smoked bacon kulcha - both good but neither special in any way. Lastly - the desert. This was actually the star of the night. We got the  makhan malai. If you have been dining out for a while, its rare you come across something completely new. I have never seen or eaten anything like this before. the best I can describe it is some sort of heavily whipped (very airy) milk mouse cloud with almonds and other toppings sprinkled on it. It was so light and delicious. This is what took the food to a - 5 stars.

Platting: well structured plate design. Its no Michelin star  presentation, but its clean and fits the ambiance and cuisine nicely. See attached pictures to develop your own conclusion - 4 stars. 

All in all, this was an excellent night. I'd recommend to anyone looking to explore the amazing world of Indian cuisine. With a cheaper bottle of wine, two cocktails and 6 courses the bill after tax and tip comes in at $350 for two people.",False,1,1,1,Chris W.,en,"{'neg': 0.052, 'neu': 0.704, 'pos': 0.244, 'compound': 0.9989}",0.9989,0.244,0.052,0.704,positive
368,2018-12-09 01:55:53+00:00,4,"Overall, a satisfactory place with unique dishes, solid four stars. We did the tasting menu and one or two dishes tasted like something was added as a flavor enhancement and if not, a very generous dose of sodium. The service could be better given the place, we had to wait about ten minutes to get seated even though the restaurant was still fairly empty and we had reservations ahead of time. The waitstaff also forgot a dish we asked to take home since we were getting full (bummed I forgot until I got home!).",False,0,0,0,Jolie Y.,en,"{'neg': 0.124, 'neu': 0.807, 'pos': 0.07, 'compound': -0.7514}",-0.7514,0.07,0.124,0.807,negative
367,2018-12-09 03:57:57+00:00,1,"Pathetic service, long wait times despite reservations, below average food characterize this overhyped place. Never again!",False,0,0,0,Prashant K.,en,"{'neg': 0.504, 'neu': 0.411, 'pos': 0.085, 'compound': -0.935}",-0.935,0.085,0.504,0.411,negative
366,2018-12-09 16:43:44+00:00,4,"Thoroughly enjoyed the food, atmosphere and service. An added pleasure is seeing the rooms filled with Indian guests...about 3/4 of so of all other diners. But get ready too spend a small fortune.",False,0,0,0,Steve G.,en,"{'neg': 0.133, 'neu': 0.676, 'pos': 0.191, 'compound': 0.1018}",0.1018,0.191,0.133,0.676,positive
365,2018-12-09 22:41:58+00:00,5,"On our last night on a recent New York trip, my wife and I chose to dine at Indian Accent which had been reaping some very positive reviews.  
We were not disappointed, Though we were without reservations upon entering the establishment, the management resolved our dilemma rather quickly and we were led to our table.  We enjoyed the service of an exceptionally fine waiter, Timba, who explained all of our questions and offered personal opinions about the quite enticing menu dishes when asked (which were more than a few times).  
We found the wine admirably menu matched and found the food divine.  Everything we ate was cooked in a subtly and flavorsome way we have not yet found in an another Indian restaurant.  While honoring traditional Indian cuisine, the chef here flavors it with inspiration.",False,0,0,0,David H.,en,"{'neg': 0.033, 'neu': 0.793, 'pos': 0.175, 'compound': 0.9708}",0.9708,0.175,0.033,0.793,positive
364,2018-12-12 22:58:36+00:00,5,"As highly rated as this place is, it is way underrated as far as I'm concerned. After living in the city for 16 years and hitting just about every restaurant that made someone's list, I had one of the best meals I've ever had at Indian Accent. I did the 10-course testing menu and was wowed by all but 1 of them, including the first couple ""unofficial"" courses. I'm shocked that anyone can even get reservations here, but I plan to take advantage of this ""glitch"" in the matrix for as long as possible.",False,0,0,0,E. Shani M.,en,"{'neg': 0.097, 'neu': 0.83, 'pos': 0.072, 'compound': -0.6757}",-0.6757,0.072,0.097,0.83,negative
363,2018-12-14 03:07:02+00:00,4,"It takes quite the pull to get me into an Indian restaurant, especially on vacation. However, having had many friends recommend Indian Accent, and catering to bae's excitement to dine here, I booked us a reservation (yes, they take reservations... #winning) for a party of four.
Arriving minutes before our reservation time, we were escorted to the bar as they set our table. I enjoyed just a couple sips of my Proper Copper before we were swiftly seated at our table.
Aspiring to hit Michelin status, our menu was an all-or-none chef's tasting menu. While one member of the group strongly wanted the a la carte menu, we managed to convince him and worked through the chef's tasting menu.
What I loved about the menu here was that they had vegetarian and non-vegetarian options, accommodating both dietary styles. Our server, realizing our confusion, excitement, and desire to try everything, accommodated our curiosity by adding in a little here and there to ensure we tasted a full palate of culinary intricacies.
My favorites from the tasting menu were without a doubt the potato sphere chaat, the baked cod, and a pork dish I can't quite recall the name of.
I would certainly enjoy more Indian restaurants if they were like this! Can certainly see Indian Accent inching towards a star in the future!!",False,0,0,0,Roma R.,en,"{'neg': 0.009, 'neu': 0.784, 'pos': 0.207, 'compound': 0.9921}",0.9921,0.207,0.009,0.784,positive
362,2018-12-15 01:31:23+00:00,5,This was one of the best meals I've had. Everything was very exquisite and beautifully executed. I cannot wait to go back. Thank you for a wonderful experience on a special day.,False,0,0,0,Leila M.,en,"{'neg': 0.0, 'neu': 0.537, 'pos': 0.463, 'compound': 0.963}",0.963,0.463,0.0,0.537,positive
361,2018-12-21 01:04:11+00:00,3,"The food here was very unique with amazing fusion blends. My husband and I both did 3 courses which is the perfect amount for tasting. This place is an experience for sure anywhere from the staff to the compliments of the chef to the amazing service. Only complaint is that it lacks decor for such a classy restaurant the decoration inside is pretty dull. I had the upsy desi mocktail it was so good. The pumpkin soup from the chef was another favorite, the bhel and the tandoori lamb chops were also delicious,it's a great experience but not a repeat for me",True,1,0,1,Bina P.,en,"{'neg': 0.032, 'neu': 0.768, 'pos': 0.2, 'compound': 0.9375}",0.9375,0.2,0.032,0.768,positive
360,2018-12-23 03:00:29+00:00,5,"Best. Meal. Ever.  It's an Indian tasting menu of flavors and spices that are heavenly. 

I started with pumpkin coconut shorba that was so delicious, that I wanted to jump in.  I made such a fuss over it that the GM brought me the recipe (I may name a child after him).  I then had crab claws with flavors I've never had before. And went on to short ribs that were sweet and sour. The meat fell off the bone. The next course was a fried ball of spinach and cheese in a masala sauce. OMG. Each course is better than the last. For dessert, I chose the Maklan Malai based on the other reviews on Yelp. It did not disappoint. It was light and sweet with amazing flavor. 

My new goal in life is to fund them so they can spread beyond NY, India, and London. 

Seriously. Best. Meal. Ever.",False,2,2,1,Wendy D.,en,"{'neg': 0.01, 'neu': 0.777, 'pos': 0.213, 'compound': 0.9895}",0.9895,0.213,0.01,0.777,positive
359,2018-12-28 01:43:43+00:00,5,"Indian Accent offers multi course tasting menus that create the perfect opportunity to explore the excellent tastes coming out of their kitchen. If you want to eat a bit less, reserve a seat at the bar where you can order ala carte.Excellent service. All our courses were delicious-tiger prawns, scallops, lamb and the breads with choice of filling. They turn up their noses at mango chutney and traditional Indian beers in favor of sophisticated sauces, micro brews and an extensive wine list - as a mango chutney lover that was a small disappointment that paled in the context of a great meal overall.",False,0,0,0,Sahar J.,en,"{'neg': 0.073, 'neu': 0.7, 'pos': 0.226, 'compound': 0.9501}",0.9501,0.226,0.073,0.7,positive
358,2018-12-29 23:30:37+00:00,5,"We loved the drinks proper copper drink was really nice twist to maska mules. Also we had Mogal....and  spice scotch drinks were gear. We loved Shawn at the bar. He was explaining all drinks and appetizers to pair with our drinks. We had beets, sweet potato, and Asaragas dosa were great. We enjoyed all.",False,0,0,0,Sangita D.,en,"{'neg': 0.0, 'neu': 0.693, 'pos': 0.307, 'compound': 0.9694}",0.9694,0.307,0.0,0.693,positive
357,2018-12-30 20:11:08+00:00,5,"Amazing. I had really high hopes for this place and it lived up to the hype. 

We went with a group of four and we all did the chef's tasting menu. Among our favorites: the puchkas, the morels (this blew me away), the cod, the shrimp, and the kulchas with butter chicken. That is, essentially, the majority of the menu -- it was all just so good.

If I have any minor complaints, it's that I thought the desserts were just very good (not as incredible  as the rest of the menu), and the total amount of food was basically just right. The latter really isn't a complaint so much as it is a warning that if you want to walk out dying of fullness, this probably isn't the right tasting menu place for you. 

All in all, an amazing experience that I'd love to do again at some point.",True,1,0,0,Shawn H.,en,"{'neg': 0.031, 'neu': 0.798, 'pos': 0.172, 'compound': 0.9736}",0.9736,0.172,0.031,0.798,positive
356,2019-01-02 05:11:12+00:00,5,"I stopped in here expecting the typical Indian fare-- chicken dishes in sauce with rice-- which I love!
However, this is a high concept take on Indian cuisine, which is...AWESOME!! The most unique offerings, the most interesting and vibrant flavors! I can honestly say this is one of the best meals I've ever had. And we all know that's saying a lot!! Go here!!! IMMEDIATELY!!",False,1,1,1,Laurie L.,en,"{'neg': 0.025, 'neu': 0.719, 'pos': 0.256, 'compound': 0.9603}",0.9603,0.256,0.025,0.719,positive
355,2019-01-02 05:38:22+00:00,5,"I did chef's tasting menu. The experience is more than just food but culture...I didn't hear any Indian accent from the waiters, but I definitely tasted Indian accent when ""talking"" with the chef. 

Food is fantastic. So did the ambience and service. Definitely a five star.",False,0,0,0,Yihui S.,en,"{'neg': 0.0, 'neu': 0.769, 'pos': 0.231, 'compound': 0.9186}",0.9186,0.231,0.0,0.769,positive
354,2019-01-05 00:25:03+00:00,4,"I took my bf here for his birthday recently. Given he and I love Indian food, I looked everywhere for a very good Indian restaurant to take him this year. Its described uniqueness, positive write ups and reviews made me especially curious of this place. It's expensive and more upscale compared to most common Indian restaurants, so it's perfect for those special occasions. Be prepared for Indian cuisine with a tasty contemporary spin.

I appreciated the unique approach to their dishes. For dinner, they offer a few different choices; 3 course with accompaniment, 4 course with accompaniment, or chef's tasting. We opted for the 4 course because we wanted to pick and choose off the menu. You can choose any selection off the menu, and it can be any mix of any items. We shared all our dishes, which included in order --

Amuse bouche for each of us - Pumpkin soup and kulcha with cheese

Appetizers - Sweet potato shakarkandi and potato sphere chaat

Mid courses - Phulka with chili pork and sweet pickle ribs

Mains - Seared scallops, Ghee roast lamb, Spinach kofta, and Chicken malai tikka

Accompaniments - Kulcha with wild mushroom and kulcha with butter chicken

Interestingly, we liked our starter dishes more than our mains. We loved the sweet pickle ribs and the appetizers were pretty great. The phulka is like an Indian taco, delicious but not so easy to share as it's just one portion. I would honestly skip the scallops and the chicken malai next time. They were tasty, but I wasn't super fond of them. The ghee roast lamb is a must. The kulcha was a nice accompaniment. It's like a filled pita pocket. The only annoyance was that our kulcha got cold by the time our second course of mains arrived. We were hoping to enjoy the kulcha with our mains, but we waited too long. 

As for service, our last main dishes were taking some time to arrive. I noticed the service started to slow down as the restaurant filled up. When we arrived, service was definitely more on point. The restaurant was entirely filled up after an hour of arrival. We had different servers come by our table. The only weird thing I noticed is we didn't get a wet towel for the ribs though the table next to us did. As for ambience, the restaurant space is very nice. The seating arrangement was fine. We got a corner table at the very front, and it seemed like the most private seating area. The noise level can get loud depending where you sit. I noticed a line at the door for a table, so I strongly recommend a reservation before coming here.

For a birthday occasion, Indian Accent was a nice choice. We both very much enjoyed the food. It's quite different from your typical Indian restaurant. If you're okay spending a bit more, consider Indian Accent for some unique Indian fine dining.",False,7,4,7,Sara L.,en,"{'neg': 0.098, 'neu': 0.722, 'pos': 0.18, 'compound': 0.9886}",0.9886,0.18,0.098,0.722,positive
353,2019-01-05 00:48:30+00:00,5,"Shooooooot. What else can I say that no one else has said? I mean, holy freaking wow (and I'm a pastor, so when I say holy, I mean it--like there was the holy spirit gathering right there with her Indian accent and she made sure we were all as happy as happy can be.)

Start to finish. Finish to start--I can go on and on and on. I've been to a couple Michelin star restaurants and I am not quite sure why Indian Accent didn't earn a star. But anyway, one of the best experiences of my eating life. 

It's been 3 weeks and we are still talking about the amuse bouche. Everything else was just as good. And, when I say just as good, I mean I'm dreaming of those scallops and the bread and the fish and, and, and. 

If you are a cocktail-o-phile, this place is like woah. Thank God for immigration. 

Not only was the food just absolutely everything you needed and wanted it to be, the service was stunning. Each person who took care of us acted like we were high rollers. We're not. But, we do tip well--not that they knew that. Anyway, the som suggested a perfect wine. Each staff member knew every detail of everything and was there exactly when we needed. We didn't want for a thing. And, each person added a personal touch that made our evening just that much more magical. Presenting amazing food is one thing, but cultivating a space and people who make you feel both like you're in a castle and in your own livingroom--that's impressive. Out of the million places in NYC, I'll be back to IA. 


My only regret: not getting dessert. I couldn't have eaten another damn thing, but I still wish I'd have tried.",True,0,0,0,Holly C.,en,"{'neg': 0.061, 'neu': 0.736, 'pos': 0.203, 'compound': 0.9933}",0.9933,0.203,0.061,0.736,positive
352,2019-01-07 03:02:06+00:00,5,"Dining at Indian Accent is a deliciously inspired and elegant fine dining experience. My husband and I chose the vegetarian options on the Chef's Tasting Menu and we were truly impressed with each offering, from the amuse-bouches to the sweets. The chefs, Manish Mehrotra and Chetan Shetty, creatively meld familiar Indian ingredients and spices with some decidedly non-traditional elements, such as in a delectable dish called Kashmiri Morels, which features walnut powder and a parmesan papad. Morels and parmesan on an Indian menu? Well, the synthesis of flavors works and kept us intrigued with each new offering. Every dish is also beautifully constructed and plated in a much more French style than the usual more casual Indian restaurants that I also enjoy. Some of the standout offerings include: the aforementioned morels, the remarkable layered tastes and textures of the Potato Sphere Chaat with white pea mash, and a marvelous Crispy Hearts of Palm served in a mouthwatering, velvety coconut curry. The surprising intermezzo of pomegranate ice was a treat, as were the two desserts that followed: an aerated saffron milk dish called Makhan Malai served with rose petal jaggery brittle and almonds, and to finish, a very satisfying Doda Barfi Treacle Tart accompanied by vanilla bean ice cream with just a hint of chai spice to linger on your palate. The service was very attentive and warm, with the courses arriving in a well-timed succession. The room itself was a fairly blank slate with very minimalist decor while maintaining a very pleasant and airy feel. Perhaps the idea is that the food is the star and the surroundings are therefore kept fairly austere. I think I would have preferred a little more artistry in the room itself, but given how wonderful the entirety of the experience is, that is a small quibble. The restaurant was full, but the noise-level was moderate and conducive to conversation, which is a big plus in my book. We will be visiting the sister restaurant in New Delhi in February and cannot wait to see how it compares to our New York version. In the meantime, we are thrilled we had the pleasure of dining at this Indian Accent and hope to visit again.",False,1,0,0,Kim G.,en,"{'neg': 0.019, 'neu': 0.799, 'pos': 0.182, 'compound': 0.9952}",0.9952,0.182,0.019,0.799,positive
351,2019-01-10 03:46:11+00:00,5,Absolutely amazing. I recommend everyone go if you can! Had the lunch tasting menu and everything was delicious. The highlight for me was the rib and the treacle tart dessert. Service was incredibly attentive without being in your face. The atmosphere does kind of feel like a hotel restaurant but it's very classic and spacious,False,0,0,0,Sue G.,en,"{'neg': 0.0, 'neu': 0.686, 'pos': 0.314, 'compound': 0.9639}",0.9639,0.314,0.0,0.686,positive
350,2019-01-12 05:05:09+00:00,5,"This tasting menu is incredible. I cannot recommend this enough and honestly don't understand why this doesn't have a Michelin star. It's literally insane. It's definitely not a place for cheap grub but, if you're a ""tasting menu type,"" then it's well worth the money.",False,0,1,0,Abhijeet S.,en,"{'neg': 0.107, 'neu': 0.708, 'pos': 0.184, 'compound': 0.5726}",0.5726,0.184,0.107,0.708,positive
349,2019-01-13 14:04:45+00:00,2,The food is decent. However the quantity of food you get makes you think they use gold and diamonds in the recipes. This is the most ridiculous example of hype vs. reality. Be prepared to spend $100-150 per person if you do not want to leave hungry due to tiny portions,False,0,0,0,Kalapi S.,en,"{'neg': 0.14, 'neu': 0.806, 'pos': 0.053, 'compound': -0.7155}",-0.7155,0.053,0.14,0.806,negative
348,2019-01-18 02:20:29+00:00,5,"I have been to Indian Accent to experience the New Year's Eve menu two years in a row, and I don't plan on going anywhere else next year. The way chef Manish Mehrotra reimagines Indian cuisine without compromising its integrity is unlike anything I have ever tasted.
The aloo bonda (served with tomato pickle chutney), which is merely an amuse bouche, is out of this world. This potato ball is so intoxicating that I don't even need wine. (Although I do highly recommend the wine pairing option for $70 ... the sommeliers are generous in knowledge and in pour).

The first course, Calcutta puchkas, is served most exquisitely with different ""waters"" to be poured inside - pomegranate, tamarind, chutney - and each one is to be eaten in just one bite. The puchkas are arranged in ""flight"" fashion, so to speak, which not only makes for a conversation piece but allows me and my boyfriend to take our time and enjoy each one before having to surrender our empty plates. 

If I described the rest of the meal, it would be equivalent to spoiling the end of an Oscar-winning film. I recommend you eat there yourself and fill in the blanks.",False,0,0,0,Kathleen F.,en,"{'neg': 0.019, 'neu': 0.912, 'pos': 0.069, 'compound': 0.8777}",0.8777,0.069,0.019,0.912,positive
347,2019-01-20 20:11:10+00:00,5,"Midtown pre theater is usually totally forgettable, but what a find! Superb service, terrific and creative cuisine and a dessert that was not too sweet. I don't leave a whole lot of effusive reviews, but this one deserves every accolade I can give. We were going to a show at 7 pm and had dinner at 5 pm keeping in mind that they are 10 blocks from the Broadway scene. They got us out in plenty of time and we comfortably walked getting to our show with time to spare.  Highly recommend.",False,0,0,0,Wanda M.,en,"{'neg': 0.082, 'neu': 0.706, 'pos': 0.212, 'compound': 0.9417}",0.9417,0.212,0.082,0.706,positive
346,2019-01-22 02:11:18+00:00,4,"Contemporary take on Indian cuisine without compromising flavours, which is usually tricky to achieve in (for the lack of better word) 'fusion' food. Totally lived upto my expectations. It was the highlight of my birthday evening.
They have a good selection of dishes, something for everyone Meat,Poultry, Seafood and Vegetarian.

Tried and Recommend:
Appetiser - 
Beetroot Tikki with Goat Cheese Raita (Raita had a nice spicy kick)
Mains - 
Paneer Khurchan with Mini Roomali Rotis (they replenished rotis for us which was sweet!)
Chicken Malai Tikka with Truffle (it is actually not truffle but Kashmiri Morels) but very interesting flavours.
Accompaniment - 
Butter Chicken Kulcha (not the typical sweet tasting butter chicken) it is kulcha (flatbread) with butter chicken stuffing. Liked this one a lot. 
Dessert of course their signature ones -
Makhan Malai (it is famous Daulat ki Chaat from Delhi), it is not a traditionally made one, but a good light airy dessert after a heavy meal and Doda Barfi Treacle Tart (tasted good, although I could not quite taste the Doda Barfi in it). 

Cons - 
Crab Claws with Cauliflower - Crab meat did not have much flavour. Lot of masala was on the outer shell. 
Amuse Bouche - the famous Blue Cheese Naan 
was raw in the centre. Did not like the Pumpkin Shorba very much.

Gave one star less also because, I wish they had the option to order A La Carte instead of 3 or 4 courses. They currently have that option but only if you choose to be seated at the bar/patio (now closed due to winter). 

Extremely generous portions. We could not finish our 3 courses and had to have the dessert to go. Which is why I would prefer A La Carte. 
Impeccably clean and neat place.
Service is very good and prompt. Friendly, warm and very helpful staff.",False,1,0,0,Neha A.,en,"{'neg': 0.016, 'neu': 0.769, 'pos': 0.214, 'compound': 0.9971}",0.9971,0.214,0.016,0.769,positive
345,2019-01-22 03:35:31+00:00,5,"Took my fiancé here for this 30th Birthday. We both partook in the 3 course meal and wine parings, overall such a great experience. For the food and wine parings, everything complemented each other regardless if the paring was complex or simple. As for the service 5 stars all around. The table hosts were incredibly accommodating and offered great recommendations and input. I'll definitely be coming back again.",False,0,0,0,Nicholas G.,en,"{'neg': 0.0, 'neu': 0.85, 'pos': 0.15, 'compound': 0.8979}",0.8979,0.15,0.0,0.85,positive
344,2019-01-23 03:01:29+00:00,5,"Really good food and coming from someone who grew up in India. Did the 3 course pre fix dinner and got the tiger prawns, pickled ribs, and Assamese dumplings. Absolutely loved the shrimp and ribs, but the dumplings were pretty amazing too. For the main course we got the chicken malai tikka, sea bass, and ghee roast lamb. I personally thought the malai chicken was too creamy, but the rest of my party loved it. And for the dessert, I would get the treacle tart. It was the best end to the entire meal. And the kheer wasn't too bad either. Overall, great experience. I would love to try their tasting menu the next time.",True,0,0,0,Harshini R.,en,"{'neg': 0.018, 'neu': 0.67, 'pos': 0.313, 'compound': 0.9941}",0.9941,0.313,0.018,0.67,positive
343,2019-01-24 19:33:34+00:00,4,"Food: 4/5
Service: 4.5/5
Ambiance: 3.5/5
 
I celebrated a nice birthday dinner here. While I wasn't blown away, it was a good meal and the service was great. 

An amuse bouche of soup and blue cheese puff were nice touches to the start of the meal. I loved the sweet pickle ribs (5/5) which literally fell off the bone, and leans on the sweeter tangy side. The crab claws (4/5) are nicely spiced with some lingering heat. Eat the claws with your hands, just like chicken wings - somehow it makes it more satisfying. The tiger prawns (4/5) come 2 to an order under a shower of thin crisps, with a fried ""hashbrown"" of sorts. Also comes with a kick of spice. For mains, we had the ghee roast lamb (5/5) - their signature dish - which should definitely be on your table. Even though I do not love lamb, the flavors married so well and it wasn't too gamey; plus you get to play with the toppings in a DIY taco format and it's great fun. Try some stuffed in the laccha naan if you order it, and definitely try the butter chicken kulcha (5/5) for a delicious stuffed flatbread experience. I was a bit disappointed by the the paper roast dosa (3.5/5), because it is definitely focused less on the dosa than what was hiding under the dosa. A little bland, a little boring. The tofu masala (3.5/5) was also lackluster, reminding me of a very simple Chinese dish. In fact, it was really hard not to see the ties to Chinese flavors during my meal, which is not necessarily a bad thing but didn't leave me excited. I felt the flavors were toned down too much for the sake of ""refined"" dining. 

Desserts were a highlight for me. The Makhan malai (5/5) was inventive with much more intensity: saffron, rose, and other spices blended so well into the creamy fluffy souffle. Literally eating a spiced cloud. The treacle tart (5/5) was even better. Gooey but not too sweet, spiced but not too intense, a deep molasses flavor, warm like a hug and cooled down with a simple but perfect vanilla ice cream. The little plate of complimentary dessert bites are... quite interestingly flavored. 

Our waiter was extremely helpful with translating the menu and steered us towards quite a few recommended dishes. There was a bit of a delay bringing out the birthday candle after the desserts already arrived. 

This is a good option for a special occasion meal that's non traditional. The room is nice but I wouldn't say romantic. Worth going for a good meal, but I'm not running back. I crave a little more spice.",False,0,0,0,Lillian Y.,en,"{'neg': 0.07, 'neu': 0.72, 'pos': 0.21, 'compound': 0.9963}",0.9963,0.21,0.07,0.72,positive
342,2019-01-27 22:58:11+00:00,4,"We had dinner at Indian accent last night and it was a great experience overall. I would have given it 5 starts as the ambiance, service, and our entrees were exceptional but I was a little disappointed by the appetizers. We ordered a 4 course menu and both of our appetizers - the potato spheres and the beet and peanuts butter balls- were just ok. The entrees on the other hand were out of this world. This is what great food should do to your tastebuds- really push the boundaries of flavor combinations and textures. The crab claw and black rice dumplings with nettle broth were to die for and the mushroom dosa and the chicken malai marke were fantastic. we are excited to try the tasting menu next!",False,0,0,0,Jake B.,en,"{'neg': 0.133, 'neu': 0.731, 'pos': 0.136, 'compound': -0.2852}",-0.2852,0.136,0.133,0.731,negative
341,2019-01-28 18:39:09+00:00,5,"Fantastic food, excellent service. Nicely done. Lamb chops are amazing - the best I have ever had. Highly recommend. Must visit.",False,0,0,0,Shoaib Z.,en,"{'neg': 0.0, 'neu': 0.382, 'pos': 0.618, 'compound': 0.9682}",0.9682,0.618,0.0,0.382,positive
340,2019-01-30 20:19:53+00:00,5,Excellent modern indian cuisine with a punch of flavors and spice. We got the 4 course dinner and were stuffed by the 3rd course. Must try the Makhan Malai!,False,0,0,0,A P.,en,"{'neg': 0.0, 'neu': 0.772, 'pos': 0.228, 'compound': 0.8122}",0.8122,0.228,0.0,0.772,positive
339,2019-01-30 23:47:56+00:00,5,"This was by far one of the best meals, presentations and service i've had in some time. Kenneth, our server, was superb. His diner engagement and knowledge of the cuisine as a whole, menu and restaurant was off the chart. It was AN ACTUAL EXPERIENCE. And dining with three Bengali friends, to have two of them my age (30's) and the other a mother who came here from India, ALL have the same superior experience as I did was out of this world. Says a lot for the restaurant. And i'm critical as i've been a chef in NYC for over a decade and now have my own business. So go here. Try it. Enjoy it. Experience it. It's off the chart smart, clean, aromatic, beautifully presented and full of flavor food!",False,0,0,0,Jennifer P.,en,"{'neg': 0.015, 'neu': 0.773, 'pos': 0.212, 'compound': 0.9841}",0.9841,0.212,0.015,0.773,positive
338,2019-01-31 21:49:03+00:00,5,"I was traveling to NY for work and was in the mood for some Indian Cuisine. Had not heard of Indian Accent at the time, but the reviews seemed really positive. To be honest, The reviews I read set the bar really, really, high and yet somehow, I left simply in love with this restaurant. 

Since I was eating alone I sat at the bar. The bartenders Shawn and Jesse were incredibly friendly, and in between pouring drinks explained the origin of the restaurant (which in itself was really interesting), and in general were so friendly, I kind of forgot I was eating alone. 

The only issue I had with the restaurant, was that I couldn't stop eating. Well, that and that we don't have anything nearly this amazing where I'm from. They brought out a Pumpkin Shorba and Blue cheese naan to start the night, which while both incredible, I just wanted to swim in the Pumpkin Shorba all night. It was that good. I then ordered the potato sphere chaat which was equal parts sweet and spicy, but overall just amazing. I also ordered the chicken malai tikka with a side of naan. The Chicken tikka was incredible paired with the truffle. 

I was full at this point, not uncomfortably so mind you, just pleasantly full. But I didn't want to stop eating, so I didn't. I ordered the makhan malai for desert (and I very rarely order desert). Maybe because it was so light and airy, or maybe because it was a just plain heavenly blend of saffron, rose and almond, I ate the whole thing. 

I had to call it a night, if for no other reason than I probably could have spent another 2 hours tasting my way through other items on the menu I wanted to try. I half jokingly asked if they would be open for breakfast (they are not, but do brunch on the weekends). I'll definitely be back with my wife to try the chefs tasting. 6 out of 5.",False,1,0,0,Justin H.,en,"{'neg': 0.031, 'neu': 0.785, 'pos': 0.185, 'compound': 0.9967}",0.9967,0.185,0.031,0.785,positive
337,2019-02-03 23:13:20+00:00,5,We went for our anniversary lunch to these amazing restaurant.  Awesome food!!! Awesome service!!! Recommend most definitely !!! Loved the experience,False,0,0,0,Priya S.,en,"{'neg': 0.0, 'neu': 0.397, 'pos': 0.603, 'compound': 0.9745}",0.9745,0.603,0.0,0.397,positive
336,2019-02-04 16:56:51+00:00,1,"We have been coming to Indian Accent to celebrate all our occasions and celebrations for the past few years. In the beginning we loved everything about dining at Indian Accent, the food, service, hospitality everything was amazing.
But during my last visit last week, everything was horrible!!! Completely horrifying! The food is below par, no flavor, bad taste!! My husband and I were so disappointed by the food as well as the service we received. I get it that the restaurant was quiet crowded but we do not expect a bad service any time in a Michelin star restaurant!! I am sad to see Indian Accent loose it's magic from what it was when they opened in NYC.",False,0,0,0,C T.,en,"{'neg': 0.321, 'neu': 0.618, 'pos': 0.06, 'compound': -0.995}",-0.995,0.06,0.321,0.618,negative
335,2019-02-04 20:27:00+00:00,5,"This place was phenomenal! It was my first experience of a pseudo tasting menu of indian food. I am also very picky with indian food as well. They started us with an amuse bouche of delicious pumpkin coconut soup and bleu cheese naan. I would have never thought that these combinations would fuse well with indian food but it did. It was nice; we had our son with us and they were nice that he ordered only one entree, and he loved it. My husband started with the potato sphere chaat which was good but not as good as my appetizer. I started  with the beet peanut butter tiki with goat cheese raita which was not sweet at all. It was the perfect savory dish. My husbands second dish was the jackfruit pulka which he loved that he ate it so fast, I couldn't even had a bite. Our third course was the spinach kofta and the tawa paneer which was accompanied by palak paneer stuffed naan and rice. It was great. The tawa paneer is similar to all types of typical paneer dish but it was very tasty with great accompaniments including the chutneys. The spinach kofta was different and very tasty. 
At the end of the dinner, we were debating where we wanted dessert and decided we might as well try the desserts, and boy were we happy that we did. We had makhan malai and doda bharfi. They both were delicious. The makhan malai was nice and light and the bharfi balanced it out well with being a bit heavier. 
We were debating if wanted to eat here again during our trip, but there are so many new restaurants that we didn't, but we will definitely be back on our next visit.",False,3,1,2,Kavisha S.,en,"{'neg': 0.009, 'neu': 0.712, 'pos': 0.279, 'compound': 0.9988}",0.9988,0.279,0.009,0.712,positive
334,2019-02-07 01:12:27+00:00,5,"We came here for my boyfriend's birthday and got the dinner tasting menu. The tasting menu comes with A LOT of food so we were pretty stuffed by the end of our meal. Every single element and dish served during our night was perfection. The service is very kind and caring and does not have the hoity-toity snobby feel that most upscale high-end restaurants have. Every single server that came to our table was very approachable and welcoming. 

Had a very unique mint yogurt cocktail that left an long-lasting impression.

One of my favorite restaurants in NYC by far and that is something I don't say lightly. 

This is just for the tasting menu though! Highly recommend - it's well priced and gives you a lot of food with great craftmanship, elegance, and fine taste.",False,4,2,3,Stephanie D.,en,"{'neg': 0.036, 'neu': 0.734, 'pos': 0.23, 'compound': 0.9849}",0.9849,0.23,0.036,0.734,positive
333,2019-02-09 13:48:27+00:00,5,"By far, this was the best Indian food I've ever eaten. We had a wonderful waiter and we asked that he decide all course choices that he'd recommend. You could see his delight and pride in his reaction. He did not disappoint. The amuse bouche (I know, it's not a French place, but I don't know the phrase in an Indian language) was absolutely magnificent! Pumpkin soup served in a tiny, brown coffee cup along with tiny naan stuffed with blue cheese. The only thing that came to mind was, ""More please!"" The ghee lamb was outrageously delish, but my favorite dish was the beet encrusted chunky peanut butter. An explosion of warm, silky, crunchy delight.",False,0,0,0,Allison H.,en,"{'neg': 0.107, 'neu': 0.681, 'pos': 0.212, 'compound': 0.9205}",0.9205,0.212,0.107,0.681,positive
332,2019-02-15 12:45:33+00:00,5,"This place is excellent, offering savory flavors and enhancing the concept of Indian cuisine. The service is excellent, they still send over staff to check on a table, they check your coat by table number and no need for the ticket stress.  They have a nice collection of teas and some great cocktails and an extensive wine list.  We are definitely returning.",True,0,0,0,Jeannine M.,en,"{'neg': 0.063, 'neu': 0.628, 'pos': 0.309, 'compound': 0.9618}",0.9618,0.309,0.063,0.628,positive
331,2019-02-15 22:40:59+00:00,5,"This is 1 of the best Indian food I have had in a long time. The flavors are something which Indiana would love, I would recommend this place to anyone.",False,0,0,0,Ashesh S.,en,"{'neg': 0.132, 'neu': 0.58, 'pos': 0.288, 'compound': 0.7096}",0.7096,0.288,0.132,0.58,positive
330,2019-02-19 21:21:19+00:00,3,"So I will get the negative out of the way first. We had a 8:45 reservation for 3, got there at 8:50 and were kept waiting for a table standing by the front desk for 35 minutes. We were about to leave and they finally seated us. Best part was we got seated right next to a table of actors! (Robert De Niro and Anupam Kher and other's!!) and now to the food. We were not a fan of the complimentary soup and blue cheese naan. We had the 3 course prix fixe menu. The sweet potato, the ribs, the ghee lamb, the chicken kofta and the dosa were absolutely amazing!! The ribs literally melt in your mouth and the lamb had so much flavor. The mathri trio and the shrimp/ scallop biryani were underwhelming. For dessert we got the Dhoda and the makhan malai. Both were good in their own way. The malai was very light and the dhoda was heavy. All I know was I couldn't breathe after all that food lol. Some maternity pants would have been amazing. It's a good spot overall to have an experience. I still like junoon more though",False,0,0,0,Akshata K.,en,"{'neg': 0.074, 'neu': 0.787, 'pos': 0.139, 'compound': 0.9245}",0.9245,0.139,0.074,0.787,positive
329,2019-02-23 03:24:26+00:00,1,"We waited an hour for a table for a 9:15 pm reservation, the hostess was so rude, they were completely unapologetic, I will never be going here again! This place sucks!",False,0,0,0,Yousuf L.,en,"{'neg': 0.292, 'neu': 0.708, 'pos': 0.0, 'compound': -0.9136}",-0.9136,0.0,0.292,0.708,negative
328,2019-02-23 22:24:23+00:00,1,"Walked into an empty restaurant at opening time only to be rudely told that the next available time to be seated was 10:00 PM. We asked if they take reservations only, they said no but they're ""pretty committed"". We continued to stand outside near by waiting for a cab a few of our friends, only to see the restaurant continued to stay empty for the next 30 minutes. It just seems like terrible business to not seat someone when there's no other customers and the restaurant is massive. Hope this changes some day.",False,0,0,0,Bindi P.,en,"{'neg': 0.129, 'neu': 0.731, 'pos': 0.14, 'compound': 0.6486}",0.6486,0.14,0.129,0.731,positive
327,2019-03-03 22:56:26+00:00,5,"The tasting menu is fantastic. Chef's take on traditional recipes from north-south-east & west India is quite fascinating. As I read the menu, I was very intrigued by almost all the dishes and I wished I had the appetite to try them all. I ended up picking the four course menu and chose - potato sphere chat, tiger prawns w/peanut sago vada, spinach kofta with pea salan and chicken tikka kulcha, makhan malai. Everything was delicious! The drinks are innovative as well. Mudra punch is a must try if you are craving for some good old rose flavor. 

The ambiance and service is fantastic. Definitely a treat!",False,2,0,1,Snehal W.,en,"{'neg': 0.0, 'neu': 0.736, 'pos': 0.264, 'compound': 0.986}",0.986,0.264,0.0,0.736,positive
326,2019-03-09 20:16:22+00:00,4,"Very good ""new indian"" food. Atmosphere is nice, service was attentive. I thought it was a bit pricey for the amount of food, but the dishes were beautifully laid out. Appetizers were very good, but my sea bass entree was a bit underwhelming. Overall, a nice pre-theatre meal in midtown",False,0,0,0,Lucas X.,en,"{'neg': 0.141, 'neu': 0.564, 'pos': 0.295, 'compound': 0.8532}",0.8532,0.295,0.141,0.564,positive
325,2019-03-17 14:29:13+00:00,5,"This place is amazing! The service and presentation of the food is off the chart without being pretentious. We tried the 4 course tasting menu which allowed us to try a variety of their dishes. This is not your typical Indian cuisine. I had pulled jackfruit as one of my dishes, it was so good. I've had jackfruit before as a stand alone fruit, and had no idea it could be served as a meat substitute, delicious!! The desserts were also very good, combining several ingredients to create an explosion of flavor. I highly recommend this place while in NYC",False,1,0,0,Mark S.,en,"{'neg': 0.036, 'neu': 0.725, 'pos': 0.239, 'compound': 0.9795}",0.9795,0.239,0.036,0.725,positive
324,2019-03-17 19:07:49+00:00,5,What a unique dining experience. My family and I really enjoyed our lunch. We are looking to return for dinner,False,0,0,0,Stassi V.,en,"{'neg': 0.0, 'neu': 0.826, 'pos': 0.174, 'compound': 0.5563}",0.5563,0.174,0.0,0.826,positive
323,2019-03-23 17:37:20+00:00,5,"It's been a while since I've eaten here but Indian Accent is my favorite fine dining restaurant when it comes to Indian food. The staff is great, the food is delicious, and the presentation is awesome. I usually send people here when they're looking for something special that isn't another steakhouse or French restaurant. Never fails.",False,0,0,0,Brian A.,en,"{'neg': 0.048, 'neu': 0.567, 'pos': 0.384, 'compound': 0.9859}",0.9859,0.384,0.048,0.567,positive
322,2019-04-12 03:11:21+00:00,5,"This place has great traditional food with cool and fresh techniques and has incredible presentation. 
Friendly staff, and amazing ambience! 

Their makai makhan is a MUST try! Will visit again soon :)",False,0,0,0,Nikkita A.,en,"{'neg': 0.0, 'neu': 0.534, 'pos': 0.466, 'compound': 0.9712}",0.9712,0.466,0.0,0.534,positive
321,2019-04-14 15:58:29+00:00,5,"Fanciest, most modern Indian restaurant I've been to. Modern, Indian-American cuisine in a refined space. Sat at the bar and sampled a few things, but will need to come back for sit down dinner with a small group. Pork dumplings were incredible. My friend had a chicken dish what I can only describe as meatball-esque which was absolutely delicious.",False,1,0,1,Seth W.,en,"{'neg': 0.094, 'neu': 0.647, 'pos': 0.26, 'compound': 0.9364}",0.9364,0.26,0.094,0.647,positive
320,2019-04-18 03:42:54+00:00,5,"Amazing food and impeccable service. Definitely a treat, but worth it! We went to celebrate our engagement and were offered a glass of champagne upon seating. We opted for the four course and while the servings were on the smaller side, they packed a burst of flavors! If you're a burbon drinker, try the Mughal Fortification cocktail- it was amazing!",False,0,0,0,D G.,en,"{'neg': 0.0, 'neu': 0.645, 'pos': 0.355, 'compound': 0.9785}",0.9785,0.355,0.0,0.645,positive
319,2019-04-18 04:43:12+00:00,5,Excellent service and phenomenal food. Did the chef's tasting (10 courses) and they allowed me to substitute one of their dishes so I got to try the sea bass. Cocktails are also fantastic. Service is very attentive--also interesting in that they rotate which people serve you food so you basically get to meet the host etc. Come for a special occasion and you won't regret it,False,0,0,0,Jessica T.,en,"{'neg': 0.0, 'neu': 0.748, 'pos': 0.252, 'compound': 0.9678}",0.9678,0.252,0.0,0.748,positive
318,2019-04-23 11:27:40+00:00,5,Best Indian food I've had. Get the Paneer. Service was great too. They squeezed us in without a reservation.,False,0,0,0,Dane H.,en,"{'neg': 0.0, 'neu': 0.658, 'pos': 0.342, 'compound': 0.8519}",0.8519,0.342,0.0,0.658,positive
317,2019-04-26 01:36:54+00:00,5,"I have been to this location twice. At first I was a bit apprehensive, but oh boy did we enjoy the venue. We plan on returning in near future",False,1,0,1,John M.,en,"{'neg': 0.0, 'neu': 0.853, 'pos': 0.147, 'compound': 0.6486}",0.6486,0.147,0.0,0.853,positive
316,2019-04-28 15:52:58+00:00,5,"How if French cuisine is merged into the Indian cuisine? As you know, I love the well-presented, elegant French cuisine, and I also like full of flavor Indian cuisine. So when few years ago, I saw this related post  - it was the news about the Indian food but mixed by French food. 

It keep reminds me always and I wish I can try this fine cuisine once a day. And finally today is coming! It was the best atmosphere experience, fine cuisine in my life to taste Indian, French cuisine. If you are looking for vegan fine food options, attending the important date or business meetings,  Indian Accent in New York would be the great option for you!

I love this place a lot and it's a great place to fit non-Indian Foodies. And it offers many vegan choices. I'll definitely come here again!",False,0,0,0,Becky C.,en,"{'neg': 0.08, 'neu': 0.676, 'pos': 0.245, 'compound': 0.9843}",0.9843,0.245,0.08,0.676,positive
315,2019-04-30 14:22:43+00:00,4,"Being of Indian descent myself, I wasn't sure if this restaurant was going to live up to the hype but I'm pleased to say it did! We chose to do the vegetarian tasting menu and it was delicious! The chef, Manish Mehrotra, put a modern twist on some classic Indian dishes but not without losing the authenticity, which was great. All in all, I think this is a place my parents (the biggest critics, for good reason) would really enjoy and will plan to bring them back.",False,0,0,0,Manjari B.,en,"{'neg': 0.058, 'neu': 0.65, 'pos': 0.292, 'compound': 0.9869}",0.9869,0.292,0.058,0.65,positive
314,2019-05-07 00:17:06+00:00,5,"This might get a little mushy, but I have nothing but good things to say about this restaurant. It is the best fusion of Indian and modern I have ever experienced! Went for my birthday and I couldn't have asked for a better ambiance to celebrate in. The staff was very accommodating with how much food I wanted and what would be the right choice. My bf and I did the chef's menu. 

The sphere chaat: gives you the perfect mixture of sweet and sour with the green apple slice and sweet chutney. Along with the yogurt chutney, which is the cherry on top 

Soy Keema and pav: so soft and buttery. This dish was airy light with the hint of spice which is not overpowering so you definitely want in every bite.

Paper dosa: this was my personal favorite because the concept of a dosa as a dome and the mushrooms inside was mind blowing to me. Don't be fooled by the picture! The real deal is inside, perfect blend of mushrooms with the crispy covering with a scoop of the chutney

Desserts: makhan malai: was my birthday treat and OMG it melted in my mouth. It is crunchy because of the jaggery brittle, flavorful because of the saffron and rose petals, and smooth because of the malai. What else can you ask for in life? 

Crispy seviyan: this was crispy noodles for dessert with ice cream. An amazing concept that everyone needs to try at least once! My mom makes these noodles at home but the crispy version of them with rice pudding is to die for! 

Recommended? 100%!!!",False,2,0,1,Disha A.,en,"{'neg': 0.025, 'neu': 0.689, 'pos': 0.287, 'compound': 0.9985}",0.9985,0.287,0.025,0.689,positive
313,2019-05-11 21:36:04+00:00,5,"We were planning were to celebrate our anniversary and I had few options in mind. Being a week day we had to work it out in a given time slot. So here we were in Indian accent 

Started with the cocktails , they all are pretty good .

We decided to go for the 8 course tasting meal which couldn't  be taken by just one person so we both took it . The attendant made few changes on our request .

The fear of whether we will be hungry after the meal as the portions are so small soon faded away after the 4th course , as the food is so rich and you actually enjoy every bite of it .

This place should be visited and really don't think it's a kids place . Because if you want to enjoy every course you need to keep the kids away  Also the question arises what will the kids eat ? So let's keep them with baby sitter and enjoy a romantic peaceful sumptuous meal",True,2,0,2,Madhavi S.,en,"{'neg': 0.044, 'neu': 0.78, 'pos': 0.177, 'compound': 0.9756}",0.9756,0.177,0.044,0.78,positive
312,2019-05-17 20:03:43+00:00,5,"I came here because of reviews saying that they could accommodate vegans, and Indian Accent certainly delivered. I got the four course menu with the wine pairing, and I was extremely pleased with everything. First of all, the staff was very knowledgeable about what vegan meant and though the menu wasn't labeled vegan, our server immediately knew what I could eat. This is always way more comforting than being met with confusion and a ""let me check with the kitchen"" response. The portions were a little big for me, but I know that many people appreciate that. Usually when I do vegan prix fixes or tasting menus at other places the portions are too small because it's usually just the side of a main dish, so I guess I really shouldn't be complaining about them being too big. Everything was really tasty. The wine pairing was also really good and creative. At first our wines were just poured to us with little explanation, but after our sommelier realized I was actually interested in what I was drinking, he opened up and started giving me details about the wines and why they were chosen which I appreciated. By the time we got to the dessert court I thought I couldn't eat any more I was so full, but I kept it together and am proud to say I finished almost all of it. Overall, it was such a nice experience to be able to have a fine dining restaurant that can handle and appreciate their vegan guests!",False,0,0,0,Cassandra O.,en,"{'neg': 0.038, 'neu': 0.754, 'pos': 0.207, 'compound': 0.9948}",0.9948,0.207,0.038,0.754,positive
311,2019-05-23 20:57:46+00:00,4,"Get the right dishes and this place is great if you aren't afraid of some spices.

I love the crab claw option. Be warned portions are properly sized so three courses are plenty for a regular customer.",False,1,0,1,Tae K.,en,"{'neg': 0.05, 'neu': 0.755, 'pos': 0.196, 'compound': 0.802}",0.802,0.196,0.05,0.755,positive
310,2019-05-25 15:56:46+00:00,5,"Found this on a lark when we were craving Indian food after a day of walking around New York. Very professional staff from the start to finish. They accommodated us immediately and the wait staff were helpful with choosing from the menu and they 
patiently answered all out questions even though we took a bit longer to find what we were going to eat.

The chef has created a chef's tasting menu which is a four course menu including dessert going for $125 and a bit more with wine pairing. There is also an option to mix and match a 3 or 4 course menu. We choose the latter with a 3 course menu and chose a couple of things from appetizers - sweet potato with okra and a roasted beets with peanut butter - main courses - paper dosa and seared sea bass - and desserts - a cloud of malai and barfi with vanilla ice cream.

They were all absolutely delicious and we were totally stuffed by the end if it. It took a good 10 block walk to walk off the dinner. This was by no means a heavy dinner just that it was delicious and it makes for a good dinner. Hats off to the chefs and the wait staff.

Recommend.",False,1,0,1,Abhi K.,en,"{'neg': 0.053, 'neu': 0.805, 'pos': 0.142, 'compound': 0.9719}",0.9719,0.142,0.053,0.805,positive
309,2019-05-26 03:19:12+00:00,4,"High end, refined environment. and good and really very professional service. Spice-wise, it's seriously toned down, so more of an American/European take on Indian cuisine. I would call it India-influenced but nothing like anything I've had in even high-end places in India. Bartender doesn't know the difference between ""up"" and ""on the rocks"". For an occasion, for those unaccustomed to Indian cuisine but accustomed to a high-end environment, this is highly recommended. For those that love Indian cuisine, just be aware what you're not getting into.",False,0,0,0,Jonathan W.,en,"{'neg': 0.043, 'neu': 0.846, 'pos': 0.111, 'compound': 0.8113}",0.8113,0.111,0.043,0.846,positive
308,2019-05-28 14:21:03+00:00,5,"Amazing restaurant! Came here to catch up with an old friend. Of course very pricey, but well worth the price. We came for lunch so I think it was a bit cheaper. Very nice setting but everyone i saw was dressed casually (probably because it was lunch). I started with the tuna and salmon, which was very light and the different flavours really complemented each other. The crunch was also amazing and added a nice texture. 

I also got the chicken malai tikka, which was very good. It was not too creamy and had a very nice kick of spice, however not too spicy that even people who don't eat spice, couldn't eat it. 

My friend got the roast lamb which was very good. It reminded us of Peking duck because of the ability to fold your own serving. 

Overall great experience. High ceilings but it could get a little noisey when it was fully packed. We also finished with the makhan malai which was amazing! Very light.",True,0,0,0,Robyn L.,en,"{'neg': 0.032, 'neu': 0.693, 'pos': 0.275, 'compound': 0.9946}",0.9946,0.275,0.032,0.693,positive
307,2019-05-30 21:51:56+00:00,5,Outstanding Michelin star quality Indian food with delicate presentation and fantastic service.,False,0,0,0,Shideh B.,en,"{'neg': 0.0, 'neu': 0.506, 'pos': 0.494, 'compound': 0.8316}",0.8316,0.494,0.0,0.506,positive
306,2019-06-01 02:37:52+00:00,5,Loved everything about this place !!! Attention to detail and very courteous staff. We ordered two 3 courses dinner and everything was spot on ! I m a fan of lamb/goat curry . Extra 0.5 stars for ghee roast lamb which was extremely tender. There are a lot of options for vegetarians . It's a win win place for all except people who are on diet because you would want to keep on eating . I was too full for desserts but would be coming back soon to try them ! Little expensive but then it's exquisite stuff so it's worth the $$$$.,False,0,0,0,Mimi D.,en,"{'neg': 0.06, 'neu': 0.755, 'pos': 0.185, 'compound': 0.8597}",0.8597,0.185,0.06,0.755,positive
305,2019-06-01 21:30:19+00:00,5,"Visited for lunch earlier this week. Things got off to a bad start - I was running late for my reservation and called the restaurant as a courtesy and got a very rude gentlemen on the phone simply recited their 15 min grace period and did not hear anything I had to say. In any case, I decided to show up anyway and was seated. 

I am going to forgive this interaction, as I was completely blown away by the food. Service in the restaurant was outstanding as well and the space is beautiful. We had the short ribs, pork dumplings, chicken malai tikka, and ghee roast lamb. All were beautiful interpretations of Indian cuisine with superb flavors. I strongly recommend the lamb. The stuffed kulchas are also excellent. 

Such fine Indian restaurants are very hard to find in the US. If you like Indian and are visiting NYC, I'd strongly recommend giving Indian Accent a try.",False,1,0,1,AJ D.,en,"{'neg': 0.093, 'neu': 0.676, 'pos': 0.232, 'compound': 0.9716}",0.9716,0.232,0.093,0.676,positive
304,2019-06-06 20:03:03+00:00,5,Very interesting take on Indian food. Had brunch with family and friends and really enjoyed the experience. Service was great as they were very patient though we stayed way beyond closing time. We did the shared brunch feast for the table and enjoyed both the first and second courses. Definitely plan to come back and try other meals.,False,0,0,0,Avinash R.,en,"{'neg': 0.0, 'neu': 0.694, 'pos': 0.306, 'compound': 0.9701}",0.9701,0.306,0.0,0.694,positive
303,2019-06-06 22:23:30+00:00,3,"Disappointing to say the least, the keema pao flavors were good but the bread doesn't have any lime leaf aroma or flavor and the portion of the bread doesn't match the portion of the meat unless you're supposed to eat about ten bites of keema without any bread for second the chicken tikka was succulent and flavorful the truffle kinda got lost in the other flavors my friend got the ghee roast lamb, which was good. 
Both the desserts were blah all in all perhaps my expectations were too high for the place",False,0,0,1,Salil M.,en,"{'neg': 0.102, 'neu': 0.69, 'pos': 0.208, 'compound': 0.9439}",0.9439,0.208,0.102,0.69,positive
302,2019-06-15 03:30:53+00:00,5,"Amazing Indian food!!! We came in here for lunch at 1:59pm and they close at 2pm for lunch but the host was so nice and found us a table quickly. We all had the two course lunch and everyone loved their food. Service was quick and our server recommendations were all great. Highly recommend the below:

From first course:
- soy keema
- sweet pickle ribs

From second course:
- paper roast dosa
- soft shell crab koliwada: love love love this. The rice was so flavorful and was perfectly cooked, the soft shell crab was crunchy yet soft and so delicious 
- chicken malai tikka

I highly recommend this place!",True,2,0,0,Kaylee N.,en,"{'neg': 0.0, 'neu': 0.545, 'pos': 0.455, 'compound': 0.9981}",0.9981,0.455,0.0,0.545,positive
301,2019-06-23 20:08:47+00:00,5,"My husband and I just returned from enjoying the 8 course tasting menu at lunchtime. We travel a lot and enjoy eating food from many cultures. He is a meat lover and I am pescatarian with a preference for vegetarian food. What we experienced at Indian Accent, was probably one of  most exceptional dining experiences we have ever had! From the clean, minimalist decor, to the genius serving vessels and plating, to the attentive service of a crew of elegant waitstaff, this restaurant has it all. And the food? Sheer heaven! While it is clearly Indian inspired food, there are elements of surprise, such as tiny  bite sized blue cheese naan or the mustard sauce with a kick of horseradish and lemon served with the overstuffed kulcha. I could write pages about this place, but just GO! I must, recommend trying one of the many creative cocktails. I enjoyed the Pisco Rising, a combination of chamomile pisco, almond liquor and lemongrass bitters so much, that my husband ""made "" me order a second. Every element of every dish made sense in its way of maximizing the star of the dish and was gorgeously presented. Having had the experience of dining at Indian Accent was an experience we will not forget and hope to repeat!",False,0,0,0,Mimi M.,en,"{'neg': 0.031, 'neu': 0.787, 'pos': 0.182, 'compound': 0.9859}",0.9859,0.182,0.031,0.787,positive
300,2019-06-25 22:39:57+00:00,4,"We went the to celebrate our Anniversary. We tried the tasting menu.
The food is very delicious and beautiful presented. It's true when they say food presentation adds to the taste.
Care is taken to even sett the right spoon, and for certain courses no spoon, to encourage using your fingers.
The portions are small, but you are full by the end of the course.
I loved all the chefs preparations, but stuffed kulcha and 
Malai Makkah was my favorite 

This is the first time we had tried a tasting menu at a up scale restaurant, so cannot really compare the prices.
100$ per person felt steel, but personally it felt worth the price.",False,0,0,0,Mayuresh P.,en,"{'neg': 0.031, 'neu': 0.752, 'pos': 0.216, 'compound': 0.9732}",0.9732,0.216,0.031,0.752,positive
299,2019-06-28 16:05:59+00:00,3,"Service here is weirdly good. We came here for our anniversary. I ordered a meal that didn't come with enough naan, and they literally heard me complaining and brought more naan. That's some attentive service!

Food here is some of the better Indian food in New York. But I have to say, the New York Location doesn't even compare to the original Indian Accent restaurant in Delhi. Obviously. But still, food was good. I feel like all the Indian restaurants in New York are trying to take a page out of Gaggan's book and add a more gastro twist to the Indian cuisine. I appreciate it, but even then, all the ""eclectic"" or ""modern"" indian restauarants in new york are starting to feel the same. They're literally just making portion sizes smaller and presentation better, with some added attention to the taste of the food too. But the cuisine hasn't changed in my opinion, just the style, presentation, and portion size. And that's why no Indian restaurant in new york has been able to truly match Gaggan or Junoon's reputation. Change the food too!! Not just the way it looks. I can see through that.",False,2,1,1,Nat S.,en,"{'neg': 0.044, 'neu': 0.821, 'pos': 0.135, 'compound': 0.9611}",0.9611,0.135,0.044,0.821,positive
298,2019-06-29 15:47:56+00:00,5,"The most magical meal I've had, probable ever. 

Tasting menu vs a 3 or 4 course meal was the biggest decision for us. 

Ended up going with the 4 course meal since this gave us the option to pick any item on the menu so we got to try 8 different dishes between the two of us. The tasting menu is QUITE a marathon so make sure you work up an appetite beforehand if you choose it. 

Pictures speak louder than words so look below to get a taste of the magic - all dishes labeled although the menu changes regularly. All the dishes were great so you can't go wrong with any choice.",True,2,1,1,Sumana K.,en,"{'neg': 0.0, 'neu': 0.918, 'pos': 0.082, 'compound': 0.8494}",0.8494,0.082,0.0,0.918,positive
297,2019-07-05 00:13:43+00:00,5,Very good food. Went here for my wife's birthday and we were very happy with the quality of the food and service. We had the weekend brunch and the Malai Makhan dessert was a great way to finish off the meal.,False,0,0,0,Abhik N.,en,"{'neg': 0.0, 'neu': 0.766, 'pos': 0.234, 'compound': 0.9059}",0.9059,0.234,0.0,0.766,positive
296,2019-07-08 00:59:32+00:00,5,I was skeptical about the place cause of the price and menu options. We tried the 4 course meal. This place twisted Indian food in a way where my palate tasted the simplest of individual flavor and spices. Great ambience and customer service. A must-try place for someone anyone who loves Indian food.,False,0,0,0,Kavit D.,en,"{'neg': 0.041, 'neu': 0.82, 'pos': 0.139, 'compound': 0.7579}",0.7579,0.139,0.041,0.82,positive
295,2019-07-21 05:59:51+00:00,5,"Service here is really good, most importantly I loved the vegetarian options and the dessert. All the food was well seasoned and served to perfection. Cooked very thoroughly and a large amount of options as it's a large number of courses being offered. However the portion control for each course made it manageable to taste a variety of flavors. Make sure to make a reservation online or via phone beforehand.",False,0,0,0,Tanusha S.,en,"{'neg': 0.0, 'neu': 0.747, 'pos': 0.253, 'compound': 0.956}",0.956,0.253,0.0,0.747,positive
294,2019-07-25 04:03:42+00:00,5,"Amazing!  The most expensive but the best Indian restaurant I have been to in U.S.  The talent of the chef is evident in every dish.  The flavors are perfect, mix of traditional Indian flavors but with a twist.  Honestly the meal was very filling!  The only criticism I have is if have a big party (more than 4) on the phone they try to give you a less desirable time first but you can negotiate and immediately hey will give you a better time.  Maybe they are saving earlier slots in the eve in case the Obamas visit which is understandable.  Regardless the meal was perfect and would return again for sure, but for now time to save up for that visit",False,0,0,0,Pranav M.,en,"{'neg': 0.046, 'neu': 0.67, 'pos': 0.285, 'compound': 0.9904}",0.9904,0.285,0.046,0.67,positive
293,2019-07-30 23:14:36+00:00,1,"I have been to the Indian Accent both in London and India which I will say were amazing!!! I just called the NYC location to make brunch reservations for 9 people for my husband's birthday celebrations and got told they do not accommodate for more than 8 guests!!!! This is ridiculous! So if there is a larger family you discriminate against them and won't allow them into the restaurant?!? I am absolutely appalled at this. I was not allowed to make the reservation in the end. Shame on the management and the ""rules"" you have in place for who can and cannot dine in this restaurant. Sad.",False,1,0,0,Amy S.,en,"{'neg': 0.171, 'neu': 0.796, 'pos': 0.033, 'compound': -0.953}",-0.953,0.033,0.171,0.796,negative
292,2019-08-02 13:47:26+00:00,1,I have had better experiences here than last night. Came here after a lot of planning however everything took forever. Very disappointed in the food as well as the service.,False,1,0,0,Sanjay M.,en,"{'neg': 0.15, 'neu': 0.708, 'pos': 0.142, 'compound': -0.3167}",-0.3167,0.142,0.15,0.708,negative
291,2019-08-02 16:24:26+00:00,5,"Ah what a delight! What a delight! I loved everything about Indian Accent! The ambience was wonderful, inviting, modern and functional. The food is beyond! I don't even have an adjective to describe how delicious the food is. We had the non-vegetarian tasting menu (See picture) and it was perfectly executed - every single element was meant to be there, not one thing was out of place. My personal favorites were all the appetizers! They were literally so flavorful that I am craving some again as I write this review. I would go back again, order the tasting menu plus all the appetizers! 
The service is seamless, coordinated and refined. The staff is keen with their details, always checking in and making polite conversation. 
You have to visit Indian Accent (in any three locations around the globe) to really understand what I am trying to convey. Allow yourself to indulge in this restaurant and I promise you it will be nothing like you have experienced with Indian cuisine. It will leave you wanting more.",False,1,0,0,Afshan D.,en,"{'neg': 0.016, 'neu': 0.715, 'pos': 0.269, 'compound': 0.9954}",0.9954,0.269,0.016,0.715,positive
290,2019-08-04 00:03:48+00:00,5,"Took my wife for our anniversary. It was fantastic on all levels, the food was spectacular, the service was perfect. The 5 individuals who served our table were perfectly professional and very knowledgeable about every dish we ordered. 
If I could give 10 stars I would, it was the quintessential dining experience.",False,0,0,0,Sebastian D.,en,"{'neg': 0.0, 'neu': 0.8, 'pos': 0.2, 'compound': 0.91}",0.91,0.2,0.0,0.8,positive
289,2019-08-05 02:03:37+00:00,4,"I felt like I was dining at Michelin star restaurant. The presentation was so beautiful, but the portion size was ridiculously small. Brunch will set you back $100 per person.

I don't know why everyone raves about the potato chaat, it's hard and doesn't taste like potato. The Pea kofta was very spicy and served with one tablespoon of rice, yes that's correct. The kufta was so small. You have to give vegetarians a larger serving size so we don't leave still hungry. For dessert I got the Makhan Malai (a cream cake) which was larger than my entree! It was incredible, so delicious and fluffy! The metal straw with my drink was hard on my teeth.

The service was very attentive and so professional. The bathroom was beautiful, but too dark to check my teeth and fix my lipstick. Having a toilet lid in a public toilet is just nuisance. The sink was too low.",False,1,1,1,Lemon C.,en,"{'neg': 0.121, 'neu': 0.676, 'pos': 0.204, 'compound': 0.9699}",0.9699,0.204,0.121,0.676,positive
288,2019-08-06 05:15:42+00:00,1,"Underwhelming!

I took my dad today to Indian Accent for his 80th bday. The food was mixed, service good and bad... overall experience worse than I would have ever imagined!

Good: the waiters were attentive. The last dessert was exceptional. Chicken naan one of the better dish, not that I think that requires a 5-star chef skills

Bad: most food was underwhelming. We order the chefs menu. The pani poori - I liked only one out of 5 flavors. Amritsar cod - there was nothing amritsari about it. Chicken kofta - bland and tasteless. Prawns - portion was so small that I felt as if they were serving caviar. I don't remember the rest because it wasn't worth remembering. The food flavors are not any special.  A good chef can do a lot with Indian spices. This is mediocre at best.

Ugly: the wait. This is an overly pretentious place where they are more focused to change ur utensils than to serve you exceptional food. The worse was the wait. The chef prioritized 5 other table around us in the middle of our meal while those folks came well after us.. they made us wait for a good 40'minutes before I had to request twice to the waiters to bring our food. 

My dad who is least demanding was utterly disappointed. Such a special day and such a waste. Spent $800 for a meal for 4. Save your money, go to Chola, their paani poori is fantastic. Tamarind is good service with great flavors. 

I am disgusted I chose this place. Shame on the management",False,2,1,0,A G.,en,"{'neg': 0.264, 'neu': 0.601, 'pos': 0.135, 'compound': -0.9949}",-0.9949,0.135,0.264,0.601,negative
287,2019-08-07 12:38:22+00:00,5,Ok. What a great experience. Not just meat in gravies or a mountain of rice. This was such a delight. So happy to visit and this place makes me want to come back.,False,0,0,0,Chad S.,en,"{'neg': 0.115, 'neu': 0.577, 'pos': 0.307, 'compound': 0.807}",0.807,0.307,0.115,0.577,positive
286,2019-08-08 21:16:57+00:00,5,"What an awesome experience. Was definitely worth the money. The atmosphere & the food definitely worth every praise.
I'd highly recommend the chef's tasting menu. Drinks were pretty good as well.",False,0,0,0,Darshan G.,en,"{'neg': 0.0, 'neu': 0.418, 'pos': 0.582, 'compound': 0.9774}",0.9774,0.582,0.0,0.418,positive
285,2019-08-11 16:07:00+00:00,5,"Wow wow wow, this place was unreal! The service was amazing, Andrew our waiter, went above and beyond! The food was maybe the best Indian I've ever had, it's not traditional, but it's brought it to the next level! Can't say enough nice things about this place!",False,0,0,0,Ali L.,en,"{'neg': 0.052, 'neu': 0.715, 'pos': 0.233, 'compound': 0.8545}",0.8545,0.233,0.052,0.715,positive
284,2019-08-12 18:06:35+00:00,5,"I had heard mixed reviews about the restaurant from my friends in Delhi and NYC. I went for the Sunday brunch with my family with zero expectations and was pleasantly surprised. The owner Chef Manish Mehrotra was in the kitchen and I requested the manager if my father could say hello to him since my father follows him on TV. To my surprise Chef Mehrotra came up to say hello after we had finished brunch. 
The food was very authentic. I have not had fresher chutneys and accompaniments anywhere else in NYC except Junoon. Their street food was excellent. The papdi chaat and the crab cheese toast evoked memories of Delhi. They tasted exactly as if they were straight out of a very creative and competent Punjabi Aunty's kitchen. The curry with the shrimp omelette was fresher than the butter chicken gravy at most Indian restaurants. The dessert Makhan malai was phenomenal. The restaurant is expensive, but the food quality and experience makes it worth a visit.",False,0,0,0,Sheeba M.,en,"{'neg': 0.018, 'neu': 0.882, 'pos': 0.1, 'compound': 0.8453}",0.8453,0.1,0.018,0.882,positive
283,2019-08-14 14:13:56+00:00,5,"Unreal.The food and service here is unreal.We went to celebrate a special day and had the chef's tasting menu.Every plate of food that was kept in front of us was a masterpiece in itself.Everything tasted soo delicious and absolutely amazing.My favorite will definitely be the makhan malai ... i can't explain how good it is...Everyone should try it once
Ahh!! the gola ...reminded me of my childhood.
Being an Indian and have been eating indian food all my life ...I never thought i would be able to appreciate modern indian food to this extent.
Definitely worth visiting.",True,2,0,1,Manasa A.,en,"{'neg': 0.02, 'neu': 0.688, 'pos': 0.292, 'compound': 0.9865}",0.9865,0.292,0.02,0.688,positive
282,2019-08-14 23:22:56+00:00,5,The absolute most incredible Indian food we have ever eaten. True haute cuisine and the service was the best. Andrew took fantastic care of us and made the evening one to remember forever!!,False,1,0,0,Michael S.,en,"{'neg': 0.0, 'neu': 0.668, 'pos': 0.332, 'compound': 0.937}",0.937,0.332,0.0,0.668,positive
281,2019-08-18 15:59:33+00:00,1,"Me and 2 of my coworkers from out of town wanted to try this restaurant out. We had made a reservation almost 4 weeks in advance. When we got to the place (right on time), we were given a table which was meant for 2 people. We requested the restaurant manager to give us another table and we got a cold response that take this or wait for 1 hour. I go to these kind of exclusive restaurants for the experience and service (apart from the food). The experience & customer service which we received was awful. We left the place and don't think I will come back again.",False,0,0,0,Kunal M.,en,"{'neg': 0.114, 'neu': 0.875, 'pos': 0.011, 'compound': -0.9216}",-0.9216,0.011,0.114,0.875,negative
280,2019-08-19 03:17:10+00:00,5,I and my girl friend had a brunch feast here on Sunday. The food are so delicious. The presentation is very pretty. My friend's brunch drink with fresh pressed ginger is amazing. My pisco is also fantastic. The food came in time. Atmosphere is nice and quiet. Love this place! Will come back again to try different dishes.,False,1,0,0,Maggie K.,en,"{'neg': 0.0, 'neu': 0.584, 'pos': 0.416, 'compound': 0.9893}",0.9893,0.416,0.0,0.584,positive
279,2019-08-22 09:57:23+00:00,5,"Found!
I love Indian Accent. It is a modern take on traditional Northern Indian cuisine. I was recently in Delhi and enjoyed my meal (lunch) here as much as I did there. Much like Indian culture, the dishes are bursting with flavor and personality. Excellent price fixe lunch with standouts dishes including tofu masala with shishito peppers, butter chicken kulcha, and the paper roast dosa with wild mushrooms.
For more great reviews visit TheLoupe!",False,2,0,1,Bryan V.,en,"{'neg': 0.0, 'neu': 0.744, 'pos': 0.256, 'compound': 0.9722}",0.9722,0.256,0.0,0.744,positive
278,2019-08-23 22:42:31+00:00,5,"Don't go expecting a full blown Indian menu, Indian Accent is an Indian Fusion restaurant with great flavors! My favorite was the Malai Dessert as well as their Dumplings! I also liked the fact that their menu of the course 3 or 4 can be all apps or entrees! Some of people in our group of 6 for all entrees as well.  I did feel that the drink menu was good however a little too pricey! It's a one time restaurant and for a special occasion with a small intimate group.  I don't recommend bringing any children as the restaurant will not have any options that are kid friendly.  I also recommend making reservations.  The restaurant only takes a max reservation of 6 people.  But call to confirm they don't accommodate parties larger than 6 to ensure you are able to get the full experience of their menu.  Enjoy!",False,1,0,0,Krishna P.,en,"{'neg': 0.077, 'neu': 0.747, 'pos': 0.177, 'compound': 0.9404}",0.9404,0.177,0.077,0.747,positive
277,2019-08-25 21:25:24+00:00,2,"Don't come here. Big waste of money. First of all, the service is sub par. We complained to the manager because the waiter did not come by to take our order after waiting 20 minutes, and he responded in a very rude tone. Did not make us feel welcome at all. The waitstaff seemed like they hated their jobs there, kind of felt bad for them. The food is pretty good but definitely not worth the steep price. For 3 small courses, it costs $75 a person. My first two courses were very good, but the final course (chicken tikka something) tasted like someone had put cheap Alfredo sauce over chicken salad. Absolutely tasteless. Didn't even want to tip this meal but felt bad for the waiter. Overall, food was good be definitely not worth the price. Quality of service was terrible. I would go to any hole in the wall traditional Indian place over this.",False,1,0,0,Maya W.,en,"{'neg': 0.21, 'neu': 0.643, 'pos': 0.148, 'compound': -0.9389}",-0.9389,0.148,0.21,0.643,negative
276,2019-08-31 22:22:50+00:00,5,My self and two other ladies had a great lunch experience here! We set at the bar and did two course brunch menu for $38.  One guest of our party is dairy and gluten free and they were able to accommodate her very nicely.  I am vegetarian I had plenty of choices for both courses.  I am glad we visited this place.  The bar tender was very friendly and he even treated us with a dairy free smoothly like drink!!  Can't wait to be back for dinner here!,False,1,0,0,Priti P.,en,"{'neg': 0.0, 'neu': 0.674, 'pos': 0.326, 'compound': 0.9885}",0.9885,0.326,0.0,0.674,positive
275,2019-09-01 18:03:21+00:00,5,"Indian cuisine in a modern way. Everything about this place is excellent and exquisite. I can't believe they don't have  Michelin stars yet. Not just food, the cocktails and desserts are too good to be true.",False,1,0,0,Sanchit K.,en,"{'neg': 0.0, 'neu': 0.701, 'pos': 0.299, 'compound': 0.9153}",0.9153,0.299,0.0,0.701,positive
274,2019-09-06 23:48:32+00:00,1,I we outraged to learn this establishment doesn't allow children under 10! At arrival we were told they don't have a kids menu as a poor excuse for this policy. Maybe the food is good but if you have children you won't be able to opine due to this ridiculous policy unless you come without them,False,1,0,0,Linda M.,en,"{'neg': 0.163, 'neu': 0.785, 'pos': 0.052, 'compound': -0.7675}",-0.7675,0.052,0.163,0.785,negative
273,2019-09-12 16:54:31+00:00,5,"Truly an amazing and inventive restaurant. Loved the pre-theater menu where you get to pick any 2 courses and 1 accompaniment. I chose the tandoori lamb chops, the beef tenderloin, and the butter chicken kulcha. Everything had so much flavor and was really delicious. The service was excellent too. Be aware it is pretty pricey. Probably more of a place for a special occasion.",False,0,0,0,Stephanie D.,en,"{'neg': 0.063, 'neu': 0.605, 'pos': 0.332, 'compound': 0.9758}",0.9758,0.332,0.063,0.605,positive
272,2019-09-14 05:57:51+00:00,1,"Tried the chef tasting dinner menu with 3 of friends. I am very unhappy about the pace at which the courses arrive. They might have some standards, but they should understand how the customers are moving and deliver stuff faster. There is a 20 minute gap between each course for 10 courses, not kidding we spent 3 hours at this place.

Waiters are knowledgeable about what they are doing. 

Just an advise, don't stick to your standards. Get along with the customers and serve them better. At the end of the day customer satisfaction is important for places like yours.",False,0,0,0,Hari Krishna K.,en,"{'neg': 0.032, 'neu': 0.826, 'pos': 0.141, 'compound': 0.9137}",0.9137,0.141,0.032,0.826,positive
271,2019-09-18 00:58:05+00:00,5,"We had a lovely dinner at Indian Accent. The service was impeccable, the food was delicious, beautiful, and interesting. My partner and I loved our cocktails as well. The space is comfortable, elegant, and accessible. Gender neutral bathrooms, too.",False,0,0,0,Manjari S.,en,"{'neg': 0.0, 'neu': 0.465, 'pos': 0.535, 'compound': 0.9886}",0.9886,0.535,0.0,0.465,positive
270,2019-09-18 02:42:06+00:00,5,"AMAZING food! I totally enjoyed the food! Went for a three course meal plus a drink. It fills you up quite good! Ordered sweet potato as an app, masala tofu, green pease kofta, black dal with garlic naan.. overall, it was a great experience! The service was pretty good too.",False,1,0,0,Dhara V.,en,"{'neg': 0.0, 'neu': 0.598, 'pos': 0.402, 'compound': 0.9803}",0.9803,0.402,0.0,0.598,positive
269,2019-09-19 11:56:30+00:00,5,If you love Indian food is absolute must. It's a high end nice size restaurant with very unique food and great service. Not easy to get reservations on a weekend but it's worth the wait,False,1,0,0,Lenny V.,en,"{'neg': 0.148, 'neu': 0.632, 'pos': 0.22, 'compound': 0.2725}",0.2725,0.22,0.148,0.632,positive
268,2019-09-28 02:01:12+00:00,2,"Such a disappointment 

The place lacks everything you would except from a fine dining restaurant.  
The ambience is absolutely the worst.  You are repeatedly reminded of crappy airport lounges /  shoddy restaurant.  

The staff, though well meaning, seems untrained and is objectively unkempt. They messed up the service in a number of ways more than once.  

Lastly the food- I kept longing for more.  I wished for More flavor, more innovation, more quality.  
The chefs have done nothing more than a lazy job putting together a modern Indian meal that left me with a lot to desire. The only discernible flavor in the chaats was that of tamarind chutney and most other dishes just did not work together.",False,1,0,1,Aman J.,en,"{'neg': 0.179, 'neu': 0.711, 'pos': 0.11, 'compound': -0.9247}",-0.9247,0.11,0.179,0.711,negative
267,2019-09-29 22:04:36+00:00,4,"Pros: The food was delicious with beautiful presentations. My favorite was the puri appetizer with different fillings, chaat sphere, kofta and lamb entree

Cons: The guy checking in on us during the dinner was very intrusive. Didn't let us enjoy in peace. The 'sabudana' amuse bouche was WAY too hot. Provided there was no plate on my table, I ate it directly from the servers tray. Hot oil poured out as I took a bite and ended up burning my tongue and palate. I was unable to properly enjoy rest of my courses. 

Overall, some delicious apps and entrees, and poorly executed amuse bouche",False,1,0,0,Dee P.,en,"{'neg': 0.102, 'neu': 0.673, 'pos': 0.225, 'compound': 0.9604}",0.9604,0.225,0.102,0.673,positive
266,2019-10-22 06:21:28+00:00,5,"By far the best restaurant experience in Manhattan- if you are done with the typical Indo- American orange kinda gravies of butter chicken and paneer tikka masala and want to try something different, Indian accent is the place to go. It had been on my wishlist for a long time to visit Chef Manish Malhotra's latest and the most talked about venture. 
I had already tired the one in India and was mighty impressed by it. I was expecting a similar kind of menu here as well but to my utter surprise, the menu was completely different and innovative
We went for the 10 course chef's tasting menu. My husband tried the vegetarian dishes while I tried the non vegetarian ones. Everything was fresh, flavorful , exquisite and delectable 
 PS - as I belong to Lucknow (the birthplace of Makkahan malai), I didn't have high expectations from that particular dish but they have done a great job at recreating that experience in NYC. Loved it!",False,2,0,1,Abhilasha S.,en,"{'neg': 0.028, 'neu': 0.732, 'pos': 0.24, 'compound': 0.9928}",0.9928,0.24,0.028,0.732,positive
265,2019-10-29 12:07:46+00:00,5,"Impressive.  Innovative. Interesting.  All describe the wonders of IA as a place of truly a fine dining experience.  From the impeccable service, to the offerings even of Pu-Er tea, to the chef's 11 course tasting menu, the flavors and delicacies are a unique combination for even a city renown for excellent gastrointestinal delights.  Our table partook in the tasting menu from the chef, and spent over two hours receiving wondrous offerings and explanations about the types of foods we were fortunate to taste; this was not street cuisine from Mumbai or Pune.  It was, quite frankly, one of the most well orchestrated dining experiences - whether in London, North America, South America or the subcontinent itself; one feels both comfortable and well-taken care of, and feels the details in both the food and the crisp service which attends to the smallest detail.",True,0,0,0,Bertrand L.,en,"{'neg': 0.019, 'neu': 0.785, 'pos': 0.197, 'compound': 0.981}",0.981,0.197,0.019,0.785,positive
264,2019-10-29 22:17:04+00:00,5,"3 years ago I planned a dinner here with my future father in law. We tried the tasting menu which was exceptional. It was first time meeting him and I remember Indian Accent was newly opened. Service was impeccable. It was definitely a more fine dining experience of Indian cuisine which is great addition to the midtown power lunch/dinner scene.

Fast forward to this year my husband and I celebrated Diwali here with close friends and tried the more casual a la carte menu. Everything we ordered was amazing. The crab leg, tiger prawn (must have), lamb chop(please order this) and the deserts oh so delicious! Some might think certain dishes might be a bit overpowering but I must say we've enjoyed every single bites of that night. Will for sure come back and we plan to make it an annual Diwali dinner celebration.",True,4,1,1,Michelle M.,en,"{'neg': 0.014, 'neu': 0.81, 'pos': 0.176, 'compound': 0.9712}",0.9712,0.176,0.014,0.81,positive
263,2019-11-01 00:29:32+00:00,5,"Spectacular.  Incredible. Fun. Fascinating.  The two of us each ordered the chef's tasting menu. The most innovative dinner we've ever had.  Each dish was inspired by something traditional, but the chef took the familiar in new directions. A series of delicious bites that left us satisfied and full, but not heavy.  Friendly and highly efficient service, understatedly elegant ambiance.",False,0,0,0,D J.,en,"{'neg': 0.05, 'neu': 0.561, 'pos': 0.39, 'compound': 0.9858}",0.9858,0.39,0.05,0.561,positive
262,2019-11-04 00:20:24+00:00,5,Good and inventive cocktails; eclectic and modern take on Indian fusion; and average size portions. Great for groups or intimate celebrations.,False,0,0,0,Komal G.,en,"{'neg': 0.087, 'neu': 0.465, 'pos': 0.448, 'compound': 0.9246}",0.9246,0.448,0.087,0.465,positive
261,2019-11-06 17:28:09+00:00,5,"Upscale dining with great service. I lived in Singapore and because of that I'm very picky with Indian food since a lot of places in the US don't measure up. It's impressive that they were able to maintain authenticity even with the deconstructed items on the menu, while also maintaining an elevated experience. We were short on time so we opted for the 4 course menu, but will definitely try the Chef's menu next time.

Highly recommend this place to visitors and locals alike",False,2,0,0,D.E. M.,en,"{'neg': 0.0, 'neu': 0.866, 'pos': 0.134, 'compound': 0.8988}",0.8988,0.134,0.0,0.866,positive
260,2019-11-08 21:32:15+00:00,5,"Worth every penny!! Everything from the food to the cocktails, ambiance and service was exceptional! We ordered the tasting menu which was very generous and absolutely delicious. Loved every single dish from its thorough description, artistic presentation to its unique Indian flavors. Busy place, even on a weeknight so reservations are encouraged! Upscale spot for date night or client lunch/dinner.",False,0,0,0,Biana G.,en,"{'neg': 0.0, 'neu': 0.721, 'pos': 0.279, 'compound': 0.9716}",0.9716,0.279,0.0,0.721,positive
259,2019-11-12 04:56:45+00:00,5,Amazing all around. Service impeccable. Everything we tried was creative and delicious. We are pescatarian and it was a beautiful dining experience. Definitely a splurge. Little unexpected things such as Coffee cups warmed before being placed in table. Spice level perfect.,False,0,0,0,Kate B.,en,"{'neg': 0.05, 'neu': 0.516, 'pos': 0.434, 'compound': 0.9753}",0.9753,0.434,0.05,0.516,positive
258,2019-11-20 05:34:00+00:00,4,"Indian Accent is one of the more upscale restaurants in New York City. Located in Hell's Kitchen, this posh restaurant offers a pre fixed feast. The menu contains fusion Indian food from different Indian cuisines.
We visited Indian Accent on a Saturday and chose the brunch feast. All of us were vegetarians and so we opted for the veg options in the menu. 

Dry fenugreek paapdi chaat: Chaat is a blend of savory and spicy dish with a variety of food assembled together. This wasn't spicy at all. The fenu Greek is finely cooked so that it Melts in your mouth. It contains a crisp thin fried biscuit(paapdi) along with a mint and cilantro chutney. The soft fenugreek with the crunchy paapdi is a good option for the starter

Wild mushroom uttapam, roast onion chutney:
We were apprehensive of how a mushroom uttapam would taste but were pleasantly surprised. Mushroom is extremely soft and fresh. It's finely chopped. Uttapam is a South Indian pancake made from rice and split lentils. At Indian Accent, this pancake is stuffed mushrooms and caramelized onions. It's topped  with mint leaves and what seemed like yogurt  and mint chutney. We absolutely loved this concept 

Chili cheese toast, cucumber pickle, tamarind ketchup:
A classic toasted bread with melted cheese and chillies. The chillies aren't spicy and the tamarind ketchup on top makes it slightly sweet. I would probably avoid this next time. 

Avocado and pomegranate raita:
Raita is yogurt blended so well it's almost semi liquid. This accompanist lent comes with the main course. Adding a pomegranate and avocado to it took away the essence of the raita 

Wild Mushroom kulcha, truffle butter:
Extremely good. We have never had this and were in love with it. The tandoori naan(bread) is stuffed with mushrooms and lid greased with abundant butter. It'll the mushroom taste is not prominent to take away the essence of the main course served with it

Saag paneer kulcha, chill butter :
We could not resist but order one more of this. Paneer is cottage cheese and saag is a kind of green which tastes like spinach. It's a very popular vegetable in Northern India. This bread is filled with excellent saag paneer. Despite it being full of a paste made from saag and cottage cheese, it doesn't get soggy. I could probably eat this bread by itself.

Black dairy dal:
This is the classic dal makhani. A curry made from black lentils cooked with Indian spices in butter. Generally the excessive butter makes your throat dry but not this one. 

Baby Idlis, vegetable, gunpowder:
Idlis is a steamed dumpling made of rice. After cooking, it was sautéed in oil with chili powder and turmeric powder. Instead of just one vegetable, which I believe was radish, I would expect more flavour and veggies on this plate. 

Green pea kofta, cauliflower, coconut curry:
Probably are favourite main course. Fried dumplings consisting of green peas and cauliflower in a coconut-tomato gravy. The dumpling was topped with coconut shavings. Extremely soft and well cooked. The tomato-coconut combination was sweet and little tangy. The dryness of green peas was absorbed by the gravy. The stuffed kulchas along with this curry infuse so many flavours and keep you craving for more!

Herb paneer, soy keema, butter pao:
Keema is generally finely minced meat in butter and spices. Here, it is replaced by soy and paneer. It is slightly spicy, not much. The sly and butter is almost friend in butter. This plate is accompanied with butter pao. Pao is the local name for buns in India. Another excellent choice on the menu!

Makhan malai, saffron milk, rose petal jaggery brilltle,
Almond:
I now understand the hype regarding this dessert and why it was awarded best dessert in NYC in 2018.
This dessert is a moist fluffy sponge cake kind of dessert. Made with saffron milk and light cream, you cannot stop eating it once you start. The dessert is topped with dry fruits like most Indian desserts and you will surely be transported to India with the vet first bite

Carrot halwa crumble; salted pistachio ice cream:
The crumble is like a fried puff pastry. The filling contains figs and fried carrot thins. This is topped with a pistachio ice cream. It is extremely sweet. We would probably give this is miss",False,3,1,2,Neerali T.,en,"{'neg': 0.033, 'neu': 0.836, 'pos': 0.131, 'compound': 0.9976}",0.9976,0.131,0.033,0.836,positive
257,2019-11-23 13:33:25+00:00,5,"All I can say is wow, some of the best Indian food i have ever had. Went to the city with a friend and we decided to do the Tasting menu. Every single course was delicious! The service was top notch as well..very friendly and attentive staff..Will definitely go back again",False,0,0,0,Stuart B.,en,"{'neg': 0.0, 'neu': 0.559, 'pos': 0.441, 'compound': 0.9868}",0.9868,0.441,0.0,0.559,positive
256,2019-11-25 21:59:32+00:00,5,"Went to Indian accent last night and was completely blown away. We did the tasting menu and wine pairing. The service was impeccable and the food was absolutely incredible. The dishes were thoughtful, delicious, and presented beautifully. The sommelier could not have done a better job with the wine pairing and she was also a fantastic person. 
This is now one of my favorite restaurants and I'll make an effort to go back whenever I'm in Manhattan.
Thank you everyone for being so great!",False,0,0,0,Adam G.,en,"{'neg': 0.023, 'neu': 0.709, 'pos': 0.268, 'compound': 0.9809}",0.9809,0.268,0.023,0.709,positive
255,2019-12-01 19:58:54+00:00,5,"Epically flavorful meals, perfectly executed and filled with spice. The reservationist can be a bit discouraging to talk to so would try booking online.",False,0,0,0,Dennis W.,en,"{'neg': 0.09, 'neu': 0.623, 'pos': 0.287, 'compound': 0.8074}",0.8074,0.287,0.09,0.623,positive
254,2019-12-05 01:32:31+00:00,5,Probably one of the best Indian restaurants in the city. I have been to the Delhi location and I can say the NYC location is as good if not better. My taste buds were scintillating with every bite of dish. It looks like the food portions are low but at the end of the course you are stuffed! We did the lunch menu and can say it was enough food for both my wife and I to be stuffed.,False,1,0,1,Subash U.,en,"{'neg': 0.04, 'neu': 0.878, 'pos': 0.082, 'compound': 0.517}",0.517,0.082,0.04,0.878,positive
253,2019-12-05 22:16:02+00:00,5,"Has quickly become my go-to, be it for a quick drink and snacks at the bar or the dinner tasting menu. It's excellent but please do bring back the malai chicken.",False,0,0,0,Tanwee M.,en,"{'neg': 0.0, 'neu': 0.841, 'pos': 0.159, 'compound': 0.6486}",0.6486,0.159,0.0,0.841,positive
252,2019-12-07 19:36:57+00:00,3,"Had the fenugreek chicken entree (would not order again, kinda dry) and the pickled ribs which were delicious!  Naan wasn't bad.  Butter chicken kulcha was okay as well.  Also, word to the wise, sodas are non-refillable and cost $6.00 each!",True,0,0,0,Nico C.,en,"{'neg': 0.055, 'neu': 0.639, 'pos': 0.306, 'compound': 0.9407}",0.9407,0.306,0.055,0.639,positive
251,2019-12-12 03:56:11+00:00,5,Utterly outstanding in everything way. Service. Food. All of it. MidTown location means they charge top Dollar. But it was worth every penny.,False,0,0,0,Beryl N.,en,"{'neg': 0.0, 'neu': 0.758, 'pos': 0.242, 'compound': 0.6593}",0.6593,0.242,0.0,0.758,positive
250,2019-12-14 17:15:28+00:00,3,"Came here on a cold winter weekend after having read about this place online and seeing the reviews. After having too many ""Chicken tikka Masalas"", I was really looking forward to trying something new, interesting, and different. Overall, the place is good but not worth the price and hype.

The pork spareribs appetizers were good, as were the pancakes (we tried the wild mushroom and the roast duck ones). The fenugreek chicken was a little dry as was the paneer.  I will say the paneer sauce was good, but it tasted like a standard Chicken Tikka sauce, which was what I was trying to avoid. 

If I had to choose, the best dishes were the garlic naan and the black dairy dal. 

Service was fine though a bit slow. Not sure I'd come back but I like the concept.",False,0,0,0,Jeff D.,en,"{'neg': 0.159, 'neu': 0.698, 'pos': 0.143, 'compound': -0.5722}",-0.5722,0.143,0.159,0.698,negative
249,2019-12-15 21:12:38+00:00,4,"I went to Indian Accent with my mom and sister to celebrate their birthdays! The decor is really nice especially in Manhattan! We tried their sweet potato shakarkandi , beetroot and peanut butter tikki and the kolhapuri chicken salad to begin with. My favorite was the kolhapuri chicken salad! The other too seemed bland and lacking flavor for my liking. For mains, we did the tandoori trout and it was yum. My mum tried the ghee roast lamb and seemed to enjoy it. The best part of the meal however were the desserts, Makhan Malai is one of the best desserts I've ever come across in my life. Light and fluffy, it packs the goodness of any malai sweet without being too heavy. The service was amazing and everybody knew what they were doing and talking about. Would I go back? Definitely for the deserts.",False,0,0,0,Priya V.,en,"{'neg': 0.026, 'neu': 0.741, 'pos': 0.232, 'compound': 0.9881}",0.9881,0.232,0.026,0.741,positive
248,2019-12-18 00:57:21+00:00,5,"Ate here once.  Everything at this place is Spot On!

The decor is beautiful and understated.  The ambiance is elegant and with a moderate noise level.

All the food we got was delicious.  The presentation and execution were excellent.

Service impeccable.

Afterwards, I thought to myself 'hmm...I should mention this to the big boss's Assistant..that this might be a good place to have on their list, the next time he's looking for a midtown restaurant for a business dinner.  Turns out, this place was already on their list, and a favorite restaurant of his. (BTW, my boss is a well-travelled business exec who originally hails from the area near to New Delhi.... ;-) )",False,0,0,0,Lisa e.,en,"{'neg': 0.0, 'neu': 0.778, 'pos': 0.222, 'compound': 0.9837}",0.9837,0.222,0.0,0.778,positive
247,2019-12-21 00:47:38+00:00,5,"Delicious, presentation of the food is excellent.
Unique combinations of Indian spices and veggies.
Ambiance is pretty good.",False,0,0,0,Keeru P.,en,"{'neg': 0.0, 'neu': 0.455, 'pos': 0.545, 'compound': 0.9571}",0.9571,0.545,0.0,0.455,positive
246,2019-12-22 04:53:58+00:00,5,"Love love love this spot! There are so many overpriced and underwhelming modern Indian restaurants in NYC that totally disappoint but trust me, you'll walk out amazed and satisfied after your experience at Indian accent. 
When you walk in, the service is so nice from the beginning. They take in your coats for coat check too!
The ambiance inside is simple yet classy. There is a bar area in the front where you can grab a drink and the dining area is relatively big too. 
Our server was ridiculously nice and helpful too! She made our experience memorable. 
We started with compliments from the chef, it was so good. They treated us with blue cheese naan and a pumpkin coconut soup. Sounds like strange ingredients but they all were so tasty and savory. 
We decided to do a two course dinner. It comes with two courses along with an accompaniment (so basically 3 course). 
First we had the Assamese pork dumplings and the duck vadai and they were so good. They put a soup over the dumplings and they complemented the taste so well. There was fried vermicelli on top of the duck and it was amazing. 
Next we had (as accompaniments) corn and spinach - basically saag and corn and it was so good. We also had the butter chicken kulcha and it was creamy and delicious.
For our entrees, we got the ghee roasted lamb and gun pepper scallops. The ghee roasted lamb comes with four chutneys and small roomali rotis (you basically make tacos out of them) and the lamb was so soft and the gravy was very savory and seasoned perfectly. The scallops came with cauliflower in a creamy sauce and they were so good too. 
We lastly got the carrot halwa for dinner and it came with pistachio ice cream and it was the perfect way to end the meal. We even got the jasmine pearl tea after and it was refreshing. 
Overall very happy with my experience here and can't wait to come here again for another special occasion! This place isn't cheap, so make the most of it!",True,1,0,0,Prianka S.,en,"{'neg': 0.06, 'neu': 0.645, 'pos': 0.295, 'compound': 0.9991}",0.9991,0.295,0.06,0.645,positive
245,2019-12-25 19:21:04+00:00,2,"I hate to do this, but I need to share.  Being Indian, I'm exposed to Indian food of all kinds.  This was no better than the average Indian restaurant in curry hill.  It's not bad food, it's just not mind-blowing, especially for the price you pay. 

The service was not good.  It took at least 5 minutes for us to get water and menus.  The waiter didn't have the manners that I'd expect at a fancy restaurant.  He wasn't knowledgeable about the menu and seemed really disinterested in us.  What I found the most odd is that my mother is vegan and they offered to bring out naan without butter and then charged us for it.  ???

Overall very average food and service for above average costs.",False,2,0,1,Nicole K.,en,"{'neg': 0.196, 'neu': 0.724, 'pos': 0.08, 'compound': -0.9366}",-0.9366,0.08,0.196,0.724,negative
244,2019-12-28 19:45:29+00:00,5,I would give this place 7 out of 5 stars. Amazing food. This place easily replaces Junoon on our list of places to eat when in NYC.,False,0,0,0,Rohit G.,en,"{'neg': 0.0, 'neu': 0.78, 'pos': 0.22, 'compound': 0.7351}",0.7351,0.22,0.0,0.78,positive
243,2019-12-29 04:19:51+00:00,1,We called on Nov 25th and Dec 6 to make reservations for 7 people on Dec 31st. They took the information and confirmed on the phone that they have us on the book. I call to confirm and they tell me they messed up and do not have our reservations. I will NEVER go back to this restaurant again. Incompetent people.,False,0,0,0,Jayant K.,en,"{'neg': 0.091, 'neu': 0.909, 'pos': 0.0, 'compound': -0.6705}",-0.6705,0.0,0.091,0.909,negative
242,2019-12-30 21:21:37+00:00,5,"Superb! We were looking for a tasting menu but not then normal options. We had about 10 courses for $125 which is not too bad for the area (Per Se would charge $300).. 

Incredible food and service! Everything was tasty and very creative. Definitely not your average Indian food but more innovative. Pics attached of most courses",False,0,0,0,Lee H.,en,"{'neg': 0.0, 'neu': 0.599, 'pos': 0.401, 'compound': 0.989}",0.989,0.401,0.0,0.599,positive
241,2019-12-31 14:35:32+00:00,5,"My boyfriend took me here for my birthday and it was amazing. I have been wanting to go and I was finally able to. The food was amazing. We did the four course menu and we were sooo full after. Although portions are small, it still stuffs you up. The ambiance, the food, the service and everything about this place is amazing. Although it is pricey, it is definitely worth trying. We had gotten non-alcoholic drinks and those were amazing. The dessert was so good too-the makhan malai. My boyfriend had told them we were there for my birthday and they gave us sorbet which was amazing!",False,0,0,0,Atiksha J.,en,"{'neg': 0.061, 'neu': 0.727, 'pos': 0.212, 'compound': 0.9619}",0.9619,0.212,0.061,0.727,positive
240,2020-01-01 17:47:30+00:00,4,"Great place to have a nice dinner. Ambience is perfect, with an upbeat vibe, but not too loud. Our waiter was excellent, and he had the kitchen spice up our food upon our request. The butter chicken naan is a must, but I would skip the truffle naan. We ordered a la carte, mostly everything was tasty, especially the duck pakora. I would pass on the ghee roasted lamb though, as it was a bit underwhelming. The cocktails are superb, I believe I had the smoked old fashion. Definitely recommend trying this place out the next time you want a fancy dinner.",False,0,0,0,Mitesh S.,en,"{'neg': 0.056, 'neu': 0.668, 'pos': 0.276, 'compound': 0.9804}",0.9804,0.276,0.056,0.668,positive
239,2020-01-06 20:51:52+00:00,5,"Love this restaurant. From it my passion for Indian cuisine began !!!
Chic design. Very clean place ... 
Helpful staff. 
Large portions and beautiful serving!!!",False,0,0,0,Yael G.,en,"{'neg': 0.0, 'neu': 0.456, 'pos': 0.544, 'compound': 0.974}",0.974,0.544,0.0,0.456,positive
238,2020-01-07 18:44:49+00:00,4,"It was my first experience here and I'm glad that I did try this place, great different options from the Indian cuisine, since I was alone I just ordered 1 main dish and 1 side which is not enough, I didn't expect it will be that good but I liked it, I would come back in my next visit or maybe another location and try more options.",False,0,0,0,Mishari A.,en,"{'neg': 0.023, 'neu': 0.822, 'pos': 0.155, 'compound': 0.8271}",0.8271,0.155,0.023,0.822,positive
237,2020-01-09 17:50:29+00:00,3,"If this review was solely for the food, it would be 5 stars. I am by no means any food/experience critic (I usually feel gratitude to just be in the room), I pride myself on being a fair and rational person, but my oh my was the service abysmal. I flew my mom in from Tennessee to celebrate her retirement. She's crazy for Indian food and I thought this place was just the ticket for her milestone occasion. The juxtaposition of the food and service was wild. Our server never identified himself or herself and we felt lost in the chef's tasting process. At our estimation, the restaurant was only between 30-40% capacity and four of our courses came out of the kitchen before our table had been reset. My husband watched them carry the courses back into the kitchen and sit for 2-3 minutes before the table was re-set and they could be brought back. We ate a lot of warmish food or melted desserts. Half of the dishes were explained, half dropped off with a quick sentence we struggled to hear. My husband ordered a cocktail and it took around 20 minutes to hit our table, *after* food. When the glass was empty, a follow up cocktail wasn't offered and the empty glass sat on the table for the remainder of the tasting until dessert. Even though the restaurant continued to clear out, the time between our courses lengthened to the point where we wondered if our courses had been served to another table. It felt clunky, uncomfortable, and zero mention was made to my mother about her milestone occasion, even though it had been noted in the reservation and in the reservation confirmation. If we were just looking for a tasting menu and didn't care about the atmosphere, this would have been great, but we left beyond puzzled about her very, unmerry, retirement uncelebration.",False,0,0,0,H V.,en,"{'neg': 0.086, 'neu': 0.844, 'pos': 0.071, 'compound': -0.6177}",-0.6177,0.071,0.086,0.844,negative
236,2020-01-13 02:36:55+00:00,5,Probably the best fancy Indian restaurant in NYC. Highly recommend the tasting menu. The experience is great.,False,0,0,0,D J.,en,"{'neg': 0.0, 'neu': 0.558, 'pos': 0.442, 'compound': 0.902}",0.902,0.442,0.0,0.558,positive
235,2020-01-14 18:07:24+00:00,5,Great service clubbed with great food. I was disappointed with a particular chicken dish and they replaced it with a different option which was splendid. The carrot halwa crumble is amazing and so is the makhan malai. Being from Lucknow it brought back memories of makhan malai back home. Mehrotras are the best,False,0,0,0,Akash M.,en,"{'neg': 0.072, 'neu': 0.638, 'pos': 0.29, 'compound': 0.9432}",0.9432,0.29,0.072,0.638,positive
234,2020-01-16 18:56:17+00:00,5,"Had a great birthday dinner experience. They make sure you like the dish/drink, if not they will get you and ready to change it.",False,0,0,0,Hima D.,en,"{'neg': 0.0, 'neu': 0.625, 'pos': 0.375, 'compound': 0.886}",0.886,0.375,0.0,0.625,positive
233,2020-01-26 01:43:38+00:00,5,Great choice for a special occasion. Note that kids under 10 are not allowed. Tried the four course option and thoroughly enjoyed every one of them. Had a good selection for vegetarians across all courses.,False,1,0,1,Badhri V.,en,"{'neg': 0.0, 'neu': 0.686, 'pos': 0.314, 'compound': 0.923}",0.923,0.314,0.0,0.686,positive
232,2020-02-06 18:25:46+00:00,3,"The ambience is lovely but can be a bit loud so  if you need some aa quieter table, you will need to request the staff beforehand. The food i  called for was the three course dinner  with lamb chops, sea bass with berry rice and makhan malai dessert. I called for two drinks of Rhube which are quite tasty and strong. 
Food was great, lamb chops  were really good, juicy and tender. Sea bass doesnt have much  flavors but goes well with the berry rice. The dessert was really nice. 
The staff service is really slow. Had to wait for about an hour too get our orders in after drinks. All in all the food is good but not worth the price you pay.",False,0,0,1,Ayaz B.,en,"{'neg': 0.074, 'neu': 0.625, 'pos': 0.301, 'compound': 0.9932}",0.9932,0.301,0.074,0.625,positive
231,2020-02-16 11:04:28+00:00,5,"I bought my girlfriend here for a post-Valentine's day dinner. Indian Accent exceeded our expectations. The food was phenomenal; the flavors were incredible as well as the presentation. The staff was extremely knowledgeable and courteous. Shoutout to our server, Andrew, for all the recommendations and excellent service. We intend on dining here again in the near future.",False,0,0,0,Aditya B.,en,"{'neg': 0.0, 'neu': 0.83, 'pos': 0.17, 'compound': 0.8925}",0.8925,0.17,0.0,0.83,positive
230,2020-02-20 19:20:14+00:00,1,"This place sucks. Ordered an Arnold Palmer twice and didn't get it. Ended up getting an ice tea. 
Ordered Trout and got salmon. The waiter said the flavoring they use makes the trout like a salmon. Bizarre. It is also crazy expensive for the portions. Jail house portion size or weight loss method.",False,0,0,0,Jim B.,en,"{'neg': 0.23, 'neu': 0.73, 'pos': 0.04, 'compound': -0.9001}",-0.9001,0.04,0.23,0.73,negative
229,2020-02-22 04:04:38+00:00,1,"An expensive disaster!  The restaurant staff from servers to the manager have no sense of hospitality.  Once seated, we waited about 15 minutes for our server.  When she arrived, she was eager to take our dinner order, but we were never asked if we wanted to order a cocktail or drink.  Overall service was or pretty poor.  We ordered the price fixe ($125 pp) chef's tasting but the servers' English was very poor and we could only make out their explanations of the dishes put in front of us about half the time.  The dishes themselves are experiments in some kind of Indian-continental fusion.  I am Indian, and while I think I enjoy a bit of experimentation, several dishes left me wondering why this restaurant is labeled Indian.  So far not a complete disaster, and I would have rated tonight's experience 3 out of 5 stars, but then something totally surprising happened.  We were served our last course (a small dessert) around 9:15pm, which we promptly finished and soon thereafter (around 9:30pm) paid the check - total with tip: $425.  Just as we're finishing our drinks and about to imminently leave, a manager interiors our conversation and loudly offers us a complimentary glass of wine at the bar.  I think he thought just approach clever, but I just  asked him if he wanted the table and he affirmed that he wanted our table to put it together with another one.  We hadn't been lingering, so I thought this request highly improper.  Regardless, told him to give us two minutes, after which we left.  On the way out, the manager tries to direct us to the bar for the free wine.  I told what he could do with his wine and left.  Would never go back to this place.  $425 for two, for mediocre food, Terri le service, and insulting management.",False,0,0,0,Atul J.,en,"{'neg': 0.131, 'neu': 0.795, 'pos': 0.074, 'compound': -0.9752}",-0.9752,0.074,0.131,0.795,negative
228,2020-02-22 22:36:15+00:00,5,It was good lunch place. Good for groups and the food was innovative and not the usual Indian affair.,False,0,0,0,Neha P.,en,"{'neg': 0.0, 'neu': 0.648, 'pos': 0.352, 'compound': 0.8271}",0.8271,0.352,0.0,0.648,positive
227,2020-02-27 00:18:52+00:00,5,Very tasty food. Just remember to wear semi casual clothes or not wear too athletic wear as typical clients here are all wearing suits. Loved it.,False,0,0,0,Meluhan K.,en,"{'neg': 0.0, 'neu': 0.657, 'pos': 0.343, 'compound': 0.9184}",0.9184,0.343,0.0,0.657,positive
226,2020-02-28 00:58:48+00:00,5,We've been here 3 times now and every time have had a great experience. Amazing service and good. In the past we've come with people who had gluten allergies and the servers were always knowledgeable about what they could eat. Really absolutely wonderful! A little pricey for sure but in our opinion worth it!,False,0,0,0,Diane D.,en,"{'neg': 0.041, 'neu': 0.728, 'pos': 0.231, 'compound': 0.8591}",0.8591,0.231,0.041,0.728,positive
225,2020-03-07 16:35:21+00:00,4,We loved our meal! It was fancified Indian but  not to the point that was stuffy or irritating.  Everything tasted wonderful.  Their mustard tequila cocktail was THE BOMB,False,1,0,0,K A.,en,"{'neg': 0.332, 'neu': 0.503, 'pos': 0.164, 'compound': -0.8655}",-0.8655,0.164,0.332,0.503,negative
224,2020-03-09 03:41:42+00:00,5,"My fiancée and I went here for a date night in the city. We were completely blown away by not only the wonderful staff, but also the fabulous food. The flavor was immaculate. Our server perfectly paired our meals with beautifully noted wine. I would like to specifically note one of the servers Mardek (I hope I'm spelling that correctly) for his tremendous hospitality. He answered all of our questions to the best of his ability and was so kind. Definitely recommend and will most definitely be coming back.",False,0,0,0,Mustafa S.,en,"{'neg': 0.016, 'neu': 0.592, 'pos': 0.392, 'compound': 0.9946}",0.9946,0.392,0.016,0.592,positive
223,2020-09-07 16:37:58+00:00,5,"We decided to try Indian accent after having an incredible experience at the location in Delhi last year. Nyc location is just as good and we have been back a few times this year. Food quality is always consistent, service is attentive and very respectable. The drinks, wine and all of the courses have been amazing! This is our favorite Indian restaurant in the city! Absolutely the best compared to every other 'Indian' restaurant you can name in the city.",False,0,0,0,Shital B.,en,"{'neg': 0.0, 'neu': 0.764, 'pos': 0.236, 'compound': 0.9737}",0.9737,0.236,0.0,0.764,positive
222,2020-09-12 01:13:33+00:00,5,"Indian accent was the last meal we had before COVID and we are so glad they are back. Beautiful outdoor space, mindful precautions. Food and drinks are as delicious as ever. The amuse bouche are back. We had the pepper chicken (one of our fav) and the green pea kofta (loved it). We also really enjoyed the crab claws. Kulchi wise we tried the saag but prefer the butter chicken. Also
Note to self you love the mulgur fornication and the doda dessert which tasted like sticky toffee pudding with vanilla bean ice cream",True,2,0,1,Kathy L.,en,"{'neg': 0.0, 'neu': 0.781, 'pos': 0.219, 'compound': 0.9724}",0.9724,0.219,0.0,0.781,positive
221,2020-09-19 03:21:13+00:00,3,"The food is good but take away service is bad, people want to get desert to go,they ready to pay but they say you can't get desert to go, you can get desert only if you dine in.",False,0,0,0,Jasmine D.,en,"{'neg': 0.178, 'neu': 0.684, 'pos': 0.138, 'compound': -0.6059}",-0.6059,0.138,0.178,0.684,negative
220,2020-10-11 12:12:23+00:00,5,"My family and I went last night to celebrate my husband's birthday.  We drove from Connecticut, after picking up my daughter from Fordham, and could not have been more pleased with this choice.  The food was incredible, the service was attentive, professional and our waiter's recommendations were fantastic.  This restaurant made our evening celebration the highlight of our last few months since Covid first appeared.  The innovative and delicious meals and dessert, along with the Covid restrictions which gave us plenty of space to dine, made this dinner one of the most enjoyable meals we have ever experienced in New York City.  I will rave about this restaurant to everyone I know.  This dinner inspired us to visit restaurants in New York City more often, but I doubt it will be easy to find one that compares to this.  We also appreciated the birthday candle elegantly displayed on the plate next to our dessert.",False,2,0,0,Alison M.,en,"{'neg': 0.021, 'neu': 0.787, 'pos': 0.193, 'compound': 0.9796}",0.9796,0.193,0.021,0.787,positive
219,2020-10-11 15:15:41+00:00,3,"This is one of my and my husband's favorite restaurants anywhere, which is why it's hard to write this review. We were worried that this restaurant would not survive the pandemic and were relieved when we realized we could make reservations for in-door or outdoor dining. We made an early 6:45 dinner reservation, arrived 5-10 minutes early and were happy to see hygiene and safety pre-cautions were being observed and it was quite empty inside. We were told we were limited to 90 minutes at the table starting at the time of our reservation,  which we were fine with. What we were not fine with was our waiter who we had to prompt with our readiness to submit our orders, delivered our first round of drinks almost until we were through with our appetizers and who barely visited our table to check on us, and at 15 prior to our time limit ending being told by the manager that we could not receive the dessert we ordered due to their restrictions. I understood, but had to point out to the manager that there were two to three other tables who were seated well before we were that were still sitting at their tables. he checked and informed me one arrived early and were leaving and another I witnessed him remind them of 90 minute policy as well. Would that have happened had I not pointed this out? I understand we're living in a new time and have to observe new instructions so everyone remains safe and businesses continue to operate. I do not, however, like being made to feel like the rules only applied to us and having service staff that could have been more attentive so that we did not feel like were rushed to eat our meals within a short time limit because of timing and service inefficiencies, and one which was not inexpensive at that. Prior to being told this we discussed coming back once a month to support them because we do love their cuisine and cocktails, but after this, we're disappointed with this experience and will support other small businesses where we won't feel uncomfortable the few times we are venturing out to dine out at this time.",False,2,0,0,Adrienne L.,en,"{'neg': 0.088, 'neu': 0.801, 'pos': 0.111, 'compound': 0.8881}",0.8881,0.111,0.088,0.801,positive
218,2020-10-11 20:32:39+00:00,5,"Food was great! I liked how they provided little bags for masks, we ate outside. Everything was well curated and very tasty! I especially liked the desert. Would come again!",False,2,0,1,Fernando L.,en,"{'neg': 0.0, 'neu': 0.548, 'pos': 0.452, 'compound': 0.9636}",0.9636,0.452,0.0,0.548,positive
217,2020-10-15 03:43:04+00:00,5,"Incredible, as always! This is our celebration restaurant which we typically visit a few times a year. Tonight was celebratory, we were meeting our neighbor's new girlfriend. The food was outstanding as was the service. 

I had written the restaurant a little note, while booking, of my food restrictions. Chef Vineet took the trouble to come out and ask me what I could/couldn't eat. The hostess said that she had tried to reach me to ask the same during the day but I had missed a call. 

Chef Vineet prepared my meal accordingly. It was delicious! I'm so grateful for his thoughtfulness.",False,1,0,0,Sulakshana J.,en,"{'neg': 0.04, 'neu': 0.747, 'pos': 0.213, 'compound': 0.9723}",0.9723,0.213,0.04,0.747,positive
216,2020-10-19 06:06:29+00:00,3,"We dined here on a Sunday during COVID. Service was exceptional but I think food could improve a bit. The Indian spice and flavor is def there but some of the dishes lacked in texture. We ordered the aloo chaat which was ok. Crab legs which was good. Tiger prawns, a very basic dish that could be made easily at home. Nothing amazing about it. 

For entree, sea bass and ghee lamb. Ghee lamb was good while it was hot but gave me acid reflux after since it's so heavy with oil.. but sea bass was good. 

Dessert ... malai makhani... although it was delicious the first few spoonful, it lacked texture and you can only have so many spoons of it. 

Drinks were good.",False,0,0,0,Tanzina A.,en,"{'neg': 0.144, 'neu': 0.662, 'pos': 0.195, 'compound': 0.8147}",0.8147,0.195,0.144,0.662,positive
215,2020-10-24 05:36:29+00:00,5,Excellent. I love this place!!! Wish they had some offerings off the tasting menu. My friend and I enjoyed their version of a Moscow Mule- it has rose petals in it and was super delicious.,False,3,2,1,Siri C.,en,"{'neg': 0.0, 'neu': 0.464, 'pos': 0.536, 'compound': 0.9847}",0.9847,0.536,0.0,0.464,positive
214,2020-10-29 16:21:29+00:00,5,There isn't enough good things I can say about this place- I've been a few times for dinner and I can say that that it consistently has some of the best food I've ever eaten in my life. Add onto that the incredibly friendly staff and it's one of my top recommendations for a date-night spot to my friends visiting Manhattan.,False,0,0,0,William A.,en,"{'neg': 0.035, 'neu': 0.767, 'pos': 0.198, 'compound': 0.8998}",0.8998,0.198,0.035,0.767,positive
213,2020-10-30 22:17:45+00:00,4,"Great spot for a fancy modern Indian food! They are following all safety protocols for Covid. Outdoor dining is cute and you need to take reservations. 
I had always heard a lot about this place, and I must say it did live upto my expectations. Our server was sweet and the food was served fast and hot. 
They gave us pumpkin coconut soup to start with on the house, and it was one of the best soups ever! 
I have tried stuffed kulcha in other high end Indian restaurants in the city, but Indian accent tops it all. 
Their mushroom and the spinach kulcha are to drool for! 
I wasn't impressed by the pea kofta. It was fried and  dry. We loved their black daal! They serve it as a side, so we ended up ordering two of those.",False,2,0,0,Vidisha V.,en,"{'neg': 0.057, 'neu': 0.787, 'pos': 0.156, 'compound': 0.9244}",0.9244,0.156,0.057,0.787,positive
212,2020-11-07 19:41:33+00:00,3,Overall food and service of the waiters were good. The only huge setback was the manager (bald caucasian) stopping the waiters to serve our table of minorities (funny because its an ethnic restaurant)  because we didn't have our mask on WHILE seated. This did not happen to the other tables and observed the same manager serving others with no hesitation.,False,0,0,0,Jonathan J.,en,"{'neg': 0.089, 'neu': 0.832, 'pos': 0.079, 'compound': 0.0772}",0.0772,0.079,0.089,0.832,positive
211,2020-11-08 02:10:14+00:00,5,So ridiculously good... Every single plate was perfect! Even the dessert! I don't normally like anything sweet that doesn't have chocolate but MAN that was good. 100% recommend and will go back for more.,False,0,0,0,Alba V.,en,"{'neg': 0.08, 'neu': 0.636, 'pos': 0.284, 'compound': 0.8636}",0.8636,0.284,0.08,0.636,positive
210,2020-11-16 05:16:09+00:00,5,"We went here for the Diwali dinner. I have had Manish Mehrotras cuisine back in Delhi and always wanted to visit this place in NYC, what better occasion than Diwali? Really loved the aesthetics of the place. Also Manish Mehrotra is known for chaat and the Indian fusion food. I particularly loved the Potato sphere chaat. The best items from everything we ordered was soy keema and  green kofta. The daal was perfect! The dash paneer kulcha or the garlic naan were okay and so was the best and paneer tikki. The winner of all was the dessert - makhan malai......a derivative of the famous Delgis Daulat ki chaat. The five star to this review is especially for the daal, koftas and this dessert which truly made our Diwali dinner perfect. I would love to thank the restaurant for the joy of discovering especially the  Daulat ki chaat dessert. Would love a more elaborate chaat menu though, hoping that happens soon! Also recommend the Chilli based cocktail and going by their servers recommendations which are very good. Also very polite staff and great service.",False,0,0,0,Nimi V.,en,"{'neg': 0.013, 'neu': 0.697, 'pos': 0.29, 'compound': 0.9966}",0.9966,0.29,0.013,0.697,positive
209,2020-11-24 04:05:36+00:00,5,"OK, blown away! We ate in India at the original Indian accent and this did not disappoint. It was off the chart. We asked for all the favs and it was really the bomb.

Even the drinks were good and the ribs were so good, that even after all we ordered, and we are a lot we had to get one more.

if you love Indian food, and we do - run don't walk to go there!",False,0,0,0,Jeff L.,en,"{'neg': 0.062, 'neu': 0.73, 'pos': 0.208, 'compound': 0.9131}",0.9131,0.208,0.062,0.73,positive
208,2020-12-02 01:32:15+00:00,5,"The food is ofcourse delicious. Everything that we have ordered was finger licking good. Over that the restaurant was super safe to dine in during the Covid times. The entire staff was wearing mask and keeping the safe distance. 
As you enter you fill a form with all your details so that they can contact you back for any reason. You would be asked to wear a mask every time a server come to your table. I really appreciate the safety and enjoyed our beautiful anniversary dinner.",False,0,0,0,Neha G.,en,"{'neg': 0.0, 'neu': 0.693, 'pos': 0.307, 'compound': 0.9871}",0.9871,0.307,0.0,0.693,positive
207,2021-01-03 03:49:44+00:00,5,"This is the top restaurant that I hope survives the pandemic. The food is SO GOOD. The lamb entree especially. I've had so much on the menu. The soy keema is delectable as is all their chaats and cocktails.  Let's put it this way, I paid $70 round trip in Uber's so I could pick up a takeout meal from Indian accent once. Cravings. The take out was just as good as dining in. Do it. Give yourself a treat and order, especially right now, from Indian Accent.",False,0,0,0,Shireen L.,en,"{'neg': 0.0, 'neu': 0.786, 'pos': 0.214, 'compound': 0.9681}",0.9681,0.214,0.0,0.786,positive
206,2021-01-10 01:09:55+00:00,5,"A meal that spoke to my culture, roots and background... Growing up I was always around Indian and West Indian cuisine but it was always prepared and served in a old school homestyle sort of way. Truthfully told, I didn't love Indian food as a kid but I've come to grow fond of it and the countless possibilities and recipes that come with it. I love seeing restaurants such as this, spearheaded by Chef Manish Mehrotra, who have sought out to elevate Indian food into a fine dining experience rather than merely relying on the old world ways. Hopefully as time goes on society will become more accepting and receptive of this shift from old school to fine dining in regards to Indian cuisine. Here's a peek at the amazing offerings that Indian Accent NYC has: Sweet Pickled Ribs, Mathri Trio (Crispy Duck Curry, Foie Gras & Tamarind Cones), Vegetable Tart, Ghee Roasted Lamb with Roomali Roti, Khasta Roti with Goat Brains, Naan Bread, Makhan Malai Dessert (Cream Foam with Honey, Saffron, Almonds and Rose Petals), Meethe Chawal (Sweet Rice, Almond Milk and Barberries), Doba Barfi Treacle Tart with Vanilla Bean Ice Cream and  The Proper Copper (Kaffir Lime Leaf Infused Vodka and Honey Rose Blossom Water).",True,2,1,1,Andrew K.,en,"{'neg': 0.074, 'neu': 0.806, 'pos': 0.119, 'compound': 0.8572}",0.8572,0.119,0.074,0.806,positive
205,2021-01-12 17:24:12+00:00,5,"Amazing. Service, cocktails, food all outstanding. I hope they survive COVID. 

The complimentary blue cheese naan appetizer with pumpkin soup is a classy move and delicious.  The cocktails were phenomenal as well.  

We started with the dumplings, garlic butter crab claws, and sweet pickled ribs. Tender and so delicious! We would probably skip the dumplings next time. 

For mains we had a chicken curry dish and a spiced shredded lamb dish that came with a number of chutneys and bread for making little wraps almost like a taco. They were both so flavorful and delicious.  On the side we ordered garlic naan, and a flakey bread stuffed with butter chicken and another stuffed with saag paneer. 

Would come back again for sure. Wonderful experience.",False,0,0,0,Kate F.,en,"{'neg': 0.016, 'neu': 0.6, 'pos': 0.385, 'compound': 0.9966}",0.9966,0.385,0.016,0.6,positive
204,2021-01-18 20:07:38+00:00,5,"My friend made a reservation here for our annual dinner where we eat Indian food. This restaurant has been on our list to eat for a long time and we finally came here in November. 
It was a pretty cold night, and Indian Accent did not have outdoor heaters at the time we dined. The staff were apologetic about the cold. 
Upon ordering, the staff presented us with a complimentary amuse bouche, a soup served in a shot glass. It was delicious. 
We also ordered an excellent appetizer which we shared. 
My friend had the ghee roast lamb with roti pancakes for a main, while I had the green pea kofta. The lamb was tender and flavoursome. The roti pancakes that it came with were soft and perfectly made. 
I also really enjoyed the green pea kofta. The peas were mashed and made into dumplings, and served in a coconut curry broth. I only wished that the serving had been a little larger. 
We also shared the makhan malai which the staff recommended as their most popular dessert. It was a giant ball of cream flavoured with spices. It was light and airy, and although I enjoyed it, I much prefer classic Indian desserts. 
We had no complaints whatsoever with our dining experience here, and I am looking forward to returning on another occasion.",True,3,1,2,Su L.,en,"{'neg': 0.067, 'neu': 0.73, 'pos': 0.203, 'compound': 0.9889}",0.9889,0.203,0.067,0.73,positive
203,2021-02-18 02:21:41+00:00,4,"I ordered takeout for my anniversary (celebrating with the place we ate on our wedding day). It lost some of the polish it would have had in-person. We ordered 14 items, 1 (yellow dal tadka) was missing and immediately refunded by Grubhub, 2 items were dessert. The bebinca Goan cake was not for me, it did not have a pleasant taste or texture at all. The doda barfi treacle tart was not bad, I enjoyed the milk cake bottom. As for the appetizers we had the papad and chutney sampler - solid. The others were sweet potato quinoa chaat (good, but a little too much quinoa, which tends to be dry) and corn and winter fenugreek (dry, wouldn't recommend). The entrees were pretty good - South Indian veg moilee, paneer butter masala, and Punjabi kadhi pakora. The black dairy dal was really weird, tasted entirely like tomato paste and not thoroughly cooked with all ingredients. The bhindi, raita, madras potatoes, and aloo gobhi were all very good. Overall, definitely a higher end for Indian food, but some decline with some items and getting takeout. I was also slightly disappointed that with our order of 14 items (about $150) we didn't receive a complimentary item (blue cheese naan or pumpkin soup) like others before me had posted about.",False,0,0,0,Seema S.,en,"{'neg': 0.1, 'neu': 0.781, 'pos': 0.12, 'compound': 0.5838}",0.5838,0.12,0.1,0.781,positive
202,2021-02-18 14:16:43+00:00,5,"Having been a repeat customer (both in-person and takeout during the pandemic), this place deserves all 5 stars. Ordering was a great way to make my boyfriend's birthday special while no indoor dining options were available in NYC. 

My favorites remain largely the same: the butter kulcha, the ribs, lamb masala, butter chicken. 
The delivery/takeout menu is a bit different so a great opportunity to try something new.",False,2,0,2,Sarah B.,en,"{'neg': 0.029, 'neu': 0.75, 'pos': 0.221, 'compound': 0.939}",0.939,0.221,0.029,0.75,positive
201,2021-02-28 01:57:51+00:00,1,Menu is reduced from before and so is the service. This used to be my favorite fine dine Indian restaurant but sad to see it's pathetic service and mediocre taste.,False,0,0,0,Jai V.,en,"{'neg': 0.46, 'neu': 0.5, 'pos': 0.04, 'compound': -0.9776}",-0.9776,0.04,0.46,0.5,negative
200,2021-03-01 03:17:47+00:00,5,"We were finally able to return to indoor dining at Indian Accent today and it was as amazing as ever.  Post covid they have done away with their tasting menu, hopefully temporarily, but their a la crate menu was astounding. The service was as attentive, prompt, abs courteous as always and they were extra cautious and took all the expected covid safety measures. For appetizers we had the smoked eggplant and the pickled ribs and both were highlights. The ribs in particular were the perfect combo of sweet and spicy and were cooked to perfection. For our entree we had the ghee roast lamb and desert we had the makhan malai, both of which were also very solid. Overall, I'd highly recommend Indian Accent. It's one of my favorites in NYC and can't wait for them to bring back their tasting and brunch menus",True,2,0,1,Shyam K.,en,"{'neg': 0.009, 'neu': 0.684, 'pos': 0.307, 'compound': 0.9959}",0.9959,0.307,0.009,0.684,positive
199,2021-03-12 12:12:37+00:00,5,"Indian Accent is a solid, higher end Indian food establishment in Midtown with a nice inside. Dined in a few years ago and I remember they also had tasty cocktails. 

This review is geared towards a more recent experience with delivery for dinner. Food came well packaged and food was warm and delicious. I had the Old Delhi butter chicken that came with basmati rice and laccha paratha.  Great flavors but without being too oily or leaving you feel bloated once the meal is over. Would eat here again.",True,2,0,1,Eric F.,en,"{'neg': 0.0, 'neu': 0.824, 'pos': 0.176, 'compound': 0.9224}",0.9224,0.176,0.0,0.824,positive
198,2021-03-13 09:08:30+00:00,5,"Indian Accent has some of the best food I've ever eaten. Came by with a friend for a birthday dinner. The decor, hostess, bathroom, ambiance, service, COVID measures etc etc everything was great. The real star is the food. We ordered nearly everything on the menu: 

Food- 

Wild mushroom kulcha, truffle butter (bite sized and decadent)
Sweet potato shakarkandi, kohlrabi, crispy okra (very good, but you can pass on these) 
Beet and peanut butter tikki, goat cheese raita (even the most underwhelming of our four appetizers (this) was very good)
Sweet pickle ribs, sundried mango, onion seeds (these are a standout, so good!)
Crab claws, butter-pepper-garlic, cauliflower (absolutely delicious) 
Baked sea bass, patrani butter, barberry pulao (cooked to perfection) 
Ghee roast lamb, roomali roti pancakes (so flavorful. Portion sizes on yelp are misleading, this was a lot of food)
Doda barfi treacle tart, vanilla bean ice cream (AMAZING)
Pumpkin and coconut milk shorba with garam masala and blue cheese naan (so very good, the restaurant manager was kind enough to give me the recipe for the shorba) 

Drinks-

Mughal Fortification (very good) 
Green Chili Sour (good, but doesn't stand out next to others) 
Tiger House Punch (really good, kinda sweet) 
Smoke and Spice (smoky, spicy deliciousness) 

Everything we ate was divine and I cannot wait to go back. Our waitress, Amy, was also a sweetheart as was her trainee. Restaurant manager was also very kind and attentive. Great dinner. 10/10.",False,4,0,0,Liz L.,en,"{'neg': 0.037, 'neu': 0.729, 'pos': 0.234, 'compound': 0.9959}",0.9959,0.234,0.037,0.729,positive
197,2021-03-16 15:30:10+00:00,5,"This is probably the best food I've ever had. The presentation and portion sizes are perfect, the flavor is PACKED into each bite and nothing overwhelms the senses to the point of standing out over the accompanying flavors. You can't go wrong here.",False,0,0,0,Robert R.,en,"{'neg': 0.0, 'neu': 0.764, 'pos': 0.236, 'compound': 0.901}",0.901,0.236,0.0,0.764,positive
196,2021-05-07 03:16:11+00:00,3,"First time I've been to a restaurant and left saying the dessert was the best part of the meal after paying $250/person. Cocktails were well executed but the service was painfully slow and inattentive for having such few diners. 

The pepper chicken was good for a take out South Indian place but for $30 it should have been moist and succulent instead of dry. The chicken tasted like it may have been cooked in advance. Black daal was delicious and was a stand out dish. 

The mushroom kulcha and spinach kulcha were chewy and poorly executed. The ingredients would have had a harmonious marriage if it was executed properly. Butter chicken kulcha was tasty because it was the only dish that came out piping hot. 

The sticky ribs were delicious and were executed perfectly. At $11/rib eat them slowly and savor every bite. Chili pork phulka was an interesting idea but poorly executed and difficult to share. One bite size taco with a very chewy phulka. 

Crab claws were well done and full or flavor. South Indian flavors were spot on. 

Ghee roast lamb was a tiny dish at $40 and was flavorful but would have been just as good at any good Indian take out spot. The roti was cold and brittle. 

Beef tenderloin was good and cooked to a medium well although we were told it would be medium rare. This dish had enough flavor and the potato side was a nice compliment. 

The makan malai and the dosa bardo treacle were straight from the heavens and worthy of hitting this spot again. Absolutely sublime. Cocktails were also a hit.",False,2,0,0,Mo P.,en,"{'neg': 0.15, 'neu': 0.581, 'pos': 0.269, 'compound': 0.9938}",0.9938,0.269,0.15,0.581,positive
195,2021-05-09 15:55:18+00:00,5,"The food and drinks at indian accent never disappoints but what makes the experience all the more lux is their impeccable service! Bradley was an absolutely amazing host. Its easy to fall in one of the two categories : either always be on your head (sorry sounds crude) or just being absent ! But he was just absolutely on point! 
The portions are really small but on hind side we can order and try  so many different things because of it. But I kind of missed the chef tasting menu.. 
INDIAN ACCENT IS A MUST GO !",False,0,0,0,Seymal G.,en,"{'neg': 0.152, 'neu': 0.752, 'pos': 0.097, 'compound': -0.8506}",-0.8506,0.097,0.152,0.752,negative
194,2021-05-10 00:47:51+00:00,1,"I had a very disappointing Mother's Day  dinner . It was cold and wet and there was no heater for outdoor dinning ; apparently they text guests that it was going to be cold; but the rain was not something that planned for. Worst of all water was leaking from the roof while we were eating  - it was disgusting. Management was uncaring and did not give a damn about trying to accomodate the customers for indoor dining - despite the restaurant being more than half empty (I believe there were two large tables that remained empty from 6:00 pm to 7:30 pm and no where near other tables. 
This was the worst experience at a fine dining restaurant . I would not recommend to anyone under any circumstance.",False,0,0,0,Riley S.,en,"{'neg': 0.359, 'neu': 0.624, 'pos': 0.017, 'compound': -0.9966}",-0.9966,0.017,0.359,0.624,negative
193,2021-05-12 20:59:34+00:00,1,A very good example of a BAD RESTAURANT!. I would leave zero stars if I could.  The food is mediocre for the price and to make it worse it is not even close to authentic.  Host ( Richard) at the front was rude and arrogant!  Come here if you want an attitude!,False,0,0,0,Richa P.,en,"{'neg': 0.437, 'neu': 0.503, 'pos': 0.06, 'compound': -0.9867}",-0.9867,0.06,0.437,0.503,negative
192,2021-05-23 19:48:48+00:00,4,"Lots of lists, lots of friends and lots of family recommended Indian Accent and became like one our must try places. Overall the experience was good. People raved about the 3 course menu but they are restarting that only end of May so we ended up trying the alacarte menu. 

Cocktails 
- Green Chilli Sour was not worth it. Watered down
- Mughal Mortification was a delicious and would order that again

Appetizers and Sides
Potato sphere Chaat - was outstanding 
Sweet pickle ribs - delicious and a must try
Butter chicken Kulcha - delicious
Black Dairy Dal - not recommended. Their take on dal makhani but too much tomato and not buttery enough


Main Dishes
Crispy jack fruit - very tasty
Ghee Roast Lamb - another not recommended option. My husband lived in mangalore for 5 years and the ghee roast is nothing close to being authentic. It has flavor but I would call it lamb roasted curry 

Dessert
Makkhan Malai - delicious and good for two 
Off menu chocolate old monk cake - delicious and very decadent 

It was a one time experience and we went for the chef. Tips:
- pricey
- small portions mostly 
- difficult to make reservations",False,3,1,2,Rachna B.,en,"{'neg': 0.06, 'neu': 0.608, 'pos': 0.331, 'compound': 0.998}",0.998,0.331,0.06,0.608,positive
191,2021-05-29 00:19:51+00:00,5,"I am in love and that's i have to say.but if you need more elaboration its the 
Appetizers- Potato spree chat, white pea mash
Main course--ghee roast lamb with roti pancakes
Deserts - Kheer , crispy seviyan, coconut jagery icecream
Makhan malai , safron milk, rose petal jaggerybrittle, almonds

Just order the above and thank me later.",False,2,0,1,Divyanshu S.,en,"{'neg': 0.0, 'neu': 0.821, 'pos': 0.179, 'compound': 0.8934}",0.8934,0.179,0.0,0.821,positive
190,2021-06-03 18:48:57+00:00,5,Amazing service and even better cuisine . Best Indian on all of New York for sure the soy keema is my favorite.,False,1,1,1,Darla D.,en,"{'neg': 0.0, 'neu': 0.497, 'pos': 0.503, 'compound': 0.9451}",0.9451,0.503,0.0,0.497,positive
189,2021-06-16 23:59:33+00:00,5,exceptional food and service. felt so full and satisfied after the meal. great place for a date or celebrating an important milestone! 100% recommend,True,0,0,0,Geeta S.,en,"{'neg': 0.0, 'neu': 0.538, 'pos': 0.462, 'compound': 0.9377}",0.9377,0.462,0.0,0.538,positive
188,2021-06-28 20:00:56+00:00,5,"This is the one of the best food we had in NYC. Loved butter chucked naan, pepper chicken, paneer. Thought ghee roast lamb could have little more taste but it was nice.",False,0,0,0,Debarshi R.,en,"{'neg': 0.0, 'neu': 0.768, 'pos': 0.232, 'compound': 0.8294}",0.8294,0.232,0.0,0.768,positive
187,2021-07-07 23:28:31+00:00,5,"I really loved the food  in all dimensions with respect to taste , quality and portion. This is a different approach to Indian cuisine and use of veggies. The tofu shistu, chicken tikka naan and finally dodha barfi were the top dishes I liked at this place",False,0,0,0,Mukesh B.,en,"{'neg': 0.0, 'neu': 0.766, 'pos': 0.234, 'compound': 0.8977}",0.8977,0.234,0.0,0.766,positive
186,2021-07-22 12:07:15+00:00,5,"Truly a memorable meal.  I have had indian food many times, but never like they serve it at indian accents.  It is the food you think you know, prepared in a totally unique way.  My wife and I chose the 3 course with accompaniments.  The beet, peanut butter and goat cheese raita does not taste like its ingredients would suggest.  There a hints of the above, but the flavor is clean fresh and nicely balanced.  The chili pork phulka looks like a pulled pork taco, but it does not have that heavyness that pulled pork can have.  The texture is crispy, the finish is spicy, and it will leave you wanting for more.

Sweet pickle ribs were perfectly cooked, sweet and served with pickled vegetables.  It is as if an Indian chef married a girl from Nashville and moved to manhattan.  The Crab claws were plentiful, and spiced in a way you have never had before.

The pepper chicken was closer to standard indian fair, but more balanced.  The lamb roomali was superb.  Impossibly thin pancakes served with a choice of chutneys, and sublimely cooked lamb.  Be forewarned, it looks like a small serving but is very rich,  We had to finish the next day.  

Service and ambiance were also excellent, and perfectly complimented the great food.",False,0,1,0,Scott M.,en,"{'neg': 0.064, 'neu': 0.67, 'pos': 0.266, 'compound': 0.9964}",0.9964,0.266,0.064,0.67,positive
185,2021-07-24 00:36:23+00:00,5,"PLEASE READ!!!

short story: THIS IS THE BEST INDIAN RESTAURANT IN THE WORLD (10/10 would recommend to a stranger)

l o n g  story: When you step inside Indian Accent, one of the first things you see is the decoration. The decoration is DEFINITELY next level! It looks pretty and very mind-friendly. The tables looked sparklingly clean and the servers were friendly and helpful. 

I arrived at the place early, so they offered us a table so we could wait for them to get ready to place orders. One thing I liked is that while we were waiting is that a server politely asked if we wanted water while we waited. We accepted and quickly got water and the glasses looked sanitary! 

When we placed the order, we got to know that THE FOOD COMES IN SMALL PORTIONS. 

Their food was EXTREMELY good, however my favorite foods on the menu were the Tawa Paneer (w/ rumali roti), the Butter Chicken Kulcha, and the Saag Paneer Kulcha. My favorite dessert was ABSOLUTELY the Doda Barfi. It was just perfect, like, you cannot change my mind. I am not joking, it was so good I fell asleep 

All in all, This is my favorite restaurant of all time. 10/10 would recommend to a stranger. One thing I REAAAALLLYY appreciate about Indian Accent is that it's not like your conventional Indian Restaurant that you could find anywhere. Their foods were very experimental, peculiar, and strong (IN A GOOD WAY!!!!!!!!!!). This restaurant is one of the prime reasons I like New York. 

Big props to the chefs btw. 

CONCLUSION: Eat here before you die 

    Off-topic-comment-if-you-made-it-this-far:

    Subscribe to this - https://bit.ly/gsmashaa . I    have high hopes for this little kid  please spread your positivity (I found this channel by surfing the internet btw lol)",False,3,1,0,Atharv G.,en,"{'neg': 0.04, 'neu': 0.71, 'pos': 0.25, 'compound': 0.997}",0.997,0.25,0.04,0.71,positive
184,2021-07-27 18:53:21+00:00,5,"One of my Indian friends recommended this place to me, saying it's his ""favorite Indian restaurant in the world outside India"" - I can see why.

All the starters were exquisite and flavor was carefully balanced. 

The complimentary pumpkin soup might have been my favorite of the meal. It comes in a little stone cup that keeps it warm, and it was deliciously (but not overly) creamy and spiced just right.

Other highlights: the assam pork dumplings were fragrant, the crab claws and chicken khulcha were satisfying (though the khulcha was on the tougher side), and the treacle tart was very decadent. Would definitely come back.

Pro tip: make your reservation for outdoors so you don't have to get the prix fixe. I would skip the entrees (nothing special) and order a bunch of everything else!",False,2,0,1,Catheryn L.,en,"{'neg': 0.009, 'neu': 0.802, 'pos': 0.189, 'compound': 0.9743}",0.9743,0.189,0.009,0.802,positive
183,2021-08-10 02:43:41+00:00,5,Love this place their dodha barfi was the show stopper  definitely making a visit very soon for another extensive review,False,1,0,1,Kritika C.,en,"{'neg': 0.0, 'neu': 0.711, 'pos': 0.289, 'compound': 0.7845}",0.7845,0.289,0.0,0.711,positive
182,2021-08-17 01:25:49+00:00,2,"Disclaimer- I did not actually eat here. But I did have an undesirable experience attempting to. 

It was a hot and rainy Wednesday night. I had looked at reservations that afternoon but all they had was a 5:30. Based on a review I read it seemed like a pretty big place so we thought we would just try to walk in knowing the risk. This review is not because they couldn't seat us but with how the host spoke to me. The woman called me sweetheart or hunny in a very condescending way more than once and made some comment about how ""you should always get reservations when in New York"". It was weird and patronizing. I live here and it was a Wednesday night. All you need to say in that situation was sorry we are completely booked and not taking walk ins tonight. Just rubbed me the wrong way, don't call strangers sweetheart.",False,9,1,1,Alice D.,en,"{'neg': 0.175, 'neu': 0.72, 'pos': 0.105, 'compound': -0.9311}",-0.9311,0.105,0.175,0.72,negative
181,2021-08-20 22:28:46+00:00,5,"AMAZING FOOD!!! Go here for your anniversary, birthday, graduation, etc. because it's pricey but amazing. Try the ribs and any of the desserts",False,0,0,0,S G.,en,"{'neg': 0.08, 'neu': 0.638, 'pos': 0.282, 'compound': 0.8096}",0.8096,0.282,0.08,0.638,positive
180,2021-09-10 17:14:17+00:00,5,Very Good Indian restaurant in NYC. Smell very good inside feel like you not in Indian restaurant and all foods We are order is excellent For sure we will go  back there again.,False,0,0,0,Sam S.,en,"{'neg': 0.0, 'neu': 0.653, 'pos': 0.347, 'compound': 0.9311}",0.9311,0.347,0.0,0.653,positive
179,2021-09-15 20:30:41+00:00,5,"WOW! This place lives up to the hype. 

Came here for dinner on Tuesday, and reservations (apparently) are not easy to come by. 

Food (5/5): The food was excellent and ranks in my top picks for Indian food in NYC. My girlfriend and I picked the 3 course menu and it was PLENTY to keep us full. I disagree with other reviews claiming the portions are small... I found it to be more than enough and left feeling a bit too full. Here is what we got in order of how tasty it was:
Tandoori Salmon: Cooked perfectly and beautifully spiced. Peas were a nice touch
Chicken: Spicy! and delicious. Came with green beans which were a nice accompaniment 
Soy Keema: very flavorful and comes in a cute clay pot. Was spicy
Desserts were also amazing. We got the malai and the doda which were both delicious. The doda especially! It had a great scoop of vanilla ice cream on top

Service (5/5): The wait staff and host are trained wonderfully. They were incredibly attentive and helpful. Sometime during the meal we realized we couldn't complete our 4-courses (which we ordered initially) and asked if we could switch to 3. They were more than willing to help and were able to make the switch, no fuss about it. I've been to Michelin star restaurants with service much worse than this. 

Ambiance (5/5): What can i say, it's a beautiful interior with various sections to dine. I love the subtle decor and the clean vibes. Great if you're looking for an upscale, but not stuffy, place for a date 

Overall, I would highly recommend this place and I will be back to try the rest of the menu :)",False,0,1,1,Saddmun A.,en,"{'neg': 0.035, 'neu': 0.738, 'pos': 0.227, 'compound': 0.9952}",0.9952,0.227,0.035,0.738,positive
178,2021-09-17 02:07:55+00:00,1,"Giving 1 star because couldn't give 0!

Had a birthday in the group. They only just got a candle for us.
No special cocktails. The ones we ordered were especially bad.
Makhan malai dessert - it's just whipped cream!
Mains course ghee roast dosa - no taste at all

Daal was ok. Probably the only thing worth eating.
Service soooo sooooo bad!!",False,0,1,0,Garima G.,en,"{'neg': 0.274, 'neu': 0.635, 'pos': 0.091, 'compound': -0.9528}",-0.9528,0.091,0.274,0.635,negative
177,2021-09-30 05:53:43+00:00,5,"If  you're anything like me - you won't be exactly sure what you're ordering, but you're hoping it's good once it hits the table. 

Have no fear, they are all eater friendly for those who may be fearful of the exotic. The options pulled from traditional Indian dishes with a modern (and western) twist - so I assure your taste buds will be pleased. More so, the servers were very educated on the menu. So do not be afraid to ask for pairings and recommendations.",False,2,0,1,Tam N.,en,"{'neg': 0.117, 'neu': 0.635, 'pos': 0.249, 'compound': 0.9481}",0.9481,0.249,0.117,0.635,positive
176,2021-10-25 14:51:42+00:00,5,"Damn good. Can't wait to return

Two choices 3 or 4 course. The balance of flavors is just amazing from a simple potato chili to prawns koliwada.",False,0,0,0,Amit S.,en,"{'neg': 0.084, 'neu': 0.622, 'pos': 0.295, 'compound': 0.7767}",0.7767,0.295,0.084,0.622,positive
175,2021-10-30 14:01:26+00:00,5,"My husband and I made reservations here for 5:30 on a Sunday night, right when they open, thinking it would be an empty restaurant, but right after we were seated, the people came pouring in!! By 6 pm, the place was moderately filled, which I guess is a testament to how absolutely phenomenal the food is. 
We both did the four course option, which came with an accompaniment, and a soft cocktail each.
For the first course, my husband had the Sweet Potato Shakarkandi, and I had the potato sphere chaat. Absolutely. Mind. Blown. I can't say enough about how amazing the textures and flavours were!!!! And the portion sizes were just right! 
Second course, my husband had the soy keema (and they were kind enough to cook the quail egg further than runny because I was pregnant, bonus points for thoughtfulness!! And I had the tofu masala. Admittedly, I had it in my head that the tofu masala wouldn't be as delish bc it's something I've made at home so much, but nope, this one just blew my mind!!!!!
Third/main course, my husband had the pepper chicken, and I had the prawn koliwada, SO GOOD, but honestly we were stuffed by the time the third course came!
Dessert was also really really good but I feel like bc of how stuffed we were we didn't get to enjoy it properly, BUT at no point did the waiters rush us, we were there for 2+ hours and honestly had such a wonderful date night. 
12/10 for food, ambience, and service and would come back again post baby, and I am already so excited!!!",True,0,0,0,Deepika K.,en,"{'neg': 0.025, 'neu': 0.787, 'pos': 0.188, 'compound': 0.9956}",0.9956,0.188,0.025,0.787,positive
174,2021-11-01 20:17:36+00:00,5,"I rank the food 5/5, and the service a 4.5/5. Every dish was well balanced and complete. We  experienced unique flavors and left wanting satisfied yet wanting more. I would 100% return again and again in the future. The price point was accurate for the quality of service and food. If you had any thoughts of making a reservation here, I would just go ahead and book it.",False,0,0,0,Joyce J.,en,"{'neg': 0.0, 'neu': 0.926, 'pos': 0.074, 'compound': 0.5994}",0.5994,0.074,0.0,0.926,positive
173,2021-11-06 17:41:20+00:00,5,"Fabulously inventive menu, great execution, wonderful wine list. This isn't a traditional Indian restaurant. It's an elevated, boutique experience. 

We well be back.",False,0,0,0,Beej D.,en,"{'neg': 0.0, 'neu': 0.651, 'pos': 0.349, 'compound': 0.8797}",0.8797,0.349,0.0,0.651,positive
172,2021-11-07 19:21:45+00:00,5,A different take on traditional Indian dishes. Really enjoyed it. We had the 4 course tasting menu. More than enough food. Actually could of done the 3 course. . Great desserts too!,False,0,0,0,Judy N.,en,"{'neg': 0.0, 'neu': 0.765, 'pos': 0.235, 'compound': 0.8395}",0.8395,0.235,0.0,0.765,positive
171,2021-11-12 15:45:51+00:00,4,"What a great place to have Indian fusion food. Definitely one of the best fine dining Indian restaurant in the City.
We went with 3 course meal and still ended up taking the leftover food.

Complimentary - They started with complimentary pumpkin coconut soup and cheese ball. This soup was just out of the world! We really wanted to ask for one more serving, but we were shy ;)

Appetizer - Who would have imagined red potato chaat would taste sooooo good! Also their tofu shishito pepper was great and filling.

Main course - Loved crispy jackfruit in kerala style curry. Soy boti dish was OK - though loved it's presentation.

Sides - One of the best dal makhani we ever had! Even their stuffed kulchas were great.

Dessert - Makhan malai was amazing! Yes it is like whipped cream, but definitely worth having it. We didn't like meethe chawal at all - the only reason to take off one star - it was a weird combination.",True,0,0,0,Anumeha T.,en,"{'neg': 0.087, 'neu': 0.59, 'pos': 0.323, 'compound': 0.9949}",0.9949,0.323,0.087,0.59,positive
170,2021-11-14 22:45:02+00:00,4,"Good food at a price. The tasting menu is pretty good. The Assamese Pork dumpling was very tasty. The crab claws were well made, but difficult to eat, esp. in the setting. 3 chili potatoes was basically fillings from a masala dosa.
The lamb ghee roast was exquisite - Kosha Mangsho, for those of you know what it is. The appetizers, chutneys, accompaniments were all full of intense flavors.
Overall a fine dinning experience for an occasion.",True,0,0,0,Laltoo B.,en,"{'neg': 0.086, 'neu': 0.749, 'pos': 0.165, 'compound': 0.3811}",0.3811,0.165,0.086,0.749,positive
169,2021-11-18 03:46:58+00:00,4,"Made a reservation for late Friday night as a post-Diwali celebration with some friends who had come to town. We were seated promptly and our servers were all extremely nice. We took our time ordering our four courses, but never felt rushed despite the lateness of our meal. We were given a pumpkin soup amuse bouche, which was absolutely delicious, and we hope a larger version is one day available on the menu. For drinks, we ordered the proper copper which was delicious, and the Mughal fortification, among others that were more forgettable.

For appetizers, we ordered the beet and peanut butter tikki, the potato sphere chaat and the Assamese pork dumplings. Of these, the Assamese pork dumplings were far and away the favorite of our table. 

For mid courses we ordered the soy kheema, smoked eggplant bharta cornet, tofu masala, sweet pickle ribs, and crab claws. All of these were delicious but again a clear favorite emerged with the sweet pickle ribs.

For the main course, we ordered the beef tenderloin which was spicy and melted in our mouths. The sides accompanying the meat, which included some sort of sweet biscuit and potatoes was surprisingly bland but the beef made up for it. We also ordered the ghee roast lamb with Rumali roti which was honestly a little bit more gimmicky than flavorful. Finally we also ordered the paper dosa which was decent. For accompaniments we had the black dairy dal with naan and the asparagus poriyal, both of which were delicious.

For desserts we had the makhan malai, doda barfi treacle tart and the meethe chawal. As with previous courses, one order was a clear favorite which was the makhan malai.

Overall a great meal but definitely some dishes were more worth the price than others.",False,0,0,0,Abhishek M.,en,"{'neg': 0.046, 'neu': 0.662, 'pos': 0.292, 'compound': 0.9988}",0.9988,0.292,0.046,0.662,positive
168,2021-11-20 03:37:51+00:00,5,"Indian Accent just became my favorite Indian food experience in America. The food was 10/10; it was all so flavorful and unique, there wasn't one thing that I wouldn't want to eat again. I especially enjoyed the crab claws appetizer and the prawn entree. 

What sets this place apart, however, is the phenomenal service. If you get a chance, be sure to have dinner at the bar, as James the bartender is beyond knowledgeable and hospitable. Another bright spot was Suresh, who really went above and beyond to make this experience incredible. Everyone was so friendly and welcoming and I already can't wait to go back.",False,0,0,0,Christina B.,en,"{'neg': 0.01, 'neu': 0.729, 'pos': 0.261, 'compound': 0.9869}",0.9869,0.261,0.01,0.729,positive
167,2021-12-02 03:19:00+00:00,5,"Made a reservation for two people on a Wednesday night without any problem. Despite being filled inside we didn't feel the place was crowded, being seated and served menus immediately.

Decided on the pre fixe menu, which included w choice of three items ($80):
Beef Tenderloin - beautifully cooked, moist.interior and  savory sauce on top
Smoked Eggplant - sweet roasted flavor in a hearty cone
Beer & PB Tikki - rich pb sauce over a hearty veggie disk. Another delicious bite.

Honestly no qualms at all - good service, wonderful.wine list, amazing food. Assuredly expensive but worth the visit at least once.",False,0,0,0,Shaji K.,en,"{'neg': 0.052, 'neu': 0.701, 'pos': 0.247, 'compound': 0.9551}",0.9551,0.247,0.052,0.701,positive
166,2021-12-04 14:31:41+00:00,5,"I have been to many Indian restaurants in the city, but I have to say that for upscale Indian food this is the best the city has to offer. From the drinks, food, service and ambiance, I would give them all 5/5.

I came here for my birthday last night with my girlfriend. The first thing I noticed as soon as I walked in through the door is the decor. It was very chic and modern. Since my date was running a bit late I had a Macallan neat by the bar. This is when I noticed that the staff was excellent. The bartender was very nice and engaged me in a nice conversation about pocket squares. That really started my night off well due to his friendliness.

When my girlfriend finally arrived, we got a excellent table for two towards the back right corner. It was very well lit and had the pleasure of being served by Madak (please excuse my spelling). He was very nice and gave us great recommendations as it came tot the tasting menu. His service was definitely a 5/5. I ordered a dirty martini to start while my girlfriend had the proper copper. My drink was tasty as always and my girlfriend thoroughly enjoyed her drink. Overall another 5/5.

Before we ordered they served us a pumpkin soup and a mini stuffed naan with cheese which was delicious. It was a great way to get our appetites up and was really tasty (5/5). My girlfriend and I both did the four course tasting menu. I had the potato sphere chaat, white pea mash for the appetizer and it was absolutely delicious (5/5). My girlfriend had the beet and peanut butter tikki, goat cheese raita which was even better than mine (6/5) if that was even possible. For our midcourse, I had the tofu masala, shishito peppers (4.5/5) and my girlfriend got the smoked eggplant bharta cornet, goat cheese mousse which was even bette than mine again (5/5).  For the main course I got the paper roast dosa, wild mushrooms, water chestnuts, gunpowder (4.5/5) with the accompaniments of saag paneer kulcha, chilli butter (5/5). The kulcha was absolutely delicious, but my girlfriend's main course once again outshined mine. She got the crispy jackfruit, cauliflower rice, kerala pumpkin curry, which was amazing (5/5), with the black dairy dal with naan (5/5). 

When it came to our final dessert course, I had the doda barfi treacle tart, vanilla bean ice cream which was excellent once again (5/5). My girlfriend had the
kheer, crispy seviyan, coconut and jaggery ice cream (4.5/5). For once I thought my dish was better. I finished it off with a espresso and sambuca which I believe the manager brought over and I had nice chat with.

Overall a (5/5). This restaurant takes Indian dishes and adds a flair and uniqueness to it. I have had a lot of Indian food and some of these flavors I have never had in my life. I highly recommend it that you give it a try.",False,0,0,0,Howie M.,en,"{'neg': 0.016, 'neu': 0.717, 'pos': 0.266, 'compound': 0.9995}",0.9995,0.266,0.016,0.717,positive
165,2021-12-05 21:38:01+00:00,5,"When it comes to Saturday evening, it should be happening and foodilicious. This upscale Indian restaurant in Manhattan has the all the flavors you want to try. Perfect ambience, good food and excellent cocktails. The bartenders know what you want to drink and make the perfect cocktails. Food menu was limited but whatever you order is perfectly cooked and delicious. Hospitality is amazing and friendly. Thank you for that. Looking forward to visit again soon.",False,1,0,0,Amey P.,en,"{'neg': 0.014, 'neu': 0.597, 'pos': 0.389, 'compound': 0.9915}",0.9915,0.389,0.014,0.597,positive
164,2021-12-07 20:14:24+00:00,5,"Food was amazing, the ambience was to the point! We visited with our friends and got a table reserved for 6. We had a great time! The servers were polite and walked each of us through every dish served. 
The coconut pumpkin shorba was absolutely yum! My absolute favorite was the ""Makhan malai"" - I've never had it in India but I'm sure it doesn't get better. 

We will definitely get back once the tasting menu changes.",False,0,0,0,Ankana B.,en,"{'neg': 0.035, 'neu': 0.748, 'pos': 0.217, 'compound': 0.9333}",0.9333,0.217,0.035,0.748,positive
163,2021-12-09 23:14:36+00:00,5,OMG $$ but so good! Flavors feel like home. Upscale/fine dining. Nice spot for date night,False,0,0,0,Padlu P.,en,"{'neg': 0.0, 'neu': 0.513, 'pos': 0.487, 'compound': 0.9239}",0.9239,0.487,0.0,0.513,positive
162,2021-12-15 04:30:07+00:00,5,"This was such an incredible culinary experience. We love Indian food, and this restaurant blew us away with the ambiance, service, and most importantly cuisine. It's a 3 or 4 course meal per person, so we elected to go with the 3 courses each. We thought we would walk away hungry, however that was not the case although portions deceivingly appear smaller. The dessert makkan malai was the clear cut winner. If we could order that to go we could come back frequently for it.",True,2,0,1,Iman E.,en,"{'neg': 0.023, 'neu': 0.832, 'pos': 0.145, 'compound': 0.902}",0.902,0.145,0.023,0.832,positive
161,2021-12-16 19:42:36+00:00,3,"To start off, the aesthetic of the food & setting of Indian Accent is phenomenal. Each dish was actually beautifully presented + this is a solid fine dining establishment. The restaurant requires you to do the 3/4 course tasting menu, which allowed us to try a few different things on the menu and see the varied presentation. However, when it comes to the actual quality of the food, the restaurant feels lacking. The starter deconstructed samosa I ordered was just so average - while it looked pretty, nothing super interesting food-wise (just smothered in sauce). The Soy Keema was a small portion for a mid-course and nothing too much to note. The Butter Pao alongside were cute, but pretty small + flavorless. The Crispy Jackfruit main was the star of the meal (with their kulchas as an accompaniment, which were great). I didn't actually remember that it was made of jackfruit because that flavor was so subtle, which I can appreciate. My biggest gripe with Indian Accent is that, while their food is solid & presentation is quite good, it did not feel worth the $80 for the tasting menu. With so many other Indian restaurants in the city that are more affordable and taste much better, I would avoid coming here again.",True,1,0,0,Hari K.,en,"{'neg': 0.135, 'neu': 0.717, 'pos': 0.149, 'compound': 0.5415}",0.5415,0.149,0.135,0.717,positive
160,2021-12-24 01:25:46+00:00,5,"Indian Accent is the pinnacle of Indian restaurants.  I've tried Indian food in different restaurants in the world and none of them would compare to Indian Accent.  
The restaurant has a tasting menu and it's on the pricier side but it's definitely worth.  
  We came here and ordered 2 six entree course meals, everything we ordered was delicious.  Their presentation of the food was amazing too.  However don't leave this place without having the Makhan Malai dessert.  This is an absolute MUST.",True,0,0,1,Hani A.,en,"{'neg': 0.0, 'neu': 0.771, 'pos': 0.229, 'compound': 0.9759}",0.9759,0.229,0.0,0.771,positive
159,2021-12-26 21:03:33+00:00,1,Not a good restaurant. They'll try to overcharge you if they think you're an out of towner otherwise food is average nothing special.,False,0,1,0,Tony D.,en,"{'neg': 0.287, 'neu': 0.713, 'pos': 0.0, 'compound': -0.7693}",-0.7693,0.0,0.287,0.713,negative
158,2021-12-27 01:20:12+00:00,1,"This place gets one star from me. An incredibly bland, supremely underwhelming meal. The only Indian accents in this restaurant are the Indian accents of some of the customers. I feel sorry for the crab that lost its life for my overpriced meal. It was an unforgettable experience, in that I will never forget how disappointed I was. One star for the ambience, do not come here, the bodega next door will have better Indian food for 1/10 of the price.",False,1,3,1,Jonathan A.,en,"{'neg': 0.195, 'neu': 0.681, 'pos': 0.123, 'compound': -0.8501}",-0.8501,0.123,0.195,0.681,negative
157,2021-12-30 20:50:20+00:00,5,"This is one of the best Indian restaurant in New York serving outstanding food and great service.

I definitely recommend doing prior reservations. They have prix fixe menu which offers 3 or 4 course meal with one accompaniment 

Ambience: This restaurant has warm and cozy vibe.

They welcome you with pumpkin soup and cheese naan. The soup is so great and hearty. Loved it. It definitely sets the palate for the further courses. 

Drinks: opted for soft cocktail named mudra punch . It's rose sharbat with almond milk and coconut . It's absolutely superb. Extremely refreshing. 

Appetizer: I opted forward beet peanut  tikki . It was appetizing and beautifully plated.

Mains: opted for prawns koliwada. It was one best prawn koliwada I have ever had outside Mumbai. 
 It's spicy , tangy and so flavorful. Fried shrimps taste really delicious.

Accompaniment: butter chicken kulcha is delicious and such a unique dish. Liked it a lot.

Dessert: Makhan Malai is just outstanding. I strongly recommend it. Don't miss it. It's creamy but light , not too sweet. It's  beautiful presented with almonds and rose petals.",False,0,0,0,Ketki P.,en,"{'neg': 0.015, 'neu': 0.693, 'pos': 0.291, 'compound': 0.9938}",0.9938,0.291,0.015,0.693,positive
156,2022-01-09 07:37:55+00:00,5,"Before we get to my commentary on the food (arguably the most important element), I'll first discuss the other facets of our experience (all positive) - service level and attention to detail, lack of noise, comfort level and drinks.

Service level and attention to detail 
Service was rather expeditious. Our table was ready as soon as we arrived. Waiters were attentive, i.e. filling water quickly and asking how our meal was every 10-15 minutes. Food was brought out at a relatively quick rate and the presentation of food was phenomenal. Though admittedly, at a fine dining establishment of this caliber, this level of impeccable service is expected.

Noise level and crowd
Tables were well spaced out. Noise/background chatter was minimal. On par with Junoon/Tamarind and quite a contrast from the newly opened Sona (see my review on Sona). Crowd was chic and everyone was relatively well dressed.

Chairs and table
Very comfortable. At many restaurants, unless you have a booth, the seating comfort level is questionable (again, see my review of Sona) but at Indian Accent the chairs were plush and roomy. Our table for two was also relatively large, a huge plus when you have multiple drinks and several dishes simultaneously on the table.

Drinks
My wife just had a coke but I had the Mughal Fortification and Smoke and Spice. The Mughal is a bit sweet, but if you are a fan of peaty whiskeys (Ardbeg, Laphroaig, etc.) like me, the Smoke and Spice is phenomenal. Def recommended. 

Now on to the primary attraction of the evening. 

Food
First, you have to choose from either the 3 or 4 course menu. However, unlike many restaurants where you can't deviate away from ordering one item per category, here you can mix and match. This flexibility is great. Between my wife and me, we ordered one 3-course and one 4-course, and chose to forego dessert (neither one of us is a huge fan of ordering desserts at restaurants - we prefer to eat ice cream or cookies at home) in favor of additional main courses. Note that you also get one accompaniment per person.

What we ordered
Appetizers - sphere chaat and pork dumplings.
Mid-courses - sweet pickle ribs and crab claws.
Entrees - pepper chicken, prawn koliwada and ghee roast lamb.
Accompaniments - saag paneer kulcha and butter chicken kulcha.

Amuse-Bouche - pumpkin coconut soup served with a mini cheese naan. The soup was out of this world. Hot and spicy. Absolute heaven. Granted, a small shot-glass sized portion. Wish I could order as an appetizer.

Sphere chaat - small portion yet delicious. We both enjoy chaat in general and this dish did not disappoint.

Pork dumplings - my wife wanted this and loved it. I found the broth to be fantastic but something about the dumplings (think it was cardamom?) turned me off.

Ribs - flavorful, moist and falls right off the bone. Melts in your mouth. Def recommended.

Crab claws - my wife isn't a huge seafood fan like me, but I loved them. As often is the case with ordering crab at a non-seafood fine dining establishment, you don't get a ton of meat, but the little meat provided within the 4 small claws was delicious. As a cauliflower fan, I found the reasonable amount of well seasoned cauliflower in the dish to be a great touch.

Pepper chicken - well seasoned and very spicy. Personally, I loved it though my wife did not. If you are a huge black pepper fan like me, this dish is a win. However, if you are opposed to a heavy dose of black pepper, avoid at all costs. To each their own :) 

Prawn koliwada - the shrimp was beyond delicious. However, the pulao (rice) was just ok. Def recommended if you are a huge shrimp fan like me. Only questionable element pertains to the fact that there was a giant heap of caviar/fish eggs on top of the prawns. If you love caviar, fantastic. However, if you don't, could be a major drawback, granted you can easily push aside the caviar.

Lamb - the shining star of the evening. I saved the best for last. This dish comes with several roti pancakes and a few chutneys. The shredded lamb is rich, flavorful, tender and spicy. Essentially, the idea is to create mini tacos/fajitas with each roti. A must have!

Kulchas - the saag paneer kulcha was decent but the butter chicken kulcha was fantastic. More filling than your standard kulcha but well worth it.

The amount of food we ordered was beyond substantive and filling. We def didn't finish everything, but that's primarily because (as always) we ordered too much!

Overall, a memorable experience. Highly recommended.",False,0,0,0,Aalok M.,en,"{'neg': 0.049, 'neu': 0.685, 'pos': 0.266, 'compound': 0.9997}",0.9997,0.266,0.049,0.685,positive
155,2022-01-15 06:09:25+00:00,4,"Modern Indian deliciousness.

*Blue Cheese Nann comp- simply could be my favorite just because I love blue cheese!

*Pork Dumpling- ordered because all the hooray on Yelp. Unsure what's the hype about it. Felt like regular dumpling with more perfume scent within.

*Potato Chaat- pretty good.

*Tofu Masala- little slimy and more of sweet and sourt Thai sauce in my opinion. Not bad.

*Pickled Rib- very delicious but doesn't feel Indian.

*Pepper Chicken- delish and love the coconut sauce.

*Lamb- pretty good but wasn't sure if the 4 sauce came with it were really thought out.

*Mushroom Truffle Kulcha- pretty good and prob needed the carb to fill a bit.

*Butter Chicken Kulcha- yummy too but had this pita feeling.

*Makhan Malai- first time trying this, like Indian cream. Tried to enjoy it.

Overall was quite nice experience.!",True,2,0,1,Emi B.,en,"{'neg': 0.064, 'neu': 0.56, 'pos': 0.376, 'compound': 0.9956}",0.9956,0.376,0.064,0.56,positive
154,2022-01-27 14:23:45+00:00,5,"Indian Accent is one of my favorite Indian places to come to in the city. While it's definitely expensive (arguably overpriced), if you're less price conscious and just looking for good and interesting Indian food this is a great option. My major gripe is the menu doesn't really change over time so there's not a lot of value in coming back

**Unless you have a very large appetite the 3 course option should satisfy you.

Food 5/5: Indian accent is a fairly unique restaurant in that they take what's usually homey and traditional (Indian food) and add interesting almost shocking flavors (good example is the blue cheese naan they give in the beginning). Some of their dishes are genuinely wonderful and all of them stand up well. I'd make it a point to get the tikkis, the mushroom kulcha, the dal, and the saag main.

Service and ambience 4/5: Service is prompt and attentive but at this level, nothing particularly special. The restaurant is spacious and comfy.",False,0,0,1,Anant G.,en,"{'neg': 0.051, 'neu': 0.792, 'pos': 0.157, 'compound': 0.9461}",0.9461,0.157,0.051,0.792,positive
153,2022-02-02 17:20:39+00:00,5,"In simple words Amazing. I'm always apprehensive to have Indian food at a restaurant, lest I get disappointed. Everything here was delicious.
I did the 3 course meal
Drinks:
Smoke and spice
Green chilli sour
Appetizer: pork dumplings
Mid course: ribs
Mains: ghee roast lamb
Accompaniment: wild mushroom kulcha

The quantities were deceptively large and I could barely walk at the end of the meal. The ghee roast was out of this world and the chutneys were simply amazing. This is definitely a place I'm coming many more times",False,0,0,0,Dexter V.,en,"{'neg': 0.063, 'neu': 0.765, 'pos': 0.172, 'compound': 0.9186}",0.9186,0.172,0.063,0.765,positive
152,2022-02-14 19:47:09+00:00,5,"I was in London in 2018 and really wanted to try this place, but we had to cancel our reservations due to the Tube being shutdown and our American phones not being able to hail a Lyft or Uber.  So, I was ecstatic to be able to rectify this at their NYC location.

This place has all of the trappings of a high end restaurant:  great service, creative and well crafted cocktail program, attention to detail.   Our server was great, explained how their menu worked and offered some suggestions.   Everything we had here was a creative take on Indian cuisine that really challenged our notions of what Indian food can be.  Cocktails were well balanced.   The wine list was well suited.   Great selection of teas.   The highlight of the meal was the pickled ribs which where perfectly seasoned and more tender than the kisses of a puppy.   Plus the flow of the meal was so well timed.   We had 4 courses and everything came out like clockwork: not too fast and not too slow.   I believe we were out of there in about 90 minutes and we were not rushed.   Great service execution.

All in all, the great service and great food will have me coming back for more.   Definitely recommend.",True,0,0,0,James R.,en,"{'neg': 0.016, 'neu': 0.627, 'pos': 0.357, 'compound': 0.9986}",0.9986,0.357,0.016,0.627,positive
151,2022-02-15 01:18:27+00:00,5,"We've been regulars here since Indian Accent opened up in New York. Consistently a good experience. the food remains top notch! I sorely miss the paneer w/ roomali roti main and their delivery service but the shakarkandi chaat, ghee roast and dodha barfi will keep bringing me back.

The service is always pleasant, with servers who know the dishes inside out. 

Highly recommend!",False,0,0,0,Shruti C.,en,"{'neg': 0.018, 'neu': 0.795, 'pos': 0.186, 'compound': 0.9157}",0.9157,0.186,0.018,0.795,positive
150,2022-02-27 15:39:31+00:00,5,"Fantastic food! From the moment you walk in, you are treated with excellence. The ambiance is impeccable and the service is superb. We got the 4 course meal and each dish we got was excellent. A great mix of rich Indian flavors and creative presentation. The cocktails are also uniquely made. I will definitely be back again! 

-Sweet Potato Shakarkandi, Kohlrabi, Crispy Okra
-Tofu Masala, Shishito Peppers
-Soy Keema, Quail Egg, Lime Leaf Pao
-jackfruit Phulka 
-Pepper Chicken, Kerala Vegetable Stew
-paper roast dosa, wild mushrooms, water chestnuts, gunpowder
-butter chicken kulcha, sundried fenugreek
-makhan malai, saffron milk, rose petal jaggery brittle, almonds
-doda barfi treacle tart, vanilla bean ice cream",False,0,0,0,Hiran P.,en,"{'neg': 0.0, 'neu': 0.729, 'pos': 0.271, 'compound': 0.9894}",0.9894,0.271,0.0,0.729,positive
149,2022-03-03 02:09:56+00:00,5,"Amazing modern Indian food! They take traditional Indian food and make it very unique in presentation and flavor. From the moment you walk  in the ambiance is great. The service is phenomenal. It's expensive, but it's a great place to come to celebrate special occasions. I highly recommend this restaurant.",False,0,0,0,Varun A.,en,"{'neg': 0.044, 'neu': 0.585, 'pos': 0.371, 'compound': 0.9732}",0.9732,0.371,0.044,0.585,positive
148,2022-03-10 01:57:58+00:00,4,Worth the experience once for a special occasion! With so many Indian restaurants in NYC it can sometimes be hard to stand out but through some innovative dishes - Indian Accent does!,False,0,0,0,Sajni S.,en,"{'neg': 0.034, 'neu': 0.744, 'pos': 0.221, 'compound': 0.7604}",0.7604,0.221,0.034,0.744,positive
147,2022-03-10 19:15:52+00:00,5,"One word - WOW! 
We came here for my birthday and had a wonderful experience. Indian accent offers a pre fixe menu from which you can choose a 3 course or 4 course. I went with the 4 course and my husband chose the 3 course so we can share the dessert.
For the appetizers we got the potato sphere chat and Assamese pork dumplings and both were great.
For the mid course we got the crab claws and sweet pickle ribs and both were equally good.
For the mains we got the prawn koliwada and lamb ghee roast, the lamb ghee roast was the clear winner and totally worth the additional 10$. If needed they will always switch the Romali roti with a gluten free sub.
For the accompaniments we got the butter chicken kulcha and three chilli potato, the kulcha was the clear winner again.
For dessert we got the Makhan malai and that was such a treat to wrap up the meal.
Overall for the price range it was such a treat.. they treat you like royalty and the food matches the service.",True,3,1,4,Anusha V.,en,"{'neg': 0.006, 'neu': 0.765, 'pos': 0.229, 'compound': 0.9927}",0.9927,0.229,0.006,0.765,positive
146,2022-03-20 01:00:18+00:00,5,"Innovative approach to Indian food . Everything was exceptional. Food, drinks and service.",False,0,0,0,Deepthi S.,en,"{'neg': 0.0, 'neu': 0.791, 'pos': 0.209, 'compound': 0.4404}",0.4404,0.209,0.0,0.791,positive
145,2022-03-28 21:20:32+00:00,5,Best Indian food in midtown. No question. The flavors in every dish are brilliant. It is expensive but worth it!,False,0,0,0,Leah J.,en,"{'neg': 0.169, 'neu': 0.551, 'pos': 0.281, 'compound': 0.4664}",0.4664,0.281,0.169,0.551,positive
144,2022-04-20 01:14:32+00:00,3,"Unfortunately not impressed and I'm surprised by my mediocre experience after reading these 5 star reviews.

Service: the man who took our order seemed as if we were inconveniencing him with every question. It was 8:00, so not even close to closing time. Once we ordered, food arrived at a painfully slow pace, making our total meal 3 hours long.

Food: chewy stale naan, bland courses. Best part was the dessert (makhan malai!) we were very impressed with it!

Ambiance: nice classy decor makes you feel like you're at an elite restaurant.

Overall, seems overhyped and the service left much to be desired.",False,2,0,0,Lori S.,en,"{'neg': 0.275, 'neu': 0.607, 'pos': 0.118, 'compound': -0.9769}",-0.9769,0.118,0.275,0.607,negative
143,2022-05-17 03:49:52+00:00,5,"Absolutely amazing dinner and service! We made a 9PM reservation and was one of the last tables of the night, but our waiters were so kind and attentive, treating us as though we were one of the first. 

And of course, the food! The food was on par with the service and we thoroughly enjoyed everything we ordered. The menu is creative and flavorful. I found myself surprised (in the best way!) at how innovative each dish was and how the different spices combined together. 

We ordered quite a bit because we wanted to try as many thing as possible, so we went with more of the small dishes and appetizers: 
- sweet potato shakarkandi
- assamese pork dumplings
- tofu masala
- sweet pickle ribs
- prawns
- tandoori salmon
- butter chicken kulcha
- garlic naan
- three chilli potato
- kheer

If you love Indian food, you'll definitely enjoy dining here - and if you don't love Indian food, I would highly recommend that you give Indian Accent a try because it might just change your mind.",False,1,0,0,Iris S.,en,"{'neg': 0.032, 'neu': 0.639, 'pos': 0.329, 'compound': 0.9974}",0.9974,0.329,0.032,0.639,positive
142,2022-05-17 15:27:33+00:00,3,"A few hits and misses, overall good experience, but not worth the price tag. 

We stopped by since our hotel was the adjacent Thompson, made a reservation a few weeks in advance. Seated promptly. Clean, modern interior. The staff was solid and attentive all night, but nothing remarkable. 

I enjoyed my Proper Copper cocktail, as I'm a big fan of mules. We each got the 4 course meal, with differing dishes to sample as many plates as possible. The sweet pickle ribs were good, perhaps the standout. The worst thing I had was the fried prawn main dish, as the curry just tasted bland. Seasoned but not tasty if that makes sense. Most other things fell somewhere in between. Spice level is moderate for most dishes, it never got a point of pain. Even the desserts were just OK. 

Coming in at $125 per person after everything, I expected much better. You can see why they're on the Michelin guide, but do not have a star designation. I'd rather go to more casual Indian places that are bursting with flavor without busting the budget.",True,1,0,0,Kaung S.,en,"{'neg': 0.213, 'neu': 0.633, 'pos': 0.155, 'compound': -0.9643}",-0.9643,0.155,0.213,0.633,negative
141,2022-05-27 03:50:05+00:00,5,"Food is amazing and service is amazing. This may be my favorite restaurant of all time. I would say it is worth the price - I am a vegetarian.

It feels like a world class experience which is one of the reasons why I adore dining with Indian Accent.",False,0,0,0,S P.,en,"{'neg': 0.0, 'neu': 0.665, 'pos': 0.335, 'compound': 0.9559}",0.9559,0.335,0.0,0.665,positive
140,2022-05-29 23:26:51+00:00,4,"I was here a good long while back with two others, long enough that I don't remember what everyone else had. My photos appear from October 2021 and I presume it was from around then but it could be earlier. The food here is pricey but good. We had the 3 course option which comes with one side dish. For a drink, I went with the Mudra Punch which consisted of, Rose Sharbat , Almond Milk, and Toasted Coconut. This was alright. A bit unbalanced and small for the ingredients list but fine.

The amuse bouche consisted of pumpkin and coconut shorba as well as a blue cheese naan. The pumpkin and coconut shorba was fantastic. Not overly sweet and I would have loved a large portion of this as my appetizer. The blue cheese naan had very strong cheese flavor as expected. A bit unbalanced but it helped with the palate.

My appetizer was the sweet pickled pork ribs with sun-dried mango and onion seeds. It felt odd ordering pork in an Indian spot but it appeared to be the popular appetizer here. This was excellent though it didn't exactly remind me much of Indian food. Perhaps a more sour mango chutney on the side would help with the sweetness or something. Still very good. Another person had the crab claws which were quite tasty and I believe the last person had the chaat which I don't remember trying. 

My main course was the fried soft shell crab Koliwada with Malvani dried shrimp pulao. The crab had a nice light fry and the portion size was adequate. There was a bit of caviar on top for extra flavor and crunch. The dried shrimp pulao, or sode bhaat, had a strong fishy flavor and overall the dish had a strong fish flabor but this was all to be expected with the dish. I would recommend it. Another person had the ghee roast lamb which was a $10 supplement and this was the other strongest dish. Very tasty roti with it. Another person I believe had the chicken.

I believe the accompaniments were the butter chicken kulcha with sundried fenugreek, the black dairy dal with naan, and the saag paneer. The best of the three by a mile was the dal. Very well flavored with an excellent garlic naan. The kulcha I remember being alright and the latter was perfectly fine.

For dessert, we split all of them. The Makhan Malai consisting of saffron milk, rose petal jaggery brittle, and almonds, had a big presentation but it was lighter flavor than I expected. It was good but I would prefer a stronger rose flavor. The doda barfi treacle tart was a bit hard to cut through but the flavors were nice and  much stronger. The dessert made sense being that their original location is in Britain and it was a fun spin on the usual treacle tart. The kheer with crispy seviyan and coconut/jaggery ice cream topped with fresh fruit. was fine but the weakest of the three. The crispy seviyan was essentially like having fried filo dough like in Turkish spots and it was a fun spin but not as well flavored.

Overall the food is good here. The flavors were a mix of alright to excellent. I'm unsure if it was super worth it for the price but a couple dishes in particular were excellent even if some of them were not particularly Indian in terms of flavors. Good spot. Low 4.

Photos in case they don't attach to the review:

https://www.yelp.com/user_local_photos?select=wIpxRpC5tWoO1jpfhE3M9w&userid=JPH-WOKa6EBMlpBGLIPuiw Mudra Punch

https://www.yelp.com/user_local_photos?select=EDMTWmWKmAUufp7_Poudsg&userid=JPH-WOKa6EBMlpBGLIPuiw Pumpkin and coconut shorba 

https://www.yelp.com/user_local_photos?select=VfjD7yl6FbeHQb07H2D1mQ&userid=JPH-WOKa6EBMlpBGLIPuiw Blue cheese naan

https://www.yelp.com/user_local_photos?select=Anzh96v7Vy3wOgNwVWHgFg&userid=JPH-WOKa6EBMlpBGLIPuiw Naan and daal

https://www.yelp.com/user_local_photos?select=5Rv-BPD42R4o7L7GXwbkwQ&userid=JPH-WOKa6EBMlpBGLIPuiw Ribs

https://www.yelp.com/user_local_photos?select=PKB7cXl3RvGNmpLmp03q3A&userid=JPH-WOKa6EBMlpBGLIPuiw Crab Koliwada

https://www.yelp.com/user_local_photos?select=lUiisUwNdUEgeBa-vWNx1g&userid=JPH-WOKa6EBMlpBGLIPuiw Makhan Malai

https://www.yelp.com/user_local_photos?select=aao-ZMXuRF5NjkPkUuJWLQ&userid=JPH-WOKa6EBMlpBGLIPuiw Treacle Tart",True,2,0,3,Glenn C.,en,"{'neg': 0.068, 'neu': 0.678, 'pos': 0.254, 'compound': 0.9994}",0.9994,0.254,0.068,0.678,positive
139,2022-06-12 05:59:03+00:00,1,Went here for the first time and was the worst restaurant experience. I am Indian and I know what is good and bad. This restaurant gave me heart burn and bad stomach issues. In one hour and 30 min we only got two  appetizers. And for the main entrance we had to pack it up and take it home bc our car lot where we parked the car was going to close . Food was horrible quality.,False,0,0,0,Tanzy S.,en,"{'neg': 0.266, 'neu': 0.705, 'pos': 0.03, 'compound': -0.9819}",-0.9819,0.03,0.266,0.705,negative
138,2022-06-13 03:24:32+00:00,5,"The food was divine and the service was great.  They were able to seat me a few minutes early, but also accommodate us needing to start 15 minutes late.  They started us off with a pumpkin curry and blue cheese naan amuse bouche.  I really liked how the curry felt on my palate, and that everything was in balance considering we were intended to drink it.  I had the Assamese pork dumplings for my appetizer.  It was a flavorful, savory, and slightly floral dish, that had some similarities to soup dumplings. (but the broth was outside of the dumplings, and flavored differently)  I liked the crunch from the crispy black rice.  Then I had the bharta cornet, which was crispy with a clean, flavorful kick.  I was thinking about how the eggplant texture wasn't discernible to me, maybe because it was chopped into small pieces, but that makes a lot of sense with the goat cheese mousse and the crispy exterior.  Then I had the prawns koliwada, which was nice.  I liked how the cumin came through in the sauce, and the prawns were very crispy, the rice fluffy and aromatic.  The root vegetable saag tart was a great refreshing dish.  My last dish of the night that I ordered was the beef tenderloin dish with the black dairy dal accompaniment.  Here, it was a bit heavy on the starches for me, but I knew what I ordered, and probably should have planned this better.  I ended up not finishing 1 piece of naan bread, but it all tasted very nice and my beef was cooked perfectly.  In the potato and fenugreek cheela, I wonder if I missed the fenugreek because I thought it was spinach.

Then, I forgot that I let them know it was my birthday, and was surprised when they brought out a complimentary birthday dessert!  It took me a second to remember how they knew, and then I remembered the reservation.  That was so thoughtful.  Especially because I mentioned I was considering dessert at the beginning of the meal, but asked which dessert was the least sweet due to needing to regulate sugar levels.  That waiter suggested the makhan malai, which was exactly the dessert they brought out after the meal with a candle and some 24 carat gold flakes.  I had such a wonderful time, and the food was exquisite.",False,2,0,0,Jeff L.,en,"{'neg': 0.037, 'neu': 0.726, 'pos': 0.237, 'compound': 0.9987}",0.9987,0.237,0.037,0.726,positive
137,2022-06-14 03:07:46+00:00,3,"TLDR: Go for the ambience and elevated fare but not for authentic Indian cuisine 

Every dish was beautifully presented and well crafted. Its a properly portioned tasting menu and brings the fine dining aspect to indian food. However, I found some of the items to be on the blander side and found the pairings to be a bit odd. The peanut butter was tasty but didn't mesh with the rest of the bite. The eggplant was under-seasoned and felt more like a lasagna filling. The saving grace however was the lamb main dish and the dessert. The lamb was perfectly cooked and the accompanying kulcha was packed with flavor. The dessert was definitely the most unique and tasty thing they had- it had the lightness of a merengue with the flavor of rose lassi. 

I really struggled between giving this a 3 or 4 star but ultimately decided on a 3 star given the price point of the restaurant.",True,0,1,0,Sai B.,en,"{'neg': 0.055, 'neu': 0.71, 'pos': 0.235, 'compound': 0.9909}",0.9909,0.235,0.055,0.71,positive
136,2022-06-18 12:59:33+00:00,2,"I may visited this restaurant with high expectations. 

good stuff 
1. food presentation was excellent
2. service is excellent
3. nice clean, decor of the restaurant

stuff that I did not like
1. the food I ate almost was not an Indian food
2. the portions were small and Emil handed for presentation. 
3. not a great food selection
4. expensive and not worth the value 
5. Good descriptions were very bad 

friends kept talking about experience so visited. but would not recommend",False,0,0,0,Mak K.,en,"{'neg': 0.184, 'neu': 0.659, 'pos': 0.157, 'compound': -0.397}",-0.397,0.157,0.184,0.659,negative
135,2022-06-30 00:15:43+00:00,5,PSA: I'm 100% Indian and grew up eating the best home-cooked food so I'm very critical when it comes to Indian food lol. This place was an 1000/10. Every single dish was very unique and tasted amazing. The flavors were all on point and the portions were perfect. There's not a lot of creative Indian food out there & I'm super happy to have finally gotten the chance to eat here. Can't wait to visit again!!,False,0,0,0,Zara S.,en,"{'neg': 0.054, 'neu': 0.662, 'pos': 0.284, 'compound': 0.9726}",0.9726,0.284,0.054,0.662,positive
134,2022-07-02 04:47:38+00:00,5,"Everything was Excellent from food to service , everything...
I had a great server couldn't remember the name but two african american girls one of them was a back waiter . They were top notch wiping my table after every course, water refilling without me pouring by myself.
Just remember you cannot order a la carte but its 3-4 course menu but you have a great choices even if you are vegetarian or nv person.

Food came out on time, din't have to wait too long neither for drinks !
Amazing creativity on the food, very impressive !!",False,0,0,0,Mayur S.,en,"{'neg': 0.094, 'neu': 0.688, 'pos': 0.217, 'compound': 0.9256}",0.9256,0.217,0.094,0.688,positive
133,2022-07-17 14:41:18+00:00,5,Very nice experience. I was looking for an elevated Indian restaurant for my husbands bday and this totally fit the bill. Food and service was excellent! Definitely recommend. It's something different from the usual tasting menu experience.,False,0,0,0,Jackie B.,en,"{'neg': 0.0, 'neu': 0.673, 'pos': 0.327, 'compound': 0.9334}",0.9334,0.327,0.0,0.673,positive
132,2022-07-19 01:17:41+00:00,5,"This place is my favorite restaurant in NYC. While it is expensive, it is totally worth it! Their portion sizes are decent for this type of restaurant. I highly recommend splurging and going with the four-course meal. Regardless of what items you pick for this meal, you can't go wrong. My favorites include the pumpkin soup, the beet and peanut butter tikki, the tofu masala, the chicken malai tikka, and the butter chicken kulcha.",False,0,0,0,Harshita B.,en,"{'neg': 0.094, 'neu': 0.751, 'pos': 0.155, 'compound': 0.5193}",0.5193,0.155,0.094,0.751,positive
131,2022-08-06 02:43:54+00:00,5,Amazing and knowledgeable service. Jaquy was an excellent host. All of the food was incredible and a great value.,False,0,0,0,Rohin J.,en,"{'neg': 0.0, 'neu': 0.5, 'pos': 0.5, 'compound': 0.9325}",0.9325,0.5,0.0,0.5,positive
130,2022-08-08 13:23:18+00:00,1,We went to this restaurant with our baby and took an Uber there and it was over $40. We were very hungry and want to new  Indian restaurant. So we get out of our Uber and go to the door to try to open it to get in the restaurant and it's locked. We're a little confused because we looked up the restaurant online and looked at all the yelp reviews and it said it was open. Then a lady comes out and says you're not allowed to eat here. And I'm like excuse me what do you mean. And she said kids under 10 are not allowed to come inside the restaurant. And I was very upset we're starving we just ordered up expensive Uber just to come to this restaurant and she doesn't even let us inside. Not only was it the rule that was very weird is that her attitude was very impolite and very hostile. Her tone of voice was very mean and like she was angry and we did nothing wrong.,False,0,0,0,Raquel G.,en,"{'neg': 0.17, 'neu': 0.779, 'pos': 0.051, 'compound': -0.9823}",-0.9823,0.051,0.17,0.779,negative
129,2022-08-12 02:47:09+00:00,5,"Indian Accent is one of my favorite restaurants anywhere.  Not just in New York.  It's a bit expensive, to be sure, but it is completely worth it.  It's a culinary experience, one which you won't soon forget.  This is not your typical Indian restaurant- it's not fusion in the sense of everything being too new-fangled and unfamiliar and seemingly unnecessary, but the dishes are slightly different than what you'd find in your usual Indian restaurant.  It is obvious that Chef Mehrotra has put a lot of thought and care and creativity into each dish, and it shows.  Everything you taste or sip here will be special, trust me.

I've been here twice with my brother, and both times he has come away saying ""Wow that was the best meal I've had in years!""  And I can't disagree with him. The amouse bouche, the drinks, the appetizers, the main courses, the desserts, even the seemingly innocuous dipping sauces- everything is freaking awesome.

Some of the dishes that have stood out to me over my two visits are the Kerala moilee curry, the spicy crab, the soy keema pav, the sweet potato chaat, the saffron malai dessert, and the coconut jaggery kheer dessert.  But like I said, it's all good.  Come here with an empty stomach and get ready to be wowed.",True,0,0,0,Karthik S.,en,"{'neg': 0.033, 'neu': 0.73, 'pos': 0.236, 'compound': 0.9954}",0.9954,0.236,0.033,0.73,positive
128,2022-08-18 00:46:27+00:00,3,Quality and taste were top notch! But the portions were tiny. Don't think I have ever spent soooo much $$$$ and still left a restaurant hungry. We had to get a pizza after my dinner here,False,0,0,0,Manisha A.,en,"{'neg': 0.152, 'neu': 0.812, 'pos': 0.037, 'compound': -0.75}",-0.75,0.037,0.152,0.812,negative
127,2022-08-19 20:50:04+00:00,5,"I was amazed by the flavors and presentation of all the courses. I did choose to do the 3 course and it was a lot of food! The best was the makhan malai dessert which was super airy and light in texture but packed with so much flavor in every bite. I would highly recommend checking out this restaurant. Reservations are a must! 

Service is top notch as well! Richard was amazing and went above and beyond to be hospitable and welcoming! He gave us great recommendations and helped guide us through the three courses.",True,4,1,4,Tulshi P.,en,"{'neg': 0.0, 'neu': 0.701, 'pos': 0.299, 'compound': 0.9883}",0.9883,0.299,0.0,0.701,positive
126,2022-08-19 22:18:42+00:00,5,Outstanding Indian food true to its flavors. We did the chefs tasting menu and tried a couple of cocktails. Everything was fantastic and great experience with the staff. Place can be a little noisy for a fine dining exp but overall ambiance was great.,False,0,0,0,Sravya S.,en,"{'neg': 0.071, 'neu': 0.646, 'pos': 0.283, 'compound': 0.9038}",0.9038,0.283,0.071,0.646,positive
125,2022-08-26 14:00:57+00:00,4,"Love love love it. Great Indian, with a small twist that they successfully added ! Sometimes dishes can be slightly too spicy, make sure to ask for the food the way you like it.",False,1,0,0,Charli B.,en,"{'neg': 0.075, 'neu': 0.453, 'pos': 0.472, 'compound': 0.9682}",0.9682,0.472,0.075,0.453,positive
124,2022-09-05 17:31:41+00:00,5,"I highly recommend this restaurant. The cuisine is a truly innovative blend of flavors, the presentation is gorgeous, and the service is impeccable. Some of the highlights were the mutton dahi vada, the assamese pork dumplings, the ghee roast lamb, and the asparagus poriyal.  The complimentary pumpkin soup in the tiny earthen beer stein was also a delight. All the dishes were familiar but with intriguing twists that made for a unique and memorable experience.The only caution is the pricing -- the bill is not for the faint of heart so make sure to go for a special occasion! We chose Indian Accent for a college send-off dinner for our daughter, which was a perfect way to mark a life transition.",False,0,0,1,Ajantha S.,en,"{'neg': 0.028, 'neu': 0.781, 'pos': 0.191, 'compound': 0.9653}",0.9653,0.191,0.028,0.781,positive
123,2022-09-24 22:31:12+00:00,1,"Made a reservation to celebrate my wife's birthday along with our 4 year old son. Landed up there to be told that ""we don't seat children under 10 years of age"". Shouldn't this be made clear on the website or the booking app? They pointed to a confirmation email which apparently says this - and its in this small fine print at the bottom of the email. Shouldn't this be made prominent so folks don't have a terrible experience and are left high and dry? They make it clear they require a credit card to make a reservation. So they can make things clear if they want to.
Terrible experience being left without a reservation on Saturday night in NYC.",False,1,0,0,Vikrant K.,en,"{'neg': 0.11, 'neu': 0.738, 'pos': 0.152, 'compound': 0.4145}",0.4145,0.152,0.11,0.738,positive
122,2022-09-26 18:46:03+00:00,5,"There are only a handful of places that can take the traditional dishes and flavors of well established staples and transform them into something new and innovative. I typically don't go for fusion style places, but Indian accent is the real deal. Taking from more Northern influences, the chef manages to combine nostalgia with outside influences. I am a big fan of the prix fixe menu as it enables you to experience a wide array of dishes - each uniquely distinct. Everything I ordered was sensational, only matched by world class service that was attentive and almost militant. Would definitely come back!",False,0,0,0,Vincent N.,en,"{'neg': 0.0, 'neu': 0.847, 'pos': 0.153, 'compound': 0.9459}",0.9459,0.153,0.0,0.847,positive
121,2022-09-30 20:03:34+00:00,4,"This place is quite expensive and is more for a date night or special celebration.  They only offer a tasting menu of either 3 of 4 dishes for dinner.  I got a glass of wine for $20 and it was literally half a glass which I found annoying considering I was paying so much for everything.  My husband and I both got the 4 dish tasting menu.  For my first course, I got the potato chaat which was probably my favorite dish of the evening.  The chutney on it was so flavorful and tangy which made the potato pop.  My mid-course was the smoked eggplant which came in cute little cones which I wasn't expecting.  My husband got the prawns which I really liked.  For our mains, we got chicken malai tikka and tandoori salmon.  The salmon was cooked well though on the creamy side.  I loved my side of butter chicken kulcha, which is basically stuffed bread.  I wasn't a huge fan of the dessert and chose the manhandled malai which was basically like eating air.  It didn't taste like any substance which was odd to me.  It came in a huge bowl.  I wish I had chosen something else and thought it would be more like kulfi.",True,1,0,1,Aarti G.,en,"{'neg': 0.082, 'neu': 0.765, 'pos': 0.153, 'compound': 0.9421}",0.9421,0.153,0.082,0.765,positive
120,2022-10-07 02:19:14+00:00,1,"I've been to many nice and fancy restaurants, i value quality and taste first and foremost, followed by service.  This didn't meet any of those.  This was the worst Indian/fusion food I've ever had.  Service was bad too.  The food was over priced for the quality and quantity you get, and tasting like the way it did I wouldn't want more quantity either.  Gives a bad name to Indian food.  I wouldn't even give it 1 star.",False,0,0,0,Sweta P.,en,"{'neg': 0.218, 'neu': 0.7, 'pos': 0.083, 'compound': -0.9479}",-0.9479,0.083,0.218,0.7,negative
119,2022-10-13 22:54:55+00:00,4,"I came to Indian Accent five years ago on my Birthday and it was outstanding!!. I could not wait to get back and made it back today. A bit of a disappointment. Five years ago, I was treated like a star: the food and service were excellent! ! Today, while the food held up, the service did not. While the Waiters were well meaning, responsive and nice,  the attempt to call my Tito's and Club Martini's ,with a up charge, and not acknowledging my Birthday as they did , 5 years ago, has reduced my rating .  As a native Washingtonian, it was Rasika's fierce competitor.  No more!!",False,0,0,0,Angela J.,en,"{'neg': 0.064, 'neu': 0.781, 'pos': 0.156, 'compound': 0.8535}",0.8535,0.156,0.064,0.781,positive
118,2022-10-15 17:08:18+00:00,5,"Indian accent far exceeded all my expectations...and if I could give more stars I would. 
This was one top notch restaurant truly on top of their game .
Stellar service from the minute we walked til we left. Pristine inside, minimalist decor, but just enough. Nice sleek bar area. 
I've heard nothing but amazing things about the food here, and it was the first place I reserved when I knew I was coming to New York . 
You have to be a real foodie to appreciate the menu, and their twist on all things normal. It's not your average Indian restaurant type of menu. 
They offer a 3 course pre fixe  menu, which we went with. Also offer a 4 course if your up for more food!
Drinks are of course extra, and they have a amazing wine list and some really interesting cocktails with Indian ingredients.
My friend and I picked two different items from each course so we could share. 
They start you off with blue cheese stuffed naan with a coconut curry soup. Not a fan of blue cheese I just had the soup, which was awesome, and served in the cutest little cups. Such good coconut flavor and spices. This was a great tease of things to come. 
First course I ordered the potato sphere chaat, with a white pea mash , this  was visually amazing and tasted excellent, crunchy potato and the well spiced pea mash, with the chutneys, it all comes together so well. Definitely get this!
My friend got the chili pork Phulka , comes  out like a taco, the phulka bread was stuffed with veggies and the chili pork, was tender and had great flavor. Filled to the brim this was another excellent choice. 
Second course I went with the prawns, with butter pepper garlic sauce and cauliflower , again wow, on the flavors, and the combination of prawns and cauliflower. Loved this. 
My friend got the sweet pickle ribs and those were so unique and Fantastic. Great thick sauce covered the ribs and presented like a popsicle. Great  presentation again. 
The final course, I was dying for this one! The paper roast dosa, with wild mushrooms water chestnuts, and gunpowder. This was such a pretty dish! And I loved the mushrooms inside the dosa. And you never knew when you'd get a hit of water chestnuts mixed in with the mushrooms. 
Great take on the South Indian classic.
The chicken malai tikka in a green chili cream, with summer truffles, wow. Another twist on a classic chicken tikka masala. Rich dish, loved the cream. The truffles felt very decadent and fancy. 
With the 3 course pre fixe, you get to pick an accompaniment, so I got the green pea and spicy potato kulcha , and my friend got the wild mushroom with truffle butter kulcha . Both of these are like stuffed naan but not as heavy bread. Served nice and hot, I could have made a meal out of the two of these. Great sides, both equally as good. 
This was one of the best food experiences I've had in a restaurant. 
They come out with every course explaining what it is and what's in it. 
Definitely an indulgent culinary adventure. With fantastic service.",True,7,1,6,Meena P.,en,"{'neg': 0.027, 'neu': 0.682, 'pos': 0.291, 'compound': 0.9996}",0.9996,0.291,0.027,0.682,positive
117,2022-10-29 17:29:30+00:00,4,"If you are in New York City ORR in the area, I highly recommend trying this spot! Note: it is on the expensive end but it is definitely worth the hype and money. You start off with this delicious pumpkin soup shot that was Devine!! Being a vegetarian and a foodie, I was delighted to see Indian food demonstrated in a upscale manner. One point of criticism, I do wish the saag didn't just have raw root veggies at the top. The saffron daulat ki chaat was a perfect way to round up the meal!",False,0,0,0,Tanushri S.,en,"{'neg': 0.056, 'neu': 0.643, 'pos': 0.301, 'compound': 0.9868}",0.9868,0.301,0.056,0.643,positive
116,2022-10-31 23:36:49+00:00,4,Food was very good & each dish was presented in a way that made it fun to eat. Service was also excellent. The only reason I'd give it 4 stars & not 5 is because my boyfriend ended up with terrible heartburn & stomach cramping the next morning.,False,0,0,0,Sarah B.,en,"{'neg': 0.06, 'neu': 0.741, 'pos': 0.199, 'compound': 0.796}",0.796,0.199,0.06,0.741,positive
115,2022-11-06 01:23:17+00:00,5,"My absolute favorite fancy Indian restaurant in the city. Very unique dishes and the flavors are just scrumptious. The black dairy dal is what dreams are made off, but every new dish I have tried has been amazing. The only wish now is to see more vegan options (please whoever is listening:)). Impeccable service and lovely ambience!",False,0,0,0,S C.,en,"{'neg': 0.0, 'neu': 0.698, 'pos': 0.302, 'compound': 0.9705}",0.9705,0.302,0.0,0.698,positive
114,2022-11-19 09:52:22+00:00,5,"""Next level Indian""

This is a really unique choice if you want something completely out of the ordinary and to challenge your palette. While not as spicy as some Indian places, the flavors are unusual and intense.

This is a very upscale and high end experience.

Whats to cheer
- Indian food you won't find anywhere else
- Each dish is well crafted 
- good cocktails 
- The lamb ghee was excellent!
- great service 

Whats to jeer
- Had a reservation and still waited for a half an hour for a table. Got comped drinks but still.
- it's pricey",True,1,0,0,Brion R.,en,"{'neg': 0.055, 'neu': 0.802, 'pos': 0.143, 'compound': 0.4199}",0.4199,0.143,0.055,0.802,positive
113,2022-11-25 22:00:20+00:00,5,"Best Indian hands down in NYC 
Went there two days in row
Excellent drinks, service and dinner 
Esp lamb ! 
Have to make this my one stop everytime I visit NYC",True,0,0,0,Monica S.,en,"{'neg': 0.06, 'neu': 0.714, 'pos': 0.225, 'compound': 0.7901}",0.7901,0.225,0.06,0.714,positive
112,2022-12-02 22:35:41+00:00,5,"Michelin star rated for a reason!! We all left SO full and content with this place. 

The service is amazing. Patient, kind and they do a nice job of explaining each dish. 

Now, the main part: the food. Absolutely amazing, filled with flavor and solid portions. There were 3 of us, so we ordered different things so we could all try. Highly recommend the beef ribs, the nihari, the pecan pie-esque dessert and the dal. 

It was all SO good!! If you want an upscale experience of flavorful food, head to indian accent.",True,0,0,0,Azam K.,en,"{'neg': 0.0, 'neu': 0.732, 'pos': 0.268, 'compound': 0.9828}",0.9828,0.268,0.0,0.732,positive
111,2022-12-03 01:19:09+00:00,5,Food was 5 stars all the way. Service was wonderful. Ambiance fitting of a multi course tasting menu in NYC. Please open one in Seattle.,False,0,0,0,Parker K.,en,"{'neg': 0.0, 'neu': 0.778, 'pos': 0.222, 'compound': 0.7184}",0.7184,0.222,0.0,0.778,positive
110,2022-12-07 18:59:11+00:00,5,"Fabulous experience. I took my wife there for her birthday. The ambience, service, and food were spectacular

For the appetizer I got the pulkha with jackfruit-awesome 
Wife got chaat-really good 

First course I got soy keema and my wife got smoked eggplant- both really good 

Main course I got the kadai paneer which was excellent and my wife got the vadai which was really good 

For accompaniment we both got dal with garlic naan-awesome. Must get

For dessert I got the pecan pie with ice cream and my wife got the keer. Both were excellent",False,0,0,0,Milan S.,en,"{'neg': 0.0, 'neu': 0.812, 'pos': 0.188, 'compound': 0.9612}",0.9612,0.188,0.0,0.812,positive
109,2022-12-08 18:17:59+00:00,5,"Worth every penny of the $200 we spent on lunch for 3. And the unbelievably delicious food deserves all the credit. 

First we started with the sphere chaat (not on the lunch menu but kitchen specially made), sweet potato chaat and pork phulka/torta. These were presented beautifully and tasted amazing, especially the rich pork. The 2 chaats were fresh and bursting with tangy flavor. 

Next we had the ghee roast lamb which was absolutely melt in your mouth. The little mini rotis with tamarind chutney were fun to eat and super satisfying. The chicken kofta and kadhi was a little bland so I probably wouldn't order it again. The paper dosa was a fun and interesting combination of flavors. 

Now for dessert - the airy and light makhan malai was daunting in size but not heavy at all. It melts away in your mouth like cotton candy but with pleasant bits of crunchy nuts in between. However the treacle tart stole the show. It was sweet, satisfying, warm and just a perfect end to a memorable meal.",True,2,2,3,Anvita S.,en,"{'neg': 0.038, 'neu': 0.63, 'pos': 0.332, 'compound': 0.9973}",0.9973,0.332,0.038,0.63,positive
108,2022-12-11 21:00:48+00:00,5,Absolutely amazing!! Can't stop thinking about this meal!! I'm very picky about Indian food and this place lived up to all the hype!! Planning my next trip to NYC right now and I'm coming back again!,False,0,0,0,Uma S.,en,"{'neg': 0.0, 'neu': 0.821, 'pos': 0.179, 'compound': 0.8133}",0.8133,0.179,0.0,0.821,positive
107,2022-12-13 01:59:02+00:00,3,"Aii y'all let me start off by saying I'm Punjabi right...my boo and I tried this restaurant for his birthday. First things first, I requested a special birthday dessert in my online reservation. Maybe I should've verbally told the staff too, but I thought they would see it in the online reservation as they allow you to specify an option for special occasions! Ultimately, we did not get the special birthday dessert. Anyways... 

We went for the 3-course per person and they give you a complimentary accompaniment as well. Overall, the courses were filling, but for a Michelin star restaurant we weren't super impressed. 

What we liked: 
- The little shot of pumpkin curry was rich and SO delicious. I could've eaten a whole bowl of it and been happy, honestly. 
- Smoked eggplant bharta cornets were really good. Again, super small portions so they were like little bites, but yum and reminded me a lot of my mom's rajma. The cornets tasted like papadum. :) 
- Wild mushroom kebabs with morel pulao were ok. Def not my favorite. 

What we didn't like: 
- Beet and peanut butter tikki as a concept didn't taste successful imo. The peanut butter overpowered any and all other flavor. 
- Green pea & spicy potato kulcha was pretty terrible. The peas were hard. 
- Kadai paneer tasted very odd, almost bitter 
- Makhan Malai dessert. Respected the concept, but it was really Malai ice cream deconstructed into whipped cream 

Just for a quick comparison, we love Tamarind, another Michelin star restaurant in Manhattan. And of course, most if not all of the restaurants (not Michelin star) in Kips Bay/curry hill are pretty darn great, and I have to give a special shout-out to Bhatti Indian Grill. 

Our meal at Indian Accent was all vegetarian, so maybe the meat dishes might've been better. A lot of these restaurants are catered to a certain clientele and that's fine, it is Manhattan, but overall we were not blown away and likely won't be back.",False,1,1,1,Rupika S.,en,"{'neg': 0.114, 'neu': 0.65, 'pos': 0.236, 'compound': 0.9954}",0.9954,0.236,0.114,0.65,positive
106,2022-12-16 23:29:09+00:00,5,"Darling! This was my highlight at a recent trip to the Big Apple. Absolutely delicious food and even better service. My waiter, Jaquy was on point! The meditation cocktail was so yummy. Solid 5 stars. Will definitely be back.",False,0,0,0,Noredia A.,en,"{'neg': 0.0, 'neu': 0.507, 'pos': 0.493, 'compound': 0.9851}",0.9851,0.493,0.0,0.507,positive
105,2022-12-18 19:22:14+00:00,3,"Many told me about how great this place was. I must say, the ambiance is very upscale, as are the prices. The service is outstanding and very attentive and well-timed. This is a great place to have a long meal and conversation, if you have an expense account or disposable income. 

The price of the food matches the upscale feel. While the food was excellent, the serving portions were small and I left hungry. They were also quite skimpy on the spice, even though I asked for my food hotter. 

Overall, it was good and pleasant, but I didn't feel it was worth the price of admission. 

Remember to tip well.",True,3,0,1,Cory N.,en,"{'neg': 0.045, 'neu': 0.771, 'pos': 0.183, 'compound': 0.9306}",0.9306,0.183,0.045,0.771,positive
104,2022-12-23 03:10:42+00:00,5,One of the best meals I've had in a long time. Three of us shared the three courses and there was not a false note. The service is impeccable while friendly and the ambience is calm and perfect for a special meal.,False,0,0,0,lisa F.,en,"{'neg': 0.089, 'neu': 0.568, 'pos': 0.343, 'compound': 0.9231}",0.9231,0.343,0.089,0.568,positive
103,2022-12-24 00:30:31+00:00,5,Beautiful dinner on an exceptionally cold night in NYC. Many thanks for welcoming us without reservations! Will be back again.,False,0,0,0,Kelly M.,en,"{'neg': 0.106, 'neu': 0.516, 'pos': 0.377, 'compound': 0.8555}",0.8555,0.377,0.106,0.516,positive
102,2022-12-28 23:34:48+00:00,4,"Hands down the best Indian food I've ever had outside of a home cooked meal! Great service, very cordial people. Maybe they could work on getting newer tables but overall an excellent place!!",False,0,0,0,Aakrit J.,en,"{'neg': 0.0, 'neu': 0.724, 'pos': 0.276, 'compound': 0.9017}",0.9017,0.276,0.0,0.724,positive
101,2022-12-30 16:48:48+00:00,4,"Loved the tasting menu here! The 3-course is more than enough food. Standouts included the pickled ribs and the stuffed naans. I really loved the pumpkin soup bite at the beginning as well. The food came out very promptly / at a really good pace. I wasn't super wowed by the cocktails and the wine pour was really small, but overall thought this was a really cool high end Indian food experience!",True,0,0,0,Mendy Y.,en,"{'neg': 0.085, 'neu': 0.753, 'pos': 0.162, 'compound': 0.7171}",0.7171,0.162,0.085,0.753,positive
100,2023-01-01 13:56:50+00:00,3,"OUTSTANDING food but ... we had dinner at Indian Accent last year for New Year's Eve. We had a wonderful experience, thought we were a bit rushed but overall it was amazing. I think I rated it 5 * then. 

We had such a wonderful experience that this year, we decided to go back for New Year's Eve dinner and it was pretty disappointing. First of all, the menu was the same as a year ago. We were not too keen on going to the same restaurant 2 years in a row at first but we thought it was going to be a new culinary discovery and that I itself was exciting. So we gave it a shot ... i had to say that this time we felt totally rushed, way too rushed. I hadn't touched the amuse bouche and had not had a zip of my cocktail that they served the first course...
Staff is friendly but clearly on a mission, it turned out to be difficult to enjoy the evening.  For the amount of food and the price, it would be nice to give us the time to relax and enjoy. I can't eat that much in that little time !",False,0,0,0,Sandrine L.,en,"{'neg': 0.145, 'neu': 0.649, 'pos': 0.206, 'compound': 0.9377}",0.9377,0.206,0.145,0.649,positive
99,2023-01-04 02:12:45+00:00,4,"Excellent dining experience. Great service. 

Not enough vegetarian main options and they ran out of the kadai paneer. Could only get the sweet corn and garlic scapes vadai with quinoa. I really didn't want this, but there were no other vegetarian options. This dish tasted too sweet and like corn soup. 

Black dhal was so good. Desserts are a must here. Drinks were kind of weak.",False,0,0,0,Nonya B.,en,"{'neg': 0.101, 'neu': 0.666, 'pos': 0.233, 'compound': 0.8984}",0.8984,0.233,0.101,0.666,positive
98,2023-01-05 02:56:10+00:00,5,"Great restaurant! We had a wonderful time for our anniversary dinner. Everything was excellent food, drinks, and exceptional service. Our reservation was ready when we arrived and we got a great corner table. Would definitely recommend and plan to return.",False,0,0,0,Erin M.,en,"{'neg': 0.0, 'neu': 0.568, 'pos': 0.432, 'compound': 0.9738}",0.9738,0.432,0.0,0.568,positive
97,2023-01-07 19:22:29+00:00,5,"Elegant understated interior feels upscale.
We came prepared for a high end dinner experience that would justify the cost.

They didn't disappoint. On the contrary:

Seating was just in time and since it is Midtown New York they correctly assume the early seating are ahead of scheduled performance, and verify the time you want to be out.

You can pick a 3 or 4 Prix fixe menu. We chose the 3, which allowed us to taste 6 great dishes ( see pics).
A very pleasant surprise was complementary mini stuffed naans with 2 shots of red spicy coconut warm drink ( see pic).
The pace of the meal was perfect: lasted about an hour with minimal waits in between courses.
All in all a great gastronomic experience in s very pleasant setting: we plan to come back in our next visit to NYC!",True,0,0,0,Helik S.,en,"{'neg': 0.0, 'neu': 0.771, 'pos': 0.229, 'compound': 0.9881}",0.9881,0.229,0.0,0.771,positive
96,2023-01-10 23:08:16+00:00,5,"Came back a second time and everything was spot on. The cocktails are amazing and the food was great. The mutton dahi vada appetizer was a bit weird, basically, a dahi vada dish with mutton added to it. But everything else was spot on.",True,0,0,0,Amit M.,en,"{'neg': 0.065, 'neu': 0.827, 'pos': 0.108, 'compound': 0.2382}",0.2382,0.108,0.065,0.827,positive
95,2023-01-21 04:24:11+00:00,3,"Went here for my anniversary after I had it bookmarked for years. Ordered 2 three course meals, one for me and one for wife. Starters were very average sweet potato and chat both. Main course sweet corn and moilee was good. Kadai paneer was totally unexpected and not good. Deserts were good. Doda burgi was the best item among all items. Overall not worth $80 + tip + tax per person. Nothing extraordinary taste wise.",False,1,0,1,Harshil S.,en,"{'neg': 0.084, 'neu': 0.697, 'pos': 0.219, 'compound': 0.9177}",0.9177,0.219,0.084,0.697,positive
94,2023-02-06 12:35:15+00:00,5,"One of the best meals I've had in NYC in a long time. Great service, a beautiful interior, and some really interesting, flavorful, and well curated dishes. Did not disappoint.",False,1,1,1,Carolyn C.,en,"{'neg': 0.1, 'neu': 0.401, 'pos': 0.498, 'compound': 0.963}",0.963,0.498,0.1,0.401,positive
93,2023-02-11 16:06:13+00:00,5,"We had a great meal last minute! We had plans for an Indian restaurant across the street but they had a 40 minute wait and we had Carnegie theater tickets!
Indian Accent was full but they seated us at the bar. Super wonderful upscale Indian. Denne at the bar was super helpful, gave us great suggestions
We had a couple appetizers, the shrimp and Cauliflower, and a crispy potato appetizers and a wonderful lamb dish that we shared! All were super flavorful!
They also brought out an amuse bouche of pumpkin coconut soup Called shorba and filled a blue cheese naan bite. The soup was amazing and I loved loved it! Denne had them bring another surprised shot of it and gave me the recipe!!!! I just made it at home and it's so yummy!!!
This is a fun, yum, restaurant!!",False,0,0,0,Lorraine L.,en,"{'neg': 0.022, 'neu': 0.535, 'pos': 0.444, 'compound': 0.9986}",0.9986,0.444,0.022,0.535,positive
92,2023-02-13 17:53:00+00:00,5,Indian Accent offers a fantastic Indian fusion experience that is truly unparalleled. I have visited it a few times by now and continue to be impressed by the quality of the dining experience. Highly recommend!,True,0,0,0,Udit A.,en,"{'neg': 0.0, 'neu': 0.688, 'pos': 0.312, 'compound': 0.9133}",0.9133,0.312,0.0,0.688,positive
91,2023-02-23 21:07:03+00:00,4,"had a great valentines day meal here!! interior was cute and good for a date night. I enjoyed all of the dishes, definitely the most unique Indian food I've ever had. I'd recommend trying it out!! :)",True,0,0,0,Tiffany L.,en,"{'neg': 0.0, 'neu': 0.544, 'pos': 0.456, 'compound': 0.9708}",0.9708,0.456,0.0,0.544,positive
90,2023-03-10 14:52:04+00:00,5,"Indian Accent is a fine-dining restaurant located in the heart of New York City, serving up contemporary Indian cuisine that is both innovative and delicious. From the moment you step inside, you are greeted by a warm and welcoming atmosphere that sets the tone for an exceptional dining experience.

The menu at Indian Accent is a fusion of classic Indian dishes with a modern twist. Each dish is beautifully presented and bursting with flavor, showcasing the chef's creativity and skill. The standout dishes include the duck khurchan, a dish of shredded duck with a spicy tomato sauce and mini uttapams, and the paneer cheesecake, which combines the creamy texture of paneer with the sweetness of cheesecake.

The service at Indian Accent is impeccable, with attentive and knowledgeable waitstaff who are eager to assist with any questions or requests. The wine list is extensive, with a variety of carefully curated options that pair perfectly with the bold flavors of the food.

The ambiance of the restaurant is elegant and refined, with sleek decor and comfortable seating. The lighting is dimmed to create a cozy and intimate atmosphere, perfect for a romantic dinner or a special occasion.

Overall, Indian Accent is a standout restaurant that offers an exceptional dining experience. The innovative cuisine, impeccable service, and elegant ambiance make it a must-visit for anyone looking for a memorable culinary adventure in the heart of New York City.",False,1,0,0,Dave D.,en,"{'neg': 0.0, 'neu': 0.687, 'pos': 0.313, 'compound': 0.9982}",0.9982,0.313,0.0,0.687,positive
89,2023-03-23 01:16:35+00:00,5,"What a wonderful experience!! Presentation right on point!!
Remember to make reservations or you won't get in and have a good time....",False,0,0,0,Mark J.,en,"{'neg': 0.0, 'neu': 0.699, 'pos': 0.301, 'compound': 0.8302}",0.8302,0.301,0.0,0.699,positive
88,2023-03-24 01:05:39+00:00,5,"Came to Indian Accent on a Wednesday evening. The food was outstanding: Indian with a lot of creativity and fusion. We ordered the four course and we had:
- Drinks: Mughal Fortification (awesome), Tiger Paw (Good not great)
- Amuse: Blue cheese mulch's and a pumpkin soup - delicious
- Starter: mutton dahi vada/green tomatoes (amazing) and assamese pork dumplings/broth/nettle oil/crispy black rice(so good)
- Second: sweet pickle ribs/sundried mango/onion seeds(amazing), prawns/butter-pepper-garlic/cauliflower (so good)
- Main: tandoori salmon/lemon-butter peas/herb oil (not good) and ghee roast lamb/roomali roti pancakes (amazing)
- Accompaniment: butter chicken kulcha/sundried fenugreek (amazing)
- Dessert: makhan malai/saffron milk/rose petal jaggery brittle/almonds (not good), dada barfi treacle tart/vanilla bean ice cream (so good)

Can't wait to come back here. The service , while friendly and attentive was the greatest at selling items on the menu or describing them well but the recommendations were actually good so not a big deal. The prices were expensive but the quality was high.",False,0,0,0,Bjorn P.,en,"{'neg': 0.051, 'neu': 0.799, 'pos': 0.15, 'compound': 0.9163}",0.9163,0.15,0.051,0.799,positive
87,2023-03-25 21:00:05+00:00,4,"I enjoyed the food. 80% of the dishes were really good. My favorites were the dessert and the taco. I found the menu to be kind of confusing but the waiter was super helpful. 
The concept is kind of pretentious. It's not an Indian restaurant like we expected but an American restaurant with an ""Indian accent."" 
Pretty expensive so probably would not go back but glad I tried it out.",False,0,0,0,Sandra L.,en,"{'neg': 0.159, 'neu': 0.556, 'pos': 0.285, 'compound': 0.892}",0.892,0.285,0.159,0.556,positive
86,2023-04-04 23:21:13+00:00,5,"Finally got to try this much talked about Indian restaurant. It is pretty well maintained and staff seems well trained.
They offer three course or four course menu to pick from at an affordable price, as per NewYork standard. They do have a good selection  but the options are limited if you are pescatarian or vegetarian. Meat eaters can have a field day.
We were a party of four so we ordered a  variety of options. 
Beetroot tiki with goat cheese raita and pulled pork tacos were two great appetizer options but if you had to pick one, go for lamb dahi vada; innovative and delicious.
Interestingly they have mid course option. I tried smoked the delicious egg plant bharta cornet with goat cheese mousse. Indeed an aesthetically pleasing dish. My friend tried tofu vada, not the best I would say.

The star of the night was the Prawns kolivada with malvani dried shrimps pulao. This dish awakened all my senses. 
Another great option for mains was ghee roast lamb. Specially calling out that the presentation was mind blowing
They also let you pick accompaniments with mains like pea, mushrooms and other types of kulcha. 
I do think you get a good bank for your buck. I have heard a lot about this restaurant and rightfully so. Dining here is a delight that one must experience at least once.",True,1,0,1,Meghna S.,en,"{'neg': 0.025, 'neu': 0.713, 'pos': 0.262, 'compound': 0.9972}",0.9972,0.262,0.025,0.713,positive
85,2023-04-10 19:51:22+00:00,4,"Excellent service, staff was friendly! I liked most food items I tried and dessert was also amazing. Variety of drink options! The black daal and naan, most appetizers were good. The only item I didn't like was Pao bhaji.",False,0,0,0,Rutvi P.,en,"{'neg': 0.042, 'neu': 0.598, 'pos': 0.36, 'compound': 0.9512}",0.9512,0.36,0.042,0.598,positive
84,2023-04-16 14:58:54+00:00,2,"We went to Indian accent because someone gave us a 150 dollar gift certificate. it was my sons birthday and we went with my husband, three kids and elderly parents. The price is $85/pp without drinks for a three course meal. My 91 year old father hardly eats and we requested that he just order a la carte for himself. The manager very rudely answered ""absolutely no exceptions"" and we were tempted to leave but for the fact that my dad cannot move around easily. The manager then walked back to our table and yelled at us for having our water bottle visible on the table. I made a joke about not getting carded and a very severe response to my joke was made, rather than joining me in my humor. I was told that if I made that remark it would require them to card everyone and if someone didn't have ID then there would be no drinks allowed. If you end up with a bill for 850 dollars for 7 people you want to feel like you were treated with joy and enthusiasm and not like bad schoolchildren. The food was good for the most part, if haute Indian cuisine is your thing. Tiny portions with eclectic tastes. It would have been more palatable for half the price and double the customer service. By the way this is my first review ever. I have never felt so emboldened to write one before but because of the circumstances I felt that it was the responsible thing to do.",False,1,0,0,Sumana R.,en,"{'neg': 0.123, 'neu': 0.752, 'pos': 0.125, 'compound': -0.3708}",-0.3708,0.125,0.123,0.752,negative
83,2023-04-19 23:23:08+00:00,5,"My favorite NYC restaurant (and not just because my wife likes it even more). This place redefines the word inventive. The menu is a challenging delight and you may find it a bit daunting, but the staff will guide you. And don't miss the cocktails!",False,0,0,0,Bill F.,en,"{'neg': 0.0, 'neu': 0.798, 'pos': 0.202, 'compound': 0.7655}",0.7655,0.202,0.0,0.798,positive
82,2023-04-24 12:52:30+00:00,4,"The lamb ghee was excellent. The shrimp was also very good. Portions are somewhat on the small side considering the price point the drinks are excellent. I had this smoky something drink, which was very good and boozy. But I like the tequila drink better the lamb dhai vada was definitely different and interesting. But after eating all of those dishes which we shared, I left a bit hungry... the bartender Danny is a super great guy. I will try it again but this time I would order the blue cheese naan. I love the fact that the chef gave us some items to try the coconut soup was fabulous.",False,1,0,0,Ty H.,en,"{'neg': 0.017, 'neu': 0.638, 'pos': 0.345, 'compound': 0.9933}",0.9933,0.345,0.017,0.638,positive
81,2023-04-25 00:47:45+00:00,5,It was a beautiful experience at Indian acent. We were served 3 course meals. Each meal was perfect portion and unique display. The service and ambiance was really good to celebrate our first valentines day.,False,1,0,0,Mona S.,en,"{'neg': 0.0, 'neu': 0.663, 'pos': 0.337, 'compound': 0.9409}",0.9409,0.337,0.0,0.663,positive
80,2023-05-06 23:49:31+00:00,5,"Best high end Indian restaurant in NYC!!! Absolutely delicious food, every dish is just perfect in terms of flavor, taste and presentation. Coocktails are just amazing!!! It's a great place to celebrate special occasions. Service is amazing!! You really are made to feel special at this restaurant. We went to celebrate our anniversary, and staff was graciously wishing us!! Location is great esp. If you are going for a Broadway show! Love Indian accent and best part is they have maintained the quality of food and the whole vibe of the restaurant for years. Kuddos to consistency!!! Definitely recommend....",False,0,0,0,Mona T.,en,"{'neg': 0.0, 'neu': 0.569, 'pos': 0.431, 'compound': 0.9964}",0.9964,0.431,0.0,0.569,positive
79,2023-05-10 21:07:46+00:00,5,"This had been my partner's and my third time dining at Indian Accent. All three times we were completely blown away by the food and service. We got the three course tasting menu, and some standouts included the sweet pickle ribs, butter chicken kulcha, potato sphere chaat, the makhan malai, and the smoke and spice cocktail. A seriously perfect 35th birthday celebration.",False,0,0,0,Queen Beef M.,en,"{'neg': 0.026, 'neu': 0.873, 'pos': 0.101, 'compound': 0.7184}",0.7184,0.101,0.026,0.873,positive
78,2023-05-12 23:15:51+00:00,5,"This was my first time visiting Indian Accent located in NYC as I had previously been to the one in Delhi, India. The ambiance and decor were quite tasteful, and the service was spectacular. We ordered a completely vegetarian spread, and some of the highlights were the beetroot chaat (very unique - must try!), the cheese kulcha (soft cheesy bread bites), the sesame coated kofta (unquie gravy with a crunch to the koftas) and the halwa tart (not too sweet but def on the heavy side). All in all, a great dining experience (although limited to 4 people maximum per table) that I would love to repeat again!",False,2,0,0,Sanjana J.,en,"{'neg': 0.021, 'neu': 0.855, 'pos': 0.124, 'compound': 0.9285}",0.9285,0.124,0.021,0.855,positive
77,2023-06-06 01:24:38+00:00,5,"Location, ambiance, service, presentation and food is definitely worth 5 STAR! The server was very attentive and was kind enough to answer all my questions. They serve 3 or 4 course meal for $85 or $98 per person. I would highly recommend this restaurant for perfect date night. Every single course was nicely presented and has lot of flavors. Portions are small but filling. Can't wait to go back!",False,0,0,0,Sam J.,en,"{'neg': 0.032, 'neu': 0.724, 'pos': 0.244, 'compound': 0.9245}",0.9245,0.244,0.032,0.724,positive
76,2023-08-20 17:19:56+00:00,5,Amazing food. Highly recommend pretty much anything here; each dish is flavorful and unique. The cocktails are also good -- get the Proper Copper. This place is good for special occasions or slightly fancier meals.,True,0,0,0,Leslie T.,en,"{'neg': 0.0, 'neu': 0.543, 'pos': 0.457, 'compound': 0.9738}",0.9738,0.457,0.0,0.543,positive
75,2023-08-27 20:13:18+00:00,4,"Indian Accent is worth a one-time visit if you enjoy contemporary and inventive Indian food. Although the portion sizes tended to be on the smaller side, my friend and I left pretty full after the three-course tasting menu.

I opted for the lamb dahi vada, chicken malai tikka, butter chicken kulcha, and the makhan malai. The standout dish was definitely the chicken malai tikka- the chicken meatballs were extremely tender, and the addition of truffle to the malai sauce was certainly welcomed. I also enjoyed the butter chicken kulcha, which was a unique take on a popular Indian pairing. The lamb dahi vada dish was good as well but was pretty consistent with most other dahi vada dishes I've had. Unfortunately, the makhan malai didn't live up to the hype for me. I would only recommend getting this dish if you like light and airy desserts. As someone who prefers denser and cakey desserts, I was quite disappointed by this choice.

Overall, Indian Accent is a solid dining option for a special occasion!",False,2,0,1,Shreya K.,en,"{'neg': 0.054, 'neu': 0.739, 'pos': 0.207, 'compound': 0.967}",0.967,0.207,0.054,0.739,positive
74,2023-09-03 22:40:41+00:00,5,"Food is very delicious and elegant, service is superior and I think it's more friendly than Japanese restaurant;)",False,0,0,0,J. H.,en,"{'neg': 0.0, 'neu': 0.385, 'pos': 0.615, 'compound': 0.9743}",0.9743,0.615,0.0,0.385,positive
73,2023-09-22 01:23:02+00:00,3,Tasting menu didn't really match high expectations.  Some items required hands and were messy. Service was top notch. Super expensive.,False,0,0,0,Anthony L.,en,"{'neg': 0.307, 'neu': 0.511, 'pos': 0.182, 'compound': -0.7096}",-0.7096,0.182,0.307,0.511,negative
72,2023-10-03 02:52:11+00:00,1,"Delicious food. Deplorable front of house 

You can choose between three or four courses.  The food is inventive and delicious. The ambiance is pleasant.  The waitstaff attentive.  However watch out for your bar bill!  My husband ordered a Don Julio tequila, and much to our surprise his shot showed up on the bill for $60.00

We have been to venues before where the waitstaff let us know if a special vintage liquor was being poured or some other reason why a shot might be priced beyond expectations. No one said anything to us when he ordered. When we questioned the bill the server did nothing. 

Disappointed by the disinterest in our upset we paid and as we left the older male at the front of house asked how our meal was. We told him it was delicious but the tequila pricing was a surprise.  He got annoyed with us and said we should have known.  "" Don Julio was on the wine list"". We pointed out that all of us ordered cocktails made with name brands that were typically priced and this was a surprise. We've ordered Don Julio before and unless it's a special bottle it's never been 60 bucks a pour. He didn't back down. Our friend said"" all you have to do is say you're sorry"". The response? "" I'm not sorry"".  

We frequent Indian Accent.  We have introduced many friends to the place. We will not return.  We suggest you don't go.",False,0,0,0,Melanie K.,en,"{'neg': 0.03, 'neu': 0.819, 'pos': 0.152, 'compound': 0.987}",0.987,0.152,0.03,0.819,positive
71,2023-10-11 13:49:32+00:00,5,"Modern and luxurious ambiance. Attention to details from start to finish extraordinary service. An utterly lovely Sunday brunch had.

Enlightening all of my senses were my choices made from Indian Accent's 2-course brunch menu of ""Sweet Pickle Ribs"" and ""Uttapam"". 

Sublime also were their creative cocktails and an added celebratory dessert of ""Spiced Mission Figs"".

CHEERS!",True,27,12,27,Jennifer Y.,en,"{'neg': 0.0, 'neu': 0.706, 'pos': 0.294, 'compound': 0.9675}",0.9675,0.294,0.0,0.706,positive
70,2023-10-16 19:07:16+00:00,2,"My wife and I visited this place to celebrate her Birthday this past Saturday.
I will begin with a positive note. The associates who work there are very nice and trained well to push the prefix menu. If looks matter more than taste then this is the place to go. The presentation of the food is great, but the taste is far from what one can expect from any Indian restaurant. If you are hungry this is not the place for you, the quantity they give for the price you pay is not worth it! My wife is vegetarian and the quantity and quality is not even worth mentioning anything about it!
Last but not least I suffered the night from a mild upset stomach and my wife said she felt uncomfortable as well!
Choose wisely!",False,0,0,0,K.H. R.,en,"{'neg': 0.129, 'neu': 0.754, 'pos': 0.117, 'compound': -0.6981}",-0.6981,0.117,0.129,0.754,negative
69,2023-10-22 17:02:46+00:00,4,"Indian Accent's fine dining take on Indian food is worthwhile but not spectacular. The place has an understated look comparable to an upscale American restaurant with low lighting and minimalist decor. We got the four course option and enjoyed it. I'd recommend the lamb entree, which has a $10 supplemental but was delicious. I would avoid the tofu appetizer though as I found it rather bland even with the sauce.",False,1,1,1,David K.,en,"{'neg': 0.187, 'neu': 0.612, 'pos': 0.201, 'compound': 0.3291}",0.3291,0.201,0.187,0.612,positive
68,2023-10-23 20:16:39+00:00,5,"Truly an experience. The ambiance is very relaxing and romantic, and the service was impeccable. Note that you must order a 3 or 4 course pre-fixe menu and cannot order a-la-carte, though I personally liked this as we got to try a bunch of dishes.

In general, everything was flavored really well. The portion sizes varied, though. Apps like the aloo sphere chaat were tiny whereas the lamb dahi vada was pretty filling. The mid courses and entrees were a decent size. The dessert was phenomenal - we loved the makhan malai as it was so different, and the banana cake was a treat!

The price is up there but it's worth it. I highly recommending coming here for any kind of celebration, or just to enjoy a delicious meal and great service!",True,1,0,1,Jasmin G.,en,"{'neg': 0.016, 'neu': 0.71, 'pos': 0.273, 'compound': 0.9902}",0.9902,0.273,0.016,0.71,positive
67,2023-10-27 02:03:49+00:00,5,By far the innovative and delicious Indian food I have ever tasted. I had the 4 course chef's dinner. Each course was even more impressive than the first. Any fears of the spice being overwhelming were quickly abated. The food exhibited a depth of flavor unlike I have ever experienced. My scallops were seared to perfection and the accompanying sea beans were delicious. Every dish was light and satisfying.,False,1,1,1,Eric L.,en,"{'neg': 0.086, 'neu': 0.615, 'pos': 0.299, 'compound': 0.9698}",0.9698,0.299,0.086,0.615,positive
66,2023-11-05 17:42:25+00:00,4,Indian accent is excellent in terms of quality but I must state not that they are listening - the quantity of food for the vegetarians versus meat eaters is disparate. For example my sweet potato shakarkandi was a good portion size but my next course tofu vadai should have had 3 pieces instead of the 2 tiny pieces. The last course palak tart was sufficient size but lesser than everyone else on my table who ordered meat. You guys can do better -,False,0,0,0,Sar P.,en,"{'neg': 0.06, 'neu': 0.786, 'pos': 0.153, 'compound': 0.8201}",0.8201,0.153,0.06,0.786,positive
65,2023-11-09 04:43:08+00:00,5,"Indian Accent was a restaurant that we checked out while checking New York as we had seen recommendations for it online. The inside is decorated very well, with lots of cultural elements portrayed in a modern way. We had a reservation so we were seated instantly and the service was great. For the menu the way they structure it is interesting, as you can choose either 3 or 4 courses from the different sections on the menu (although some sections only allow one)

 For the food we decided to go with the Assamese Pork Dumplings, the Pao Bhaji, the sweet pickle ribs, the prawn koliwada, and the makhan malai for dessert. All of these tasted fantastic, although we really enjoyed the Pao Bhaji and the Prawn Koliwada a lot! The Pao Bhaji was warm and fluffy, which went well with the provided savory sauce. The Makhan Malai was also very unique, as the texture and taste is definitely memorable. The saffron and rose petal brittle add a lot of character to the flavors, which I enjoyed a lot!

 Overall, this restaurant was a great experience and highly recommend it to anyone who enjoys Indian food!",True,1,0,1,Lawrence C.,en,"{'neg': 0.006, 'neu': 0.761, 'pos': 0.233, 'compound': 0.9939}",0.9939,0.233,0.006,0.761,positive
64,2023-11-09 05:09:50+00:00,2,"The reason I gave it a low rating is due to service. Last min reservation. We had heard great things and were really excited.  We arrived early. Had some good drinks at the bar. Then when seated we found out that there was nothing on the menu that didn't have the one item that my colleague was allergic to. We asked them to accommodate and perhaps make something fresh. We were told no. Everything is ""premade"" (hence buyer beware) and there was nothing they could do. Disappointing! We left after paying for our drinks. Should have seen the red flag when the hostess even said she hadn't eaten there before. While I was excited it's lost its luster.",False,0,0,0,Purvi S.,en,"{'neg': 0.102, 'neu': 0.775, 'pos': 0.123, 'compound': 0.5964}",0.5964,0.123,0.102,0.775,positive
63,2023-11-12 03:49:31+00:00,3,"The food and service here is really impressive, but for me it felt a bit on the stuffy side. Almost too attentive service and too much focus on visuals. I wanted to hold on to the menu just to be reminded of what i ordered as the dishes arrived but they wouldn't let me. It seemed like it would look too messy? So no I don't think I'll return.",False,0,0,0,Leah A.,en,"{'neg': 0.177, 'neu': 0.689, 'pos': 0.135, 'compound': -0.6819}",-0.6819,0.135,0.177,0.689,negative
62,2023-11-24 02:33:49+00:00,1,"If you have money to burn without much interest in the quality of food or service this may be your place. Had Thanksgiving tasting menu without advance notice that there were only 3 options for each course, that included only two options for the main course because one was not even available leaving turkey that tasted like cardboard or a pumpkin main -don't believe this is an Indian staple - as the other options or a replacement dish of prawns that were actually slightly stunted shrimp and cold rice that took forever to arrive. Ah, but management pointed out that you could have seen the actual menu in advance if you scrolled through the reservation notice on Open Table and then espying a throwaway line at the bottom directing you to their web site to click on the Thanksgiving menu. Oops forgot to mention that clicking on the Thanksgiving menu directs you to a Spam site. This was before a fire alarm was followed by 15 minutes of a flashing light and a carrot dessert that , yes tasted like cardboard - and yes, this is a recurring theme. Conversation with management pointing out that notification about the limited cardboard menu was not provided in advance was met with , oh I don't know (yes I do) , complete disinterest.  So many great Indian restaurants in New York, why come here?",False,0,0,0,Jeff F.,en,"{'neg': 0.065, 'neu': 0.858, 'pos': 0.076, 'compound': 0.6836}",0.6836,0.076,0.065,0.858,positive
61,2023-11-24 18:39:30+00:00,5,"Came on a chilly Tuesday night with my sister to celebrate her engagement just as sisters. We chose Indian Accent because we both love Indian food and heard good things which it did not disappoint! The servers here are so kind and the aesthetic is nice! 

We did the prefix course and started with the pulka chili pork and pork dumplings. i was so surprised with how delicious and juicy the chili pork was - a very nice indo mexican fusion with it being in a taco. my sisters dumplings were delicious too

next we did the bone marrow kabob and sweet pickle rib. the bone marrow was so good as well and paired nicely with some naan as its fatty and juicy. the rib was _____ 

for mains we did chicken malai and beef tenderloin with butter chicken kulcha and black daal. the black daal they make here might be the best daal ive ever had!

dessert was banana sticky cake and makhan malai - the makan malai was so airy and light but had all the flavors listed. really loved this - probably my favorite and would recommend. the banana sticky cake was also so so so delish but i was so full by the end felt like i couldnt enjoy it as much since it was heavier

10/10 recommend and would come back",True,2,0,1,Annika K.,en,"{'neg': 0.026, 'neu': 0.731, 'pos': 0.243, 'compound': 0.9947}",0.9947,0.243,0.026,0.731,positive
60,2023-11-25 05:17:08+00:00,5,"We enjoyed our 3 course meal at Indian accent. Some dishes hit the mark and some were near misses! 

Hits
- jackfruit in phulka. Amazing flavors in jackfruit. I wish the quantity was a bit more. It was the best appetizer and the smallest portion! 
- sweet potato and star fruit was innovative 
- beetroot tikki was rather bland. 
- sweet corn kofta was nice
- tofu Vadai was awesome especially the sauces with it 
- don't miss daal and naan. Daal reminded me of daal Bukhara from Delhi. 
- saag paneer in a tart was unexpected but met the mark. 
- makhan malai dessert was very good

Misses
- eggplant and bhujiya raita was a disappointment. No flavors at all 
- asparagus poriyal missed flavors
- mushroom kebabs were dry and I somehow didn't like it. 

The shorba at the start of the meal was very nice. I wish they had it on the menu!",False,0,0,1,P B.,en,"{'neg': 0.156, 'neu': 0.658, 'pos': 0.186, 'compound': -0.3605}",-0.3605,0.186,0.156,0.658,negative
59,2023-11-28 05:59:29+00:00,3,"The food was great with unique twists to Indian dishes. Everything was well prepared with plenty of effort put into the presentation of the dish. Each one had a unique combination of flavors to enjoy. 

The service was also commendable as the staff was informative and attentive. The entire experience from reception to the billing was extremely pleasant. 

As for the ambiance, it was in one word, classy. The interior was reminiscent of a restaurant in London. The location in the city was also in an appropriate area. 

My one concern is that the price did not reflect the amount of food given per serving. As it was a sit down per person, the entire course felt a bit lacking. 

Overall, it was a great restaurant that I would recommend.",False,0,0,0,Rocco J.,en,"{'neg': 0.0, 'neu': 0.795, 'pos': 0.205, 'compound': 0.9829}",0.9829,0.205,0.0,0.795,positive
58,2023-12-08 02:07:21+00:00,1,"Worst hospitality experienced at a restaurant!
I reserved a table for me, my husband and my 1 year old daughter, took an uber on a chilly evening to reach the restaurant which is around 5 miles from my place. 
When i made the reservation, it nowhere mentioned that kids are not allowed at the restaurant. When we reached the restaurant, the receptionist was so rude and was not ready to accommodate us. They agreed that the reservation application does not say no kids policy but no-one at the restaurant had a realization that this caused so much hassle for our family.
No kids basically means NO FAMILIES ALLOWED !! which is so weird. 
So this so called high end restaurant was very low on service, ethics , humanity and hospitality!!",False,0,0,0,Shikha G.,en,"{'neg': 0.211, 'neu': 0.753, 'pos': 0.036, 'compound': -0.9857}",-0.9857,0.036,0.211,0.753,negative
57,2023-12-10 17:38:54+00:00,5,"An amazing restaurant.
Before covid-19 I ate in their London restaurant. However, it was shut down.
This is great as it was in London.
Very delicate, sophisticate and delicious food.
Great service and a nice selection of wine and drinks.
Hands down, the best upscale Indian restaurant.",False,0,0,0,Gal R.,en,"{'neg': 0.0, 'neu': 0.58, 'pos': 0.42, 'compound': 0.9826}",0.9826,0.42,0.0,0.58,positive
56,2023-12-15 23:38:14+00:00,4,"Our experience at Indian Accent was absolutely delightful. Nearly every dish we tried was very different from any other indian restaurants we've dined at. Their cocktails were all very smooth and well crafted too. For the amount they charge for the tasting menu you definitely get your money's worth. The ghee lamb entree was a very interesting take on the traditional chinese peking duck dish. I highly recommend that. 

The accompaniments which reminded me of a stuffed naan were very delicious and fresh - i really enjoyed the butter chicken one. The one with the mushroom also went really well with the chicken malai tikka. 

The saffron milk dessert was sooooo yummy and light! It was definitely my favorite indian dessert. This was the highlight of my meal lol.",True,0,0,0,Carmen A.,en,"{'neg': 0.0, 'neu': 0.679, 'pos': 0.321, 'compound': 0.9944}",0.9944,0.321,0.0,0.679,positive
55,2023-12-28 19:26:45+00:00,5,"I would give this place six stars if I could! This place is an absolute steal - on par with many Michelin-starred restaurants I've been to. 

My sister made a reservation for us here for dinner on Christmas Eve, and it was an utter delight from start to finish. The space itself is sleek and refined. The three of us each opted for the $85 three-course tasting menu, which allows you to make four selections (the entree comes with an accompaniment) each from an expansive menu. It can be hard to decipher what all the dishes on the menu are, and our server was incredibly helpful in giving us recommendations. I would suggest ordering different things if you're in a group and splitting everything so you can try as many dishes as possible. The flavors here are delicate, innovative, and so delicious! 

For our appetizers, we ordered the sweet potato shakarkandi, potato sphere chaat, and assamese pork dumplings. They were all flavorful, but the potato sphere chaat was a standout: crispy, well-textured, and so good. For our mid-courses, we ordered the sweet pickle ribs, which was also stunning: it has the thinnest, crispiest glaze, and the meat just falls off the bone. (I didn't even remember to get a picture until I'd already bitten into it.) For mains, we ordered the chicken malai tikka (juicy, truffly meatballs), the prawn koliwada (delicately breaded), and the baked paneer (not our favorite but still good). For accompaniments, we got two black daals with black garlic and butter naans (so richly flavored) and stuffed pastrami naan (fusion-y and wonderful). And for dessert, we got the makhan malai (unbelievably soft and cloud-like) and banana sticky cake (caramel-y and delicious). 

The $85 price point might seem steep to some, but it is an absolute steal for the amount and quality of the food you get - especially in New York. We were stuffed by the end, and we have pretty hearty appetites! The service is also incredible: they changed out our plates three times, and our water glasses were never empty. As an added bonus, they threw in two complimentary small bites in between some of the dishes. Overall: this was one of the best meals I've had in a long time. I can't wait to be back!",True,0,0,0,Peggy X.,en,"{'neg': 0.049, 'neu': 0.79, 'pos': 0.161, 'compound': 0.994}",0.994,0.161,0.049,0.79,positive
54,2023-12-30 03:04:48+00:00,5,"Quite possibly the single, best meal I've ever had. I wish I travelled to NYC more often, just so I could eat here.",False,0,0,0,Ray H.,en,"{'neg': 0.0, 'neu': 0.723, 'pos': 0.277, 'compound': 0.7845}",0.7845,0.277,0.0,0.723,positive
53,2024-01-02 20:31:34+00:00,5,We had a beautiful meal here on New Year's Eve 2023. The tasting menu is exquisitely prepared to showcase a variety of dishes. They had a special menu for New Year's Eve so I'm not sure if these dishes are available on the regular menu but the third course - crab and caviar - was heavenly. I would definitely come back here and try the broader menu again. Our servers were also incredibly nice and helpful.,False,2,0,1,Kate C.,en,"{'neg': 0.018, 'neu': 0.701, 'pos': 0.281, 'compound': 0.9756}",0.9756,0.281,0.018,0.701,positive
52,2024-01-04 02:56:50+00:00,5,"Amazing and very unique experience, elevated Indian food. Tried a lot of new things, the tasting menu is well worth the money!",False,0,0,0,Jelly L.,en,"{'neg': 0.0, 'neu': 0.69, 'pos': 0.31, 'compound': 0.7959}",0.7959,0.31,0.0,0.69,positive
51,2024-01-05 01:54:53+00:00,5,"Spectacular, inventive Indian cuisine. My second time solo dining here, both times at the bar. The bar staff has gone above and beyond to make me feel welcome. The cocktails are fantastic.",False,0,0,0,Haisley S.,en,"{'neg': 0.0, 'neu': 0.82, 'pos': 0.18, 'compound': 0.765}",0.765,0.18,0.0,0.82,positive
50,2024-01-11 15:53:38+00:00,5,"An incredible high-end Indian restaurant with an incredible tasting menu. Every bite we had was amazing, the service was prompt despite us coming in at 10pm, and the general vibe of the restaurant is a cozy/calm. The food was inventive, eclectic, and still super balanced. I still think about the beet/peanut butter little bites as one of the most interestingly delicious bites I've had in a long time. I'm shocked they don't have a Michelin star, but I would NOT be surprised if it's coming.",False,0,0,0,Zaya A.,en,"{'neg': 0.072, 'neu': 0.781, 'pos': 0.146, 'compound': 0.7806}",0.7806,0.146,0.072,0.781,positive
49,2024-01-30 03:17:21+00:00,5,"A delicious experience coupled with great service and beautiful ambiance.

I tried the brunch tasting menu which was recently introduced by the restaurant. The restaurant came recommended by friends who had tried their dinner tasting menu and found it delicious. The brunch menu consisted of 2 courses with a choice of accompaniment and additional cost for dessert and drinks. Since I came with a group of friends, we got to try almost all the dishes on the menu. 

Ironically, the amuse bouche was one of the most flavorful dish of the meal. They served the most delicious pumpkin shorba with blue cheese naan. 

First course: Tried the burrata chaat, dried fenugreek papdi chaat, herb potato sago pancake, pao bhaji. My personal favorite was the burrata chaat. I loved the crispy lotus stem and the mustard-tomato jam/chutney in the dish. The jam was extremely delicious. 

Second course: Tried the egg ghee roast, uttapam, baked saffron cauliflower, shrimp and herb omlette. For me, the star of the second course was the saffron cauliflower baked dish. I had never had cauliflower with this flavor profile before. I would recommend giving it a try as it's something unique. 

Accompaniment: Tried the black dairy daal with naan, smoked eggplant and bujia raita, traditional black garlic naan, wild mushroom kulcha. Everything was delicious especially the kulcha and the black daal. 

Dessert: For dessert we could only try the makhan malai. It was pillowy, light, not overly sweet. 

I found the brunch tasting absolutely worth it's cost and would recommend it to anyone looking for fushion Indian fine dine.",True,0,0,0,Shikha H.,en,"{'neg': 0.017, 'neu': 0.73, 'pos': 0.252, 'compound': 0.9977}",0.9977,0.252,0.017,0.73,positive
48,2024-02-27 02:49:03+00:00,5,"Really enjoyed my recent dinner here. The starter of blue cheese stuffed naan and shorba was great, but I'm sure those who don't like blue cheese will be looking forward to the other options. The chaat and vada were really tasty. I wish the bhaaji was spicier, but the mini pavs were unique. The paneer with soy cube was very heavy, but paired well with the naan and daal. We were actually too stuffed to get dessert, which wasn't what we expected, so will have to return to check out their dessert options! Overall a great place to try a fixed menu of Indian food. Reservations needed.",True,0,0,0,Nav R.,en,"{'neg': 0.021, 'neu': 0.75, 'pos': 0.229, 'compound': 0.9828}",0.9828,0.229,0.021,0.75,positive
47,2024-03-01 17:11:36+00:00,4,"The service and ambiance were excellent! I enjoyed certain dishes more than others even given the large menu selection. If you sit at the bar you can order a la cart, but if you sit down at a table you have to choose between a 3 or 4 course prix fix menu. 

The tenderloin came out a little tough for the main course and they swapped it out for us with the prawns very quickly. The mid courses were my favorites actually, especially the prawns and how they were seasoned, but still very crunchy. The bone marrow was also fantastic and the greatest way to add cholesterol to your diet. The pork ribs, though super tender, didn't stand out beyond just falling off the bones in terms of flavor. The kukcha was absolutely delicious for both the duck and butter chicken, but they didn't have very much filling. I really liked the prawn main course also, but it needed a couple more prawns to round it out. The rice was a nice addition, but even with its color, it didn't add anything taste wise to the dish beyond being visually appealing carbs. 

The desserts were ok, the giant whipped cream was probably the most interesting and felt like barely eating anything. The pecan pie like dessert had great texture, but this was a bonus on the house which I wouldn't have paid for after tasting it. The sago pear was mildly interesting, but wasn't particularly sweet or unique beyond the oversized sago texture. 

I might go back to try the menu another time, but fantastic to try at least once. The experience was great overall even though I wasn't blown away by every dish.",True,0,0,0,Bryan S.,en,"{'neg': 0.057, 'neu': 0.688, 'pos': 0.255, 'compound': 0.9976}",0.9976,0.255,0.057,0.688,positive
46,2024-03-05 01:04:14+00:00,4,"Lovely place, amazing food, and great staff. Maybe it was my party's preference for more traditional Indian cuisine, but this takes a venture to high end Indian cuisine and away from what you come to expect in the States. Only choice was a 3 or 4 course set menu, which wasn't bad for under $100 for each, but it was very heard to decide what was what. At the end, the server helped us out and we were experienced some amazing flavors and exotic dishes. Honestly, this was a great business dinner with my colleagues, but perhaps if I would have been more aware of the high scale offering, I might have chose a bit differently. Regardless, we ultimately truly enjoyed everything and most importantly didn't walk away with any stomach issues afterwards which is a major win for any Indian cuisine. I would be happy to return again someday, now with the necessary expectations.",False,0,0,0,Rafael B.,en,"{'neg': 0.0, 'neu': 0.728, 'pos': 0.272, 'compound': 0.9947}",0.9947,0.272,0.0,0.728,positive
45,2024-03-07 18:54:35+00:00,5,"My boyfriend is Indian so we eat at a lot of Indian restaurants. He had eaten at this restaurant in Delhi so he wanted to try the NYC location. Wow one of the two best Indian restaurants we've eaten at in NYC. I put pictures of everything below. We each had the 4 course and we loved that they let u mix and match. The eggplant ""cone"" was my absolute favorite but everything was top notch. The restaurant was fancy but still comfortable. It was busy but yet we still felt like we were in a private date. Our server was soooooo attentive and had a great dry sense of humor. Really great expe overall.",True,0,0,0,Robert D.,en,"{'neg': 0.038, 'neu': 0.673, 'pos': 0.289, 'compound': 0.9892}",0.9892,0.289,0.038,0.673,positive
44,2024-03-09 15:40:03+00:00,4,"My friend and I wanted to definitely try a good fine dine Indian restaurant as NYC has so many of them. We decided to go ahead with Indian Accent which has been recognized by Mindy Kaling and BJ Novak.

We selected a fixed 3 course dinner menu. They start off my offering a complimentary pumpkin soup and blue cheese balls before the dishes arrive. For appetizers we got beetroot kababs, jackfruit phulka (tacos), tofu medhu vada and pav bhaji. Out of all the appetizers, jackfruit phukla was our favorite. This was a modernized Mexican touch to a chapatti which we really liked. My second favorite was tofu vada. I don't think I ever imagined this combination of having silken tofu with a crispy vada covering. The gunpowder even though was less but very tasty. The pav bhaji was OK in terms of taste but it has to be the tiniest pav I have ever seen!
For main course, we got black dal with garlic naan, saag paneer with makhani sauce, wild mushroom kebabs with truffle and mushroom kulcha. I think we liked our apps more than the main dishes. The saag paneer with makhani was our favorite out of the lot! The dal makhani surprisingly was the least favorite as it just did not have any salt. We skipped desert as we'd selected 2 apps each in our 3 course menu as both of us aren't desert people.
The service was a bit average. We were a bit pissed when they offered sparkling water bottle without the lid. What's the point of ordering Sparkling water if the fizz can be easily evaporated? 
Overall, nice sophisticated ambiance. My expectations were slightly higher as this is NYC, taste could be more authentic but at the same time creative.  

P.S. Indian Accent also has it's branches in New Delhi and Mumbai. I visit Mumbai and Delhi very frequently but had never heard about this place before however they have glorious reviews at both of these places and it is very difficult to get a reservation in India!",True,1,0,1,Divya V.,en,"{'neg': 0.06, 'neu': 0.767, 'pos': 0.173, 'compound': 0.9913}",0.9913,0.173,0.06,0.767,positive
43,2024-03-12 13:30:27+00:00,5,Great experience!  Food and service were spot on!  We had the 4 course meal and left very happy and full.,False,0,0,0,Robert H.,en,"{'neg': 0.0, 'neu': 0.662, 'pos': 0.338, 'compound': 0.865}",0.865,0.338,0.0,0.662,positive
42,2024-03-22 02:47:28+00:00,5,"This restaurant is pricey, but totally worth it! Each course was delicious, as were the mocktails. And the desserts were phenomenal. Will definitely be back.",False,0,0,0,Unwana A.,en,"{'neg': 0.062, 'neu': 0.523, 'pos': 0.414, 'compound': 0.9526}",0.9526,0.414,0.062,0.523,positive
41,2024-03-24 22:56:07+00:00,5,Incredibly delicious menu. Phenomenal service. Delicious by-the-glass wine options as well. We took the four tastings ... and found every option to be a magically delicious treat. The desserts were out of this world fabulous -- and I am not a sweets person!  Pricy. Highly recommend.,False,0,0,0,Annmarie N.,en,"{'neg': 0.036, 'neu': 0.468, 'pos': 0.496, 'compound': 0.9895}",0.9895,0.496,0.036,0.468,positive
40,2024-04-10 23:28:27+00:00,5,"There was two of us and we had the $85 3-course pre-fixe. THIS MEAL IS MADE FOR SHARING. Come with friends and nibble on everyone's choices, good or bad. There is plenty to go around. There are at least 6 choices in every section. You will have plenty variety. 

Everything we got was kind of amazing (except the khichdi, which was ok). I am a firm believer that appetizers are significantly better than mains at fine dining places. This restaurant did not prove me wrong.

One service-related comment: not saying he was racist, but our server was more interested in taking the order from my white friend than from me (I'm Asian).

appetizers:
1. lamb dahi vada, baked masala beet
2. beet and peanut butter tikki, goat cheese raita

mid-courses:
3. smoked eggplant bharta cornet, goat cheese mousse
4. sweet pickle pork ribs, sundried mango, onion seeds

mains:
5. branzino, patrani butter, berry pulao
6. khichdi, crispy sunchokes with achari mutton

accompaniments:
7. hoisin duck kulcha
8. black dairy dal with naan: butter, plain, garlic or black garlic",False,0,0,0,Fei S.,en,"{'neg': 0.038, 'neu': 0.812, 'pos': 0.151, 'compound': 0.9703}",0.9703,0.151,0.038,0.812,positive
39,2024-04-12 00:48:56+00:00,3,"I ate at this restaurant a year before COVID and had an amazing experience. I went back to them during my recent visit because I again wanted to eat their ghee roast lamb which was AMAZING last time I was here. However I have to say that their quality has gone down.  Servers and staff still amazing , I sat at the bar and staff there were soooo nice. Ordered a scotch drink called Smokin on server recommendation and it was great. Ordered lamb with yogurt a new dish and it was just wow (everyone should try). Then I ordered the dish I came here for ghee roast lamb. Sorry but very disappointed as it was very bland and had so much tomato sauce that there was no flavor. Server was gracious to change the dish and I ordered for chicken malai tikka. Sorry to say but please don't call this dish chicken malai tikka. This was chicken meat ball and even then chicken was not minced. I didn't want to send the dish back and hence said it's ok. But very disappointed and won't recommend this dish. Also ordered dal and naan. Dal was good and naan just ok (same as any other restaurant). Being at Michelin star restaurant the expectations are high. But a BIG disappointment this time. Not sure if they have changed the chef. Also what surprised me was speed with which dishes were coming out. It seems like everything was premade and they were just pouring on plates. Sorry to say but restaurant need to increase their standard and come back to quality it had pre COVID. Thanks to the staff and bar whose service was great and reason I gave an additional star.",False,0,0,0,Vibe V.,en,"{'neg': 0.158, 'neu': 0.711, 'pos': 0.131, 'compound': -0.9536}",-0.9536,0.131,0.158,0.711,negative
38,2024-04-18 13:58:30+00:00,4,"Had been looking for an Indian restaurant with actually really good and authentic Indian food (really hard to come by in New York) and the food here did not disappoint. I had the three course menu and the portion sizes were just the right size. Not pictured here was the complimentary amuse bouche they brought at the start which was honestly the highlight of the meal, I could have had 5 more. I didn't quite hear what it was but my friend and I LOVED it. Some kind of bread thing and chai flavored soup? Anyway it was delicious. The shrimp and crab were cooked perfectly and very flavorsome. I wasn't too sold on the desserts or the ambience but overall a great dining experience.",True,2,0,2,Rachel K.,en,"{'neg': 0.008, 'neu': 0.704, 'pos': 0.288, 'compound': 0.9929}",0.9929,0.288,0.008,0.704,positive
37,2024-04-27 00:32:04+00:00,5,The best food and service ever!!! It's an incredible team and all very attentive. Highly recommend if you're in NYC!!!,False,0,0,0,Leena S.,en,"{'neg': 0.0, 'neu': 0.561, 'pos': 0.439, 'compound': 0.9362}",0.9362,0.439,0.0,0.561,positive
36,2024-05-14 14:10:55+00:00,5,"Indian accent is phenomenal! From the presentation, ambience, and staff it was an amazing experience. My friends and I opted for the 4 course meal and it was plenty of food. We were full by the time the main course came out! The server was very thoughtful and assisted my party while we decided between the different dishes. We decided to try different dishes and share our meals.

My favorite dish of the night was the warm Doda Barfi tart with vanilla ice cream. The tart was rich and decadent and on the sweeter side but paired remarkably well with the ice cream.",True,0,0,0,Varsha T.,en,"{'neg': 0.0, 'neu': 0.827, 'pos': 0.173, 'compound': 0.9357}",0.9357,0.173,0.0,0.827,positive
35,2024-05-27 17:02:26+00:00,5,"Excellent restaurant. Went for brunch and my favorites were the chicken salad, beef chili dubba gosht and the kulcha butter chicken (favorite).

Admittedly, the dried fenugreek papdi chaat was not for me.",True,1,0,1,Ariana A.,en,"{'neg': 0.0, 'neu': 0.822, 'pos': 0.178, 'compound': 0.7579}",0.7579,0.178,0.0,0.822,positive
34,2024-05-29 15:48:46+00:00,3,"It's a bit hard to write this review, but I felt like this place had no soul or passion. The decor lacked an elegant ambiance, could use some art on the walls, and a more modern feel to accompany the fine dining. It's in the middle of tourist central, so it really needs to be an escape from that to fully immerse you. 

The service was not in line with the prices. Our waiter never checked in after taking our order. The service was fast. They should have explained the dishes better to us.  They source fresh products from the market, but they never talked about it. We learned about it by accident, when one of the ingredients on the menu was different. This is poor training and execution of the dining experience. 

The food was good, but it could be better, take more risks and without the overall experience and service it doesn't quite give you a feeling of wow.  

I would skip this for a more neighborhood spot.",True,0,0,0,Inga W.,en,"{'neg': 0.118, 'neu': 0.669, 'pos': 0.212, 'compound': 0.9737}",0.9737,0.212,0.118,0.669,positive
33,2024-06-01 01:43:18+00:00,5,"I went in for brunch on a Sunday with two friends. Food was a solid 4, dessert was a 5 and the service was out of the world! It was the best service on our trip and the team looked like they were all working really well together and happy to be there. I'm definitely coming back when I'm in the city again. Kudos to the service team!",False,0,0,0,Tia A.,en,"{'neg': 0.0, 'neu': 0.696, 'pos': 0.304, 'compound': 0.9722}",0.9722,0.304,0.0,0.696,positive
32,2024-06-02 18:30:30+00:00,4,"Sophisticated atmosphere, attentive service and every dish was stunning, I will defiantly add this place to my roster. Brought my mom here who is vegetarian. I wanted to take her to a place where there was more then one option to choose from and this place did not disappoint. Very delicious cocktails, I tried 2 and really enjoyed them both. We had one 3 course and one 4 course and shared the appetizers. The waiter let us know we could mix and match any 3 or 4 except the entrees, can only choose one. He said we can even just order all desserts if we want and after trying 2 of their desserts, I might take them up on that one day, hahahaha! The names are long, it's faster just to take a look at my photos for exact dishes. I honesty think anything you order here, it would be delicious, except the entrees were a little disappointing.",True,1,0,1,Kami S.,en,"{'neg': 0.119, 'neu': 0.746, 'pos': 0.135, 'compound': -0.414}",-0.414,0.135,0.119,0.746,negative
31,2024-06-07 04:02:30+00:00,5,"Delicious food, one of the best Indian eateries in the US. The drinks are lovely and we enjoyed this space for a special occasion",False,0,0,0,Pia C.,en,"{'neg': 0.0, 'neu': 0.462, 'pos': 0.538, 'compound': 0.9719}",0.9719,0.538,0.0,0.462,positive
30,2024-07-03 00:10:09+00:00,5,"We went there for a birthday celebration and we're so glad we did. The ambiance, the staff, the food everything was top notch. 
You can choose between a 3 or a 4 course option. The best part is, they let you choose and customize your options such that you can pick all 3 courses as appetizers or even all 3 deserts if you wanted. 
We opted for the vegetarian options. 
It started with amuse-bouche, which was pumpkin soup and stuffed naan, served in the cutest possible way! They even gave us a second round of the soup when we said we liked it so much.
For appetizers,  we got potato sphere chaat and the shakarkandi chaat. Both were nice, but I liked the potato sphere chaat better.
For mid course, we opted for pao bhaji and tofu medu vadai. They had their own versions of the dishes but the authenticity of the taste was not lost. The pav bhaji was surprisingly light.
For main course, we went with baked paneer and soy keema, along with arbi shaami. The arbi shaami kabab was just melting in the mouth. For accompaniments we took stuffed mushroom truffle kulcha , and naan with daal.
I was stuffed by the end of this, and decided to change my preference to stick with the three course menu instead. My husband took the Aamras with fresh cut mangoes. 
The staff was just too nice, they still got me a smaller version of makhan malai to celebrate my birthday. Both the desserts were amazing! 
All in all, if you are in NY, please visit this place. I know I am going back!",False,0,0,0,Pooja K.,en,"{'neg': 0.009, 'neu': 0.826, 'pos': 0.165, 'compound': 0.9928}",0.9928,0.165,0.009,0.826,positive
29,2024-07-04 15:07:05+00:00,4,"Flavorful and delicious food - more American / international forward taste with indian-inspired flavors. 

Portion sizes were on the smaller side but service was great and ambiance is perfect for a romantic date night or a work meeting.",True,1,1,1,Niab S.,en,"{'neg': 0.0, 'neu': 0.54, 'pos': 0.46, 'compound': 0.9812}",0.9812,0.46,0.0,0.54,positive
28,2024-07-05 21:13:19+00:00,4,"My post-birthday dinner spent with husband and daughter, was lovely.  At 7:00 p.m. Tuesday, the dining room was quiet. By 9:00 the place was jumpin'.

The menu is described as ""inventive Indian cuisine using global ingredients and techniques.""  One can choose the three or four course prix fixe.  We shared dishes, enabling us to sample so much more!  It's important to savor each bite, and even with small portions we had leftovers.  Everything, starting with the amuse bouche, was perfect.  The only dish not as well-received, was the tenderloin.  If vacillating about your main, go with the branzino.

Indian Accent's wine list is 20+ pages.  The sommelier, a lovely woman respectful of our budget, recommended a wonderful red.  I'll add that everyone in the restaurant was gracious and helpful.  

Indian Accent isn't necessarily the best restaurant I've gone to, but a smidge under five stars, it's worthy of excellent reviews.",True,7,2,6,Meredith R.,en,"{'neg': 0.034, 'neu': 0.776, 'pos': 0.19, 'compound': 0.9726}",0.9726,0.19,0.034,0.776,positive
27,2024-07-11 00:08:31+00:00,5,"This place deserves a 10 star, everything was curated and so flavour full, service was phenomenal. I went with a 4- course meal
1. Aloo sphere chat
2. Prawn appetiser 
3. Rumali roti+ghee roast lamb with butter chicken kulcha
4. Banana sticky cake 
I was impressed by the quantity of the food and presentation, menu had decent vegetarian options as well. I would recommend this place and it's a must visit",True,0,0,0,Niharika P.,en,"{'neg': 0.0, 'neu': 0.89, 'pos': 0.11, 'compound': 0.7717}",0.7717,0.11,0.0,0.89,positive
26,2024-07-14 02:44:55+00:00,5,"Can I get a HOLY SHIT in here?!! One of the best meals I've had in my LIFE.

My friends and I were celebrating a birthday and heard they take the CEO of our company to the India location of this restaurant when he visits so of course we gotta try it for ourselves. A reservation for 4 for a Monday night was easy to get a few weeks ahead of time. 

They offer a 3 or 4 course tasting menu (I'm not sure if they offer a la carte items). Definitely go for the 4 course because it's only $10 more than the three course. My friends and I coordinated and ordered something different for each course and then ate the dishes family style to try more options - definitely recommend! 

I forgot exactly what we ordered but every dish was an incredible fusion of classic Indian flavors with a few East Asian and california fresh inspiration. The highlights were the shrimp mid course, the brazino (sea bass) main, and everything in the dessert course. 

I also ordered the bourbon, apricot, and sage cocktail and was impressed that it was flavorful but not too sweet or watery. 

I will be dreaming of this meal for a while and scheming how to get back to New York to eat again.

Logistics:
- there's indoor and outdoor seating but avoid the outdoor because it was basically on the sidewalk and not the vibe for the tasting menu 
- reservations recommend
- it's Manhattan so there isn't really any parking but close to subways and Central Park
- you can create two different vegetarian or pescatarian tasting courses",True,0,0,0,Francie M.,en,"{'neg': 0.071, 'neu': 0.778, 'pos': 0.151, 'compound': 0.9673}",0.9673,0.151,0.071,0.778,positive
25,2024-07-23 18:17:17+00:00,5,Absolutely loved Indian Accent. 2 course meal with a variety of options. The chaat was delicious! The doda barfi and malai desserts were out of this world amazing!! Would return just for the dessert. Great and fast service. Restaurant is clean and great for photos. Paid garage parking adjacent.,True,0,0,0,Nitika G.,en,"{'neg': 0.0, 'neu': 0.594, 'pos': 0.406, 'compound': 0.9849}",0.9849,0.406,0.0,0.594,positive
24,2024-07-25 22:10:27+00:00,4,"Food has been a bit oily and tiering compared to the one I experienced last year around the same time. IA - you can do better and I expect a better whiskey list. I.e., include Jameson and JD which commoners like me prefer.",False,0,0,0,Praveen V.,en,"{'neg': 0.0, 'neu': 0.808, 'pos': 0.192, 'compound': 0.8074}",0.8074,0.192,0.0,0.808,positive
23,2024-08-01 19:45:30+00:00,4,"$800 for 3 ppl 
Only 2 drinks but boy it's expensive 
Love the fantastic food and ambiance 
That's a steep price not sure we will be doing it much often",False,0,0,0,P P.,en,"{'neg': 0.219, 'neu': 0.533, 'pos': 0.248, 'compound': 0.3087}",0.3087,0.248,0.219,0.533,positive
22,2024-08-10 16:14:38+00:00,4,Great food and service. Everything tasted amazing and was so unique. Server was very helpful. Overall a great experience.,False,0,0,0,Omkar H.,en,"{'neg': 0.0, 'neu': 0.458, 'pos': 0.542, 'compound': 0.9556}",0.9556,0.542,0.0,0.458,positive
21,2024-08-17 17:11:03+00:00,5,"Amazing food, service & Ambiance too. I like the chef tasting menu option here. We have visited here few times and the food is consistent and delicious always.",False,0,0,0,Ketna S.,en,"{'neg': 0.0, 'neu': 0.634, 'pos': 0.366, 'compound': 0.936}",0.936,0.366,0.0,0.634,positive
20,2024-08-19 16:59:09+00:00,1,"The food is a joke. Serving sizes are tiny (not small) you barely taste the food and it's finished. Ambiance is nothing. It doesn't feel like a classy place at all. With so many choices in the City, I would avoid this place and find any other Indian restaurant. Their servings are made for a doll house.",False,0,0,0,Vijay G.,en,"{'neg': 0.289, 'neu': 0.711, 'pos': 0.0, 'compound': -0.9662}",-0.9662,0.0,0.289,0.711,negative
19,2024-08-22 20:07:54+00:00,4,"I would honestly give this a place a 3.8 if I could on here.
The food was decent however not upto the mark like other nice Indian places in New York or like the Indian Accent in Delhi.

The service was good and they did offer us an anniversary cake which was very sweet of them and that doodha cake was great :) 

The ghee roast was good. The dal was average. Also felt the paneer dish was average and hard. 
The butter chicken naan was really good!!!",False,0,0,0,Surbhi C.,en,"{'neg': 0.068, 'neu': 0.65, 'pos': 0.282, 'compound': 0.9731}",0.9731,0.282,0.068,0.65,positive
18,2024-08-26 00:16:38+00:00,1,"First.  I can provide receipts with credit card statements.  

I was there yesterday with some friends from Pittsburg.  This place is a con and a trap.   Let me explain.  For anyone who knows Indian food even a bit, any mediocre resturant or a house cook can make better tasting food.  I think this place is geared for diners who are new to the taste of Indian food.   And cannot make out the difference between good and mediocre.   Absolutely bad food. Some dishes were also unhealthy in addition to below average, sub par taste.  

Let me talk about the ""trap"".   As soon as I entered, was given a firm statement. You have until 8 pm.  From then on, you are constantly looking at your watch.  I ordered the 4 course meal.   Had to gobble it up.  Have been to 100's of nice restaurants in NY over the last 30 years.  Never been forced to gobble up my food.  

I would rate it a 2 out of 10.  10 being the highest.   

Service was good.  Left a $100 tip.   Not the fault of the guys serving.  Fault lies with the ownership and management.   

There are many other high end Indian Resturant's in town.  Skip this one please.",False,0,0,0,Real Assets S.,en,"{'neg': 0.122, 'neu': 0.765, 'pos': 0.113, 'compound': -0.6213}",-0.6213,0.113,0.122,0.765,negative
17,2024-08-31 16:29:22+00:00,5,Excellent food and service! Loved the Burrata chat and the dal. Garlic naan and paratha were excellent as well.,False,0,0,0,Rema T.,en,"{'neg': 0.0, 'neu': 0.523, 'pos': 0.477, 'compound': 0.9286}",0.9286,0.477,0.0,0.523,positive
16,2024-09-02 19:10:07+00:00,5,Can't rave enough about this place. We tried several other India  fine dining restaurants in NYC. This place was the best by far. Excellent service. I can't think of anything negative to say about this place. We got the prefix 3 course. Start to finish it was just delicious. My favorite dessert was the tart. Do me a favor and get it. Skip the sticky banana dessert  IMO.,False,0,0,0,Shelly C.,en,"{'neg': 0.123, 'neu': 0.647, 'pos': 0.23, 'compound': 0.8625}",0.8625,0.23,0.123,0.647,positive
15,2024-09-16 23:42:32+00:00,2,"Potato sphere chaat and tofu medu vada were decent but soy keema, baked paneer very disappointing. Service was fine except one of new waiter was little bit nervous in explaining which is understandable! Good for one time but def not again. Overall less than average compared to other fine dining places in city for food and service.",False,0,0,0,Ashok H.,en,"{'neg': 0.282, 'neu': 0.668, 'pos': 0.05, 'compound': -0.9623}",-0.9623,0.05,0.282,0.668,negative
14,2024-09-18 18:16:59+00:00,5,"Fantastic restaurant, my wife and i went here before the theatre and had a wonderful time.    My vegetarian wife found lots to eat here and i found the food to be wonderful and authentic.   

The potato chat, the tikka malai, and the eggplant barrata were all fantastic.   

Highly recommend",False,0,0,0,Randy H.,en,"{'neg': 0.0, 'neu': 0.702, 'pos': 0.298, 'compound': 0.9545}",0.9545,0.298,0.0,0.702,positive
13,2024-09-21 00:13:43+00:00,5,"Fantastic place for an upscale, vegetarian-friendly pre fixe. I've been here twice and loved it both times! Attentive service, spacious restaurant, and great flavor combinations. My favorites were the mushroom kulcha, pumpkin soup, and malai dessert. Would love to visit again!",False,0,0,0,Mimi N.,en,"{'neg': 0.0, 'neu': 0.55, 'pos': 0.45, 'compound': 0.9831}",0.9831,0.45,0.0,0.55,positive
12,2024-10-13 21:49:11+00:00,5,"This was an interesting chance to try some fusion Indian food that's more aligned with western fine dining. My friends and I each had the three course lunch. All the dishes were tasty and beautifully presented.

- First Course -
Pao bhaji - incredible. The bread was fluffy and buttery with subtle herbal flavor, and the curry was warm and spicy. The ricotta vada added nice textural contrast.

Shakarkhandi - subtle sweet and sour flavors with a starchy sweet potato, and nice crunch from the okra. I wasn't expecting this dish to be cold, but it was otherwise fine.

Tofu vadai - a bit soft for my taste, but great presentation. Probably the best looking dish in my opinion.

- Main Course -
Potato kofta - the kofta have a breadcrumb coating which gives it a crispier texture than what you'd see at a typical Indian restaurant. The choice to serve it over khadi (sour yogurt based curry) instead of the standard cashew and cream based gravy was unexpected, but good.

Uttapam - I'm vegetarian, so I didn't try this.

- Side Dishes -
Chana masala kulcha - probably my favorite part of the meal, even though it was just a side. The bread is fluffy and stuffed with a spicy, rich chana masala. The bread is hearty and can basically be eaten on its own. Don't miss it!

Raita - more or less standard, though I've never seen avocado in raita before. Not bad, but not special.

Sesame vegetables - a nice side dish, but nothing special. It's stir fried vegetables with a sesame paste based sauce.

- Dessert -
Doda barfi - absolutely delicious warm tart with heavy toffee like flavor, paired with a light ice cream and crunchy bits on top. This was a top contender for my favorite part of the meal as well and definitely stepped up the whole experience. 

Cheesecake and kheer - this was the dairy free dessert option. The flavors are nice and light, and nothing is too sweet.

Banana sticky cake - a nice warm banana bread. The ice cream has a unique flavor from the jaggery, and I really enjoyed it.

The restaurant was fantastic about handling dietary restrictions. After tax and tip, the meal worked out to about $68, which is worth it for the experience.",True,0,0,0,Vishnu G.,en,"{'neg': 0.031, 'neu': 0.702, 'pos': 0.267, 'compound': 0.9987}",0.9987,0.267,0.031,0.702,positive
11,2024-10-14 00:19:48+00:00,4,"I can always appreciate good Indian food and can say we enjoyed our dinner here. We had reservation for a weekend dinner and service was overall friendly and helpful. 

We liked the food and the fine dining Indian cuisine. Lots of different flavors that came through the spices with each meal uniquely special and separate from another.

Intimate spot that's dimly lit and definitely has that upscale restaurant energy. If you like Indian food, I'd say this place is worth a try for sure.",True,0,0,0,Aram L.,en,"{'neg': 0.028, 'neu': 0.615, 'pos': 0.357, 'compound': 0.9871}",0.9871,0.357,0.028,0.615,positive
10,2024-10-18 00:53:38+00:00,5,Excellent take on Indian food done at a very high level of quality and flavor and sophistication. The service was excellent and the ambiance very pleasant.,False,0,0,0,Riz C.,en,"{'neg': 0.0, 'neu': 0.653, 'pos': 0.347, 'compound': 0.9134}",0.9134,0.347,0.0,0.653,positive
9,2024-11-04 23:38:36+00:00,5,"Came here for Diwali and even though there were minor mishaps with the service, I would come back here for the ghee roast lamb! It honestly was such a phenomenal dish!! Especially with the sauces and roomali rotis (sort of like small versions of the pancakes you get with Peking duck). Ambiance is nice, but like the service, not anything special. Would return for the food! If you go, get the lamb!",True,0,0,0,Pooja G.,en,"{'neg': 0.068, 'neu': 0.805, 'pos': 0.127, 'compound': 0.5692}",0.5692,0.127,0.068,0.805,positive
8,2024-12-02 04:05:33+00:00,5,"Definitely one of my new favorite NYC spots. This place struck a perfect balance of Indian flavors while being creative with other fusions. The dal, the lamb, the tikka masala, the chaat, absolutely everything was perfect. Hugely recommended!",True,0,0,0,Jake B.,en,"{'neg': 0.04, 'neu': 0.595, 'pos': 0.365, 'compound': 0.9467}",0.9467,0.365,0.04,0.595,positive
7,2024-12-08 23:40:24+00:00,5,"Indian Accent is a culinary masterpiece! The innovative fusion of traditional Indian flavors with modern techniques is truly impressive. Every dish is a work of art, both visually and taste-wise. The service is impeccable, and the ambiance is elegant and sophisticated.",False,0,0,0,Aarushi K.,en,"{'neg': 0.0, 'neu': 0.553, 'pos': 0.447, 'compound': 0.9796}",0.9796,0.447,0.0,0.553,positive
6,2024-12-12 00:13:39+00:00,4,"We came here to celebrate my husband's birthday and picked the 3 course option, which was more than enough food. The ambience is nice and the service superb. I enjoyed the food as well, but noticed that I'm not the biggest fan of fusion dishes in general. They did have some fun options though!",True,0,0,0,Marina B.,en,"{'neg': 0.039, 'neu': 0.718, 'pos': 0.243, 'compound': 0.8956}",0.8956,0.243,0.039,0.718,positive
5,2024-12-28 18:32:10+00:00,5,I highly recommend this place! We came here for dinner and the three course menu was AMAZING. Truly worth the price - the concept was an interesting take on Indian food and just so decadent and rich. Definitely come here for a great meal and beautiful interior,True,0,0,0,Neha M.,en,"{'neg': 0.0, 'neu': 0.541, 'pos': 0.459, 'compound': 0.9829}",0.9829,0.459,0.0,0.541,positive
4,2024-12-29 04:30:17+00:00,5,"Such an experience. Probably the best service/most attention from dining staff that I have ever received during a dining experience in New York City. The food was incredible, one of the few places I've been to that has done Indian fusion right. If my mom knew how much I spent on medhu vadai and khichdi she would probably kill me but personally it was well worth it. Some of my favorite items were the pulled jackfruit phulka (unique and tasted incredible), the tofu medhu vadai (to my South Indian friends pls don't make fun of me it was really good), the baked paneer with soy kheema, the khichdi (pls don't make fun of me for this either it was incredible) and the makhan malai.",True,0,0,0,Preethi N.,en,"{'neg': 0.079, 'neu': 0.798, 'pos': 0.123, 'compound': 0.6242}",0.6242,0.123,0.079,0.798,positive
3,2025-01-02 00:25:48+00:00,5,"Excellent Spot.  Very interesting take on the Indian cuisine.  Although some dishes left me scratching my head a little bit.  

We came here for a business lunch.  The 3 course tasting is second to none.  The atmosphere is very posh with coat check at the door and quiet service with all the servers doing everything quietly and precisely as if the well choreographed military operation. :)  The dishes are very tasty but Sweet Pickle Pork Ribs although excellent puzzles me still.

Had a 3 course:

Sweet Pickle Pork Ribs,
Baked Barramundi with side of Kashmiri Morel Pulao
Barfi Treacle Tart.

All melting on your tongue like the best dishes should.",True,0,0,0,Mikhail V.,en,"{'neg': 0.0, 'neu': 0.734, 'pos': 0.266, 'compound': 0.9877}",0.9877,0.266,0.0,0.734,positive
2,2025-01-09 15:31:05+00:00,1,"I left a review already but I think it deleted. We went for dinner on January 6, I got food poisoning the morning of January 7 and my mom got food poisoning the night of January 8. I have recovered enough to type this but my mom is still going through it. We shared the chicken malai tika. To add insult to injury, the service was overall rude. PLEASE don't go here.",False,0,0,0,Thea B.,en,"{'neg': 0.29, 'neu': 0.633, 'pos': 0.077, 'compound': -0.9747}",-0.9747,0.077,0.29,0.633,negative
1,2025-01-25 19:40:47+00:00,5,"Had a lovely experience here with my family. The tasting menu had several vegetarian options and everything we ordered was both unique and tested phenomenal. Even though the courses were smaller, by the end of our meal we were all stuffed and didn't even have room for dessert. The service was excellent and attentive.",True,0,0,0,Raj D.,en,"{'neg': 0.0, 'neu': 0.805, 'pos': 0.195, 'compound': 0.9201}",0.9201,0.195,0.0,0.805,positive
0,2025-02-23 19:48:35+00:00,5,"This is my favorite midtown 
* upscale restaurant (it feels like upscale French, Italian, steak)
* Indian restaurant (the food is thoughtfully prepared and ventures into the ""fusion"" world)
* chill restaurant (you don't feel it's upscale or Indian, just relaxing)
Maybe one of these days they'll give me a seat as a walk-in! 
;)",False,0,0,0,Bill B.,en,"{'neg': 0.0, 'neu': 0.785, 'pos': 0.215, 'compound': 0.8832}",0.8832,0.215,0.0,0.785,positive
