,date,rating,review_text,is_elite,useful_count,funny_count,cool_count,user_name,language,sentiment_scores,sentiment_compound,sentiment_pos,sentiment_neg,sentiment_neu,sentiment
470,2022-11-02 23:06:35+00:00,5,"The new restaurant right in the middle of Lincoln Center, from Chef Kwame Onwuachi, as the name obviously indicates.

All the food we tried was great, served in a gorgeous dining room with views of the Revson Fountain and the rest of Lincoln Center surrounding it.

It's obviously not cheap given the location, but well worth it especially for dishes like the Curried Goat Patties ($18 for 3) and the Hamachi Escovitch ($22) to start, followed by the Short Rib Pastrami Suya ($50), a show stopper of an entree.

Don't leave without the Rainbow Cookie Panna Cotta ($16) too, the only dessert currently, with more additions apparently coming soon (I'm going to need to come back for those Truffled Chopped Cheese Buns from all of the opening press that wasn't yet on the menu tonight).",True,10,3,7,Mike C.,en,"{'neg': 0.012, 'neu': 0.883, 'pos': 0.105, 'compound': 0.9038}",0.9038,0.105,0.012,0.883,positive
469,2022-11-04 22:53:02+00:00,5,"It's going to be very easy to rave about the food  and ambiance and the staff. The flavor choices are bold and exciting, yet the chicken reminded me of a Sunday family dinner but with a dynamic element of a little heat and the acidity of the lime. I really enjoyed the Peri Peri salad. Savory with a kick of heat and then bursts of sweetness with the grapes. The mushrooms were my absolute favorite. Meaty and yet balanced well with the ginger and plum sauce. 

Highly recommend! Kwame Onwuachi has brought a fantastic dining experience to New York that is fresh and new yet the food tastes comforting and familial. We dined at the bar and ended up having fantastic conversations with the staff and the people sitting next to us. From the ambiance to the food to the people - it's a place you want to be. 

Such a great evening out! Everything 5 stars! I only wish I could give it more.",False,1,0,0,H L D D.,en,"{'neg': 0.0, 'neu': 0.672, 'pos': 0.328, 'compound': 0.9969}",0.9969,0.328,0.0,0.672,positive
468,2022-11-13 02:22:37+00:00,5,"Wedged in the middle of Lincoln Center, literally a stone's throw away from the fountain, Tatiana shouldn't be good.  It should be overpriced and unoriginal food in a sterilized box filled with theatergoers and tourists.

But as his Top Chef devotees and other acolytes know well, Kwame Onwuachi has never been one to adhere to convention.  And so it is fitting that in his first foray into restaurant ownership in his hometown, Chef Kwame has planted a genuinely cool and unique restaurant smack in the middle of a quintessential tourist trap.

The small, dimly lit dining room has a certain energy to it, enclosed in floor-to-ceiling glass windows looking out onto the Center and glowing in ambient light piped in through new-age light fixtures that look like they were taken from outer space.  The space is sleek and stylish, but warm and inviting too.  

But what sets Tatiana apart are the menu and the food.  Noah X is not sure that he has ever had elevated Caribbean before (Miss Lily's doesn't count).  But he left this meal wondering where this cuisine had been all his life.  

As he tucked into his first of several goat patties, he began to contemplate whether he would be satisfied eating these and only these for the rest of his life.  (He would.)  And the piri piri salad was surprisingly delightful, the perfect amalgam of sweet, salt, acid, and heat.  For dinner, the pastrami short rib is a signature dish (though should come with a side of a Lipitor prescription and Tums).  It ate beautifully, as the meat fell off the bone and melded together perfectly with the bright cabbage to cut through the fat.

The drinks are not to be missed, either--brilliantly-crafted and inventive cocktails that arrive to your table quickly.  

In an age where so many new restaurants elevate style over substance, Tatiana proves that you can have both.  Tourists, boomers, millenials, and TikTokers unite:  you will all enjoy this place.",False,0,0,0,Noah X.,en,"{'neg': 0.049, 'neu': 0.759, 'pos': 0.193, 'compound': 0.9957}",0.9957,0.193,0.049,0.759,positive
467,2022-11-13 18:48:52+00:00,5,"I cannot recommend highly enough. Excellent food and great vibes. Kwame was working the floor - which I loved. He introduced himself to us, and nearly every table. You can just tell this is his passion, dancing and singing to old school Usher with staff. Food rundown:

-Dumplings - 8.5/10, go great w/ house hot sauce
-Truffled Chopped Cheese - 7/10, tbh a little dry
-Mushrooms - 11/10, honestly the best thing ever
-Pastrami Suya - 10.5/10, an absolute must try 

Personally obsessed with the mushrooms. One of the best things I've ever eaten. Mushrooms, scallion pancakes.. plum sauce?! Epic.

Suya was just as good as I had read, short rib fell off the bone. Rolls also 10/10, dead.

TL;DR surprisingly vibrant energy for Lincoln Center - 1000% get either the mushrooms or suya",False,4,1,3,Hope F.,en,"{'neg': 0.119, 'neu': 0.634, 'pos': 0.247, 'compound': 0.9704}",0.9704,0.247,0.119,0.634,positive
466,2022-11-16 00:02:28+00:00,5,"Kaydene is wonderful. We came here because I have known SOMM Amy from Sons & Daughter Michelin Stared in San Francisco. Saw her post on IG, then realize chef Kwame Onwuachi we met him at James Beard Foundation Award event in Chicago 2021. We were sitting on his table where he spoke!

I love to support minority chef and the kind of food that warm my belly and my heart :-) the server got me the fresh chili , I appreciate it so much!

The style is Afro Caribbean opening at Lincoln Center, at 10 Lincoln Center Plaza, near Columbus Avenue. This is chef Onwuachi's first in New York, is an homage to the chef's roots in Nigeria, Jamaica, Trinidad, New Orleans, and his upbringing in New York. They open for dinner on November in the gorgeous a $550 million newly renovated at the center's David Geffen Hall.

Taking his experience from Michelin-starred Per Se and Eleven Madison Park, chef Onwuachi was also the contestant on Top Chef. He opened with 2 popular spots in Washington D.C.: the Shaw Bijou, a fine dining Kith and Kin, where chef was won a James Beard award in 2019 -- and resigned roughly a year later.

We love everything and every dish we had! The bomb rib. Melt in your mouth, falling apart by itself, oh you are so meaty goodness!

The Goat curry, the rice and peas, the truffle cheese, wish I have a second belly to indulge it all. I look like 6 months Preggo when we are done! HA!

The wine list is so reasonable for this part of town and worldwide list, many bottles under $100, unheard of price point here!

The cocktails is yummy! 

The service is impeccable, genuine, and I love to see faces that represent the food and culture.

Wishing you success chef, I'm a FAN. 

Book your reservation ASAP! Tell them @1MandaBear send you :)",False,6,6,6,Manda Bear B.,en,"{'neg': 0.027, 'neu': 0.747, 'pos': 0.227, 'compound': 0.9973}",0.9973,0.227,0.027,0.747,positive
465,2022-11-19 19:17:59+00:00,5,"Totally blown away with how amazing our experience was at Tatiana!  The ambiance of the restaurant is absolutely stunning, and we were warmly welcomed & promptly seated.  We ordered a wide variety of the menu & absolutely loved everything we had.  The egusi dumplings were a perfect starter, along with the hamachi, the lamb hummus & the scallops.  Everything was filled with flavor and so creative & innovative.  Another standout was the truffle chopped cheese, a high end take on a NY classic & absolutely divine!  We ordered both the pastrami & shrimps as our mains & loved both.  The pastrami was so tender, definitely the best I've ever tried.  It comes with bread & cabbage, making it the perfect complete dish.  The shrimps are huge & full of flavor from the buttery sauce, delicious.  We finished off with the rainbow cookie panna cotta for desert which was the perfect light way to end our epic meal.  Cocktails were also creative & refreshing.  Service was 10/10, very attentive & gave great recommendations on the menu.  We cannot wait to come back & try kwame's other fantastic dishes.  There is nowhere else like tatiana!",False,2,1,1,Rachel G.,en,"{'neg': 0.014, 'neu': 0.633, 'pos': 0.353, 'compound': 0.998}",0.998,0.353,0.014,0.633,positive
464,2022-11-21 13:24:03+00:00,5,"Wow, what a treat dining at Tatiana. We shared the egusi dumplings, truffle chopped cheese, take-out mushrooms, sofrito roasted chicken, rice, and bodega special. We did not have one bad bite all night.

The dumplings were perfectly seared. The truffle chopped cheese paired well with the ribeye and had a nicely balanced flavor. The take-out mushrooms were exceptional. The texture of the mushrooms was perfect with a delightful umami flavor. The chicken was unbelievable - amazingly juicy and moist, perfectly roasted, with a delicious stew around it. The rice was actually one of the best rices I've ever had. The bodega special was good too - a clever take on a nostalgic favorite and creative with the powdered donut ice cream.

I can't wait to coming back. Highly recommend!",False,2,0,0,Rebecca S.,en,"{'neg': 0.015, 'neu': 0.553, 'pos': 0.432, 'compound': 0.9973}",0.9973,0.432,0.015,0.553,positive
463,2022-11-23 18:28:10+00:00,5,"First thing to know: you are in for a treat! From the service, to the overall dining experience, and oh yea, the tunes playing in the background (contemporary hip-hop and r&b). I came on a Tuesday night, and needless to say, it was a vibe. 

Now, let's get to the food! Note: the flavors were bold, authentic and simultaneously sophisticated. 

Small Plates: Egusi Dumplings (one of my favs, though egusi isn't something I eat frequently). Each dumpling was packed with flavors and a punch of spice. The Curried Goat Pastries were also incredible  (definitely one of their classic hit). Lastly, the Truffle Chopped Cheese. Now, if you're a person who've had a chopped cheese or grew up eating them (from a corner store), don't expect those same flavors. This is definitely a more refined version, and although different, it was a great bite-- worth trying for sure! 

Entrees: The Mom Dukes Shrimps were off the chain! Perfectly cooked, great size, and o-m-g that sauce! Not to mention the perfectly buttered toast it's paired with.. that thing just melts in your mouth, whew! We also ordered the braised oxtails of course, which were pretty good (don't expect them to be spicy though). 

Highlight of my experience: Chef Kwame calling me out for eating the oxtail with a fork and knife! ""What are you doing? Now I know you know how to eat oxtails.... This is home, you better pick it up and eat it!"" 

Highly, highly recommend. High-end dining with a twist of home!",True,4,5,2,Shirley D.,en,"{'neg': 0.019, 'neu': 0.796, 'pos': 0.185, 'compound': 0.9923}",0.9923,0.185,0.019,0.796,positive
462,2022-11-24 13:14:35+00:00,5,"What an addition to the area, and all of New York.  Amazing ambiance, upbeat and alive but also refined dining.  Great drinks, too.  Can't wait to come back very very often.",False,0,1,0,Jason R.,en,"{'neg': 0.0, 'neu': 0.666, 'pos': 0.334, 'compound': 0.9262}",0.9262,0.334,0.0,0.666,positive
461,2022-11-25 15:11:26+00:00,5,"Upscale fine dining and at an affordable price. GOD, Chef Kwame just marry me already! Okay, not me, but I absolutely loved everything about this restaurant.  First, I was floored by the affordability of the menu and wine selection. I am happy that TATIANA is an upscale restaurant that is not exclusive. In its 4th week, the TATIANA staffing provided a professional, warm, fun, and flawless fine dining experience. It was the hostesses for me! The moment I saw these lovely ladies I knew we were going to have a great time. I DID NOT feel as if I was walking into a country club seeking approval. Our server Jake was an awesome guide for the evening, helped us make good selections. The sommelier, Andrew, was pleasant and patient as we talked through wine selections. He even started us off with some bubbles as we finalized our decision (appreciate that). But what made US feel appreciated is that Chef Kwame made his rounds checking in on guest and even stopping for a little conversation. He is charismatic and it made me smile to see this young brotha working his floor. TATIANA is a beautiful space (beautiful and clean bathroom). You can tell that they really do work towards inclusivity and want this to be a restaurant where all can come and enjoy the fire ass food!

THE FOOD - nothing salty, perfectly balanced seasonings and flavors. No condiments needed! Although the scotch bonnet pepper sauce was 

Cucumber Salad: ma'am. What. The flavors bursting in my mouth! These little Pearl radishes and bits of minty to off set some of the spice. Absolutely delicious. 

Egusi Crab Dumplings: perfect. Just perfect. Just...perfect. Perfect crisp. 

Take-Out Mushrooms: laaaawd! Our server was right, definitely a stand out dish that got you thinking about it days later. Never have I had a mushroom dish so tasty, so filling, so impressive. I did not love their spin on the scallion pancake, it was too pancake/waffle batter like for my preference, but best believe I hate a few slices. Just a wonderful dish. 

Brown Stew Snapper: hella good. I'm trying to understand where they found boneless/eyeless whole fish at LOL this was a very tasty fish that I enjoyed with some of the scotch bonnet pepper sauce. I definitely wanted more of the stewed onions that were on top but a perfectly seasoned dish nonetheless. 

Excited to follow Chef Kwame's journey. If y'all got his Spotify profile, please share. He curated a damn a good playlist. I was literally dancing to the bathroom. And may I say, the pumpkin coconut candle burning in the bathroom smelled marvelous!",True,3,1,3,Robbin R.,en,"{'neg': 0.077, 'neu': 0.596, 'pos': 0.328, 'compound': 0.9995}",0.9995,0.328,0.077,0.596,positive
460,2022-11-25 21:51:32+00:00,5,"I came here for my birthday and it was an amazing experience. It was opening weekend and everything was so seamless you would have thought it's been open for awhile. 

Now the food! Amazing! I am Bajan American, but Jamaican, Haitian by association without the accents lol. All of that to say, I know how to appreciate authentic Caribbean food and that was IT! 

The Chef came out and talked to everyone at their table to gauge their experiences which was also a nice touch. 

I went back a few days later, just to grab a drink before the movies and I was able to relax at the bar and enjoy the music and vibe. The drinks were also spot on. 

I will be back",False,3,3,1,Ebonie T.,en,"{'neg': 0.023, 'neu': 0.819, 'pos': 0.158, 'compound': 0.9588}",0.9588,0.158,0.023,0.819,positive
459,2022-12-02 05:47:06+00:00,5,"Amazing!! The goat patties was one of the best things I've ever had. Also loved the cosmic brownie, the powdered sugar donut icecream it comes with is soo extremely cool and fun. The hot sauce is fantastic too.",True,1,0,0,Jaana S.,en,"{'neg': 0.0, 'neu': 0.59, 'pos': 0.41, 'compound': 0.9727}",0.9727,0.41,0.0,0.59,positive
458,2022-12-04 04:49:35+00:00,5,"One of the best meals I have ever eaten.  Our server was super friendly and very knowledgeable for a new restaurant.  We has the black bean hummus, curried goat patties, honey nut peri peri salad and hamachi escovitch from the small shares.  We also got the brown stew snapper, take-out mushrooms and short rib pastrami suya. The pastrami dish was amazing - it melted in your mouth.  For dessert we got all three desserts.  The cheese cake was the table favorite but the brownie and rainbow cookie panna cotta were also very good. Kwame was at the restaurant and came over and took a photo with my daughter for her birthday.  I'm hoping that he changes the menu periodically so we can come back and try more delicious items. The room was nicely decorated and we were able to hear each other talk.",False,1,0,1,Barbara R.,en,"{'neg': 0.015, 'neu': 0.77, 'pos': 0.215, 'compound': 0.9876}",0.9876,0.215,0.015,0.77,positive
457,2022-12-07 01:36:54+00:00,5,"We had high expectations despite this restaurant only being about a month old, and still our expectations were exceeded. There was not one flaw to our entire experience. Everything from the cocktails to the small bites to the entrees were complete perfection. The pina pina cocktail in particular was so good, we ordered multiple. We are no stranger to a good crudo, and tend to order one anytime we see it on the menu but somehow Kwame's exceeded any others we've had before. It was like a flavor explosion, but somehow the taste of the hamachi was not overpowered. Fantastic and a must try. The oxtail came with rice and peas and both were also insanely tasty and unique. The oxtail was so tender and delicious I could drink that sauce. The pastrami short rib was the showstopper. The way the meat crisps up around the bone, but there is tender and delicious meat once you break past the exterior... insane. My husband who does not typically like pastrami even agreed it was the best part of the meal. The cabbage and bread it came with were also both so fantastic. It reminded me of a much more flavorful version of the traditional Irish corned beef and cabbage. The meal was on the pricey side but for the location and quality, we feel the pricing is fair. We will certainly be back and will struggle to decide whether or not to order something new or repeat this exact fantastic lineup. Thank you to the team for a great experience!",True,1,0,0,Sam L.,en,"{'neg': 0.057, 'neu': 0.645, 'pos': 0.298, 'compound': 0.9986}",0.9986,0.298,0.057,0.645,positive
456,2022-12-08 05:11:20+00:00,5,"Just wow! We basically had everything on the menu and it was incredible. Talented young chef, amazing atmosphere with great vibing music. The short rib, chicken, and mushrooms were my favorite! Oh and all the desserts  cookie crumble panna cotta!",False,0,0,0,Will S.,en,"{'neg': 0.0, 'neu': 0.65, 'pos': 0.35, 'compound': 0.9632}",0.9632,0.35,0.0,0.65,positive
455,2022-12-08 23:42:15+00:00,5,"Welcome home Chef Kwame!!! It's only been a few weeks but this is already my most anticipated reservation of 2022. 

After his last (incredible) restaurant closed in DC, I knew it was only a matter of time before Chef Kwame came back to NY. He's back and I loved every minute of my visit. 

For the food, I loved the curry goat patties and the steak. Both had lots of flavor and were cooked very well. The egusi dumplings were my least liked dish but it was my first time eating it so no love lost on that item. I also really enjoyed the scallops (but laughed at how tiny they were lol). Thanks to the waitress for warning us about it prior to ordering. For the drinks, I had 2 cocktails that I liked but I was more excited to see that McBride Sisters wine is on the menu :). 

I went opening week so there have been many changes to the menu already that I'm looking forward to. I'm calling it now, this spot will be in heavy rotation for me in 2023.",True,9,1,4,Jessica C.,en,"{'neg': 0.105, 'neu': 0.712, 'pos': 0.183, 'compound': 0.9644}",0.9644,0.183,0.105,0.712,positive
454,2022-12-09 17:26:37+00:00,5,"Our meal at Tatiana was excellent. There was such a variety of flavors across the spectrum of African, Caribbean, and Louisianan. The staff were very attentive, from the host to the servers. Looking forward to going back!",False,0,0,0,Justin S.,en,"{'neg': 0.0, 'neu': 0.793, 'pos': 0.207, 'compound': 0.8716}",0.8716,0.207,0.0,0.793,positive
453,2022-12-12 16:20:57+00:00,5,"Chef Kwame has put it all together at Tatiana. From the moment you enter, the vibe is high energy with the very sophisticated decor and great music. The food is exceptional. We had the goat meat patties, nicely flavored meat in a crispy pastry. The pastrami, oxtails and mushroom dishes were all bursting with unique flavors. You have to eat the oxtails with your fingers to really enjoy the flavors. The cheesecake and Bodega brownie were outstanding. Service was excellent and very attentive. Chef Kwame is a great young man who has accomplished a lot and I am so happy to have met him at Tatiana. Much success to him and his team. His book tells his story.",False,0,0,0,John M.,en,"{'neg': 0.0, 'neu': 0.675, 'pos': 0.325, 'compound': 0.9941}",0.9941,0.325,0.0,0.675,positive
452,2022-12-14 03:15:44+00:00,5,"My commute was dastardly as it was raining and decided not to drive as you know I most often go for *free* street parking but this culinary experience at the lincoln center made up for it ! The rain however magically stopped when I arrived and though I had to walk around a bit to find the entrance I didnt mind getting caught up in the nostalgia of Lincoln Center on a dewy fall evening (insider tip the entrance to Tatiana is closer to the infamous steps at the lincoln center facing Broadway) .

Upon locating entrance, I was greeted inside a dimly lit restaurant with friendly greeters. And the music, baby, definitely a vibe. Once seated, i had memorized the menu and knew instantly what I wanted; inalso thought i memorized them prices but I guess I was wrong byt this meal was so worth it. Tatiana actually restored my faith in the recently mediocore dining scene in NYC. Like not only was this place running up numbers on the insta side of things, the food, the food also is worthy ... the  instagrammable moment meets fine dining thats actually a success! 

Okay let me get into the food. So if you haven't caught on everything was 10/10 except the oxtails .... 

Curried Goat Patties - yo where have these been my whole life 
Egusi Dumplings - spicy and flavorful; texture of dumpling not gummy and just smooth
Truffle Chopped Cheese - chopped cheese with just the right amount of truffle; nothing overpowering ; the bread was soft and tasty
Salmon Creole - ordered this because it had okra. Okra was bomb. Flavorful in a creole way and not spicy. Salmon was cooked perfect and paired nicely with the tomatoe based sauce and okra
Braised Oxtail  - fall off the bone oxtails but hit my palate with an oily covering that could have been toned down and amped up with  more spices to give it more carribean vibes unless thats not where chef was going and i can respect that... 

i soon realized that the dishes were a play on different cultures and i enjoyed this epcot like experience of the melting pot of NY. The drinks were litisha and our server who was also a manager was just the sweetest. I noticed the chef stopping by a few tables to say hi and i definitely got FOMo when the chef didn't say hi to me but that's cool imma always support next stop the family cookout !

Ooo you may also spot a celebrity or too while dining ... i will keep quiet on who my sis peeped in the crowd. 

My goal is to win Guiness record and try everything off of the menu.",True,10,4,7,Asiah C.,en,"{'neg': 0.074, 'neu': 0.74, 'pos': 0.186, 'compound': 0.9965}",0.9965,0.186,0.074,0.74,positive
451,2022-12-21 00:20:39+00:00,5,"Went to this spot for a ladies night out, the vibe was amazing. Service from the door was very accommodating. The interior design was very elegant. The lighting in the restaurant set a great mood. The drinks were just right. My friend has the Egusi dumplings. She said they were really good. They had to be since she was quiet while eating them lol. I had the takeout mushrooms which were phenomenal. So much flavor in each and every bite. As a plant based eater I was so happy to enjoy a wonderful meal here.",False,1,0,0,Isoken O.,en,"{'neg': 0.011, 'neu': 0.687, 'pos': 0.302, 'compound': 0.9886}",0.9886,0.302,0.011,0.687,positive
450,2022-12-23 04:05:30+00:00,5,"Living in lincoln square We were excited to try Tatania.  The space is sophisticated and hip.  The beaded curtains reminded those of us of a certain age of  the four seasons of ages ago, giving great views of the plaza and people going to the Met and State theater ( as we knew it back in the day) Reception was a bit cool but things warmed up once we met our excellent wait person Beatrice. The food was amazing. 
Hamachi delicious, fragrent of lime  and cilantro. The fried okra was a revelation. We liked it hot and spicy but you can ask for less heat if that's your thing.  Truffled chopped cheese is a must try...have never had anything like it.     Husband's oxtails were savory and the rice seasoned well.  I had the sazon chicken which was accompanied by a soffrito stew with olives  that was bursting with flavor. We were amazed at the balances the chef achieved in each dish.  Spurred by the  inventive use of spice and heat we figured we had to try dessert and that's where things fell flat.  Ugh what a let down.  Dont ask and we won't tell.   Please work on that chef.   Wines by the glass were  very good with generous pours. Beatrice our waitperson was wonderful, the service was great.
The music was good but  a bit loud .
So glad to see a vibrant hip place and talented chef at Geffen.  Wishing Tatania much  success.",False,0,0,0,John S.,en,"{'neg': 0.043, 'neu': 0.65, 'pos': 0.308, 'compound': 0.9982}",0.9982,0.308,0.043,0.65,positive
449,2022-12-23 16:02:27+00:00,5,"Yea baby. It's really like that. No way in the world an Afro-Caribbean inspired, upscale restaurant could come to NYC and not see me. I've been a huge fan of Chef Kwame since Top Chef and as he penned ""A Love Letter to NYC"" with this menu, I happily dove right in.

First things first, you get your reservations on Resy. Make sure you select ""notify"" for any cancellations, this is how I snagged my res. Resy gives clear instructions on how to find the golden doors within Lincoln Center's Plaza and upon entering, your met with low purple toned lights with gold decor and accents. Royalty baby.

We basically ordered the entire menu, but the standouts to me were the Curry Goat Patties, Scallops, Truffle Chopped Cheese, Green Caesar, Pastrami and the Cosmic Brownie. Along with my Nutcracker Cocktail. The food is delicious, there's no question about it. But eating with the frame of mind that this is a love letter to NYC, he hit the staples on the head. With each bite came a nostalgic feeling, a story, it evoked feelings and sentiments of home. Not being from the Africas or Caribbean, but growing up in NYC, it was a perfect blend of all that I've been raised in. A 10/10 dining experience. All of my senses were through the roof.

You better go 'head now Chef Kwame",True,12,5,7,Sojourner E.,en,"{'neg': 0.024, 'neu': 0.798, 'pos': 0.178, 'compound': 0.9902}",0.9902,0.178,0.024,0.798,positive
448,2022-12-24 02:10:44+00:00,5,"Definitely top 5 dining experiences. Everything was delicious. Service was great, our waitress was very attentive. Ambience adds to the flavors of the food. It's honestly the best of both worlds culturally, atmosphere, music. Definitely will return. 

We also got oxtails (not pictured)",False,5,0,1,Anaya R.,en,"{'neg': 0.0, 'neu': 0.528, 'pos': 0.472, 'compound': 0.9854}",0.9854,0.472,0.0,0.528,positive
447,2022-12-25 19:02:53+00:00,5,"My Gosh. Chef Kwame has got this place down. From the moment you walk in, you are swooped into this soulful swanky atmosphere. That playlist is on point. The staff is incredibly hospitable and professional. We arrived 20 min late for our reservation ( we did contact the restaurant). I was super stressed and upset about it ( it was my fault) but the hostess literally said nothing and greeted us like we were on time. That was so nice. Our server was so helpful. She walked us through the menu and the concept of shared plates. Very knowledgeable.

Drinks: so good that we had 2 rounds! 
Strawberry Margarita- perfectly mix of sweet and tart.
Drink #2: I can't remember the name of this drink for the life of me,  but is was made with Appleton Rum and it also had a sweet tartness in a different way. So divine. 

Food:
Small Plates:
Egusi Dumplings- good amount of spice. The crab paired nice with the red stew sauce. The dumpling exterior had that good crunch followed by chewy balance.
Curried Goat Patties- MUST TRY-let me tell you about this!!! Nice spicy bite, perfect amount of heat complimented by the side sauces...AND THAT CRUST! The ideal vehicle for the goat filling. Perfect crunch- the texture and taste. I could eat the crust alone all day. 
Scallops- well cooked. The combination of the confit made for a tasty bite.
Large Plates:
Brown Stew Red Snapper: MUST TRY- well prepared snapper with brown stew. Rice and beans were a nice touch. I would come back and order this again!
Short Rib Pastrami Suya- this dish is not all presentation. An upscale deconstructed pastrami sandwich- the meat is so tender it falls off the bone. I had my partner fix his own plate so he could experience the satisfaction of shredding the juicy tender meat off the bone as I did: The cocoa bread was warm with a glazed exterior and a nice chew. I was in heaven. It indeed felt like a warm hug. 

We ended the meal with the bodega special. Shout out to our server who fulfilled our request for us to take it to go. She even brought it out unpacked so we could take a look at it! Happy to report we reached our hotel with the ice cream intact! The brownie is one childhood dreams are made out of. And that powdered donut ice cream? I was taken straight back to my days of binging bodega powdered donuts. Talk about an infusion.

It was so perfect for our anniversary dinner. I'm coming back with the whole fam. Too good to not enjoy multiple times. I hope we get to meet Chef Kwame one day at the restaurant. Would be icing on the cake! 5",False,6,2,3,Cynthia A.,en,"{'neg': 0.042, 'neu': 0.642, 'pos': 0.316, 'compound': 0.9996}",0.9996,0.316,0.042,0.642,positive
446,2022-12-28 03:11:41+00:00,4,"Not easy to find at Lincoln Center. Staff is very friendly and made good suggestions. Although I enjoyed the Afrobeat/R&B playlist, it was a bit loud. The ambiance was great though the lighting is a bit too dim if you care to see your food. I would highly recommend the black bean hummus dish (ask for extra bread -they gave us exactly 5 so we each had one dollar size piece). Not a lot for dessert choices and the drinks were not great.. all in all, an experience worth having.",False,1,0,1,Malexis A.,en,"{'neg': 0.024, 'neu': 0.753, 'pos': 0.223, 'compound': 0.9642}",0.9642,0.223,0.024,0.753,positive
445,2022-12-28 05:07:27+00:00,5,I've never had African inspired food and this blew any expectations I had out of the water. All the food was unique and delicious. The lamb and chicken were my favorites but everything on the menu was amazing. Service makes you feel right at home and ambiance might be the best part of the whole place. Congrats to Kwame and his team on a real winner. Will be back to try the rest of the menu.,False,1,0,1,Phil F.,en,"{'neg': 0.019, 'neu': 0.701, 'pos': 0.28, 'compound': 0.9816}",0.9816,0.28,0.019,0.701,positive
444,2022-12-29 17:09:39+00:00,5,"We get so many cute places with big prices and small plates that are sub par that my expectations weren't super high for Tatiana. I was so WRONG. Everything from the FOOD, to the SERVICE, to the atmosphere!! Amazing. This review is worded so extra because that's really how much I loved dining at Tatiana. The attention to detail, the attentiveness of the staff, the menu! There is nothing not to love. 

I celebrated my best friends birthday here and we're definitely coming back!  

You have to try the okra, the oxtail, the empanadas, the arroz con guandules, the fish, the hamachi! Everything was so so good. Worth every dollar you spend and you'll be more than satisfied with the amount of food you get.",False,5,2,3,Monet W.,en,"{'neg': 0.095, 'neu': 0.684, 'pos': 0.22, 'compound': 0.9624}",0.9624,0.22,0.095,0.684,positive
443,2023-01-04 13:27:48+00:00,4,"I waited an entire month for my reservation and it was worth it! 

Ambiance: Upon arrival you're greeted by the hostess who were friendly and sat me right away although I was the first one there. The place is dimly lit but not overwhelming to me where you have to squint to see what you're eating, lol. 

Service: Service here is superb. When I say swift I mean swift. Our waitress was amazing she was constantly in the area, refilling our water cups and keeping an eye out to see if at any moment we needed her

Drinks/Food: I started with the Pog Nutcracker which was decent, not my fave but worth a try if you must. Now, the strawberry margarita was the star of the evening. 10/10. For starters we got the curry goat patties and the egusi dumplings. Patties are a 10/10. Zero debating there. It came with an aioli sauce and a mango salsa which wasn't even needed but complimented it so well. They also place their signature pepper sauce on the table when you arrive which was amazing. I'm not someone who enjoys spicy food yet I still heavily enjoyed that. The dumplings were good but in my opinion needed more crab. I'd love to see lump crab meat in those. The red snapper was perfectly cooked. Crispy on the outside and soft on the inside and the best part is they debone it. The oxtail was an 8/10 for me. It was good but I think it can use just a tad bit more flavor. The rice and peas can enter a competition lol.

I actually have a dinner party to attend here on Saturday so I'm happy I'm able to go back so soon and try more dishes!",False,8,1,5,Kenya J.,en,"{'neg': 0.027, 'neu': 0.712, 'pos': 0.262, 'compound': 0.9982}",0.9982,0.262,0.027,0.712,positive
442,2023-01-07 16:51:35+00:00,5,Best meal I had in 2022. No joke. No exaggeration. Kwame is a world class chef. The vibes are immaculate. I've been back twice since november. Going again soon. Can't over hype the goat curry dumplings. Or the oxtail. Slamming.,False,1,0,1,Brian K.,en,"{'neg': 0.239, 'neu': 0.675, 'pos': 0.086, 'compound': -0.7579}",-0.7579,0.086,0.239,0.675,negative
441,2023-01-08 15:51:40+00:00,5,"Me and my boo been waiting for a month to get a reservation and best believe it was worth the wait! 

First off the decor and aesthetic of Tatiana fits in with Lincoln Center yet feels more approachable and friendlier than most places in the area. I love seeing all these beautiful faces celebrating and eating good things in a safe and welcoming environment. 

Now to the food: they were able to accommodate the fact that my partner has a gluten allergy so the gluten items in the dishes we had were separated and I gladly ate those. 

Small Plates: 

Honeynut Piri Piri Salad: delicious, light and fresh

Scallops Pinchos: not spicy but lightly sweet

Black Bean Hummus: I don't have enough words to describe it, it was oh so good! And the m'semen was good and oily to complement thd hummus

Large Plates: Short Rib Pastrami Suya!!! We loved it! The meat was super tender and the taste was on par with any old school NY deli

We even gave the scrapes to our pups when we got home and they devoured it haha

To sum it up Kwame is doing his thing and I hope this place becomes a mainstay in the years to come",False,4,0,2,Montique S.,en,"{'neg': 0.019, 'neu': 0.711, 'pos': 0.27, 'compound': 0.9962}",0.9962,0.27,0.019,0.711,positive
440,2023-01-09 01:19:24+00:00,5,"Resy, Resy, Resy... alert Tatiana how bad we would like to go! Resy answered. Thursday night right Afterwork? 

We'll make it work. Nyc Free parking did not disappoint. Right in front of LGA high school. Arrived at 5pm for our 5:45pm res and were seated right away. 

Server introduce herself and made us aware she was fully at our service and did not disappoint. Small shares: euhsi dumpling, scallops okra and goat empanadas for starters please. Small shares all delicious and wonderful-pause skip the okra. Server shared the pina pina as her favorite, however when would a Bronx native, such as myself ever get the opportunity to say in tangent, "" I had a ""Nutcracker"" while dinning at Lincoln Center??  

For our large share: the braised oxtail and short rib pastrami. Every dish which hit the table was explained beautifully, even over the sounds of afrobeats and even Biggy Smalls playing. Yes, not one dinning patron looked surprised... ""must be these succulent braised oxtails"" I said. 

My Jamaican hubby; who self proclaimed, he makes a mean oxtail dish and reluctantly scoffed""who is going to make great oxtails below 125th in Manhattan?""
 
 He's now a believer and we CAN'T wait for Resy to grant us our wish again!!",False,2,0,2,S C.,en,"{'neg': 0.04, 'neu': 0.69, 'pos': 0.27, 'compound': 0.9953}",0.9953,0.27,0.04,0.69,positive
439,2023-01-09 01:27:14+00:00,5,"Eating at TATIANA was the best dining experience of my entire life, and I don't even know if I have the words to do it justice. The decor? Beautiful. The vibes? Unmatched. THE FOOD? EXQUISITE!

To be honest, I went into this restaurant with very high hopes and extreme excitement because I have been a fan of Chef Kwame since he competed on Top Chef. I knew this was going to be a restaurant that spoke to my soul. I booked my reservation on a whim with no idea who was going to accompany me or what that day would bring, but all I knew was that I was going to eat at TATIANA one way or another.

To say this experience exceeded my expectations is an understatement. We decided to order the Egusi Dumplings, Curried Goat Patties, Takeout Mushrooms, and Braised Oxtails. The Egusi Dumplings were the first to come out and set the tone nicely. They were savory and spicy, and served with a sauce that added a very mild sweetness that rounded out the flavors. Next out were the Curried Goat Patties, which were served with a chutney, a green aioli and a scotch bonnet pepper sauce. Our waitress encouraged us to use all three sauces with each bite, and we were amazed at how beautifully all three worked together with the spicy and flavorful patties. To our surprise, Crispy Okra also came out with our Curried Goat Patties. Ironically, I told my friend we could not order the okra because I hate okra, but then it came out as a complementary dish from the chef! I was reluctant, but after trying it, my jaw was on the floor. This okra wasn't your typical slimy okra. This was crispy and spicy and sweet heaven! I ate nearly the whole plate. 

Moving on to the large plates: the Takeout Mushrooms and the Braised Oxtails. The Takeout Mushrooms were two different kinds of mushrooms in a delicious sticky glaze, served with the most heavenly and fluffy scallion pancakes i've ever had, plum sauce, and picked ginger. DELICIOUS! The Braised Oxtails were huge pieces of tender, fall-off-the-bone oxtails served with a yummy side of rice and peas. 

By this point, we were full but could not leave with out dessert. We ultimately went with the Bodega Special because of the nostalgia it brought us as native New Yorkers. This dish was a decadent, rich chocolate brownie inspired by the Cosmic Brownie, served with an unbelievable powdered donut ice cream on top of brown crumbs. I have been thinking about that ice cream every day since I've had it. Honestly, I've been thinking about this entire meal everyday. I don't even know why you're still reading this. Go make your reservation!",False,4,0,5,Kira L.,en,"{'neg': 0.024, 'neu': 0.703, 'pos': 0.274, 'compound': 0.9994}",0.9994,0.274,0.024,0.703,positive
438,2023-01-09 21:15:51+00:00,5,"Food was exceptional, atmosphere is fantastic and comfortable (if you don't mind the music bumpin more than your typical fine dining establishment), and service was above and beyond. HIGHLY recommended. Dumplings and goat patties are must-haves.",False,1,0,1,Matt S.,en,"{'neg': 0.112, 'neu': 0.655, 'pos': 0.233, 'compound': 0.7751}",0.7751,0.233,0.112,0.655,positive
437,2023-01-11 23:58:23+00:00,2,"Sorry to break away from the pack but this restaurant is NO 5 stars. Maybe it was a bad day but not excuses when paying a $70 for a entree. But first things first!  The Strawberry Margarita came highly recommended by the staff, it was good not great. For $18 my Margarita was served in a Low ball glass that means 4-6 oz not even in this case as it was served with 2 extra large cocktail ice cubes which means; I received less than 4-6 ounces! The appetizers okra and egusi dumplings were satisfactory the goat patties were very good. I ordered the Short Rib pastrami it was beautifully plated but less than lukewarm closer to cold on the other hand the rolls were hot. My dining partner ordered the same thing but they brought out oxtails.??? 

This restaurant is beautiful and in a great location but I believe the overall delivery of food, drinks and prices are part of being swept up in new found fame and exposure. Be careful overexposure and momentary celebrity recognition without true substance can detrimental.",True,13,5,6,Leah M.,en,"{'neg': 0.198, 'neu': 0.668, 'pos': 0.134, 'compound': -0.9472}",-0.9472,0.134,0.198,0.668,negative
436,2023-01-14 12:56:52+00:00,5,"Vibes were great. Food was absolutely phenomenal. The truffle chopped cheese and the short rib pastrami suya were the stand-outs. We also tried the mom dukes shrimp which had the best toast I've ever had in my entire life (yes, just toasted bread but it was soooooo good) and the oxtails. Oxtails were meh, probably wouldn't order again. 

Drinks were also pretty  good. The old fashioned and strawberry margarita are both great choices.

It was a busy Friday night so service was kind of slow but the staff was great and very friendly.",False,0,0,0,Talisha H.,en,"{'neg': 0.069, 'neu': 0.68, 'pos': 0.25, 'compound': 0.9753}",0.9753,0.25,0.069,0.68,positive
435,2023-01-14 15:26:48+00:00,4,"4.5 stars ! 

Somehow managed to score prime time dinner reservations at this new hot happening trendy spot! It's a really cute spot inside David Geffen hall at Lincoln Center. We did have to wait 30 mins past our dinner reservation . I guess cause it's such a happening spot. Not sure if they kick you out after a certain time . 

They did made up for it by bringing us two glasses of sparkling wine! Was absolutely delicious and a really nice touch. We ended up ordering a whole bunch of things off their menu. The only annoying thing was they wanted us to place the entire order at once. 

Small plates wise , we got the curried goat patties. It came with a green seasoning aioli which was outstanding . Then we got the honey nut Piri Piri salad which was phenomenal. It was gorgeously presented, I didn't care for the dressing but the cucumber avocado and gooseberry combination was so crisp and refreshing! They then brought out the egusi dumplings which my husband enjoyed. Finally we got the truffle chopped cheese which was by far my favorite small plate. It's funny cause our server said she wouldn't recommend it compared to the other dishes and I almost didn't get it!  I guess it is little on the pricier side and we did get quite a few plates. I'd definitely recommend this and the salad as must tries. 

For our mains we got the braised oxtails which came with a nice sauce and huge portion size and the short rib pastrami suya (which is priced at $70). The rub on it was to die for but the melted red cabbage and caraway coco bread fell a little short. I guess you're mostly paying for the cut of meat. But it was still a little overpriced in my opinion . I did want to try the chicken which sounded delicious and maybe more reasonably priced. 

The music all night was just on point . The chef came out and chatted with us which was a super nice touch! Honestly the sparkling wine , the chef coming out to talk to us were such nice added touches and the food is overall very very good. But it's not my favorite spot and not sure I'll really go back but I highly highly recommend you try it atleast once for sure!",False,0,0,0,Sabah S.,en,"{'neg': 0.101, 'neu': 0.721, 'pos': 0.179, 'compound': 0.9909}",0.9909,0.179,0.101,0.721,positive
434,2023-01-15 03:19:30+00:00,1,"I can't comment on the food because we didn't get that far but the staff needs to be rehired or retrained. Hopefully this review can drive some improvements. 

I live around the corner so stopped by at 10pm to try their late night menu because it was fully booked on Resy and the website says they take no reservations for late night. We had no issue with waiting a while but, apparently the website is incorrect because the host said were fully booked until close. So maybe you can book for late night or the hostess didn't know what to do? 

We asked her if we could eat at the bar. She said we could talk to the bartender to see if something would open up. We stood in the corner of the bar because it's a cramped space and didn't want to obstruct the wait staff traffic or lurk around the diners at the bar. Well, before we could even ask the bartender, he yelled at us to clear the area. So really, there's no way to talk to the bartender because there's no space. There's only 6 seats at the bar and everyone is eating a full meal so there needs to be some system to manage the wait. Seems like the hostess should do it if the bartender has no time or desire to do it. 

After that experience, we decided to just leave. I would have given it another shot but on our way out, one of the hostesses yelled at us about keeping the door open behind us. Yes, it was a cold night but we were only in the restaurant for a few minutes so were not aware the door didn't automatically shut. We weren't intentionally trying to be uncourteous to the diners, we had no idea it didn't automatically shut. 

I know inflation has been high but at this price point you'd at least expect politeness from the staff.",False,1,0,0,Aye S.,en,"{'neg': 0.128, 'neu': 0.809, 'pos': 0.063, 'compound': -0.9741}",-0.9741,0.063,0.128,0.809,negative
433,2023-01-16 19:22:22+00:00,5,"I had heard about this place on social media so I opted to go while looking for a good final dinner while in NYC. I came at about 5:15pm (they open at 5pm) on a Saturday evening. I didnt have a reservation but it was just me so I figured I would sit at the bar. However, when I arrived, the bar was already full and there was a waitlist. There were only 6seats at the bar and I wasnt sure how long they would take so I got a drink while waiting. The bartender Nick was really nice and even though he was super busy, he still was attentive to each customer. He proactively had me try a wine before ordering to make sure it was to my liking and later on made me a few other really good cocktails.

While waiting, I spoke with a regular who said he loves the food an recommended a few dishes. After about an hour and a half, there was one seat available. The guy who is a regular was next but he let me sit down before him since he knew it was my first time. I ordered the curry goat pies, the truffle chop cheese and the oxtails. Everything was good and Nick checked with me regularly to make sure I enjoyed the food. I thought my oxtails were salty but wasnt going to send them back since the overall experience was so good. Nick proactively took 2 of my drinks off my bill which was super nice of him.

This was a great experience and I would defintely come back but I wold come right at 5pm and I would try a few more apps.",True,8,2,8,Shani H.,en,"{'neg': 0.045, 'neu': 0.749, 'pos': 0.206, 'compound': 0.9953}",0.9953,0.206,0.045,0.749,positive
432,2023-01-18 01:20:59+00:00,4,"I was in New York for New Year's Eve weekend and was able to get reservations for Tatiana while there. Instead of ordering individual items, our party decided to try multiple items and share. I think this is the best experience, since most of the entrees are made for sharing. These were the dishes we tried:
Crispy Okra - 9/10
Egusi Dumplings - 8/10
Curried Goat Patties - 10/10
Truffled Chop Cheese - 5/10
Mom Dukes Shrimp - 12/10 (My favorite)
Mushrooms - 9/10
Brown Stew Red Snapper - 9/10

Pros: The restaurant and location are beautiful. The food was delicious and the dishes were timed and delivered perfectly. Service was great and the chef was nice enough to send over a few extra dishes for us to try. 
Cons: Music was too loud and could be a more diverse mix of genres.",False,1,0,1,Erika H.,en,"{'neg': 0.008, 'neu': 0.755, 'pos': 0.237, 'compound': 0.9903}",0.9903,0.237,0.008,0.755,positive
431,2023-01-18 05:35:43+00:00,5,"One thousand percent recommended. Don't walk, RUN. Quality of food, creative presentation, ambiance, service is impeccable. The fried Okra is slamming. And don't sleep on the crab cakes. You're welcome.",False,0,0,0,M T.,en,"{'neg': 0.0, 'neu': 0.778, 'pos': 0.222, 'compound': 0.7717}",0.7717,0.222,0.0,0.778,positive
430,2023-01-21 14:21:38+00:00,4,"4.5 stars

There are certain restaurants in New York City that are impossible to get into [i.e you have to stay up until midnight to make a reservation via Resy and probably still won't get a reservation] and/or don't take reservations for one. Tatiana By Kwame Onwuachi is the epitome of those both things. 

After reading a previous Yelp review about having to wait an hour and half to sit at the bar, I got to Tatiana at around 4:30PM and waited until they started to let people in around 4:57PM. There were already four people ahead of me, but I got the 5th bar seat [there are only 6 bar seats]. A meal also does take around an hour and half so be prepared to wait if you arrive post-5PM.

Upon entering, I realized the restaurant is pretty small so no wonder it books up fast. I feel like the restaurant wasn't initially designed to be as popular as it has turned out to be. There are no bar hooks and you're essentially below eye level when receiving drinks across the bar so you don't necessarily see your drink waiting for you.

That being said: what a meal, indeed. It was great but do I need to wait a half hour for a restaurant to open to get a seat? Maybe. 

I started with the Smokey Piri Piri Paloma [$18], it wasn't really my cup of tea. It was nice and fizzy, I like piri piri spice but this drink didn't excite me. I ordered the Strawberry Margarita [$18] next and found this to be much more my speed. It was very refreshing and fruity. 

The bartender was very nice and attentive, which was surprising because after 10 minutes the place really started to fill up. 

I ordered the Truffle Chopped Cheese, it was good but it didn't blow me away like the rest of the meal. There were three ""sandwiches"" stacked next to each other and filled with beefy beef, tomato, and shredded lettuce. The sauce on the side was nice and the toasted bread it was on was buttery and delicious. I don't know that I needed all that shaved truffle on top though, I guess it was a bit of earthy but it didn't make an impression on me. 

The Braised Oxtails [$50] with rice and beans though. Lord. That is a special dish. I don't typically order oxtails on a menu or really know what they should taste like, but after having these, the bar is set very high. They were so tender and fell off the bone. There's about 5 or 6 of them in a sticky sweet sauce. It was perfection. I loved the carrots and other veg, they were crunchy and delicious. The rice and beans were also fantastic. I didn't know how much I needed this dish in my life. 

The Rainbow Cookie Panna Cotta [$16]. I can't even with this dessert. I don't love rainbow cookies but I love this panna cotta. It legit tasted like a rainbow cookie. I loved the nuts and the crunchy topping. It was a rainbow cookie but reimagined as a fancy dessert. The whole thing was a party in my mouth, it was perfectly sweet and creamy. I would come back just for this.  

I left feeling very full. Tatiana is definitely a place you come to with friends, if you can get a reservation and have a very thick wallet. It is not cheap. I ended up spending $140 before tip.",True,3,0,1,Felisa F.,en,"{'neg': 0.064, 'neu': 0.73, 'pos': 0.206, 'compound': 0.9987}",0.9987,0.206,0.064,0.73,positive
429,2023-01-26 12:56:20+00:00,4,"The food was great (we had: fried okra (delicious & on point), egusi dumplings (yummy but not crab forward), brown stewed snapper & coconut rice (totally dreamy), bodega special dessert (great brownie, ice cream silky but needed more flavour). Great vibe - although the music is a tad loud for dining (but I am way past 30). Luscious decor. Attentive hosts - but pacing between ordering and bringing courses over needs to be sharpened.  Overall a great experience. When we can afford it again - and am able to get a reservation - we will return to try other dishes on the menu. Proud of this young NY chef!",False,0,0,0,Stealth G.,en,"{'neg': 0.009, 'neu': 0.755, 'pos': 0.235, 'compound': 0.9855}",0.9855,0.235,0.009,0.755,positive
428,2023-01-27 20:57:41+00:00,5,"The Ambiance- welcoming and relaxed. Mellow

The honeynut Piri Piri  Salad and the Scallion pancake Take out mushroom dish were our favorites. 

Okra and wagyu short rib were also really really  good. 

Our waitress was Shae. Our waters were never empty.

Sadly sold out of cheesecake but the cosmic brownie was delicious
Let the pictures of the food speak for itself.",False,15,10,20,Rebecca S.,en,"{'neg': 0.0, 'neu': 0.711, 'pos': 0.289, 'compound': 0.9682}",0.9682,0.289,0.0,0.711,positive
427,2023-01-29 03:48:35+00:00,1,"Super disappointing. High prices and poor quality. The food either had zero taste or was super salty. Service was decent but I would not return nor would I recommend this place. In a city filled with quality dining options, this place falls far short in every way.",False,3,0,0,Douglas F.,en,"{'neg': 0.2, 'neu': 0.709, 'pos': 0.091, 'compound': -0.7018}",-0.7018,0.091,0.2,0.709,negative
426,2023-01-31 18:27:03+00:00,2,"This just was not a good experience at all, which makes me sad because I loved the chef's former restaurant in DC, Kith/Kin.

I'll start with the ambiance: the music was way too loud and the restaurant decor was extremely minimal. I think it was the first time in my life that I was disappointed to hear 2005 top 100 hip hop. I guess I was expecting a more elevated experience from a celebrity chef.

The food service: The serving plates were curved which led to our servers unintentionally putting their fingers in the dishes and touching our food as they were delivered to our table. However, our primary server was very nice and attentive.

The food: we ordered egusi dumplings, goat patties and oxtail. The dumplings were burned and the meat inside was undistinguishable with very little flavor. I've had better frozen dumplings from Whole Foods.

The goat patties were doughy and mushy on the inside with about a tsp of goat meat as filling, which again was under seasoned.

The oxtail was the most disappointing. It was served with about one cup of rice, it was lukewarm, and it was 99% fat and ligament. What's worse is that it was $50 and when the dish came to our table, there was a lid on it, but no drama. Meaning, there wasn't any steam billowing out of the lid or a beautiful display of vegetables and meat inside. Just some lukewarm oxtails with super syruppy sauce and about one quarter of a carrot and one cut up fingerling potato.

Lastly, the drinks were just... meh. I ordered a Riesling because until yesterday, I haven't had a bad Riesling. It was terrible - it smelled bad and the notes were just off. My partner ordered a cocktail that was basically a spiked Arnold Palmer. The drink selection was just so disappointing because I'm sure Kwame has some celebrity sommelier and mixologist friends that could have elevated his menu.

This restaurant would be way better as a bar with food. They should redesign it with a huge bar in the middle, some standing tables, and just make it a vibey place to listen to good music and get mid- food and drink after a show. Drop the prices by $10-15 across the board.",False,0,0,0,Whitney M.,en,"{'neg': 0.128, 'neu': 0.764, 'pos': 0.107, 'compound': -0.7808}",-0.7808,0.107,0.128,0.764,negative
425,2023-02-03 01:24:56+00:00,5,"Exceptional experience. Really good food. Loved the piri piri salad, dumplings, shrimp, pastrami short ribs, etc. The only thing I didn't love were the mushrooms. Skipped dessert, just didn't have room left. But overall a yummy meal.",False,0,0,0,Florence B.,en,"{'neg': 0.072, 'neu': 0.645, 'pos': 0.283, 'compound': 0.916}",0.916,0.283,0.072,0.645,positive
424,2023-02-04 01:33:58+00:00,5,5 out of 5! Hands down some of the best food I've ever had. Finally was able to get a reservation after months of waiting. And it was totally worth it . Everything was top notch including the service. The decorum was wonderful and the vibes! I ordered the nutcracker to start and that was nice and sweet but had a kick to it. Started with the dumplings as an appetizer and the oxtail as the main course. My friend has the scallops and fish. Everything was immaculately prepared and I'll be visiting again.,True,1,0,1,Crystal M.,en,"{'neg': 0.014, 'neu': 0.796, 'pos': 0.19, 'compound': 0.9396}",0.9396,0.19,0.014,0.796,positive
423,2023-02-04 03:08:58+00:00,4,"I saw this place on lists of hardest reservations to get in NYC, so I secured a reservation and was super excited to go with a friend who has also been curious about it. Once we entered, we both immediately fell in love with the vibe, as it was super chic and urban but also so so modern and stylish. We were greeted by our server who was super nice and explained the menu to us, and once we pondered, we ordered drinks and food and were ready to eat:

Drinks:
Piña Piña Piña and Tatiana Tonic - first round of drinks; I got the former and my friend got the latter. Both were AMAZING. So so sweet and light and fruity and yummy. Just we both wanted. Literally the perfect cocktails to begin our dinner.

Half & Half and POG Nutcracker - second round of drinks; again, I got the former, and my friend got the latter. My drink was WAYYYYY more spirit-forward this time, but I really appreciated the black tea flavor from the black tea infused bourbon. My friend's drink was again super fruity and sweet; more of my cup of tea, but I still liked mine.

Food
Crispy Okra - the first appetizer to arrive at our table. This was definitely the most unique okra I've ever had, and I appreciated their courage to play with various flavors for this dish. However, I feel like a lot was going on, since it was salty but also spicy but also sweet but also sour, so I think my palate slowly started to get overwhelmed by everything. Definitely not bad, but I wish it was a little lighter in the flavor department. Texture was interesting and nice though.

Evian Dumplings - the second appetizer we received and the one I preferred. I really liked the crab flavor of the filling of the dumpling as well as the egusi stew based sauce (very tomatoey and acidic). We only received three dumplings though, and I wish we could have had more since I really liked the flavors of this one.

Take-Out Mushrooms - the first entree we received. I think I can appreciate what they were trying to do here, but again, like the okra, I think they were trying to do a bit too much here. The mushrooms were very potent with a specific spice (we thought it was allspice/five spice), and they were really sticky and stuck to my teeth pretty easily. The scallion pancake that came with it was my favorite part though, as it helped with the potent flavor of the mushroom as well as with the texture. The plum sauce and ginger were okay, but I think if they toned down on the flavors more on the mushrooms, I would have liked it a lot more.

Short Rib Pastrami Suya - the second entree of the night and probably my favorite of the evening! The pastrami was so so tender and flavorful, and I really enjoyed the pairing with the pickled onions and mustard that were provided. The bread was good, but I wish it were more airy and soft on the inside, and it was somewhat hard to eat with all the components in one bite. Still highly recommend, though it is a bit pricey (70 dollars).

Dessert
Rainbow Cookie Panna Cotta - probably my favorite dish of the entire night. It was so light and smooth and went so nicely with the finely shaved chocolate and whole almonds. Tasted just like a rainbow cookie but in panna cotta form. Excellent.

Overall - the vibes were amazing and the service was really good. Drinks were immaculate, but I feel that the food just fell a bit short of my expectations and was a bit on the expensive side. Still a great spot for a date or a night out with friends, so I would for sure try it at least once!",False,0,0,0,Eric W.,en,"{'neg': 0.055, 'neu': 0.643, 'pos': 0.302, 'compound': 0.9997}",0.9997,0.302,0.055,0.643,positive
422,2023-02-04 04:09:55+00:00,5,"FINALLY snagged a res at Chef Kwame Onwuachi's new restaurant and safe to safe that I am in love - definitely adding this one to my favorites!

[VIBE] Upon entering, the restaurant was exactly what I hoped it would be - sleek, sexy, with the music bumpin - but not so much that you can't carry a conversation. Every staff member greeted us with smiles, and their team worked like a fine tuned orchestra- water was always full, plates were cleared often, and dishes were fired at appropriate intervals to allow enjoyment and conversation.

[FOOD] All the plates are meant to share, which was perfect for me because I easily wanted to try everything on the menu. It was hard to eat with my jaw wide open as I both oohed and ahhed over every plate and morsel. The highlights -

The CURRIED GOAT PATTIES I could eat EVERY.DAY. They were light and flaky, while the filling is savory and flavor packed.

EGUSI DUMPLINGS were a treat to eat - we were instructed by our server to take a bite of the crab dumpling first, then dip it into the red stew below for another bite. This reminded us of soup dumplings, but on a richer, heartier level. Freakin amazing.

TRUFFLE CHOPPED CHEESE - Yes, it IS possible to elevate this bodega sammie. Ribeye + taleggio on brioche, with loads of truffles on top - I mean GTFOH it was amazing. I even had it for leftovers the next day and I was still happy with it.

MOM DUKES SHRIMP - I had seen pics of this on IG and knew I had to try it. What I was not prepared for was the SIZE of these dang shrimp! My homegirl named them baby lobsters, and we each devoured these plump, meaty thangs which were served on a bowl of spicy creole butter with yes, more brioche 

BRAISED OXTAILS - This is my go to whenever I see it on a menu. I cannot describe the happiness I felt when I barely touched my piece with my fork- the meat properly fell off the bone. My only complaint was that I wanted a triple serving of this. Tears of happiness.

BODEGA SPECIAL - I was hellbent on finishing my meal with the cosmic brownie. Y'all know I'm a sucker for anything fun, nostalgic, and with rainbow sprinkles. This dessert was the perfect size to share, yet I demolished it on my own  

[COCKTAILS] Not pictured: her Tatiana Tonic done with gin + elderflower cordial, and my POG Nutcracker, with Appleton rum  + passion fruit + orange + guava. My drank was sweet, light, and waaaaay to easy to wanna kickback to, as a proper nutcracker should 

Bigups to our server Kaydene and the entire team there this past Wednesday night! I am making it my mission to eat there again and again until I've had the whole menu. And then again and again and again. Best of luck to Chef Kwame - I hope you're at Lincoln Center for a long, long time!",False,0,0,0,Christine J.,en,"{'neg': 0.081, 'neu': 0.701, 'pos': 0.218, 'compound': 0.9978}",0.9978,0.218,0.081,0.701,positive
421,2023-02-04 04:34:06+00:00,4,"TLDR: beautiful venue, amazing vibes, friendly and affable staff.. but none of the food convinced us that we needed to return any time soon.

Came on a Friday night with a friend. It was pretty busy; it took us over 20 minutes after our reservation time to be seated. We were told to wait in the waiting area/lobby of the David Geffen Hall until our table was ready. Once seated, our server was super fun and friendly and told us that the small plates were extremely small while large plates were meant to be shared between two. 

We ordered the okra and egusi dumplings for small plates and for large, we got the take-out mushrooms and wagyu pastrami. The okra was larger than we expected and were unexpectedly crisp! They were reminiscent of crispy Brussels sprouts and they were sweet, salty, and even spicy. There was so much going on we weren't sure if we liked it or not. The egusi dumplings were as small as we expected. There were three small crab and egusi filled dumplings. Pretty solid. The take-out mushroom dish was kind of all over the place. The sauce was sticky and flavored with five spice, which was reminiscent of Hong shao rou, but it was so overwhelmingly five spice that we didn't taste the nuts that were sprinkled on top and we didn't even realize that there was shiso until we finished the dish and saw there were leaves leftover. The scallion pancakes were good - a little bit on the cakey side but I quite enjoyed them. The mushrooms were a little difficult to eat with the pancakes because of how sticky they were and how they were cut and I don't believe the ginger or plum sauce was necessary because how flavorful the sauce already was. I really wanted to like this dish more. The wagyu pastrami was our favorite dish of the night. It was extremely decadent though - if I hadn't come with a meat loving freak I don't think I would have finished this with another person. I believe it was a deconstructed pastrami sandwich. The only thing I wish it had was a more neutral side like a rice or a less fatty bread. The bread was nice, but it was buttery and oily and that paired with wagyu wasn't very pleasant. The cabbage and mustard were great and I loved the wagyu even more with the scotch bonnet sauce! 

For dessert, we got the rainbow cookie panna cotta.  It was unexpectedly light and we liked it more with every bite. Exactly what was needed after what we thought was a very heavily flavored meal. We also ordered four drinks. If you like fruity/can't taste the alcohol type drinks like I do, get the piña piña piña or the POG Nutcracker. 

Overall, would come back for the vibes (legit sang all the r&b music while eating) but not the biggest fan of our meal. Perhaps it was an off day or we ordered the wrong things. I think next time I'd order all new dishes except for the wagyu pastrami.",False,2,0,2,Nathaniel P.,en,"{'neg': 0.107, 'neu': 0.695, 'pos': 0.198, 'compound': 0.9962}",0.9962,0.198,0.107,0.695,positive
420,2023-02-05 17:41:08+00:00,5,"The venue at Lincoln Center is stunning as is the atmosphere. This is one of the top dining experiences I have had after years of travel and visits to restaurants that stretch coast to coast, to Europe, Asia and Latin America.  The Afro-Carribean creations offer a taste journey with amazing richness that will lead you to table conversation contemplating not only the presentation but diversity of flavor. We had the black bean humus (wow!), the mushrooms, (these are not to be missed), and the chicken, which is just so delicious!  I recommend, however, you try anything - it all looks great!  Bravo!

https://www.tatiananyc.com/",False,0,0,0,J B.,en,"{'neg': 0.0, 'neu': 0.735, 'pos': 0.265, 'compound': 0.988}",0.988,0.265,0.0,0.735,positive
419,2023-02-06 20:17:30+00:00,5,"Snagged a resy over a month ago and trooped it here on the coldest day of the winter this past Friday, 
Was it worth it ? 100 percent yes!

It's been a while since I've sat at a restaurant and been pleasantly surprised by the food. 

We had the truffle chopped cheese, hummus, fried okra and the short rib pastrami and all the flavors were amazing. The presentation was beautiful. 

The vibe in the restaurant was dope. 

My only complaint is that it's going to so hard to get another reservation",False,2,0,1,Dina M.,en,"{'neg': 0.041, 'neu': 0.783, 'pos': 0.177, 'compound': 0.9264}",0.9264,0.177,0.041,0.783,positive
418,2023-02-07 23:44:52+00:00,4,"I was really looking forward to trying this restaurant out. I am so happy I did. 
Service - great, no complaints
Ambiance - nice setting, music was hittin. I would come here for date night
Food- We ordered the curried goat patties, the take out mushrooms, the egusi dumplings, truffle chopped cheese, the short ribs pastrami suya, and Bodega special.
The curried goat patties were delicious. Every jamaican patty should have that crust. 
The take-out mushrooms I would only order again for the scallion pancakes. It didn't taste like mushrooms to me because of the Seasoning/ spice they used, and it kept getting stuck in my teeth. 
The egusi dumplings were delicious. Perfect size and portion.
Truffle chopped cheese was good and tasty. 
The short ribs pastrami suya was so well done and our favorite dish. A fall off the bone, tasty, melt in your mouth goodness. Definitely order this. And the portion is perfect for two people. 
The Bodega special is the best brownie I have had at a restaurant. I was shocked. It was a piece of chocolate heaven. Get it! 
The dishes come with different sauces and Insiggest you try all of them. They really compliment the dishes. If you want some heat, please ask for their hot sauce. It has a good kick to it. 
Drinks- I enjoyed every drink I had. Well concocted. 
Price - This meal was not cheap. Definitely in the fine dining price range.",False,0,0,0,Marie Ragy R.,en,"{'neg': 0.08, 'neu': 0.624, 'pos': 0.296, 'compound': 0.9971}",0.9971,0.296,0.08,0.624,positive
417,2023-02-09 14:50:49+00:00,5,"Absolutely amazing. As soon as you walk in, you are immersed in such a contemporary yet cozy space. The restaurant is intimate but you have plenty of space to comfortably eat and sit with your party, which feels so rare these days in the city. The ambiance and music was fantastic and service was also great. Food came quickly and was really great portions. 

The black bean hummus was my favorite -- the bread was so buttery and hummus extremely flavorful. You can even get the lamb off/on the side if a vegetarian is in the party. Breads were clearly a standout at the restaurant because the TakeOut Mushrooms were so flavorful and the scallion pancakes were such a good compliment to the plum sauce, ginger and mushrooms. The mushrooms were a bit heavy on the caramelization but with the ginger and plum, it had great balance. The scallion pancakes were more bread than a traditional, flaky pancake but it worked well for this dish. 

The highlight of my night was Chef Kwame coming over to speak with our table. He is so kind and humble, absolutely a pleasure and honor to have eaten here. I cannot wait to come back.",False,3,0,0,Macy B.,en,"{'neg': 0.0, 'neu': 0.639, 'pos': 0.361, 'compound': 0.9987}",0.9987,0.361,0.0,0.639,positive
416,2023-02-09 18:16:41+00:00,5,"10/10 highly recommended, the epitome of cultural excellence in the heart of lincoln center.  Flavor and culture intersect fine dining and elegance. I see a michelin star in this restaurants future.

Do not pass on the curry goat patties, oxtail, and bodega special.",False,0,0,0,Devonte M.,en,"{'neg': 0.059, 'neu': 0.706, 'pos': 0.235, 'compound': 0.8399}",0.8399,0.235,0.059,0.706,positive
415,2023-02-10 04:26:52+00:00,5,"Everything about Tatiana was amazing. The decor is understated but gives a sexy vibe. The staff is attentive while not overly so. The food & wine suggestions were on point. The food was absolutely delectable. Next visit I'll have to remember to take pictures because the plating was superb. We had curry goat patties, truffled chopped cheese, & crispy okra for appetizers, then braised oxtail for our main course. Every morsel was delicious. We'll definitely be back. Well done Chef Kwame.",False,1,0,1,Charise H.,en,"{'neg': 0.0, 'neu': 0.581, 'pos': 0.419, 'compound': 0.9955}",0.9955,0.419,0.0,0.581,positive
414,2023-02-11 22:59:16+00:00,5,"We absolutely loved eating here!!! We were able to snag a reservation about a month in advance and looked forward to it for weeks. The menu was so creative and I loved the fusion of the diversity of New York flavors. My favorites were the goat curry patties, the truffle chopped cheese, and the rainbow cookie panna cotta. We also got the shortrib pastrami, which was melt in your mouth tender. If you're a fan of bourbon, I strongly recommend the half and half cocktail. If you're able to snag a reservation here, go for it!!!",False,0,0,0,Casey C.,en,"{'neg': 0.0, 'neu': 0.745, 'pos': 0.255, 'compound': 0.9818}",0.9818,0.255,0.0,0.745,positive
413,2023-02-12 21:30:02+00:00,5,Tatiana by Chef Kwame is a true culinary experience. I had the scallop dish and oxtails and neither disappointed me. The oxtails were tender and fell off the bone. Everything was seasoned to perfection and was a true delight. The service and ambiance were exceptional and I can't wait to try more dishes in the future.,False,0,0,2,Jasonn D.,en,"{'neg': 0.0, 'neu': 0.643, 'pos': 0.357, 'compound': 0.9775}",0.9775,0.357,0.0,0.643,positive
412,2023-02-19 09:28:44+00:00,3,"A bit disappointing since this was *the* place a friend of mine in town wanted to go to. 

We're big fans of Kwame and really loved the sound of the menu. We were thrilled to get a reservation on a Saturday night but unfortunately I think it was let down by the service. It could have been the night because they seemed to have a party in the other room (which was mentioned three times) but we did feel pretty neglected with empty glasses and long waits with our server mostly off the floor. It was clear that at least one item (the scallops) had sat for awhile because it was lukewarm to cold when it arrived and a drink had suffered the same fate as the ice had melted to the point where the drink no longer tasted as it was meant to. Sauces and items were taken away before we were finished without being asked, things were forgotten when requested, and the general / floor manager (who was attentive and seemed to be looking out quite a bit) had to cover a few times. 

We ordered the scallop pinchos, egusi dumplings, curried goat patties, mom dukes shrimp, and take out mushrooms so I think we got a pretty good sense of the menu. If the scallops were served how they were meant they would have probably been amazing. My companion said the goat patties were great; they are a big goat fan. Egusi dumplings I liked the best of what we received. I think the mushrooms are skippable--none of us were that impressed and it was the dish we left the most of. Honestly, with the way it was served it was hard to even tell they were mushrooms.

Most oddly, the server kept constantly referring to us as 'ladies' every time they came over despite my mother (after about the 10th time which I think would be excessive for actual ladies) pointedly referring to me as her son. Restrooms are nicely gender neutral and private. Ambience is great in the restaurant--beautiful fashionable people, beautifully fashionable place, great music at the right sound level. Not a great opening set up with two entrances and no controlling for showing up for bar seating. 

I do wish Kwame and his team all the best; I'd come back in a year or two after they work out new restaurant issues. At the moment, everything isn't on the same level and it is not worth the price point.",False,0,0,0,CK R.,en,"{'neg': 0.098, 'neu': 0.706, 'pos': 0.196, 'compound': 0.9957}",0.9957,0.196,0.098,0.706,positive
411,2023-02-21 15:08:11+00:00,5,"Ok, Tatiana is it. The food was great but the staff really made it 5 stars for me. I'll jump into the food and then give some backstory if you're interested lol

FOOD: 4/5

Small Share
    Scallop Pinchos - Tiny delicious scallops! ""Pinchos"" is apparently a small     snack so this was definitely that. It was really good. Would definitely recommend. 
   
 Egusi Dumplings - These were good but there were only 3 and it definitly felt like more dumpling than filling, if that makes sense. I would order it to experience it but wouldn't order it a second time. 
   
 Green Ceasar - Amazing. Might be weird to brag on a salad but it was GOOD. You can taste the anchovy in it which is my favorite thing in a ceasar. 
 
   Hamachi Escovitch - I love raw fish so this gets love from me. It's good but nothing to write home about. 
 
   Truffle Chopped Cheese - This was a fun one. A little elevated chopped cheese lol Just get it.   

Large Share
    Brown Stew Red Snapper - Great! I can't really describe it because I have a fish sensitivity (it's complicated) but my friends said it was amazing. 

    Sofrito Roasted Chicken - I wanted to love this but couldn't. The flavors were there, the tomato stew was great. I just have a thing against chicken breasts lol Parts of it were thicker and I felt like the great flavor on the outside didn't make it all the way through. The stew definitely helped supplement that but chicken breasts are why I almost never order chicken when I'm out. 

AMBIANCE: 10/10
The music was EVVVVVUHREETHANG!! Loved the music. Loved that the restaurant is lit in a way where it's dim but still light enough to see everything. Gold utensils?? Yes, ma'am. Love those. 

SERVICE: 10/10
Our situation was different because we pulled up off the humble with no reservation. So I was hoping for a miracle and got one lol The hostess told us they were fully committed on tables but could get on the bar waiting list, so we did. It was going to be up to a 3hr wait and my hungry ass said, 'Bet' lol. We sat at the bar in the theater waiting area next door and waited. After 2hrs, a table became available. 

We were welcomed with champagne. Idk if it's that standard or that's the 'damn y'all waited a long time' special. 

Our server was sweet and made sure all of our food made it to us.

After waiting on a table for 2hrs and then finally getting one, we got to talk to a lot of the staff. Everyone was kind and energetic. I can't wait to come back here",False,0,0,2,Traci R.,en,"{'neg': 0.092, 'neu': 0.586, 'pos': 0.321, 'compound': 0.9994}",0.9994,0.321,0.092,0.586,positive
410,2023-02-23 18:08:29+00:00,5,"Absolutely off the charts amazing! The space, the food, the service, the crowd, the drinks were all amazing. Don't miss the pastrami or the oxtail!",False,0,0,0,J M.,en,"{'neg': 0.0, 'neu': 0.696, 'pos': 0.304, 'compound': 0.8634}",0.8634,0.304,0.0,0.696,positive
409,2023-02-24 01:29:17+00:00,5,"Definitely lived up to the hype. Got a reservation a month out at noon. Arrived on time and were seated a few minutes later. The restaurant has a really good vibe, kind of a combination between a trendy bar and modern fine dining, but definitely more on the trendy side. Service was great the whole time, our waiter especially. On to the food, the goat Patties were great, many levels of flavor presented on a light puff pastry. The lamb hummus was also quite good, decent size portion, served with hot flat bread. Egusi dumplings I would avoid. Tasted like something you could get an order of 4 in Chinatown for $1. Nothing special. For mains we got the chicken and the short rib. The chicken was super solid, it was not anything crazy, but super tasty and the portion was huge. The short rib was great though. Fall off the bone tender. The place is a bit pricy for sure, but overall for the vibe, especially the music, and the innovative food I would definitely come back for a special occasion.",False,0,0,0,Bryce C.,en,"{'neg': 0.115, 'neu': 0.574, 'pos': 0.311, 'compound': 0.9947}",0.9947,0.311,0.115,0.574,positive
408,2023-02-26 23:31:59+00:00,2,"Do not understand the hype. At. All. To be fair the food is ok, good even at times. However the prices are giving fine dining while the service and ambience are not. It simply lacks the polish I would expect for what I assume is meant to be a destination for theater goers. First there is the hip hop music blasting at club level volumes. Now I'm far from a Karen complaining about rap music at restaurants... I in fact loved the playlist. But the volume made it impossible to hear my dining mates. And that felt disjointed for what I thought would be an elevated experience. As the night wore on, they even turned the volume UP at one point. Service was very spotty throughout the evening. We were never really checked in on.  

Some interesting flavors happening with the food. The curried goat patties were delicious. The truffle chopped cheese was skippable. Portions were on the small to very small side. The mom dukes shrimp being under the large share portion of the menu is laughable. You get TWO shrimp... be so for real. While they are very large shrimp, it does not a large share make. Unfortunately, didn't get to try the short rib pastrami suya as it was sold out.

The final nail in the coffin was that we saw chef Kwame in the room and mentioned we would love to say hi and congratulate him. We watched our server deliver this message, which chef proceeded to ignore, instead choosing to spend almost the entire evening at one table with a couple of ladies. While his time is his own to spend as he likes, it's certainly disappointing when you are trying to express support and also a bit unsettling to see him not spend any time in the kitchen. It's too soon for the restaurant to be in running-itself mode. He finally ventured over at the very end of the night but by then our moods had soured due to our throbbing heads and hoarse voices from shouting.",False,1,0,0,Lisa L.,en,"{'neg': 0.094, 'neu': 0.783, 'pos': 0.123, 'compound': 0.8537}",0.8537,0.123,0.094,0.783,positive
407,2023-02-28 20:27:38+00:00,2,"Service was horrendous. For where this restaurant is and the quality dining it tries to exude (price of items on menu/location/etc), there was a lot lacking in the service. Prime example was a sommelier choosing to sit in the bench to talk to the table next to us. They were ordering wine so talking to them is fine, but without asking, he chose to sit in the gap on the bench meant to be just enough for the two people sitting on either side to make their way in or out of their seat. The person I was with and the lady at the table he was speaking to both had their jackets there. HE SAT ON THE COATS. Again, excusing one self, I wouldn't have thought much of it, but to just sit down without consideration of diners around you, when you are representing the restaurant is unacceptable. Outside of that, our waitress was fairly aggressive. They pushed dishes and drinks we made sure to say we had no interest in as well as constantly try to suggest how to eat/enjoy a dish.

The score is not solely on the sub-par service. I had high hopes on the menu, but the food was lacking. The best dish was the peri peri salad. Amazing flavors, texture, and even presentation. That's where it goes downhill after.

The mushrooms were overly-oily and chewy. The ""scallion pancakes"" barely resembled such and probably would have worked well with the dish if it was actually a scallion pancake. 

We also ordered the dumplings (not pictured). The stew served with it was VERY flavorful and balanced. I almost wish they had more of it in the serving as the dumplings themselves were pretty bad. The casing was chewy and soggy up top and a little burnt on the bottom. This may have been simply due to the wrapper being a little too thick for the filling. Also, the filling tasted closer to imitation crab rather than actual crab meat.

I'd go back for a drink or to give 1-2 dishes we didn't have a try but overall not worth the price and wait.",True,0,0,0,Ronak P.,en,"{'neg': 0.142, 'neu': 0.752, 'pos': 0.106, 'compound': -0.9615}",-0.9615,0.106,0.142,0.752,negative
406,2023-03-03 14:47:41+00:00,5,"I'm a huge Top Chef fan and when my friend scored a reservation to Kwame's restaurant it was an immediate yes from me. 

I can't begin to tell you how incredible the food is. It's the best of NYC staples with a modern spin that keeps getting better with every bite. You must get the chopped cheese (even consider x2 it was so good), fried okra (if you're into spicy this is for you!) and the wagyu (how he makes this taste like butter I do not know), cosmic brownie (ask for an extra scoop of the powdered donut ice cream, trust me) and then that rainbow cookie panna cotta (it tasted identical to my all time favorite cookie)! 

The only thing that I would change is the volume of the music. Great jams but it's so loud/clubby that you can't really converse without yelling. 

I'll be back 10x over...if I can get another resy!",True,0,0,0,Lauren S.,en,"{'neg': 0.0, 'neu': 0.808, 'pos': 0.192, 'compound': 0.9773}",0.9773,0.192,0.0,0.808,positive
405,2023-03-04 03:41:02+00:00,5,"The food was phenomenal! I strongly suggest you plan ahead and get a reservation, but if you don't... get there early to snag 1 off the 6 bar seats. Doors open at 5 and we were able to be the first seated at the bar by getting there and in line by 4:30pm. The staff was great, especially the bartenders. The environment feels very open, not too crowded and the bar seats were comfortable. 

We ordered a lot! My favorites were from the small plate menu: the scallops... perfectly cooked and seasoned, I just wish it was a larger portion. The okra was also a fav. I'm a big okra fan, but I was eating with some people who do not like okra at all, and they even enjoyed it. The okra seems dehydrated, and then fried without breading so it's much different from traditional okra dishes. We also got the goat patties, the breading was so good and I liked the sauces with them. As for large plates: we got the oxtail and the pastrami rib. Both were good and I'm usually always team oxtail, but I have to say the pastrami was so so so good. We cut it with a spoon so that tells you just how tender it was. And they give you pickled onions and bread on the side so you can make a little sandwich. Again so so so good. The bread tasted like 5 pounds of butter was mixed in it and if that's true, it's totally worth the cholesterol. I wish the pickled onions had a little bit more flavor but overall everything was so great!",False,1,0,1,Alexandria B.,en,"{'neg': 0.042, 'neu': 0.7, 'pos': 0.259, 'compound': 0.9977}",0.9977,0.259,0.042,0.7,positive
404,2023-03-05 03:47:23+00:00,4,"I'm a Kwame fan and have been wanting to come here since spotting it on my walk home. I haven't been able to get a reservation but my friend and I heading over to see if we can grab a seat at the bar. Turned out, they had a lot of cancellations that day due to the snow and we could sit at the table as long as we could finish in 90 minutes which was plenty of time. We ordered drinks along with the curried goat patties, egusi dumplings, and braised oxtail. The patties were flakey and came with tasty sauces. This was my favorite dish. Then 15ish minutes later we got the egusi dumplings which were okay and I found them to be a little salty, then another 20 minutes later, the oxtails arrived covered. The server lifted the lid to a big pot to reveal oxtails on one side of the pot. The oxtails were very tender and flavorful. They had a nice sweet and salty flavor with sticky consistency. Rice and peas were served in a small bowl. I would have liked a little more to eat with the oxtail. Overall a good meal with fantastic service. There were long waits between dishes which I noticed was common at all the surrounding tables. Music was too loud for my liking but glad I finally got to come.",True,1,0,1,Masumi T.,en,"{'neg': 0.134, 'neu': 0.659, 'pos': 0.207, 'compound': 0.9734}",0.9734,0.207,0.134,0.659,positive
403,2023-03-08 03:10:33+00:00,5,"O M G . The food here is literally heaven on earth. I don't even know where to start. Every aspect of this establishment from the food to the staff , to the drinks , to the ambiance is complete excellence. I guess I'll have to talk about the food first. I have never experienced the vision of a chef, so perfectly executed. First dish, I experienced was the Piri piri salad, I was mid conversation, when I tasted the first bite. I was shocked by the burst of refreshing flavors. This salad set the tone for the night. Right then and there I knew this establishment IS special. Then I went on an adventure of flavors, I had the scallops , the curry goat pattie and dumplings. Every dish was hitting. The consistency of the flavors, was incredibly impressive. Then the chopped cheese came out ..... I took a bite , and , I'm pretty sure , a tear ran down my face. This chopped cheese was not only out of this world good but it was telling a life story on a plate. This dish is everything. The explosion of flavors brought out so many emotions. I could talk about this chopped cheese all day, it is the definition of deliciousness. It might be the perfect dish. It is a gift for our tastebuds , that I'm truly grateful for. I also had the sofrito chicken. This chicken was cooked perfectly down to the second. Succulent is an understatement.  This chicken is juicy AF.  The drinks compliment the food perfectly. You can not go wrong with the nutcracker, it's a must have .The strawberry margarita is great as well. Omg , I forgot about the okra. We had the pleasure of meeting Chrissy , the hospitality director. Chrissy recommended the okra, and again , we were blown away. It was so good. Thank you Chrissy for all the love and making an incredible experience, even more incredible, you truly are a GEM. Chrissy is as incredible as the food here, thank you Chrissy. We also had an amazing server named Beatriz. Beatriz is wonderful, just amazing . Beatriz is everything you can want as a server. Knows the menu and is sooooo personable. Thank you Beatriz. We also had the pleasure of speaking with mikayla. Mikayla is such a people person, thank you mikayla, for making our dining experience even better. We also had the humbling pleasure of meeting chef Kwame and his sister Tatiana. Such a honor to meet both of you. Your family is the definition of black excellence in every sense of the word , thank you for your kindness and your vision. Truly an honor. Our desserts were incredible. Overall, I'm blown away. I'm so proud of my Bronx brother kwame. You put your life on a plate and I thank you for that. The food here is made for royalty by royalty and I will forever be a supporter of your visions. Every person here is as beautiful as the food. Dining here is a journey through perfection, excellence and love. My favorite establishments, hands down.",True,0,0,0,Jose F.,en,"{'neg': 0.01, 'neu': 0.653, 'pos': 0.337, 'compound': 0.9997}",0.9997,0.337,0.01,0.653,positive
402,2023-03-08 13:13:39+00:00,5,"Okay y'all know I'm % foodie all day everyday and when I tell the experience here was above board STELLAR from the walk in.....thank you to the algorithm gods for putting this on my radar and my friend for being a foodie and persistent...... because they are Booked Booked!!!!!! (Call daily for cancellations).

The staff is super polite attentive pleasant informative and accommodating. The cocktails and each dish was just amazingly eruptive in flavoring......the overall simplicity and nods of the Caribbean Indian and African spicing/herbs just pure magic......each bite enhancing the next with sauces that exploded to the next level. There was no wrong choice or moment that a dish was just okay......the entire experience mind-blowing .

Culinary Delights had:

CURRIED GOAT PATTIES
Green Seasoning Aioli, Mango Chutney

SCALLOP PINCHOS
Jerk BBQ, Spiced Oregano, Onion Confit

CRISPY OKRA
Honey, Mustard, Peppa Sauce

TAKE-OUT MUSHROOMS
Scallion Pancake, Plum Sauce, Pickled Ginger

Dessert:

HARLEM CHOCOLATE FACTORY WHITE CHOCOLATE CHEESECAKE
French Vanilla Mousse, Chocolate Ganache, Brown Butter Graham Crumble

If you're in New York and the area this is definitely a must have experience......I look forward to going back and future expansions of the menu.",False,1,0,2,Su S.,en,"{'neg': 0.049, 'neu': 0.803, 'pos': 0.147, 'compound': 0.9756}",0.9756,0.147,0.049,0.803,positive
401,2023-03-10 16:27:35+00:00,5,"We had SUCH a fantastic time at Tatiana (or ""Tatiana's"" for the fam ).  From the time we arrived the energy was top tier! We were quickly greeted and escorted to our table (sans any pretentious nagging about being slightly late). Before we even sat down two team members complimented our outfits which, I know, has nothing to do with the meal but really put us in a fantastic mood.

As for the food! I mean, like be for real! I was FANTASIZING about the okra for DAYS! OKRA!!! We shared the curry goat patties, scallops, crab eguisi, crispy okra and, of course, the pastrami short rib. The flavors were so well balanced and everything was perfectly prepared, so I won't go into detail, I'll just make a few highlights.

1. I'm Caribbean so goat is like a food group, I never realized until reading these reviews and eating with my homegirl (who had NEVER had it) that it really is uncommon for Americans. With that said, this is a PERFECT intro item the curry is perfectly flavorful and the goat is prepped well so the meat is tender. Highly recommend!

2. Did I mention the okra? I didn't even know you could cook okra that way. It was giving crispy Brussels sprouts sexy older sister. MUST TRY!

3. Sonnets have been written about the Pastrami short rib, everything they say is true. But for those with dogs at home, and to give a sense of the portion, my aggressive chewing English Bulldog is still happily working away at the bone 10 days later! 

After our meal Chef Kamat (Chef Kwame was traveling that day) graciously stopped by our table so we could sing her praise.  We love the upscale yet homey environment, Burna Boy playlist and exquisitely black diaspora energy of this place.

We will be back as soon as we snag another reservation...may the odds be ever in our favor!",False,2,2,2,Chanel D.,en,"{'neg': 0.023, 'neu': 0.685, 'pos': 0.293, 'compound': 0.9989}",0.9989,0.293,0.023,0.685,positive
400,2023-03-10 22:21:08+00:00,5,"Hands down, this is the absolute best dining experience I've ever had. Ever.

Let's start with wait time for the table. My friends and I arrived right before our reservation. The moment we gave the hostess our name she introduced us to our table. The total interaction took less than 30 seconds. How efficient!

Our waitress, Shay, was so beautifully pleasant! She's down to earth to make sure we enjoyed every part of our experience. She recommended the best dishes and not a single part of the meal disappointed us.

The appetizers, truffle chop cheese, hamachi escovitch, and curry goat empanadas were love at first bite. I fell in love with each bite and even deeper in love the closer to the end I got. The paired pepper sauce to the Pattie's were 10/10. We were even happier to find out that it's Chef Kwame's grandfathers recipe. Definitely tasted like home. The main entrees, Short Rib Suya, oxtails and Sofrito Suya had us eating in silence. It was hands down the best meal to date.

To place the icing on the cake, the man himself Chef Kwame Onwuachi made him way around the dining area to greet each and every client. Now I've been to thousands of restaurants and I've never been greeted by the Chef/Owner before. Not only did he come by to say hi once, but 3 times total. Our party chit chatted with him, asked him a few questions and thanked him numerous times for his culinary vision.

From the cuisine, to the vibe, to the outstanding customer service. Tatiana embodies what it means to embrace your culture, and putting your own twist to it. This place deserves as much press and publication as it can get.

It's going to blow your mind and exceed every expectation. 100/10 experience.",False,0,0,0,Asia J.,en,"{'neg': 0.02, 'neu': 0.811, 'pos': 0.169, 'compound': 0.9923}",0.9923,0.169,0.02,0.811,positive
399,2023-03-13 14:35:32+00:00,5,"10/10! Everything about this restaurant is fabulous from the food to the service, to the ambiance and even the bathroom is a vibe! We started with Hamachi Escovitch, Curried Goat Patties, Egusi Dumplings and the Honeynut Puri Piri Salad. I could go on and on about how good every dish was because it really was that good. The salad is so fresh and light so it was a nice mix with some of the other heavier dishes we ate. And I LOVED the goat patties. I could have eaten several orders of them. I love sauces and all the sauces with the dishes are wonderful additions to the food. For our main dishes, we shared the Take-Out Mushrooms and the Short Rib Pastrami Suya. The pastrami is so, so, so good! It's perfectly cooked and seasoned and the warm caraway coco bread it comes with is so soft and fluffy. All of it is just yum! The mushrooms and scallion pancake were also very good, but I definitely would have ordered another meat dish had I not been with someone who jumped to order the mushrooms before I could get another order in (lol). We finished with the Rainbow Cookie Panna Cotta and the Harlem Choclate Factory White Chocolate Cheesecake. Both desserts are good, but the cheesecake is a standout. That is very good! To accompany my food, I had the watermelon margarita which was perfect for me, not too strong but didn't take like I was drinking juice. 

The restaurant has a very chill and hip vibe with the best Hip Hop/R&B music playing. The staff are very attentive and all so pleasant. I can't wait to go back and I will be back (whenever I can get another reservation)!

Note: I forgot to get a pic of the piri piri salad, egusi dumpling and desserts before we started eating.",True,0,0,2,Atiya G.,en,"{'neg': 0.021, 'neu': 0.766, 'pos': 0.213, 'compound': 0.9966}",0.9966,0.213,0.021,0.766,positive
398,2023-03-14 15:14:39+00:00,5,"I can see why it's hard to get a table. I ordered the curry goat patties & oxtail. Everything was delicious!
Nutcrackers were amazing as well. I loved the ambiance & music selection! Service was amazing!
I can't wait to come back!",False,0,0,0,Bennie B.,en,"{'neg': 0.026, 'neu': 0.519, 'pos': 0.455, 'compound': 0.978}",0.978,0.455,0.026,0.519,positive
397,2023-03-16 22:40:12+00:00,4,Great experience. Very cozy atmosphere with a with a splash of sophistication. Dimly lit to stimulate conversation and string drinks to help move things along. The food was excellent despite the portions being a bit small for the price tag! The Wagyu Short Rib was was a stand out .. it will leave you wanting more! Reservations are hard to get here so plan ahead!,True,1,0,1,Michael N.,en,"{'neg': 0.089, 'neu': 0.684, 'pos': 0.227, 'compound': 0.9137}",0.9137,0.227,0.089,0.684,positive
396,2023-03-18 17:46:31+00:00,5,"The Afro-Caribbean restaurant located in the heart of Lincoln center had my palette experiencing fireworks all night long. From the minute you walk in to the time that you leave the music was a vibe from reggae to hip hop. the dim lighting sets the mood. The story behind the restaurant being named after the chefs sister is a story in itself. I was beyond excited to finally be able to reservations to try out this place. I waited 28 days and it was worth the countdown. 
Every appetizer, entree, and dessert was beautifully plated & was filled with so many unique flavors! I will definitely be returning because there are many dishes on that menu I need to try, the scallop pinchos being one of them !! My mom loves oxtail and goat, we were not diss appointed at all. I'm a sucker for a good dessert the rainbow cookie pannacotta was absolutely delicious top 5 favorite desserts. Now let me tell you the little Debbie cosmic brownie ""bodega special"" took me back to my childhood. It reminded me so much of when i use to eat them. The powdered donut that's served along side, replicates the taste as if you're physically biting into a donut. Chef Kwame understood and killed the assignment.",True,0,0,0,Desirae F.,en,"{'neg': 0.06, 'neu': 0.798, 'pos': 0.142, 'compound': 0.9607}",0.9607,0.142,0.06,0.798,positive
395,2023-03-19 17:42:52+00:00,5,"This was a truly exquisite dining experience. A+ service from the moment we came to the moment we left. The menu is divided into main plates and small plates to share. We had:
- Braised oxtail (a must try)
- Curried goat patties (I liked the crispy shell more than the filling but overall it was yummy) 
- Egusi dumplings (favorite small plate) 
- Crispy okra (not a fan of okra usually but this was really flavorful, and had a spicy kick) 

We thoroughly enjoyed the house-made chili oil and it paired well with almost all the dishes. The restaurant is located near the Lincoln center which makes it a convenient place to eat before/after shows if you have a reservation. Great service, food and experience. Highly recommend.",True,1,0,0,Michelle L.,en,"{'neg': 0.061, 'neu': 0.677, 'pos': 0.262, 'compound': 0.9864}",0.9864,0.262,0.061,0.677,positive
394,2023-03-21 01:36:24+00:00,5,"After visiting Kwame's restaurant Kith & Kin in DC back in 2018, I was excited to check out his latest Lincoln Center endeavor. The menu was different of course but the vibes were still the same. A fusion of Afro-Carribbean in his own modern take that draws flavors from New York City and the culture here. Egusi dumplings and black bean hummus tells this story perfectly. Blending flavors and spinning classics into new favorites the menu features a selection of large plates and small. We focused on trying things we've never had before and started with the scallops pinchos that had a jerk bbq sauce on top. Smokey and a bit sweet, the scallops were cooked perfectly. We also ordered the black bean hummus, truffle chopped cheese, and crispy okra along with the dumplings and hummus. All of which I recommend. The berber spiced lamb on the hummus was so delicious, especially when dipped with the crisp flat bread it comes with. The okra is dry-fried, not 100% sure what that means but it translates to very light and crispy. Not slimy at all and covered in a spice rub. I know these were all the small plates but as a party of two, I wish there was just a tad bit more. Groups of 3+ should definitely order a large plate in addition to a few small. This is the kind of place where the flavor and ingredients are the star of the show. Not a huge portions fill up kind of place, quality over quantity and giving you flavors to savor kind of place. Make a reservation and try the cosmic brownie dessert.",True,1,0,2,Kadeesha L.,en,"{'neg': 0.081, 'neu': 0.691, 'pos': 0.229, 'compound': 0.9956}",0.9956,0.229,0.081,0.691,positive
393,2023-03-22 04:05:36+00:00,3,"Mediocre experience. Came to celebrate my birthday and was really excited to be able to secure a reservation the day before. I wanted to add an additional family member to my reservation so I called and left a message (they were closed on Monday). I made sure to call as early as I could day-of, to request the addition, and did not have high expectations, but figured it was worth a shot. The host who answered was very nice, and assured me that she could add a third to the party, but would need push the reservation time to 15 minutes later. I told her that was absolutely fine and thanked her. I got an email notification from resy that the time was changed, but didn't actually read the email because I trusted that all would be as discussed. I also noted that it was a birthday - not only in the voicemail, but on resy.

Fast forward to arriving at the restaurant: two members of our three-person party arrived ~15 minutes early, and checked in, but were told the party needed to be complete to be seated. The hosts surprisingly had no knowledge of the change from two to three people... when I heard this and checked the email, sure enough, it still said two people. This was disappointing because it seemed to impact where we were able to sit in the restaurant. I was a few minutes late. I don't think more than 6 or 7 minutes - if that much - and we ended up seated in the less-appealing area of the restaurant - not the main dining area. I asked the host who sat us if there was a possibility we could be seated elsewhere, even if there was a wait, and the manager (not sure if this was the host manager or manager of the restaurant) stated that everyone had just been seated, but didn't really seem apologetic about it. Throughout the couple of hours we spent there, I also saw a six-top that had the luxury of being seated as an incomplete party (only half had been at the table within the first hour were were there), so I found that interesting.

There is no uniformity in the restaurant in terms of dress. While it's fantastic that there's no dress code for patrons - the staff dress code is disjointed. All of the servers and runners had a clear dress code. Dark slacks/shirts. I think some may have even had half-aprons. Of what felt like the five or six hosts milling about at the stand: there were two in dark slacks and blazers, some with sneakers and dresses, one with an oversized sweatshirt on....the person who was introduced as the manager was dressed just as casually with a crop top and short skirt. It was giving confusion... why have a clear dress code for some staff but not others?

Out server was okay in the beginning. We couldn't hear her, and she couldn't hear us due to the volume of the music (which was very good, by the way!) but we eventually got our orders in. No ask about us celebrating or anything. The main food arrived hot and I can't complain about the taste at all, but it was pricey for the portions. We didn't see our server again or have her ask if all was okay until we were just about scraping the last bits off of our plates. No desire to make the dining experience special. Dessert was the least exciting taste-wise and although I shouldn't have been - based on the service prior to dessert - I was surprised that there wasn't even a candle in the cosmic brownie or the extra order (tiny - half scoop?) of ice cream.

Maybe it was an off night all-around. The food was solid, albeit pricey, but after that experience I wouldn't give high marks for service outside of the incredibly prompt and polite food runners. I'm really disappointed that the experience wasn't a special one for my birthday.",False,0,0,0,Jazmin W.,en,"{'neg': 0.095, 'neu': 0.755, 'pos': 0.15, 'compound': 0.9892}",0.9892,0.15,0.095,0.755,positive
392,2023-03-22 19:37:51+00:00,5,"I cannot say enough about the quality and excellent experience my wife and I had at this restaurant in NYC. The food was simply superb and the drinks were amazing. I mean... amazing! I highly recommend this spot though it is expensive. That being said, one item I thought was great was that their dishes can be shared between individuals so that despite the expense, it was not over what we may have otherwise spent at other fancy places we have gone to in recent times, where the PPP was through the roof! All I can say is that fine dining is not without a cost and the reality is that great food is worth every dollar when you walk out with a smile from side to side.

Likewise, the ambiance and friendliness of the staff are also details that have to be brought into view because it wasn't that the food was, Aline, great, but the experience was wonderful.

Try that pastrami ditch... OMG! What a delight. If you get a chance, check'm out!",True,0,0,0,Jaime A.,en,"{'neg': 0.026, 'neu': 0.766, 'pos': 0.208, 'compound': 0.9851}",0.9851,0.208,0.026,0.766,positive
391,2023-03-23 21:13:54+00:00,5,"I was super excited to try Tatiana, and it did not disappoint.  My first time here was with two friends and my mom, and I knew I had to show my boyfriend. I came back with him on Tuesday, and we immediately made a reservation the next day for one month from now. We are devastated we have to wait a whole month to come back, so we might try to walk in for bar seating sometime sooner.

Dishes (in order of my favorite to least favorite) 

1. Goat Patties: MUST TRY. My mom's favorite. My two friends' favorite. My favorite. I would eat 6 of these myself.

2. Chopped Cheese: Worth trying if you like patty melts. This was my boyfriend's favorite dish. 

3. Black bean hummus: everyone is skeptical when I say this dish slaps because they're thinking ""how can hummus be that good?"" It is. There's some chili oil for spice and the ground lamb bits are so good. 

4. Oxtail: very tender and the coconut rice that it is served with is so good too.

5. Wagyu pastrami: very rich. It was a good dish but I was so full at this point.

6. Hamachi: a very light dish but nothing particularly special

7. Egusi dumplings: thought this was just ok.",False,2,1,4,Emily X.,en,"{'neg': 0.077, 'neu': 0.77, 'pos': 0.153, 'compound': 0.8681}",0.8681,0.153,0.077,0.77,positive
390,2023-03-23 21:23:23+00:00,5,"OMG after finally getting a reservation I must say it was worth the hassle . Me and two of my friends decided. To eat here one night while he was in the city from DC . The atmosphere , food and service was the bomb . We tried a the coco bread , Honeynut Piri Piri salad, Egusi dumplings, Truffle chop cheese , the braised oxtail and the snapper. I enjoyed every single item we ordered my favorite was the oxtails and the truffle chop cheese . If you can get a reservation you will not be disappointed.",False,0,1,0,Desmond F.,en,"{'neg': 0.013, 'neu': 0.793, 'pos': 0.193, 'compound': 0.9581}",0.9581,0.193,0.013,0.793,positive
389,2023-03-25 18:40:04+00:00,3,"Tatiana - Wow - Chef Kwame has a style of his own serving classic food like Red Snapper, Oxtail with a new twist nicely done. The restaurant itself is a glorified cafeteria - nightclub atmosphere! The music is to loud making it hard to have a pleasant conversation. It's very dark making it hard to read the menu, no candle on my table.The service was slow and they seem to be inexperienced for the quality of the food being served. If your one of the lucky ones to get a reservation - please remember it's all about chef Kwame FOOD.
Chef Kwame Red Snapper with the head please Caribbean way",False,0,0,0,Stephen A.,en,"{'neg': 0.091, 'neu': 0.713, 'pos': 0.196, 'compound': 0.9313}",0.9313,0.196,0.091,0.713,positive
388,2023-03-26 05:12:59+00:00,3,"I was so excited to visit Tatiana. I made a huge effort to secure a reservation for my Sister's birthday and I was really looking forward to the night. Unfortunately, I experienced one of the worst experiences with a server that I can recall ever having. 

The food was immaculate. The patty, the oxtails, the suya the dumplings - we enjoyed every morsel. As Nigerians it was a great sensory experience to see our traditional flavors prepared in a new and innovative way.

Our server literally ruined our night. I have worked in the service industry and I know that late reservations after a long night can be especially difficult but our experience was exceptionally off putting. She was rude, nonchalant, visibly irritated and unpleasant. It really put a damper on the energy of our evening. I was especially discouraged after I witnessed a blatantly rude/disrespectful interaction between her and my friend who inquired about placing an order and instead of being acknowledged was on the receiving end of a single finger raised in her face as if to say - stop talking. It was shocking. She made shallow attempts to blame her mood on other things (ranging  from how busy she was to another customer's allergies) but to have her somewhat acknowledge that she was treating us badly while continuing to do so was so confusing...

It's sad that I walk away from this night primarily remembering the negative energy my party and I were on the receiving end of and not the delicious food.",False,1,0,0,Tochi A.,en,"{'neg': 0.252, 'neu': 0.663, 'pos': 0.085, 'compound': -0.9965}",-0.9965,0.085,0.252,0.663,negative
387,2023-03-26 16:49:54+00:00,3,"Ambiance is amazing but food overall was decent and not spectacular. I expected more surrounding all of the hype. The sofrito chicken wasn't as seasoned as expected. Yes, lots of sauce, but the chicken itself didn't have much flavor. I was told it's cooked to order, so maybe it's not properly marinated for that reason. The brown stew red snapper I expected it to be stewed as its title says, however it was fried. Wasn't great, but wasn't bad. I did enjoy the okra, as I'm not a fan of okra but I enjoyed the way it was prepared here. The curried goat patties were good, but I wasn't wowed about them. The truffle chopped cheese was interesting and I enjoyed the presentation of it. The black bean hummus was tasty and different than the average hummus, so enjoyable. Personally, the biggest disappointment was the bodega special. Maybe it's just me because I read a lot of great reviews about it and expected it to be over the top, but I didn't find it to be able to stand apart from any other rich chocolate brownie type dessert. 
The prices I feel were high for the quality of the food, but I guess it compensates for the location. A sprite which comes in a small 8 oz glass bottle was $8 just to put things into perspective. 
Overall, great experience but I probably wouldn't return unless the menu changes here and there. I am also glad to support a black owned business.",False,1,0,0,Chassidy B.,en,"{'neg': 0.128, 'neu': 0.675, 'pos': 0.197, 'compound': 0.9699}",0.9699,0.197,0.128,0.675,positive
386,2023-04-05 05:29:15+00:00,5,This place is amazing! I was just there tonight and am already craving to go back. Staff are accommodating  and  kind. The vibe is sexy dark with good music.  The food !!!!!!  Every dish was just WOW. HIGHLY RECOMMEND !,False,0,0,0,Julia N.,en,"{'neg': 0.052, 'neu': 0.54, 'pos': 0.408, 'compound': 0.97}",0.97,0.408,0.052,0.54,positive
385,2023-04-06 10:02:03+00:00,5,"I have been waiting for months to get reservations here. I've been on the resy website and waiting list and called american express for their reservation services, no luck. A friend told me she just walked in and was lucky enough to get a seat at the bar, so I tried the same tactic. It wasn't as successful, but I did get a table for two the next day

The ambiance is incredible, perfect spot for a date night. There is a blue/purple mood light throughout the restaurant. The staff was just as poised and attentive as you'd expect at a restaurant you have to get lucky to get in. And the best part? Trap and twerk music the whole time. Waka Flocka Flame, Travis Porter, Meg the Stallion, Pop Smoke, Lil Wayne. You name a guilty pleasure, they played it. Definitely not the environment to dance in, but so therapeutic to be fine dining to music that feels so familiar

Now for the star of the show, the food. We ordered a sprinkling of everything to get a taste of as much of their menu as we could. The portions of the appetizers ranged from small portion to shareable but the entrees were definitely enough to fill us alone. 
- egusi dumplings: they were okay. I tasted more of the crab filling than egusi but the red stew it sat ontop of was really nice and i wouldve enjoyed it by itself 
- crispy okra: GET THIS!! I have a pack of okra in my fridge right now waiting for me to recreate this dish. Because it was roasted, it doesn't have the slimy okra texture but crispy like a chip instead. The description in the menu listed mustard and honey as part of the components giving this dish its flavor. The sweetness of the honey was a lot more pronounced than any mustard-y tang but the heat was silent and deadly, building up in intensity with each bite. This was a shareable appetizer but it was so good, we inhaled it down to a clean plate in no time
- chopped cheese: another must have. The upscale rendition on a deli favorite was incredible. The bread alone would've satisfied me. It was so light and almost melted away in your mouth. The beef was definitely a good cut, there were no chewy pieces. The truffle wasn't overbearing. I did a little dance for each bite
- scallop pinchos: my friend ordered this and i tried a couple, wasn't crazy about it. The scallops were well made, the presentation was nice, and they were cute bite size pieces but the jerk sauce didn't taste anything like jerk nor did whatever that sauce was complement the scallops in any way
- brown stew red snapper with rice and peas: my friend ordered this as well. She reported that the fish was nice and moist, however, the brown sauce on it was just sweet. Not exactly brown stewed. She also wasn't impressed with the rice and peas
- short rib pastrami suya: this came with melted cabbage, fresh bread with carraway seeds and sauce on the side. The short rib was incredibly tender it fell off the bone. The suya spice ontop was a great accompaniment to the tender meat. The melted cabbage was sweet and the cabbage was a little softer that I'd go for, but that didn't stop us from cleaning the plate. The bread, I wasnt a fan of, the caraway seeds were overbearing to me so it sat in my plate and i wasn't quite sure what to do with it
- rainbow panacotti: the streusel on top was my favorite, the rest of it was average
- bodega special: up until now, I have no idea what role the sorrel played in this dessert. I did not taste it at all and I'm really not a dessert person but I love sorrel so that was disappointing. The warm brownie and ice cream went well together though 

Overall, I would come again. The things they did good was AMAZING and the things they didn't do so great was probably based on our biases but was good enough. Like I really enjoyed the atmosphere and the crispy okra and chopped cheese were enough for me to wait on a waiting list for but their attempts at traditionally jamaican dishes (jerk sauce, rice and peas, brown stew fish) missed the mark for our expectations but were still prepared well. Considering that, i would try something like their curried goat patties out of curiosity because I know it won't be awful but I also know it won't be my mom and grandma's curried goat in the patties. I left feeling stuffed and satisfied. Enjoyed my night there

**there is one single bathroom that there's often a line to so don't wait til the very last minute to go or plan a 20min bathroom trip",True,2,0,0,Monique M.,en,"{'neg': 0.084, 'neu': 0.664, 'pos': 0.252, 'compound': 0.9996}",0.9996,0.252,0.084,0.664,positive
384,2023-04-07 11:12:49+00:00,4,"Reservations are hard to come by & I see why. I really enjoyed this place. From the decor to the music to the food to the service. We had a reservation for 9:15 and did have to wait about 15mins to be seated. They were busy on a Wednesday evening.

Once we were seated the waitress checked in. We like to order starters and then the entrees but we had to order all at once-- but no worries it comes out 1 by 1!

We tried the truffle chopped cheese, curry goat empanadas, crispy okra, egusi dumplings (only thing I did not enjoy) and the pastrami short rib. I had the birthday martini first, which I didn't really enjoy & the pina pina after which was delicious!",True,0,0,1,Yvonne D.,en,"{'neg': 0.106, 'neu': 0.752, 'pos': 0.142, 'compound': 0.8754}",0.8754,0.142,0.106,0.752,positive
383,2023-04-09 21:46:32+00:00,5,Believe the HYPE! Money will worth it. Definitely will be back. Very flavorful. Don't worry about the price you will leave satisfied.,False,0,0,0,AkiraNCarley J.,en,"{'neg': 0.037, 'neu': 0.487, 'pos': 0.476, 'compound': 0.9377}",0.9377,0.476,0.037,0.487,positive
382,2023-04-09 22:32:02+00:00,5,"It was Perfect! Flavor, food and vibes. Don't wait. Make a reservation asap!!!!!!!!!!",False,0,0,0,Marsha F.,en,"{'neg': 0.0, 'neu': 0.567, 'pos': 0.433, 'compound': 0.8245}",0.8245,0.433,0.0,0.567,positive
381,2023-04-14 03:41:02+00:00,4,"Hey hey! Let's hear it for the young brother Kwame doin his thang in the MIDDLE OF LINCOLN CENTER!! 
Food: Def felt and tasted like fine dining. GET THE HUMMUS 

Service: We had a dude who looked like he lived in Williamsburg with 9 other dudes or like Shaggy from Scooby Doo. He was in training and tried to turn it on...but he just looked like he didn't want to be there. The main waitress (I think her name was Kaydene) came to sub him out or check on us and it was like a breath of fresh air during our time there. 
Shoutout to the hostess stand too, my wife was running about 15 minutes behind and they were hella accommodating. 

Ambiance: Beautiful decor, artwork and flowers. Black opulence! And don't forget to visit the handicap bathroom it's SEXY! Oh and I love Drizzy Drake but turn down the volume!",True,0,0,0,Tanya J.,en,"{'neg': 0.019, 'neu': 0.846, 'pos': 0.135, 'compound': 0.937}",0.937,0.135,0.019,0.846,positive
380,2023-04-18 18:17:06+00:00,4,"Took a while to get a ressy but finally made it on an early Tuesday evening.

Loved just about everything about my experience.  We were a party of two with a 5pm ressy and finally got up from the table at 7:30pm.  I LOVE a restaurant that doesn't push you out the door.

I don't know what more I can say about the food that hasn't already been said but here goes:

Standout:  
Curry Goat Empanadas- we had to order a second plate of these they were that good

Oxtail- fall off the bone soft and perfectly sticky.  The sauce was divine- i could take a straw and slurp it up

Really Good:
Black bean Hummus - wow the texture was incredibly smooth but that lamb ragú gives all the feels you need.  The 'bread' was named after someone I forget but were very much like thin fried 'bake' (if you are familiar with Caribbean food you know what I mean) 

Strawberry Margarita- very tasty but light on the strawberry flavor.  Not much drink due to the huge ice though

Jell-O shot- the presentation is gorgeous with the gold flecks and the marbling & complexity of the shot but 2 for $12 seems like highway robbery.

The okay:
Egusi dumplings - my husband really enjoyed this but I was underwhelmed.  The red Nigerian stew included was pretty good however 

Cheesecake - pretty & sweet but not very special tasting in the NY cheesecake scene

Best:  the Service!  My server was Wogey and she was A1!  We want her to go work at our regular fine dining restaurant just so we could see her more often.  She guided and curated our experience expertly.  She was engaging and knowledgeable and professional with a bright smile- it gets no better.",True,1,0,0,Tamara R.,en,"{'neg': 0.083, 'neu': 0.636, 'pos': 0.281, 'compound': 0.9979}",0.9979,0.281,0.083,0.636,positive
379,2023-04-18 19:04:12+00:00,3,"- food was good
- I managed to get an easier reservation when going in person
- I also called and made an easy adjustment on my reservation
- environment is hip
- hip music is playing
- they have walk in opportunity available at bar
- alcohol gummies were night thing to try
  I didn't get lit or anything
- cocktails tasted very good
- chopped cheese, patties, and dumplings were good
- short rib was good, 
  enough to feed to people to perfect satiation
  all the ingredients complemented each other  in a way I never thought possible
  I really liked the mustard
- the cosmic brownie and powdered doughnut ice cream were good
  I really hope I didn't pay all that money for a cosmic brownie, I could get from the store for 50 cents
- I didn't feel as blown away by the experience as I thought i'd be",True,4,1,1,renje g.,en,"{'neg': 0.009, 'neu': 0.752, 'pos': 0.24, 'compound': 0.9862}",0.9862,0.24,0.009,0.752,positive
378,2023-04-20 21:35:55+00:00,4,"Tatiana has been everywhere, so I was excited when I snagged a reservation. Now with lots of hype comes lots of expectations.

The ambiance was really nice. The chairs were comfortable and the lighting was soft. The service was fine. The waitress may not have noticed but her face was very judgmental.

Overall, the food was great! I really really liked it. My issue is that for the price, it's almost not worth it, and I don't care. My Asian ancestors are rolling over in their grave knowing I just paid $30 for 3 dumplings. It's WILD. A lot of the menu feels like expensive versions of things you can get for cheap that are still really good. 

The food also came out staggered so we didn't get our entrees together there was a big gap. The food also never tasted piping hot but always lukewarm, which threw me off.

Crab Dumpling: 8.5/10

The filling of these dumplings is so unique. The crab tastes so fresh. I also like the sauce.

Curried Goat Patties: 9.5/10

This was my favorite dish! The Pattie's were so flakey and soft. It was shaped like a typical patty but the texture reminded me of a croissant with how light it was. The sauce and chutney with the curried goat were fabulous. I wish I could've had more!

Short Rib Pastrami Suya: 9/10

The short rib fell off the bone immediately. The meat was so soft. It was so buttery you didn't have to chew at all. It tasted exactly like pastrami but better.

The bread was a bit dry and dull, but I loved the take on mustard and the sweet onions. Overall this dish was incredible, but given the price, I almost would have preferred to get something else where I could try something that is unlike anything I've ever tasted. This tasted like pastrami but with elite meat.

Oxtail: 9/10

I really enjoyed the rice that came with this dish and had a subtle hint of coconut. It was perfect with the sweet sauce from this dish. The oxtail fell right off the bone. The meat was tender and soft. It melted in my mouth. Overall the flavor was great too. Not too sweet and a little spicy.",True,3,1,2,Olivia P.,en,"{'neg': 0.079, 'neu': 0.69, 'pos': 0.231, 'compound': 0.9975}",0.9975,0.231,0.079,0.69,positive
377,2023-04-26 21:34:34+00:00,5,Am still waiting for a day to visit this place . The waiting list is long . I have to post 5 stars because you got to be a star to get in it seems,False,0,0,0,Alicia J.,en,"{'neg': 0.152, 'neu': 0.848, 'pos': 0.0, 'compound': -0.7184}",-0.7184,0.0,0.152,0.848,negative
376,2023-04-26 21:54:08+00:00,5,"There is little to say here that hasn't already been said. The food is, in fact, delicious, the service was smooth, and the ambiance is fitting for the restaurant's vibe. 

I am mostly here to attest that the food is not hype. It is a coming-home-sigh-of-deliciousness on your palate. It is what many Michelin star restaurants pretend to be, but aren't. It is utter, wouldn't-change-a-thing satisfaction.",False,2,1,2,Dakota L.,en,"{'neg': 0.062, 'neu': 0.88, 'pos': 0.058, 'compound': 0.1756}",0.1756,0.058,0.062,0.88,positive
375,2023-04-29 00:17:58+00:00,5,"The food was delicious, and the ambiance was perfect for a nice dinner for two. There wasn't one ""miss"" on the cohesive menu -and we tried 6 dishes. Highly recommend!",False,0,0,0,Dana J.,en,"{'neg': 0.0, 'neu': 0.591, 'pos': 0.409, 'compound': 0.9558}",0.9558,0.409,0.0,0.591,positive
374,2023-04-30 18:14:40+00:00,5,"Although the prices are expensive, food, drinks, and service are outstanding. It's a beautiful venue, smaller than I thought but still has a great vibe. Highly recommend. Wish I had more pics of the food",False,0,0,0,Kim C.,en,"{'neg': 0.065, 'neu': 0.54, 'pos': 0.395, 'compound': 0.9456}",0.9456,0.395,0.065,0.54,positive
373,2023-05-04 13:15:01+00:00,5,"From the food presentation to specific details esthetically of the footprint down to the menu and saucer exhibit upon arrival, most important the amazing flavors of each item that were very well balanced  it was an overall amazing experience (my apologies for the run-on sentence). To top it off our server was very personable and flat out amazing..... great vibes as soon as you enter as well.",False,0,0,0,Ramond S.,en,"{'neg': 0.0, 'neu': 0.742, 'pos': 0.258, 'compound': 0.9633}",0.9633,0.258,0.0,0.742,positive
372,2023-05-07 00:15:20+00:00,5,Tatiana's was on the small side but the private room we occupied along with the food and service Exceeded my expectations!,False,0,0,0,Erika N.,en,"{'neg': 0.122, 'neu': 0.878, 'pos': 0.0, 'compound': -0.4199}",-0.4199,0.0,0.122,0.878,negative
371,2023-05-07 19:02:01+00:00,4,"Let me start by saying we had a good experience and importantly loved the food, ambiance and location of Tatiana's. Right next to the Met there is a buzz and energy to the place and the diversity of staff and patrons is wonderful. 
Food was uniformly excellent - the two of us shared 4 smalls and one large along with one dessert and five drinks. About $300 all- in so not inexpensive. 
Why the removal of one star. 
Our server was very nice but despite discussing we wanted to be there two hours pre- opera and pace the food and drinks in a order, everything came out in a 10 minute interval. That's a problem at a place charging these prices. We had to send back the large plate ( fish) that they were nice about and brought us a fresh one 30 minutes later but we had to do all the smalls together. 
For food our rankings at 9/10 go to 4 of the 5 and surprisingly not to the restaurants most popular item- the curried goat patties that were great but too doughy for our taste. We had the okra, Egusi dumplings, the new jerk cod/ cornbread and the brown stew Red Snapper - each of these was terrific. The bordega brownie was excellent as well. 

We had the Margarita ( beautiful presentation but so so), Benton's old fashioned( excellent) and a  Chablis- our server was good enough to allow us to taste a few wines before choosing. 
So overall great- just fix the glitch in the kitchen of not pacing orders.",False,0,0,0,Alan R.,en,"{'neg': 0.027, 'neu': 0.749, 'pos': 0.224, 'compound': 0.9958}",0.9958,0.224,0.027,0.749,positive
370,2023-05-08 02:22:08+00:00,5,"Chef Kwame is a mastermind. Putting together a menu that personifies his West African and Caribbean roots and sprinkling New York Culture to create a culinary masterpiece. He even stopped by our table to check in on our experience. 

The concepts is tapas that are intended to be shared. At first glance they look small and delicate but they are actually rich and filling. Also my partner who is vegan had a ton of options as well.

Some of my favorites was the curry goat patties, the truffle chopped cheese, egusi dumplings, and the takeout mushrooms. The restaurant esthetics is nice as well - good music, hip and modern. 

Great places if you want impress a date or grab a few friends and fam to share some dishes. Really good for all occasions. Reservation come out daily for a 30 day window. Keep refreshing and be comfortable with going anytime to get a seat at hottest restaurant right now.",True,2,0,2,Johnny G.,en,"{'neg': 0.028, 'neu': 0.66, 'pos': 0.313, 'compound': 0.9955}",0.9955,0.313,0.028,0.66,positive
369,2023-05-08 11:11:56+00:00,5,"5 stars from a reviewer who ordinarily shares 4 star restaurants worth an outing for food alone.  You get that and more for a terrific dining experience at Tatiana.  All are welcome, if you can afford the tab.  Expect lively atmosphere in an amazing setting and warm and friendly service from everyone on board.  If you've never tried oxtails but are intrigued, go for their take and be prepared for heavenly bites.  I have never had a salad without greens that had all the best things about a salad before our server recommended the Peri Peri Salad, a dish I won't forget that pairs so well with their must get curry goat patties.",True,1,0,0,Lisa M.,en,"{'neg': 0.012, 'neu': 0.698, 'pos': 0.29, 'compound': 0.9855}",0.9855,0.29,0.012,0.698,positive
368,2023-05-10 23:18:34+00:00,5,Amazing! Delicious! Worth the wait and price! Ver creative! In a wonderful setting! Need I say more...!,False,0,0,0,Michel K.,en,"{'neg': 0.103, 'neu': 0.274, 'pos': 0.623, 'compound': 0.9588}",0.9588,0.623,0.103,0.274,positive
367,2023-05-11 01:52:00+00:00,5,"Tatiana, located within the adored David Geffen Hall- gorgeous location with tamed sophisticated interiors.
The hosts were all so lovely, waited about 2min after our actual reservation time. 

Was seated by the window which was lovely, our waitress Beatriz was helpful and v accommodating. 

Ordered the famous spicy margarita- ok, smoothest margarita I've ever had in New York- and it's my go to drink! 

We got the PeriPeri Salad- the sauce or dressing explodes in your mouth, alright. Beautifully made. 

For mains; oxtail and the wagyu ribs. 
Oxtail  was delish! Although it's was a staple take- it was def made very very well, melt in your mouth and v flavorful. 

Ribs was screaming quality, nothing too outstanding besides how well it was done! Take the cabbage, meat and mustard on your bread and take it all in one is the perfect bite *chef'a kiss*


A commendation for the service- our appetizer came before my drink and the manger noticed and because of it, we were treated with an appetizer on the house- the crab dumplings- which was good. 

The cheesecake was a unique take- don't skip on it. It's worth the sugar.

Overall- a lovely night with delicious food. 
Will I go back again, Definitely. 
Is it just a hype- perhaps. But it's worth the hype.",False,0,0,0,Rosie E.,en,"{'neg': 0.034, 'neu': 0.783, 'pos': 0.183, 'compound': 0.9838}",0.9838,0.183,0.034,0.783,positive
366,2023-05-13 15:45:20+00:00,5,"My dining experience at Tatiana was phenomenal!
First I was to say the staff was so lovely and kind and made a really good impression. The ambiance inside the restaurant was a nice vibe they were playing good music but I ended up eating outside.

For drinks i got the POG. Nutcracker and the Strawberry Field Margarita. The nutcracker was  pretty strong and gave me a nice buzz. The margarita has a basic presentation but it was smooth and really nice. I would order it again

For small plates I had the curry  patties, the cod and cornbread and the egusi dumplings. I really enjoyed everything but the goat patties were on another level. I couldn't get enough of the green aioli and the mango chutney. It also comes with a habanero sauce if you want to add some spice. The cod and cornbread is really underrated I would definitely give that a try!!

For my large plate I had the Mom Duke shrimp which had really great flavors and the brioche bread was perfect toasted and delicious to help sop up that yummy sauce!

The true star of the show was the bodega special. The brownie was moist and delicious but that ice cream? SO good! You would think powdered donut flavored ice cream would be to sweet but it wasn't, it was perfect. 

All in All it was a great experience and I can't wait to go back. I'm really proud of Chef Kwame!",False,0,0,0,Debbie O.,en,"{'neg': 0.021, 'neu': 0.61, 'pos': 0.368, 'compound': 0.999}",0.999,0.368,0.021,0.61,positive
365,2023-05-14 00:30:16+00:00,1,"Very poor service and treatmet. 

Earlier this week, Tatiana expanded to outdoor dining, effectively doubling to twice its capacity of the enclosed restuarant.  On Wednesday (5/10/23) and Thursday (5/11/23), I inquired as to reservations for this Friday and was told for outdoor dining there was none.  Essentially, show up, if space is available, you will be seated.

When I returnd  on Friday (5/12/23) at 6:45 pm, I learned that the outdoor dining was closed, despite having open tables both in the dining room and outdoors, since the kitchen could not prepare the meals due to the expansion of the outdoor dining. The waiting time was two hour.  When my girlfriend arrived at 6:55 pm, she began to make inquiries, largely getting the same answers (i.e., run-a-round).  The big difference was that there was now a waiting list that had opened up at 4:45 pm and we could put our name on that list. (There was no mention of a waiting list on either Thursday or Friday).

Obviously, the story kept changing the longer we waited and asked more questions.   To summarize, when popular, you can treat your potential patrons like dirt.  You can lie to them, mislead them, look down on them.  However, in a city where 2 out of 3 restuarants fail in two years of opening, No restuarant can treat the public like this and survive.

My advice is steer clear of Tatiana until they can accommodate their patrons in all of their seating and learn some manners.

Bill Short",False,0,0,0,Bill S.,en,"{'neg': 0.052, 'neu': 0.877, 'pos': 0.071, 'compound': 0.6133}",0.6133,0.071,0.052,0.877,positive
364,2023-05-14 02:05:06+00:00,5,"Thoroughly impressed with the food and staff. Cheers to chef Kwame! The suya pastrami, snow crab and oxtails are must haves. I suggest attending as a group, good is served in large portions family style fine dining.",False,0,0,0,A L.,en,"{'neg': 0.069, 'neu': 0.71, 'pos': 0.222, 'compound': 0.7707}",0.7707,0.222,0.069,0.71,positive
363,2023-05-14 21:41:15+00:00,5,"It is no wonder that this place was raved by The NY Times. The menu is limiting, yes, BUT everything single item on their menu looked delicious and you can't go wrong with any of them. We got the egusi dumplings, curried goat patties (my favorite), the short rib pastrami, and the bodega special. The only problem I had was that I thought a ridiculous amount of meat was provided with the pastrami and I had so little bread to eat it with. Definitely on purpose, but I just personally prefer a larger bread to meat ratio. Everything was absolutely delicious and I was so sad that I couldn't take anything order to go. Considering how difficult it was for me to get a reservation, I was very lucky to have a taste of what Kwame Onwyachi had to offer. I would love to come again if I had the chance to try the oxtail.",True,0,0,1,Evelyn M.,en,"{'neg': 0.114, 'neu': 0.655, 'pos': 0.231, 'compound': 0.981}",0.981,0.231,0.114,0.655,positive
362,2023-05-16 20:42:55+00:00,5,"Having been to Tatiana twice now I can ensure you that you are in for a delicious meal and a good vibe/night out. The ambiance of Lincoln Center speaks for itself, then you add the fantastic meals by Kwame and team and THAT'S IT. I've enjoyed the HUGE oxtails, curried goat patties (twice and I'm not ashamed), the egusi dumplings, to name a few things. Every dish is flavorful, thoughtful, and just DELICIOUS.

Tatiana's drinks are delicious as well. They're carefully made so YOU be careful not to have too many. They don't have a strong alcoholic taste but it's definitely present.

Everything else about Tatiana: the location, the music, the open kitchen... makes me very very proud of this team and thankful for it's addition to the NYC specifically Manhattan scene. Reservations are strongly recommended via Resy and I hope you enjoy as much as I did (:

For honesty and transparency - during my first visit the service was extremely slow, I am guessing since my group was one of the later reservations of the night. Our waiter removed 20% for the inconvience which I thought also spoke to the hospitality. We put that right back toward tip, but still it set the tone for my perception of the experience. Thank YALLL",False,2,0,1,Tayla L.,en,"{'neg': 0.029, 'neu': 0.697, 'pos': 0.274, 'compound': 0.9959}",0.9959,0.274,0.029,0.697,positive
361,2023-05-17 01:35:58+00:00,2,"Very meh. Disappointing! Was there on a Monday night. The hamachi appetizer was tasteless - hard, not buttery and soft. The king crab dish was also tasteless/bitter. The service was awful. Had 3 different servers as each one seemed to disappear. Waited forever for our main courses and the restaurant was not crowded. They did apologize and bought us a dessert. But for over 100$ a person none of this should have been acceptable. 
The red snapper was delicious - but everything else was not.
Very disappointing!!!",False,0,0,0,Elissa K.,en,"{'neg': 0.182, 'neu': 0.66, 'pos': 0.158, 'compound': 0.6905}",0.6905,0.158,0.182,0.66,positive
360,2023-05-17 05:26:52+00:00,5,"Food was great, atmosphere was amazing I would definitely recommend this to family and friends, and I won't be returning. All of the staff was nice and polite and professional.",False,0,0,0,Andrew Q.,en,"{'neg': 0.0, 'neu': 0.471, 'pos': 0.529, 'compound': 0.9738}",0.9738,0.529,0.0,0.471,positive
359,2023-05-19 03:45:12+00:00,5,"I will never stop talking about this food and 10 out of 10 experience. OMG! Each dish was so delicious. I savored each and every bite. From the goat patty with mango chutney and the other sauce i'm not sure what it was but so very good. The patty was flakey and golden to perfection. I adored the mango chutney (i'm biased because i'm a mango stan)! The caesar salad was yummy and the radish was the star in this dish to me. 

The suya pastrami deserves its own paragraph because how?! This is a masterful dish. I don't consume meat often so I am a hard critic when it comes to the quality and when I tell you, it literally fell off the bone. I wish I took a photo when I cut into it. The pickled cabbage was also so good to pair with it. And that salted buttery bread - nomnomnom. So filling but didn't make me feel too heavy. The mustard sauce was also yum but you don't need it at all. 

We also enjoyed a glass of their sauvignon blanc which was quite nice and they had an awesome pour. 

Aside from the bomb food, the service was wonderful. The host was super sweet. When she sat us, she was full of compliments and delight. Our server asked how each bite was and my sister made sure to let her know the ancestors were present in each dish. 

The restaurant is gorgeous inside and they played some of the classics and my personal favorites like Future's ""March Madness"" and Juvenile's ""Slow Motion."" Gayle King also made an appearance so we knew we were in the right place because we trust Aunty. 

Absolutely will come back! Very difficult to get a resy here so be sure to book well in advance.",True,1,1,2,Chelsea S.,en,"{'neg': 0.073, 'neu': 0.66, 'pos': 0.267, 'compound': 0.9981}",0.9981,0.267,0.073,0.66,positive
358,2023-05-20 01:02:00+00:00,5,I dream about the food. 10/10! Service and Ambiance are also very solid. My current favorite place in the city,False,0,0,0,Sivona B.,en,"{'neg': 0.0, 'neu': 0.69, 'pos': 0.31, 'compound': 0.7339}",0.7339,0.31,0.0,0.69,positive
357,2023-05-20 01:39:51+00:00,5,The NYT was absolutely right.  The food was amazing.  The flavors are exotic and work well together. The large to share is enough for at least 3 people.   We had the short rib pastrami.  Loved it. The red snapper had no bones and was superb.  The oxtail to die for-fell off the bone.  We had the chicken shwarma which came with lamb and rice which was a meal in and of itself.   Definitely will be back if we can get a reservation.,False,0,0,0,Carrie P.,en,"{'neg': 0.064, 'neu': 0.74, 'pos': 0.196, 'compound': 0.9136}",0.9136,0.196,0.064,0.74,positive
356,2023-05-20 05:06:41+00:00,5,"I would give this place 6 stars if I could. I officially have a new favorite restaurant. Kwame is a master on all levels. Beautiful restaurant. Awesome staff. The food? Unbelievable. Inventive, artful, delicious and oh so different. You will never taste anything like it again. I give it all available thumbs up!",False,0,0,0,Ulrike W.,en,"{'neg': 0.034, 'neu': 0.643, 'pos': 0.323, 'compound': 0.9637}",0.9637,0.323,0.034,0.643,positive
355,2023-05-23 22:22:34+00:00,4,"I damn near sold my unborn baby to get this reservation. No, seriously getting a resy here is next level impossible. I logged on so many days and within seconds (no exaggerating) they are gone. Needless to say, I've gone on every day and put the ""notify"" button on. I randomly logged onto resy yesterday and BAM a 9:15 reservation was available. The resy God's were with me and I said through hell or high water, whether someone was able to go, I was making it to my reservation! I threw on a cute outfit and heels and went dining solo. As I have mentioned in previous reviews, I like to make note of this when talking about a dining experience. Solo diners tend (not always) get subpar service. 

I was running 10 min late and called but no answer. Located right in Lincoln center, you past the fountain and enter into the restaurant to your right. This is on the smaller side for a restaurant. I entered and was not greeted by anyone. Awkwardly stood there for a few minutes until the white gentleman came up and asked if I was being helped. Small things such as this while dining are why michelin stars are given and places are held at a higher standard. Let me mind you, I still have no clue who the hostess was. I let him know I was alone, and it wasn't an issue. I was sat at table 63 which actually gave me a nice view of the place (open kitchen to the left w/tables and all of the tables ahead). 

The decor is dark, sexy, and modern. The dishes are a matte black and silverware is antique gold. Love the vibe! As I mentioned earlier, I came for a late reservation. The tunes were on POINT...all the awesome old school jams. The music may have been slightly louder or different than other comparable places but not to the point you are screaming over the music. I believe they change it to these vibes later on. 

I had two cocktails. The nutcracker and the pina pina. Both were very good, got me buzzed but wasn't one of my favorite cocktails I have had as of late. I'm so upset I came alone because I couldn't try as many things as I wanted. I guess I will have to make it back again if I am lucky! lol. I took the suggestion from the reviews and got the curried goat patties. That first bite....MY GOD...the flavors were everything with the mango chutney. Now, they do NOT do to-go orders buuuuut if you just so happen to order an extra order to the table and just so happen not to eat it then you can take it home. Do with that information with what you will. lol! Then I ordered the hummus which was bangin as well! Next is where things went south for me...I ordered the oxtails for my main dish. I was SO upset when she came back saying it was sold out. Oxtails are not a special on the menu and I was really bummed about them being out. I read mixed reviews about the stewed fish and would've gotten the pastrami if I were with someone. I randomly went with the mushrooms...WHY is beyond me? I am not a vegetarian or vegan (although I do like veg dishes). They came with scallian pancakes and some nuts on top. Listen, it was good but I do regret getting that dish...$48 for mushrooms and I eat meat?! Never again. I took some home since I was full and couldn't fit dessert. 

The waitress took my number down and supposedly I would be called to get a reservation to come back. I don't think I will be called but we will see. The service was pretty great! She was patient, explained everything, and when I accidently got sauce on my silverware she came and replaced it immediately. Loved that! 

Very random thing to add.... the bathroom wasn't as fabulous as the rest of the place. Nothing majorly wrong but not exactly Instagram worthy place for pics either. I will post pics to this review when I get a chance. 

While leaving, I was blessed to meet the chef himself! Great guy, very down to earth and took a selfie with me. I did mention running out of the oxtails lol. It really is always a pleasure to meet the chef. I'm hoping to come back with someone next time to try other dishes and see if I can add to the other 5-star reviews. I WILL BE BACK!",False,2,0,1,Christine P.,en,"{'neg': 0.087, 'neu': 0.784, 'pos': 0.128, 'compound': 0.9909}",0.9909,0.128,0.087,0.784,positive
354,2023-05-23 23:15:17+00:00,4,"Beautiful food that dives into African diaspora cuisine! The braised oxtails were perhaps the most memorable oxtail dish I've ever had. It is a must! I also had the dumplings, but alas, 3 dumplings for $21 was not worth the price point. I should have gone for either the goat patties or the beautiful looking (and I hear quite tasteful) piri salad.",False,0,0,0,Randy M.,en,"{'neg': 0.109, 'neu': 0.765, 'pos': 0.126, 'compound': 0.6292}",0.6292,0.126,0.109,0.765,positive
353,2023-05-24 02:53:56+00:00,5,"incredible. food and cocktails are next level. the Okra appetizer is a must try. the red snapper, cheesecake for dessert. amazing cocktails. lots of the menu was able to be gluten free. inventive, delicious. we loved it.",False,0,0,0,Noah P.,en,"{'neg': 0.0, 'neu': 0.64, 'pos': 0.36, 'compound': 0.9638}",0.9638,0.36,0.0,0.64,positive
352,2023-05-28 15:55:12+00:00,5,"If you can get a reservation at Tatiana, Go! It is that simple. I'm more than a little skeptical when the NY Times proclaims someplace the best new restaurant in town, but for once I agree with Pete Wells. While typically restaurants in concert halls and museums are simply there for a decent meal or a quick bite before or after an event, Tatiana is a destination. Kwame Onwuachi is a gifted chef who has created an awesome new spot and is destined to be a great chef for decades.",True,4,0,3,Frank A.,en,"{'neg': 0.017, 'neu': 0.757, 'pos': 0.227, 'compound': 0.9713}",0.9713,0.227,0.017,0.757,positive
351,2023-06-01 23:37:21+00:00,3,"We went here on a Sunday night and it was a really weird vibe. Half empty, but they weren't letting in anyone who wanted to sit?

Anyway, the food was amazing, for 4 people the waiter told us to do 4 small plates and 2 large plates. We were not even close to full. While each bite was delicious, it was just that... a bite! For $300 tab (without drinks) we were still SO hungry after and ended up going to get pizza. 

Very disappointed for what is supposedly NYC's best restaurant. Won't be returning.",False,0,0,0,Sanj S.,en,"{'neg': 0.145, 'neu': 0.679, 'pos': 0.176, 'compound': 0.7786}",0.7786,0.176,0.145,0.679,positive
350,2023-06-05 04:29:19+00:00,5,"A friend and I waited in line for about 20 minutes before opening and snagged a seat at the bar.

Bartender was very personable, vibe was on 10, and the food was really good! Oxtails we're wonderful and the waiter did a very good job of explaining the food is Afro Caribbean inspired (so no, it's not going to taste just like your Jamaican grandmother's oxtail, but yes, it's still good)

Would definitely come here again, but the way those reservations are (not) set up, maybe next year",False,1,0,0,Celana A.,en,"{'neg': 0.017, 'neu': 0.777, 'pos': 0.206, 'compound': 0.9458}",0.9458,0.206,0.017,0.777,positive
349,2023-06-07 02:36:46+00:00,5,"This place has been on my radar for awhile now and I'm so glad my boyfriend and I finally went. Reservations book out a month in advance and it's highly recommended to have one in order to dine at this establishment. They do have a bar area but the dining room is a lot more pleasant and not as loud. 

Of course we wanted to try everything so we got a myriad of dishes. From the small plates we had the plantains, crispy okra, patties, and dumplings. We opted for more small plates so we could try more and were even able to order the coco bread as a side. Everything was absolutely delicious but my favorites were the dumplings and crispy okra (and I don't even like vegetables!). 

For our main we chose the oxtail which was definitely the star dish of the night. Absolutely succulent, delicious, and fall off the bone tender. The braised sauce is amazing drizzled over the rice - make sure to ask for it if you have leftovers! We finished our lovely dinner with the strawberry shortcake dessert which was the perfect ending to an amazing meal. 

Overall fantastic spot and well deserved as the number one restaurant on The NY Times list for 2023!",True,3,0,2,Amanda L.,en,"{'neg': 0.079, 'neu': 0.593, 'pos': 0.328, 'compound': 0.998}",0.998,0.328,0.079,0.593,positive
348,2023-06-09 14:18:18+00:00,4,"4.5 stars. Am I terrible for not giving Tatiana 5? I'm low key a little bummed that I came here as part of a planned event (we were in the private dining room) instead of having a fun yet methodical night out here. These are two very different dining experiences. In the first, the restaurant mainly serves as the setting at which an event is held. The food is talked about some and hopefully enjoyed, but it is not the focus. The second type of experience is one in which I would be very mindful about ordering and the night would be all about being taken on a culinary journey. I wish the latter was reflective on my experience, but alas, that was not in the cards for me. And considering how hard it is to get a reservation here, it's unlikely I'll make it back here anytime soon. So, my review is my review. We had some outstanding dishes and we had some very good dishes. The service was a little wacky. I enjoyed just about everything, I just would have ordered differently had I gone here without a large group.

We came here at around 5:45 as a party of 15 on a Tuesday. I tend to eat around 8:30, so things already felt weird. Eating dinner in daylight? I guess people do such things. As soon as we walked in, a server asked me for my drink order. I was ambushed with the drink menu but luckily I was able to decide quickly. I got the Negroni, which was excellent. I also got to try the orange wine, which was great. They told me it was on the sweeter side but there was no sweetness at all, just a fair warning in case you don't like dry orange wine (I loved it anyway). The pours were obscenely heavy. Sadly I was not looking to get drunk on this night, so I didn't take advantage. 

Food-wise, we had a preset menu. I figure that's always the case for large parties. My sense was that one of our party members communicated our desired menu to the staff beforehand, so I'm guessing you can design the preset menu yourself when booking a private room (as opposed to them having a standard one that all parties must use) I wish I would've had a say, though, because I did not get to try the oxtail nor the snow crab. I would've swapped those two for two of the three entrees we did try (the short rib and red snapper, ideally). Still, the food was mostly excellent. Innovative, delicious, spiced and spicy, diverse, unique, eclectic, and many other adjectives. The flavors here are just something else. Eats, below:

Crispy Okra w/ Honey, Mustard, Peppa Sauce: A-
I rarely eat okra so this was a treat. Not the most outstanding dish of the evening but still delicious. Sweet and spicy (too spicy for some, but not for me!)

Egusi Dumplings w/ Jonah Crab, Nigerian Red Stew, Pickled Pearl Onion: A+
A star of the night, the juicy crab meat pairing beautifully with the flavors of the stew.

Ceasar w/ Baby Mizuna, Green Seasoning, Cashew: A
I'd heard mixed reviews about this salad but I loved it. The lettuces were different than those you typically get in a Caesar, fresh and slightly bitter, holding the dressing nicely. As elevated as a Caesar can get. 

Black Bean Hummus w/ Berbere Spiced Lamb, Sweet Pickled Sultana, M'semen: A+
One of the standouts of the evening. It comes with pita, but you could easily eat this straight as a whole meal. Very rich, super creative, insanely delicious. And presentation was great too. 

Curried Goat Patties w/ Green Seasoning Aioli, Mango Chutney: A
One of the standouts in all reviews, for good reason. This is something I will probably never have again so I'm glad to have had the experience in fine dining. The meat was seasoned so well, and the salty-rich-sweet combo with the chutney was just divine. 

Honeynut Piri Piri Salad w/ Persian Cucumber, Seasonal Grapes, Crispy Quinoa: A-
Solid salad, a nice use of seasonal and fresh produce, creative but still approachable. Beautifully presented. 

Take-out Mushrooms w/ Scallion Pancake, Plum Sauce, Pickled Ginger: A+
My favorite main of the evening. A Chinese-inspired mushroom dish that were a total umami bomb. The mushrooms themselves were delicious, the texture perfect, with an absolutely incredible plum sauce (I could douse anything in that) that elevated them even more) that elevated the dish even more. 

Short Rib Pastrami Suya w/ Caraway Coco Bread, Melted Red Cabbage: A
Not a red meat person but I can appreciate how well this was done. Melt in your mouth meat with (once again) and accompaniment (in this case, the cabbage) that made the dish even better. The way many of these dishes are conceptualized is just next-level.

Red Snapper w/ Rice & Peas, Cilantro, Onion: A
Another solid protein dish, a whole fried fish seasoned and cooked beautifully. Rice served on the side, which I didn't try. 

Overall, the food was brought out so quickly and devoured with such haste that I feel like I didn't have time to truly consider and savor the food. It's a shame, because I honestly think my review would've been a five-star one if the cadence of the night was different.",True,2,1,1,Molly T.,en,"{'neg': 0.057, 'neu': 0.686, 'pos': 0.256, 'compound': 0.9998}",0.9998,0.256,0.057,0.686,positive
347,2023-06-10 12:13:27+00:00,5,"Everything. Is. Fantastic. The egusi dumplings, the curry goat patties, the black bean & lamb hummus, the oxtails, everything. Finally got a reservation and I'm dreaming of how fast I can go back to try more dishes.",False,1,0,1,Ogechi N.,en,"{'neg': 0.035, 'neu': 0.867, 'pos': 0.098, 'compound': 0.5106}",0.5106,0.098,0.035,0.867,positive
346,2023-06-13 16:11:49+00:00,5,"Had a 9:15 reservation here and was sat at exactly 9:15 which I appreciate considering the effort that went into getting this reservation! Upon walking into the restaurant, it is very intimate lighting. There are decorative blue cloud like lights hanging from the ceiling. The tables were big enough to house the family style plates and the chairs were comfy! 
Now moving onto the reason for being there: the food. We started with drinks, I had the strawberry fields I believe it was called which reminded me of a strawberry margarita. Nothing fancy, good, tasted the liquor. 
The waitress, named Shay recommended that for a party of two we should do 2-4 small plates and 1-2 large plates depending on our appetites. She was very knowledgeable and shared crowd favorites as well as her own personal favorites. 
Upon her suggestions we started with the egusi dumplings, curried goat patties, black bean hummus and crispy okra. I'll break down each one. 
Egusi dumplings: good flavors but nothing like authentic egusi stew. The crab tasted fresh! Would have preferred if these came out hotter. 
Curried goat patties: reminded me less of a patty and more of an empanada which I get is a patty but I really would have liked the flaky component of a patty. It was good alone as well as with the mango chutney and garlic aioli
Black bean hummus: this was my absolute favorite of the night! We only ordered it because there weren't anymore hot pockets and I'm so glad for that! The hummus and lamb combo with the bread reminded me of a ground beef taco but elevated! Would recommend!
Crispy okra: it was good! But there was too much honey on some pieces compared to others. 
For our main we ordered the curried snow crab and my goodness that crab and curry paired so well together! It was my second favorite. It was savory. It was delicious! 
We closed with dessert of course. We had to get the bodega special: the cosmic brownie and powdered donut flavored ice cream. When I tell you that ice cream tasted exactly as such!!! The brown was also fudgy and decadent. I just wish the ice cream wasn't so hard or frosty but the flavor makes up for it!

Overall I greatly enjoyed this restaurant! I'm glad I fell for the hype and got a reservation!",False,0,0,0,Symone P.,en,"{'neg': 0.037, 'neu': 0.744, 'pos': 0.219, 'compound': 0.9982}",0.9982,0.219,0.037,0.744,positive
345,2023-06-15 01:54:15+00:00,4,"Literally everything was excellent. My fav - the hot pocket and the bodega special desert which is literally entenmans powdered donuts turned into ice cream with a warm chocolate brownie yum. Wife's favorite: oxtail: Also terrific: empanadas, fried okra, ribeye. We didn't love the strawberry shortcake or the crab dumplings!",False,0,0,0,Lee H.,en,"{'neg': 0.075, 'neu': 0.641, 'pos': 0.284, 'compound': 0.9189}",0.9189,0.284,0.075,0.641,positive
344,2023-06-15 19:39:55+00:00,4,This is a very hard review for me to write. Tatiana is now at the time of this writing the hottest restaurant in NYC. I used the Well known hack of getting there before they opened and got on a about 20 people line. At this time it was unclear if these people had reservations or not. At some point the hostesses came out and told us we could be seated at the Bar (that has 6 ) chairs if there were seats left. (There was not) or we can stand and eat in the bar area. So my partner asked what was on the menu. She was allowed into the bar and decided the menu was the same. We decided to do the standing thing but we were told we had to wait 15 min so people could be seated. After 10 min she asked a different hostess if they had any cancellations? We were told that we could have a table till 8:00 we said that was fine. We were ushered into a practically empty dining room (remained that way till 7:30) we had plenty of time to eat. The wait staff seemed very inexperienced and in the course of the evening we had 2 wait persons the second seemed competent. Everyone was very nice. We started with cocktails. Tasty but small. We opened with the Egusti dumplings. Tasty! Next the Mom Dukes Shrimp. These were Huge (both of them) (hidden message here) this might be thel first time I had to slice up my shrimp! These were served with Brioche. The sauce was fantastic. Finally we had the cheese cake they forgot to mention that the pecans were gilded very good. It was a memorable night out and dinner. However I do not think we will be regulars.,False,2,0,0,Ira K.,en,"{'neg': 0.088, 'neu': 0.8, 'pos': 0.113, 'compound': 0.9269}",0.9269,0.113,0.088,0.8,positive
343,2023-06-16 00:56:58+00:00,3,"We enjoyed the food - egusi dumplings (very good) and hot pocket (okay) to start, followed by brown stew branzino (delicious). It was just the right amount of food for the two of us.

The big disappointment was the service, and -one instance, in particular. We ordered cocktails, and then one of us ordered a glass of wine to go with the branzino. The fish had already been brought to the table, and even the glass for the wine. But the glass sat unfilled, even though we were well into the fish. 

Finally, we got our server's attention. He poured the wine and explained the delay, saying something about wanting to have a new bottle of wine opened, as there was only a little left in the prior bottle. Okay. Then, to our utter surprise within a few minutes he brought out the dessert menu - as we continued to eat our ""large share"" dish and one of us still had an almost full glass of wine. 

We should have said the obvious at the time - we are STILL eating dinner and the server had only FINALLY poured our wine two minutes earlier.

Not sure we will return. If we do, we will be more outspoken if service is lacking.",False,2,0,0,Jj B.,en,"{'neg': 0.079, 'neu': 0.875, 'pos': 0.046, 'compound': -0.8535}",-0.8535,0.046,0.079,0.875,negative
342,2023-06-16 21:04:43+00:00,4,"While it's in demand, the staff are first class professionals, the drinks and food are delicious, but that is expected. Seating is certainly an issue here. While I get people make reservations, what I'm trying to come to terms with are the empty seats I see for hours while I'm grabbing a quick drink and a bite. I'm actually on-site - a seat would be nice, perhaps I would even purchase more than I would standing. Oh you have no seats available for 3 hours. Then what are those empty, currently unoccupied seats called? Oh - unavailable- I see, our definitions do not align, but thank you for the service.",False,0,0,0,K C.,en,"{'neg': 0.098, 'neu': 0.806, 'pos': 0.096, 'compound': 0.3989}",0.3989,0.096,0.098,0.806,positive
341,2023-06-18 02:44:10+00:00,4,"We were lucky enough to get a reservation here for a Wednesday night. The setting is gorgeous and the chairs are so comfortable. Service was friendly but not warm. Drinks were great (spicy marg and negroni). The mushroom and oxtail dishes are DELICIOUS and I could not stop smiling when I ate them. The only miss food-wise were the eguzi dumplings. They are just okay - pricy for a small serving, texturally not super interesting, and the crab flavor gets lost.",True,0,0,0,PJ S.,en,"{'neg': 0.278, 'neu': 0.479, 'pos': 0.243, 'compound': -0.2983}",-0.2983,0.243,0.278,0.479,negative
340,2023-06-18 03:37:57+00:00,5,"All the wonderful reviews are accurate! The food was delicious. I don't normally like oxtail but the meat was so tender it fell off the bone and melted in my mouth. The crispy okra, curry goat patties and the take out mushrooms were also incredible. Definitely recommend going here!",False,0,0,0,Zarah N.,en,"{'neg': 0.022, 'neu': 0.579, 'pos': 0.399, 'compound': 0.9845}",0.9845,0.399,0.022,0.579,positive
339,2023-06-18 11:41:02+00:00,5,"Food was amazing, service was exceptional and ambiance was great! Definitely recommend this place if you are looking to have a nice night.",False,0,0,0,Daneska M.,en,"{'neg': 0.0, 'neu': 0.512, 'pos': 0.488, 'compound': 0.945}",0.945,0.488,0.0,0.512,positive
338,2023-06-21 19:10:06+00:00,5,"As a lover of Top Chef, Black Chefs, and Afro-Caribbean food, I just knew I had to come here. After fighting for months for a reservation, I was finally able to snag one (shout out to Amex) on a Saturday evening. We got there a few minutes after 8:15 for our reservation and waited 5 minutes to be seated. Understandably so because the restaurant does not have many tables, but the space is used well. It is dimly lit and they have an open kitchen concept so you can see the chefs cooking as you eat. I loved the vibes here! They played Afrobeats music the entire time so it really feels like a celebration of Black culture in Lincoln Center. We ordered a few drinks and they were delicious. The Pina Pina is sweet and tastes a lot like a pina colada but stronger. We had another drink which was more like a rum punch which I found had the right balance between it's sweetness and how strong it was. They also give a house-made pepper sauce for the meal and while I don't eat spicy food, my partner thoroughly enjoyed it, evidence by the empty bowl at the end o the meal.

Our server explained that the dishes are served family style and that we should order 2-3 small plates and 1-2 large plates so we did just that. Here's what we ordered:
Egusi Dumplings- Having had everything else, this honestly paled in comparison. While I did enjoy the crab mixture, I felt like something was missing from this dish. Everything felt like the same texture and umami is really the only flavor you get here. Not bad but wouldn't order again.
Curried Goat Patties: This was my favorite small plate. As many other reviews have mentioned, these are more like empanadas than patties but they are so flavorful that you don't really care! The mango chutney that comes on the side pairs perfectly with the goat meat. I would order these again and again.
Black Bean Hummus: The spiced lamb was really tasty and went well the hummus. It came topped with a pickled vegetable (not sure which) but that was the perfect bite each time. Wish it came with more pita but delicious.
Braised Oxtails: As a frequent oxtail eater, I have to say this was some of the best I've ever had. The oxtails were tender and falling off the bone, the stew was sweet and savory and they give you more than enough to pour over the accompanying rice and peas. While it only comes with 3 pieces, that is more than enough to share!
Grilled Ribeye: Was disappointed to see the Pastrami Short Rib is no longer on the menu but this did not disappoint as a substitute. They only cook this to two temperatures (medium-rare and well-done) so sorry to those who like their steak cooked otherwise. The seasoning was perfect and it comes with stewed peppers and pickled onions on the side for pops of acid. They don't offer any sides but something to go with this if you pick it for your entree would be great.
Bodega Special: I grew up eating cosmic brownies and powdered donuts, so this really brought me back to my childhood and they taste exactly the same. While the donut is made of ice cream, it really does capture the taste of a powdered donut. Though I will note, this is SUPER SWEET, I really loved this as a finish to the meal!

Some people will say this place isn't worth the hype, but I disagree. I loved every minute of my experience here and the food was awesome. If you can get a reservation- go!Rating: 5/5!",True,0,0,0,Ciarra L.,en,"{'neg': 0.06, 'neu': 0.672, 'pos': 0.268, 'compound': 0.9996}",0.9996,0.268,0.06,0.672,positive
337,2023-06-24 11:32:42+00:00,4,"Great customer service (Neo) and the food was on point. This is a must visit location if you are in NYC. We ordering the following 

1. Curried Goat Patties 8/10
2. Tequila Jello Shots 7/10
3. Oxtail with Rice & Peas (small portion so I recommend ordering 1 per person) 10/10
4. Dessert #1: Strawberry Shortcake 6/10
5. Dessert #2: Bodega Special 8/10
6. Drink #1: Benton Old Fashioned 9/10
7. Drink #2: Piña Piña Piña 9/10

The oxtail was very tender and seasoned to perfection ( don't forget to cover your rice & peas with the oxtail sauce ). The curried goat patties were nice and flaky and the curry filling had a decent flavor as well especially when mixed with the toppings that came with the dish (the mango chutney was my personal favorite). The tequila Jell-O shots were just okay as you didn't taste much of the tequila but were a nice addition to the meal and something new to try outside of the drink menu. For drinks we ordered the Benton old fashioned and Piña Piña Piña which were both refreshing and a great way to end the work week on a Friday evening.

*Most importantly if you are like most people who are unable to secure a reservation ~28 days in advance, I highly recommend arriving prior to opening time (5pm) around 4:20 to secure a reservation on the waitlist. We were able to secure dining outside and were seated within 30 min of opening time!",False,1,0,0,Corey G.,en,"{'neg': 0.007, 'neu': 0.821, 'pos': 0.172, 'compound': 0.9914}",0.9914,0.172,0.007,0.821,positive
336,2023-06-27 15:51:51+00:00,4,"TL;DR: A sleek family-style Afro-Carib restaurant transforming comfort foods like bodega cookies or goat patties into whimsical fine dining dishes. Very good, but can be hit or miss.  

I was thrilled when I managed to secure a reservation at Tatiana, considering its widespread popularity. The food was indeed very good, but while the flavors were rich, nothing was risque or innovative enough to consider mind-boggling. The prices were also questionable--$30 for 3 dumplings for example. On one hand, sure you are getting an elevated experience, but dumplings from the takeout are just as good (albeit in a different, more homey way). 

Dishes are meant to be shared family-style, recommending 2-3 small plates and 1-2 large plates. Following their suggestion, here's what we ordered:

Egusi Dumplings: Compared to everything else we tried, this dish fell short. The textures were homogeneous and it was incredibly* oily. Voila Afrique would satisfy standard egusi cravings better. I could not finish the dumplings due to the oil. 

Curried Goat Patties: The best thing we tried! As other reviews have noted, these are more akin to empanadas than traditional patties, but the abundance of flavor and the perfect balance of turmeric makes this nothing short of amazing. This is what a high-end goat patty would taste like for sure. 

Braised Oxtails: As someone who frequently indulges in oxtail dishes, I must admit that this was some of the best I've ever had. The oxtails were incredibly tender, nearly falling off the bone, and the stew boasted a delightful blend of sweetness and savoriness. The best value dish we had--comes with a lot of sauce for the super tasty pea rice side.  

Overall, this is an excellent culinary experience for those looking to experience African/Carib cuisine esp. at an elevated angle. Personally, I grew up eating Somali & Trini food and it was amazing to see that professional twist, but I didn't leave super amazed aside from the goat patties.",False,0,0,0,Mariam G.,en,"{'neg': 0.069, 'neu': 0.626, 'pos': 0.306, 'compound': 0.9988}",0.9988,0.306,0.069,0.626,positive
335,2023-06-30 00:56:47+00:00,5,"So I finally got a reservation at a reasonable hour after months of inconsistent trying. We waited about five minutes for our table to be ready. All the plates are shareables. It was a Wednesday night and the vibe was nice, good music playing, upbeat crowd not stuffy at all. We enjoyed all our food. It was all really savory and hearty and we ended up having to take a doggy bag home. My favorite might have been the goat Patties. But I definitely would like to go back and try more of the menu. I was STUFFED.  The chicken shawarma was so good. I rarely order chicken at restaurants because: boring. But it was so juicy and tender. Amazing with a lovely savory lamb rice. The owner Kwame was present and talking with most of the tables and told us 'Welcome Home' which really resonated with my partner. I would definitely come back and bring others!

My only one tip is to customize your doggy bag or maybe add a sticker so that when guests leave they are a walking advertisement. But I know this place doesn't need any extra promotion but still worth mentioning.",True,1,0,0,Chantelle W.,en,"{'neg': 0.04, 'neu': 0.659, 'pos': 0.301, 'compound': 0.9964}",0.9964,0.301,0.04,0.659,positive
334,2023-07-01 17:42:36+00:00,1,"I'm sorry but for such a high price point the food was not good. 

To begin I'll start with the positive. Now food aside, the environment is great and the wait staff is incredibly attentive. 

Now for the food? Much to be desired. My friend and I went on a Friday night and ordered the following:

-curry goat patties (3/5) 

-egusi dumplings (3/5)

-peri peri salad (4/5) tbh the best thing we had all evening

-hamachi escovitch (1/5) the flavor was good but when I order escovitch I'm not expecting sashimi. 

-oxtail (1/5) this was the WORST oxtail I've ever had in my life. It was over $50 for 4 pieces of meat that was incredibly burnt and UNDER SEASONED. As a proud Jamaican-American, this oxtail would make my God-fearing grandmother curse up a storm. 

-cosmic brownie and ice cream (2/5) cute concept but $18 for a cosmic brownie is WILD

The jelly shots to begin were cute. For a $300 bill (tip included) the food could have and should have been much better.",False,1,0,0,Nia L.,en,"{'neg': 0.176, 'neu': 0.627, 'pos': 0.197, 'compound': 0.6037}",0.6037,0.197,0.176,0.627,positive
333,2023-07-04 01:32:03+00:00,5,Worth the hype. Service was so lovely thank you Monique and Kaydene for your warm welcome and service. The goat Pattie's (empanadas) and humous were fabulous. But the piece de la resistance was the shrimp entree. They give you 2 pieces of shrimp that were the size of 2 mini lobsters and just as flavorful. A fantastic night all in all.,False,0,0,0,Food M.,en,"{'neg': 0.0, 'neu': 0.677, 'pos': 0.323, 'compound': 0.9713}",0.9713,0.323,0.0,0.677,positive
332,2023-07-06 01:01:07+00:00,5,"Tatiana has mastered the elements of a superb restaurant from the flavorful food, excellent customer service and awe-inspiring atmosphere.  I loved everything about this establishment and my experience.",True,0,0,0,Shakia M.,en,"{'neg': 0.0, 'neu': 0.568, 'pos': 0.432, 'compound': 0.9565}",0.9565,0.432,0.0,0.568,positive
331,2023-07-07 18:55:57+00:00,5,"There is a reason this is the best restaurant in NYC and it comes down to the incredible food. I will say, our server was fantastic, and the chic interior was great, and you really can't beat the location. The drinks were good - my negroni was a great execution and I really enjoyed. BUT OMG THE FOOD. Had some inside knowledge from the soux chef and glad we took the recs: Mamas Shrimp and the Lamb Hummus were out of this world!! The lamb humus was made with black beans and it was such a savory and tasty dish with the right amount of spice. I could've eaten 4 plates of that dish. The haddock with the corn bread was outstanding as well. Loved the sauce it came with and the fish was perfectly cooked. Those massive prawns with Mama's shrimp was just amazing. The curry wasnt crazy spicy but had such a delicious tang and we were practically licking it off the plate. The prawns were HUGE and SO meaty. This place really is something special and get ready to split some dishes! Honestly, the price wasn't crazy or expected so feel free to spend a little to get one of the best meals around and certainly the best meal I've had this year.",True,0,0,0,Andrew G.,en,"{'neg': 0.0, 'neu': 0.619, 'pos': 0.381, 'compound': 0.999}",0.999,0.381,0.0,0.619,positive
330,2023-07-08 23:00:56+00:00,5,"I enjoyed the food, ambience and service. The decor is amazing. I had the curried goat patties, oxtail Rangoon, black bean hummus. All delicious. The dessert was great as well. Highly recommend!!!",False,0,0,0,Letticia C.,en,"{'neg': 0.0, 'neu': 0.5, 'pos': 0.5, 'compound': 0.9776}",0.9776,0.5,0.0,0.5,positive
329,2023-07-12 01:58:29+00:00,5,"Welcome home.

Tbh, felt underdressed and out of place when I first stepped into the chic, upscale interiors of Tatiana. But despite the gold heavy-set utensils, the cool vibes with R&B playing in the background felt home-y to me. 

A homage to Chef Kwame's sister, Tatiana by Kwame Onwuachi is the blended experience of Chef's childhood and prestigious training background. Ordered half the menu, and there wasn't a single miss. The flavor profiles are rich, powerful, and spicy... just the way I like it! It's no wonder everyone raves about this place from Pete Wells to the James Beard Foundation. The restaurant just received accolades at the recent Worlds 50 Best Restaurants awards for the ""Resy One to Watch"". Honestly, my only gripe was I wish I had more bread, rice, roti to scoop up all the chutney, puree, and sauce on those plates! 

Highly recommend a visit, even if you have to wait in line before open because reservations are impossible to get! Can't wait to visit home again...",False,0,1,0,Joe K.,en,"{'neg': 0.058, 'neu': 0.705, 'pos': 0.236, 'compound': 0.9878}",0.9878,0.236,0.058,0.705,positive
328,2023-07-17 12:40:01+00:00,5,"Worth all the hype! Very pricey for the portion size but completely worth it. Every dish is delicious and executed to perfection. The presentation is innovative and edgy. The service is top tier and the crowd is chill. If you can get a reservation, go!",False,0,0,0,Sharon N.,en,"{'neg': 0.04, 'neu': 0.564, 'pos': 0.395, 'compound': 0.9783}",0.9783,0.395,0.04,0.564,positive
327,2023-07-18 04:48:40+00:00,5,"Mom Duke's Shrimp is one of the best food items I have ever eaten in my life. The flavors of the sauce are so complex and deliciously savory. It is a must order. The wagyu pastrami was good, but forgettable. Skip the caesar salad and beef patties. The weak link here is definitely the service. Staff was friendly, but did not seem knowledgeable about what they were serving when presenting dishes.",False,1,0,1,Pete Z.,en,"{'neg': 0.12, 'neu': 0.674, 'pos': 0.206, 'compound': 0.7033}",0.7033,0.206,0.12,0.674,positive
326,2023-07-20 13:28:41+00:00,5,"Every aspect of our dinner at Tatiana was delightful and memorable. We had different food preferences and needs within our party (vegetarian, vegan, shellfish allergy) and our waitress guided us through selecting sharable dishes that would be appropriate and combine well to tease our palates. Her service was fun and engaging. The food was unique, with great attention to flavor and texture. The presentation and color of the food on the dark crockery was beautiful. The wine and cocktails felt generous and tasty. Attention to detail was impeccable, down to the soap in the restroom which was decadent. Thank you for a memorable experience.",False,1,0,1,Tif S.,en,"{'neg': 0.041, 'neu': 0.698, 'pos': 0.262, 'compound': 0.9831}",0.9831,0.262,0.041,0.698,positive
325,2023-07-24 03:51:27+00:00,5,"Impossible hype and yet still very much worth it and more. First visit, we ordered way too much food (we were both uncomfortable after) but every bite was outstanding. We got the goat patties, the egusi dumplings, the okra, the black bean hummus, the shrimp, the oxtail, and the bodega special for dessert, and yet there were still so many items that I still want to try. 

I honestly don't know how we would choose what to sub out next time (every single item was outstanding), other than the dessert, which was great, but I'd love to try the white chocolate cheesecake next time.",True,2,0,1,Shawn H.,en,"{'neg': 0.036, 'neu': 0.744, 'pos': 0.22, 'compound': 0.9778}",0.9778,0.22,0.036,0.744,positive
324,2023-08-02 01:42:18+00:00,2,"I finally got a reservation at Tatiana. The place is way over hyped. The best dish was the black hummus...the only dish that's not overly sweet. The crispy okra was so sweet like sweet and sour chicken from a bad Chinese Takeout. While the oxtail was super tender, it too had a heavy sweet taste. Brown sauce Bronzino was decent. 
My Tatiana tonic was good but nothing special that would bear the Name. 

At these prices, I expected much better.
There are a lot of other places in Nyc to get better Oxtails.

Excellent playlist...Afrobeat R & B Playlist",False,0,0,0,Jon H.,en,"{'neg': 0.112, 'neu': 0.652, 'pos': 0.236, 'compound': 0.9459}",0.9459,0.236,0.112,0.652,positive
323,2023-08-03 13:02:08+00:00,3,"I waited months to get this reservation. Everyone has been raving about how amazing the food is and I just knew I had to try it, only to to be disappointed. I went with a friend for dinner on a Friday night and was first shocked how small the restaurant is. The furniture and aesthetics were so blah. My drink was actually really good, but my friend did not feel the same about hers. The waiter took forever to take our order and still ended up getting it wrong. The curry goat patties were just ok and they were oily. The oxtail and crab Rangoon did not give what it was supposed to give at all. The oxtail was gammy which was surprising and lacked seasoning but wasn't terrible. The chicken was a 7 out of 10. Overall, we were dissatisfied, but maybe it's just our palette. I don't think it was worth the hype or the wait honestly.",False,0,0,0,Tricia L.,en,"{'neg': 0.189, 'neu': 0.691, 'pos': 0.121, 'compound': -0.9528}",-0.9528,0.121,0.189,0.691,negative
322,2023-08-03 15:19:13+00:00,4,"I personally heard about this restaurant through my homegirl who wanted to check it out the reservations are hard to come by. We walked in on a Monday about 8 and the place was indeed packed so I can see how reservations are hard to get. By chance 2 seats at the bar opened up and we just so happened to be there . It is located in the Lincoln center and has signs around to help guide you which was nice. The restaurant itself is really nice and well put together, loved the decor. The bartenders were very nice especially Pierre! He was so fun and a great person to speak with. Now onto the food , we ordered so much food ! I'm glad we ordered in the way we did because as we went down the scale. The curried goat Pattie's were so GOOD ! Omg ! Loved it , the dumplings were amazing ! The large share chicken was amazingggg ! But the lamb rice was a little on the sweet side for me.  The oxtail large share I wasn't a fan of the flavor it was missing that real oxtail flavor but the pieces you got were amazing in cut and great meat , it was fall off the bone, I just wish it had more of that oxtail seasoning, and less broiled, but the rice and peas it came with was to die for! Then to finish we ordered the large share was the short rib pastrami and I thought it would have been more served whole and can use our forks to shred it but it was served sliced as steak and just didn't make much sense with the bread and we didn't eat more than a tasting bite. Over all there are so many amazing things on the menu. We spent about 350$ but keep in mind the plates are meant to share so you can order less food than we did and be full, everything was just well described on the menu so we had to try lol. Overall I say check it out and go during the week for bar seating",False,0,0,0,Shantel M.,en,"{'neg': 0.059, 'neu': 0.766, 'pos': 0.174, 'compound': 0.9918}",0.9918,0.174,0.059,0.766,positive
321,2023-08-05 18:22:29+00:00,5,"Everything was delicious and I feel so fortunate that I got the opportunity to eat here. 

I couldn't get a reservation for the life of me, so I went to line at at 3:50, and there was already someone in front of me. I brought me a book, and sat down and waited, knowing that my place in line was secured. With such a long waiting time, the camaraderie between the first few people was palpable, so much so that, me and the guy behind me decided to share our dining experience and split the check!!! So I got the opportunity to try twice as many dishes as expected. 

The service was excellent, and I loved that they did not discriminate based on appearence and dress (cuz I showed up casual af).

The food was amazing! Everything was amazing. I did not have not one bad dish! I would have never ordered the piri piri salad myself, but so glad that I did. It was so good, that we had to order an additional side of roti to sop of the residual juices! 

And y'all that roti! Sooooo delicious! It's absolutely warm, buttery, flakey with the perfect amount of salt rocks. Just divine!

Both the curry snow crab and the mom dukes shrimp had me also scrubbing the plate with roti. Every single morsel was gobbled up. Each dish was plate licking good, and I'm not exagerating. 

The desert wasn't any less spectacular. We got the bodgea special which was so such an elegant twist on one of my childhood  favorites. That brownie was absolitely sinful. Rich, thick, chocolately, fudgey and completely decadent.

I can't rave enough about how much I enjoyed my time, and hope to come back soon.",False,2,0,1,Brianna B.,en,"{'neg': 0.023, 'neu': 0.706, 'pos': 0.271, 'compound': 0.9982}",0.9982,0.271,0.023,0.706,positive
320,2023-08-09 00:34:44+00:00,3,"After a few attempts at trying to get a reservation, I ended up snagging a 5pm one on a Thursday. However, if you find yourself struggling to book a table, you might be able to walk-in if you arrive right when it opens. There were a few parties that were able to be seated. 

Started with a Tatiana tonic which was light and refreshing. Sweet but not overly sweet. A good accompaniment to the dinner, especially on a hot day. Egusi dumplings were okay. I didn't think they were too special. The amount of filling is good, but there wasn't a prominent crab flavor. Definitely get the curried goat patties. The mango chutney was such a great pairing to it. It didn't taste too gamy either. The aioli was very mild. The meal came with a house made habanero sauce which was extremely spicy. The waitress was right telling us a little goes a long way for it. 

The cornbread and cod was my favorite thing on the menu. The cornbread was moist, had a crispy grilled crust, and was super buttery. Probably the best bite of the night for me. The cod melted in your mouth. The buttermilk soubise was creamy. A good balance of sweet and savory, crunchy and soft. Tatiana is renowned for the short rib pastrami suya, but I wasn't amazed by it. The texture really reminded me of pastrami, but I missed eating the tenderness of wagyu. It shredded like pastrami and had a really good crust, but it wasn't for me. The caraway coco bread was like a parker roll but insanely better. 

The bodega special would be nostalgic if I grew up on the desserts they were based off of. However, because I didn't it was just underwhelming. The appearance of the brownie was very much like the brownies you can find in Kid Cuisines. Although it was moist, in the end, it was just chocolate cake to me. Powered donut ice cream, really was a powdered donut. The ice cream itself had a texture like a donut and the exterior coating was a bit hard. An elevated powdered donut, which I didn't really care for. 

The inside is decorated beautifully. I was sat in an area with dimmer lighting, but the front of the restaurant has a good amount of natural lighting perfect for photos. They recommend dressing smart casual, but they won't turn you away if you dress casually. I saw a few people in casual attire. 

Tatiana was good, but I wasn't blown away by the meal especially after hearing so many praises.",True,0,0,0,Samantha D.,en,"{'neg': 0.117, 'neu': 0.689, 'pos': 0.194, 'compound': 0.9927}",0.9927,0.194,0.117,0.689,positive
319,2023-08-10 00:17:19+00:00,5,The food was absolutely delicious. The service is unmatched. It had a great vibe and great music. I'll definitely be back.,False,0,0,0,Alexcia R.,en,"{'neg': 0.038, 'neu': 0.435, 'pos': 0.527, 'compound': 0.9633}",0.9633,0.527,0.038,0.435,positive
318,2023-08-10 18:48:53+00:00,5,"I'd try everyday to get a reservation here until I could get one! The NYTimes knew what they were doing when they ranked Tatiana as #1!! The oxtail & crab Rangoons are a must try, so crispy & full of flavor with a little kick of spice. The pastrami was quite literally the best I've ever had. It was incredibly seasoned, so tender & the pickled onions were perfect to create your own little slider using the buns. The buns were the perfect addition as well. The shrimp are HUGE, the creole sauce was so delicious with salty notes. Now the dessert!!! The cosmic brownie was the perfect balance of moist, not too dense & warm chocolate on top. It was the most elevated kind of cosmic brownie and tasted 100/10. I've been raving for weeks about the powdered donut ice cream that yes, also looks like a donut! The ice cream tastes EXACTLY like a powdered donut in the bag from the bodega, down to the aromas in your mouth after you finish. It was delectable. Service was incredible, helped us choose what to order & gave us some back story into the dishes and the ambiance was great. The restaurant was absolutely stunning!!",True,0,0,0,Maddy A.,en,"{'neg': 0.028, 'neu': 0.703, 'pos': 0.27, 'compound': 0.9964}",0.9964,0.27,0.028,0.703,positive
317,2023-08-11 01:46:08+00:00,4,I could not get a reservation so we decided to stand in line at 4:20pm. There were three people ahead of us in the line on this rainy evening. We were able to secure seats at the bar. The bar only has 6 seats. To my surprise the bar seating was very comfortable. I ordered the Tatiana tonic ( very refreshing). Next the curried goat Patties( devoured them 10/10). Then we ordered the branzino and cod /corn bread dishes. Both options were good. The branzino was a larger portion size than the cod. For dessert we ordered the bodega brownie. I will definitely visit again and will do my best to try to get a reservation so I can enjoy sitting In the main restaurant area.,True,1,0,1,Sy L.,en,"{'neg': 0.01, 'neu': 0.819, 'pos': 0.17, 'compound': 0.9694}",0.9694,0.17,0.01,0.819,positive
316,2023-08-13 05:03:12+00:00,5,"Upscale restaurant with an eclectic menu inside the Lincoln Plaza. I'm assuming this spot will receive a Michelin star once they've been around long enough. 

Restaurant is beautifully elegant. Tables have gorgeous countertops. Seats were large and comfy. Small yet sleek bar. There were two gender neutral restrooms. One was handicap accessible and had a changing tables. Even given the conveniences, it was one of the most romantic restrooms with its dim lighting and lovely aroma.

We were fortunate to grab a table for four as walk ins on a Saturday night. I'd recommend going with a similar sized group so that you could share as many items. Most items are meant to be shared for three people, so I'd recommend coming as a group of three or six. 

We ordered four small plates, four large plates, desserts, and drinks. It came out to approximately $115 per person before accounting for tip. I thought it was surprisingly reasonable given the atmosphere, location, and that it adds up to a nine course meal plus drinks. 

Service was super attentive. Water glasses were consistently refilled. Our waitress come around frequently to check up on us and see if we needed anything. She was very bubbly and I'm glad her personality came through which is indicative of a good work culture. She also made some helpful recommendations. 

Food was superb. We started with the curried goat patties. Not only were they the most expensive patties that I've had but they were also the best I can remember having. Filling was great but the dough was phenomenal. Hot and crispy. More similar to a fresh empanada than to the flakier style of pastry that I typical associate with a patty. Parties are a must order.

Next were the dumplings. They were a gyoza style dumpling with a mildly spicy sauce. They had a nice crisp to them and a delicious filling.

We also had the crispy okra and the black bean hummus. I believe okra was seared in a pan or stove top and had a sweet glaze to it. I dipped a few pieces in their house hot sauce which added a little zing to it. Hummus has minced lamb in it and was on the savory side. 

First large plate that was served was the braised oxtail. Meat was tender and fell off the bone without being over cooked or mushy. Perfect cook time. Came in a sweet sauce with carrots, squash, and a side of rice and peas. Rice and peas were on point. I've been working on my own rice and pea dish, so the chef's provides some great inspiration to me. Great dish but NYC has some fantastic Caribbean spots where you could find a similar caliber dish for a quarter of the price. 

Next came the curried snow crab. This was my favorite dish and another must order. Crab was cooked on point and already pre-cracked making it super easy to eat. This was served with roti. The curry and roti were outstanding. I ended up ordering seconds of roti to completely mop up every bit of curry. Curry was rich and flavorful with a thick gravy texture. Anything would have been delicious in the curry.

Up next we're the takeout mushrooms. These were massive (I believe Honshimeji) mushrooms served in a sweet sauce along with nuts. These giant mushrooms were ultra juicy. Would love to see them utilized more often as a meat substitute given how meaty and juicy they were. Shrooms were served alongside scallion pancakes. Pancakes were thin and extra crispy. Nice saltiness to them.

Last main course, was the wagyu pastrami. Also one of my favorites of the evening. It's ultra fatty cut but it's rendered so nicely. Maybe not great for my cholesterol but it was delicious. Super savory. Bold seasoning as expected with pastrami. They came with smaller Parker house style bread rolls and some sautéed red cabbage. I made a mini sandwich topped with their house made Russian dressing. Absolutely glorious bite. 

I was beyond stuffed but my group insisted on dessert. They selected the bodega special high was a cosmic little Debbie style brownie with what I believe to be a powdered doughnut inspired ring of coconut ice cream. Fun and nostalgic finish to a tremendous meal.

Tatiana deserves all the hype and accolades that they've received (and will receive). Love that the menu draws on many different cuisines and experiences. Love the hospitality. Love that it's a fine dining experience that leaves you full and , most importantly, happy.",True,1,0,1,Joseph T.,en,"{'neg': 0.023, 'neu': 0.67, 'pos': 0.307, 'compound': 0.9998}",0.9998,0.307,0.023,0.67,positive
315,2023-08-18 00:46:28+00:00,2,"The food is good, but it's hard not to make good food with these flavor profiles. If you had decent Indian food and/or Thai food, the flavors here do not deviate too far. In short, dipping roti into good coconut based curry means just good eating.

I had a few of the appetizers like the goat patties and dumplings. They were not bad but not great. Again, it's hard to make this type of flavor profiles not work.

The mains of pastrami and snow crabs were better. Pastrami is their signature dish, and the tender slices of beef do justify that status. The sauce was also unique. This was the highlight of the meal. Snowcrab is not bad, but the curry based sauce is the star of the dish.

Now on to the finer aspects of the meal: service. It's not good at all. If the main large plates require use of hands (unavoidable since you make your own sandwiches or dip the pieces of roti into the curry) any competent high-end restaurant would serve a wet towel before and after the meal. Obviously, this place doesn't.

There is no wiping down of the tables, though there are pieces of roti or sauce on it. Wines are served in wrong glasses for the type. If you order another glass of the same type of wine, it's poured in the same glass. While that's not a big deal, if you are sensitive to different flavors, you want the change of glasses. And I assure you some of these dishes are heavily spiced and flavored, so you might want to switch glasses between courses.

The service is also very slow. For instance, the meal lasted 2 hrs total for my party, and the timeline went like this. Apps about 25 mins after sitting down. Mains another 30 mins or so after finishing the apps. The final main is another 30 mins after the second main. 

Overall apps are aprund $20 to 28 and mains are around 50 to 85. Having said that, you'd expect seemless and professional service throughout. It's obvious the chef knows his ingredients but not the customer base and the front end of restaurant management.

No wine list. Mediocre drinks. All in all this is a professional chef not a restaurateur running the place. Won't go back.",False,0,0,0,Tae K.,en,"{'neg': 0.059, 'neu': 0.798, 'pos': 0.143, 'compound': 0.9902}",0.9902,0.143,0.059,0.798,positive
314,2023-08-18 13:46:06+00:00,5,"If you can score a reservation here it's worth the visit! 

Highlights:
- goat patties 
- oxtail 
- crab curry 

Wine selection was great. We also tried the black bean hummus with the lamb as well as the shrimp dumplings. Both were good apps but not as strong as the other dishes. 

The ambiance and music gives lounge vibes and all the wait staff were funny and nice.",True,0,0,1,Sucheta B.,en,"{'neg': 0.117, 'neu': 0.691, 'pos': 0.193, 'compound': 0.6173}",0.6173,0.193,0.117,0.691,positive
313,2023-08-19 14:55:32+00:00,5,"Delicious food and great ambiance. 
Unique Caribbean food in the heart of Lincoln Center. Great service too!",False,0,0,0,Holly B.,en,"{'neg': 0.0, 'neu': 0.475, 'pos': 0.525, 'compound': 0.9551}",0.9551,0.525,0.0,0.475,positive
312,2023-08-20 01:33:08+00:00,5,"The food and cocktails were delicious, the service was impressive and the ambiance was amazing. I will definitely be back!",False,0,0,0,Courtney M.,en,"{'neg': 0.0, 'neu': 0.467, 'pos': 0.533, 'compound': 0.9589}",0.9589,0.533,0.0,0.467,positive
311,2023-08-20 01:56:24+00:00,5,"Top notch meals and service. Would definitely recommend. The vibe was nice for a 5pm dinner - not too loud, not too quiet. Our server, Neo, was the best. Super attentive and nice. Helped us answer any questions we had!! Will definitely be returning!!!",False,0,0,0,Laurie S.,en,"{'neg': 0.0, 'neu': 0.531, 'pos': 0.469, 'compound': 0.9821}",0.9821,0.469,0.0,0.531,positive
310,2023-08-20 21:01:14+00:00,4,"The food is 10/10 as you would expect and more. The food was exceptional and everything was cooked to perfection! Unfortunately, The service was horrendous. It definitely left a bad taste in my mouth after waiting over a month for the reservation and spending over $800. I will start off with mentioning that we waited over 46 minuets to just sit down,  although we had a reservation for 8pm and we arrived 15 minutes prior the reservation. After we waited the host mentioned they unfortunately made a mistake and if it's ok to sit in the outside patio ( we didn't have an issue with that part).  Once seated, the host mentioned that we have a 2 hour limit and that it's only 2 hours. The waitress was the icing on the cake though, she  never mentioned her name and gave us attitude the whole night. I honestly don't understand how you have a service job and can't even be nice nonetheless say her name. She never checked if we were ok through out the dining experience. She ended service by mentioning the tip was included in the bill as if we didn't already know that. I would have loved to tell her a life tip and to be nicer than actual to  tip due to lack of service ( We did leave her 18% tip and that was way to much in my opinion due to lack of service). She literally didn't even say bye or thank you for coming.The ambience was honestly not same as the inside and it wasn't a vibe. This place got the 4 stars due to the food but the service is the true definition of trash !",False,0,0,0,Stephanie C.,en,"{'neg': 0.095, 'neu': 0.843, 'pos': 0.062, 'compound': -0.836}",-0.836,0.062,0.095,0.843,negative
309,2023-08-22 16:42:51+00:00,5,"Came with no expectations.
I don't care for celebrity chefs and winners 
Of ""who the F**k care"" food network show .
I care for great food , service and if the place is happening it's a nice extra .
The food was very good specifically very nice done fried branzino ,real impressive.
The chicken was flavorable and tender and those (for both entrees) rice with beans sides were excellent and you want to add that fantastic hot sauce (which eventually they will sell at fine groceries around the country) 
The hummus texture was good though I wasn't impressed with the taste , chickpeas (nothing else) are for hummus . Period .
Excellent desert with the chocolate covered cheese cake with caramel.
Fantastic service and very cool space that even with big celebrated table next to us (probably due very rare great acoustic - after all it's Lincoln Center....:) it was pleasure to sit and have food conversation.

Highly recommended!!!!

Definitely A destination!!!!",True,0,0,0,Tsvika K.,en,"{'neg': 0.077, 'neu': 0.62, 'pos': 0.303, 'compound': 0.9936}",0.9936,0.303,0.077,0.62,positive
308,2023-08-25 17:56:35+00:00,5,"Absolutely delicious with an ambiance to match. The waitstaff was knowledgeable and attentive. Chef Kwame even came over and introduced himself to us, which I thought was a special touch to the evening. This is fine dining, a place to go for a special occasion. This is not the type of place you come to more than once or twice per year. If I can snag a reservation again sometime in the future - I'll absolutely return.",True,0,0,0,Michelle W.,en,"{'neg': 0.035, 'neu': 0.762, 'pos': 0.203, 'compound': 0.9459}",0.9459,0.203,0.035,0.762,positive
307,2023-08-26 13:27:25+00:00,5,"This place is great - Atmosphere is chill and cool but the staff is also really knowledgeable about their menus. They know what they're doing and what they're talking about, and you can tell making the customers happy is main priority. When Kwame is around the restaurant he stops by to interact with guests. 

Our Menu: EGUSI DUMPLINGS, HAMACHI ESCOVITCH, CURRIED GOAT PATTIES, CURRY SNOW CRAB, SHORT RIB PASTRAMI SUYA

Each dish is an array of spices, flavors, and takes on traditional Caribbean and African dishes. Prices are 100% worth it.",False,0,0,0,Dom W.,en,"{'neg': 0.044, 'neu': 0.84, 'pos': 0.116, 'compound': 0.7992}",0.7992,0.116,0.044,0.84,positive
306,2023-08-27 04:37:20+00:00,5,Anything less than 5/5 is a lie. You get the experience you've anticipated. Everyone is super friendly. The food is super delicious. The drinks are exactly what you need. This is some of the best food I've had in a long time and I'm very happy to have spent my birthday here. Special mention to how authentic the curry goat patties tasted.,False,0,0,0,Regi P.,en,"{'neg': 0.058, 'neu': 0.6, 'pos': 0.343, 'compound': 0.9792}",0.9792,0.343,0.058,0.6,positive
305,2023-08-30 21:11:05+00:00,5,"Birthday Tour Dinner #2!

Me being able to snag a reservation here for my birthday was a gift in itself! My friends and I came to Tatiana on a cool Saturday summer night. Upon arrival we checked in with the hostess and moved over to the bar area as we awaited the rest of our party. The entire party must be present in order to be seated. 

I loved the vibe here.... Dim lighting, gorgeous light fixtures, bomb playlist, indoor and outdoor seating AND strong drinks! We started off with champagne for a bday toast then moved on to cocktails once the rest of my party arrived and we were seated. 

Our waitress was an absolute pleasure. Giving several recommendations for food and drinks. We decided to order a spread to share. We had plaintains, dumplings, fried okra, oxtails, brown stew branzino and curry snow crab. The showstopper for me was the curry crab BUT everything was good. Drinks were flowing for the entire night, the playlist was spot on and had us singing along. 

When we were done the waitress gave me a strawberry shortcake and the girls sang happy birthday to me. We really had an amazing night! Fingers crossed I can snag another reservation soon.",True,1,0,1,Lorraine T.,en,"{'neg': 0.019, 'neu': 0.798, 'pos': 0.183, 'compound': 0.9871}",0.9871,0.183,0.019,0.798,positive
304,2023-08-30 23:16:40+00:00,5,"Mmm Mmm 
Mmm is all kept saying because I finally got a reservations to Chef Kwame's Tatiana's restaurant in NYC. The ambiance is absolutely beautiful ! We kicked it off  with drinks . We got the POG Nutcracker and the Spicy Margarita. We then jumped into sharable small plates &  we got the crispy okra which was seasoned to perfection , egusi dumplings & let me say that crab and red stew was delicious & I had never heard of oxtail crab Rangoon , but it was unique and so delicious. Now we shared our large plate & approve of the oxtails. They get a 10/10. 

The flavors in all dishes came together perfectly & are a Perfect example of chef Kwame using his Afro Caribbean influences on traditional dishes nailing it . This place was Amazing ! 

If you're in NYC & get a reservation it is definitely worth it!",True,5,2,5,Peachtra C.,en,"{'neg': 0.021, 'neu': 0.702, 'pos': 0.277, 'compound': 0.9938}",0.9938,0.277,0.021,0.702,positive
303,2023-08-31 02:36:35+00:00,3,"This is based off of 2 visits, and one non-visit. The food is good to great. The cocktails are solid if not spectacular. The vegetarian options are basically non-existent, and the one veggie main they have (takeout mushrooms) is bar-none the worst thing on their menu, and they shouldn't be serving it. 
Is it worth going here? Sure, if you have a reservation. Don't wait for it though. That basically covers my first two visits. 

My non-visit, consists of me not having a reservation. I rocked up at around 8 on a Wednesday night and honestly didn't expect to be seated. It's close to my place however and didn't require a train journey, so I thought I might as well check it out before heading to a further destination. Well, what do you know? I put my name in, and they said they'll have a bar seat around 9:30. Fantastic! They have a cocktail garden where you can have a drink, and I figured I could easily kill one and a 1/2 hours. Long story short, I def killed those hours, annnnnd never got a seat. The restaurant closes at 10 so I never made it off the waitlist. Listen, if you have a waitlist, then you need to be up front and tell people they have no chance of getting in that night or that it's very low likelihood. Don't tell people the wait is an hour and a half and ""we'll text you."" I wasted an entire night and could have gone elsewhere easily. And I wouldn't have held it against them! Great that you're popular! Now figure out how to manage that popularity and don't mess people around.",False,0,0,0,Michael M.,en,"{'neg': 0.106, 'neu': 0.737, 'pos': 0.157, 'compound': 0.7909}",0.7909,0.157,0.106,0.737,positive
302,2023-08-31 23:30:40+00:00,5,"I went there for my birthday & loved it. Since his days on Project Runway, I have been a fan of Chef Kwame",False,0,0,0,Nicole J.,en,"{'neg': 0.0, 'neu': 0.733, 'pos': 0.267, 'compound': 0.7351}",0.7351,0.267,0.0,0.733,positive
301,2023-09-01 23:09:05+00:00,5,"I came here a while back and I still remember the meal. So first this place is delicious and worth all the attention it is receiving. I loved my meal, the restaurant, the service and the playlist. I want to go back and I am going to make it my business to go back before the year ends. So let's get to the food, first we ordered three appetizers the Hamachi Escovitch, the goat patties and the wontons. So my favorite was the Hamachi Escovitch which was a special that day.  The Hamachi was fresh and the carrot nage added a wonderful flavor to this dish. I was informed they have a lot of returners so they make specials to offer variety. I was disappointed they didn't have the chopped cheese I wanted. The goat patties' dough was very fresh and soft. The sauce that comes with the patty was so good, we kept it. The wontons were good. My main course was the curry crab legs and I loved it. I did order extra roti because the sauce was so good. My favorite part of the dish was the crab legs were already cut so I did not have to work to get the crab meat out. The roti was the right thickness and texture. My friend ordered the oxtails and that was very good. We also ordered the okra wow that dish was so good, it was crispy yet it had a taste of citrus. The okra is a must try, I still think about that okra. For dessert we ordered the brownie and ice cream. The ice cream was really good and I liked the flavor and creaminess of it. I did have three drinks and my favorite was the Pina Pina. The service was amazing we were never rushed and she was very nice. Also the amount of detail makes this restaurant a must visit. All the employees were in sync they all were friendly and I loved it. Now I like to go to all types of restaurants but this restaurant was my favorite because the music was great and it was lively. The volume of the music was just right, I did not have to yell to communicate with my friend. Some restaurants of this level are unwelcoming but this place was different the food, the employees and the music were all great. I felt like I belonged and it was wonderful and the manager is very friendly she came to ask us about our meal. This is a great place to go and I look forward to going back. We did not make reservations but we waited outside before it opened, it was only two of us and it was raining.",True,0,0,1,Giselle G.,en,"{'neg': 0.009, 'neu': 0.778, 'pos': 0.213, 'compound': 0.9984}",0.9984,0.213,0.009,0.778,positive
300,2023-09-06 01:29:34+00:00,4,"Worth it just for the experience! 

 I would say that the food is overhyped but it is decent and served family style. I am not sure if it lives up to the hype. 

We found the dessert to be way too sweet. The best thing was the hot sauce, they should bottle it up and sell it. 

The service is top notch and the restaurant ambience is amazing.",False,0,0,0,Adrian J.,en,"{'neg': 0.03, 'neu': 0.737, 'pos': 0.233, 'compound': 0.9552}",0.9552,0.233,0.03,0.737,positive
299,2023-09-06 22:29:06+00:00,5,"Amazing everything is amazing  The ambience, the food, the drinks, and the music was top tier!!! Can't wait to try the nightlife!!!",False,0,0,0,Angela H.,en,"{'neg': 0.0, 'neu': 0.574, 'pos': 0.426, 'compound': 0.9238}",0.9238,0.426,0.0,0.574,positive
298,2023-09-07 04:20:06+00:00,4,"I'm not a professional food critic but I got some things to say!

- overall innovative dining experience based on Afro Caribbean staples with an homage to nyc 
-  main dishes are the main attractions ! Short rib and Branzino can't miss - the coconut rice and peas was killer! Order anything here that calls to you and go lighter on the apps 
-  the Patties, Rangoons, and dumplings are all a bit too similar so don't order them all at once 
- appetizer plating could be improved, something about the tiny plates had me feeling jacked 
- desserts are a no for me
- tea was a definite yes 
- cocktails were flavorful and fun 
- please turn the ac down

xx",False,1,0,0,Nahal N.,en,"{'neg': 0.107, 'neu': 0.634, 'pos': 0.259, 'compound': 0.9694}",0.9694,0.259,0.107,0.634,positive
297,2023-09-11 00:40:27+00:00,5,The food was worth the wait. This restaurant had the best food selection. The pastrami and oxtails were delicious the drinks were so delicious.  The service was great. The ambiance was beautiful right inside of the Lincoln center.,False,0,0,0,Nicole C.,en,"{'neg': 0.054, 'neu': 0.496, 'pos': 0.45, 'compound': 0.9812}",0.9812,0.45,0.054,0.496,positive
296,2023-09-11 00:57:08+00:00,5,"The food, staff, & service were exceptional! The drinks, appetizers, & entrees were absolutely delicious. I've dined there several times and it gets better every time. Your time, money, & energy spent here will definitely be worth it!",False,0,0,0,Joi W.,en,"{'neg': 0.0, 'neu': 0.632, 'pos': 0.368, 'compound': 0.955}",0.955,0.368,0.0,0.632,positive
295,2023-09-11 06:23:03+00:00,2,"A disappointing place esp for NYC,  which had the most astounding restaurants, in the world, next to Paris. 
The menu "" c'est non intéressant ""  rarely  worthwhile but it's a typical fad place. 
I'll save my $ for the greats without the Hollywood riffraff.
Addendum : Can anyone play some decent music understated and sublime during dining? 
This is a time to relax. It is Lincoln Center after all. Please consult a Marsalis and keep us posted on the improvements. Has potential.",False,0,0,0,James P.,en,"{'neg': 0.05, 'neu': 0.714, 'pos': 0.237, 'compound': 0.9519}",0.9519,0.237,0.05,0.714,positive
294,2023-09-12 11:13:29+00:00,4,"Fantastic food! I'd give it 3.5 if I could. Not sure if it lives up to the hype as a whole, but the food was delicious. I had been trying to get a reservation for a while and got lucky. A day later, they called me saying they had a private event scheduled for the day I had booked and needed to change my reservation. Luckily, there were no issues finding a new date/time based on their availability. There are 6 seats at the bar for walk ins, but I would get there right when it opens to try to snag one of those. 

We were seated in the main dining room which was dimly lit and had a great playlist. They also have outdoor seating and a private dining room for parties/corporate gatherings. We were quickly greeted by our waitress who explained that the restaurant was family style and recommended two small plates and two large plates for two people. 

We ordered the goat patties and dumplings for an app. When they arrived, there were 3 patties and 3 dumplings on the plate so I would consider this more tapas style, NOT family style. I'm Italian and family style in my mind is large portions for everyone to share and get more than one item on the plate. We ordered the oxtail and the crab dish for entrees. Skip the crab dish; while the crab was pre cracked and made it easy to eat, they only gave you one piece of roti to soak up the curry. The oxtail was the highlight for us; fell off the bone and was tasty! 

The service was average and inconsistent throughout the meal. I think if they are trying to go for a Michelin star, this is the area they need to significantly improve on! Our food took a while to come out at 9pm on a Friday evening. We were there for over two hours, not by choice (and there's a two hour table limit which the waitress reminded us when we sat down). The bus staff would clear our plates without asking if we were finished and would just reach across the table as we were eating. 

Overall, I'm glad I went and tried it but I'm not sure if I'd be back or recommend it. Prices are high for the amount of food that you get. The food is good but the service doesn't live up to a fine dining experience. And it's definitely not family style!!",True,3,1,3,Madeline A.,en,"{'neg': 0.05, 'neu': 0.793, 'pos': 0.158, 'compound': 0.9954}",0.9954,0.158,0.05,0.793,positive
293,2023-09-15 00:18:34+00:00,5,"Without question- the BEST meal I had while visiting NYC.  

This is the only restaurant I wanted to check out while in the city. I attempted to make a reservation 2 weeks in advance with no luck.  

Reservation information: 
1. Reservations are through Resy 
2. Reservations  via Resy are for parties of 6 or less if you have more than 6 in your party you will need to e-mail the restaurant at the following address:  info@tatiananyc.com. 
3. Reservations are available 28 days in advance at 12pm. ( I really don't understand this rule and have not tried it out. However, tomorrow is 09/15 so I assume at 12pm tomorrow  you can make a reservation for 11/12). 

Since I did not follow the reservation instructions I  told myself that I would arrive when they opened at 5pm and hope to get one of the 6 seats at the bar. When I walked up about 20 minutes prior to opening there was already a line forming. There were approximately 8-10 people in front of me!!! How could I let this happen???! Lol . I struck up a conversation with the young lady in front  of me who said  she was actually trying to secure reservations for a party of 6 for the following day! This was great news! One less person in front of me! !  As we waited in line ( it was raining) the staff walked around and offered everyone in line a fresh juice. I don't recall what they told us it was, but it was very tasty!  At around 4:50pm a staff came around and took names and obtain phone numbers to put us on the waitlist. I was 1 of 2 in my party. The staff advised it would take about 30 minutes.  We went next door and sat down to wait for our table. I received a text at around 5:20 pm that our table was ready! 

I have to say that my impression of this spot started in the line. The nice gesture of the complimentary drink as well as the friendly demeanor of the staff had a positive impact on my first impression. 

When we were seated our wait staff came over to greet us! She also had an amazing personality and provided recommendable customer service! She provided me with a solid mock-tail suggestion and even went over the menu in detail. She suggested we order to small  bites and 2 large bites and share everything.

We ended up ordering the okra from the small bites and the oxtails and branzino. The okra came out first. Let me tell you, the flavor of this okra is the best I have ever had. There is indeed a secret mix of seasonings that are working!! LOVED this dish at first bite! I I don't eat red meat, but  when the oxtails came out they smelled and looked amazing that I had to take a bite!-- the flavor was out of this world!! Everything was cooked to perfection. The last dish was the branzino. It had an interesting flavor and  being serviced with the rice was  an interesting combo, but it worked. When I tell you we left nothing on our plates! This food was so good! My only regret is that I did not leave room for dessert.

I would describe the ambiance as modern and sexy! They had low lighting and a beautiful cloud light feature at the center of the restaurant they also have patio seating for when the weather is nice! 

This restaurant exceeded my expectations. Please note this was not an inexpensive meal.  For the okra, oxtails, branzino and 1 mock-tail the total was $154 prior to the tip.  However, I would say it was worth every penny!  I would return to this restaurant on my next trip to NYC! Hopefully next time I can  secure a reservation in advance!",True,0,0,1,Kameetrice F.,en,"{'neg': 0.057, 'neu': 0.751, 'pos': 0.192, 'compound': 0.9984}",0.9984,0.192,0.057,0.751,positive
292,2023-09-15 19:46:23+00:00,3,"This place was expensive and I expected more from the reviews and hype around the restaurant. We have a reservation on a Friday night and sat within 5 minutes of checking in. I was expecting a fine dining experience but the hostess and waiting staff had different uniforms on and dirty sneakers on. That didn't bother me too much as that's more an aesthetics thing.

The waitress advised us that this is ""family style"" but I would disagree with that 100%. The portions were small which is the complete opposite of family style. We ordered the dumplings and goat empanada/patty. There were 3 of each which is hard to share as a party of 2. They were good but 3 dumplings was $21. 

We then ordered the crab curry and oxtail. The crab curry was good but only gave a single piece of roti/bread to eat the curry. There were a few pieces of crab on top that was pre cracked. The oxtail was delicious and fall off the bone. By far the best dish of the night. It took about 45 minutes for the appetizers to come out. 

I ordered the maple bacon old fashion. It was very Smokey and didn't get any taste of bacon. 

The service was a disappointment. The staff would come around and start clearing plates without asking if you were done. At one point a staff member came to remove a plate and reached over and his arm nearly hit me and my fork which had food on it. It was unpleasant and made us feel rushed. 

Overall the food tasted good but overpriced and the service was disappointing. I don't think I would return here.",True,0,0,0,Gregg R.,en,"{'neg': 0.204, 'neu': 0.682, 'pos': 0.114, 'compound': -0.9905}",-0.9905,0.114,0.204,0.682,negative
291,2023-09-15 23:25:41+00:00,3,"Tatiana is a beautiful restaurant located right in Lincoln Center. The reservations are hard to come by unless you are a pro at using Resy, typically the only openings that can be found no matter how quick you are, are around 5 PM or 9 PM.
I was lucky to snag a reservation on my mom's birthday. When we let the server know that it was her birthday, he very graciously brought us two glasses of champagne. He was very nice and knowledgeable, every employee who we encountered there was great. 

I'm no stranger to overpriced Manhattan food, but Tatiana takes this to a new level. The crab dumplings were alright, nothing to rave about, and definitely not worth $7 a piece - $21 for 3 dumplings is insane, but that is the theme of my experience at Tatiana.
The jerk cod was a teeny tiny portion and was underseasoned. It came with a couple little squares of cornbread, which were very good. I don't see this item on the menu anymore so it must not have gotten good feedback.
The large cast-iron pot holding our oxtail came out and I was excited about the large portion awaiting us inside of that pot, but it held three sizable pieces of oxtail and a couple bits of carrot. I wish they'd present it in a smaller pot so that we didn't get our hopes up. The oxtail were cooked perfectly and were delicious, though a tad on the sweeter side.
For dessert, we got the bodega special, which was a brownie and ice cream shaped like a powdered doughnut. This was the most underwhelming part of our meal.
We each ordered a drink, can't remember the names, but we were both happy with them.

Aside from the vibe and the service, the highlight was the homemade pepper sauce, they said it was made to go with everything on the menu, and it definitely did not disappoint. If they bottled that, I'd buy it!
I hear great things about the goat patties, I can only picture myself going back to Tatiana to grab a seat at the bar and give those a try.",True,0,0,0,Leah C.,en,"{'neg': 0.085, 'neu': 0.727, 'pos': 0.188, 'compound': 0.9931}",0.9931,0.188,0.085,0.727,positive
290,2023-09-16 15:12:28+00:00,3,"*** food is 4/5 stars. Initial front house service was basically 2 stars - TLDR: poor table management, overbooked, had a 9:30 res but got seated at 10:10 even though we arrived on time*** 

BUT the food is fantastic however and would love to go back with a larger group to try more of the menu! 

Ambiance+Service: so we had a 9:30 reservation, we got there at 9:30, but weren't seated until 10:10 since they told us they overbooked. That is INSANE because I would never normally wait 30min+ if I didn't have a res - and now I'm waiting 40+ even though i expected to be seated around 9:30? I also expected a refreshment or something complimentary after 20min or so to ""acknowledge and apologize"" for the longer than necessary wait butttt nope we just kept waiting. Service while we were seated was fantastic however, great server and super friendly. Love the blue/purpleish modern deco - it does feel kind of clubby. 

Food: 
Snow crab [5/5]: fantasticcc - the curry was so creamy and has quite a kick to it (kind of reminds me of butter chicken but elevated). Roti was flakey and buttery.

Egusi dumplings [4/5]: came out piping hot so be careful :p - the red stew was very good kind of smokey, tomatoey, goodness. 

Wagyu pastrami [5/5]: fatty and tender as it should be! The dinner rolls were super soft, fluffy, and butter I honestly wish they gave more bread to cover all the meat. The cabbage added needed acidity to cut through all of the fat and the sauce was to die for. The powdered chili on the side realllly tasted like shin ramen (that's a compliment LOL) and was super additive

Bodega brownie [4/5]: texture and taste of the doughnut was super unexpected - tasted like apple cider with a hint of oatmilk. Thought it paired nicely with the warm brownie. I'm not a huge chocolate fan so I thought the brownie was a bit heavy - but for all chocolate lovers - it is super decadent and os basically an artisanal cosmic brownie",True,0,0,1,Victoria K.,en,"{'neg': 0.048, 'neu': 0.661, 'pos': 0.291, 'compound': 0.9989}",0.9989,0.291,0.048,0.661,positive
289,2023-09-19 14:38:18+00:00,5,"I had the most Amazing Experience at Tatiana!! I watched the Today Show in July, and Kwame Onwuachi was on the show. I knew I had to try Tatiana after watching his segment.
I tried getting Reservations, but that proved to be a challenge, so I decided I would wait in line on a Thursday, Aug 31, to be exact. I got in line around 4:00/4:15 pm. There were about 20 people ahead of me, but luckily I was able to secure a seat at the bar.
I felt so lucky! From the Front of House Staff to the Bartender, wow what a Transformational Service experience.
My Drink was Amazing and the Food was Even better. I ordered the Curried Goat Patties as my appetizer (Wow, the flavors and the crispiness) and the Brown Stew Branzino (So good). I was so stuffed I couldn't even order dessert. The dessert choices sounded really good. I can't wait to come back and bring family/friends with me on this once-in-a-lifetime culinary journey, that is Tatiana!",False,2,1,2,Brittney K.,en,"{'neg': 0.052, 'neu': 0.736, 'pos': 0.212, 'compound': 0.9861}",0.9861,0.212,0.052,0.736,positive
288,2023-09-19 23:05:08+00:00,5,"Overall rating: 4.49-4.8 (I'm very torn)

Oh, Tatiana, Tatiana, Tatiana. I will try my hardest to keep this succinct because I have a lot of emotion writing this review. 

After what felt like months and months, weeks and weeks & setting MANY timers to get a reservation - it never worked out. I was ready to call it a day until my friend said they were okay with just trying to walk-in when it opened. 

I want to say while I had absolutely amazing food, I don't recommend trying to walk-in if you have night plans. This is an all-night occasion. For a 5pm opening, I arrived around 4:35. I know you see that video, there were already 11ish people in front of me. Fortunately, around 4:45/4:50 a hostess comes out to negotiate. Not really, but that's what it feels like. 

Well let me tell you. The first 3 people, got the last minute canceled tables. The next 5 or so, got the bar. Yes, the bar is small. There is outdoor seating but they recently stopped serving food because the kitchen couldn't keep up. Eye. Roll. Ok. 

Then this wonderful host gets to me and I put my name down on the waitlist. They quote me at around 2ish hours which in hindsight is like 7:30 so that was fine. She gets my number down and that's it. 

I end up waiting for my friend who is on their way and we're just going to go chill at another bar while we wait. But this is important because I saw a few people come after me & those that arrived around 5 - they weren't letting anyone in for the night. The waitlist was closed! 

While I was waiting- I got very anxious because while they took my number, they didn't actually text you to confirm (until you're closer towards the reservation). So 2 hours later and a few martinis at PJ Clark's we decided to do a walk by just to also confirm they have my number correct..

She recognized my face and confirmed she has my number. She couldn't give me a specific ETA but she roughly estimated 30 min to an hour. Fine. We end up going to their outdoor bar which was nice. I think she said there were 3ish people in front of us, I don't remember. 

30 minutes passes by (ps we have now been waiting 2.5 since I arrived) & we're basically drunk and just want someone to be honest with us. Are we staying? Are we going? I go back a second time & bless her heart, she's so nice to me and is quoting 15 or so with 1 table in front of us. Another 20 minutes goes by and we get the text. Woooo! What does that read, another 30 minutes  but at least we have a text!! 

Soon after maybe another 15 or so, we get the text that's it's ready. So what have we learned in this very long form description:
- If you are attempting a walk-in, arrive 45min to an hour before. 
- do not freak out that you didn't get a text after you gave your number. You will get a text. 
- when you check-in, ask their name & try to figure out how many people are in front of you. 

We got seated around 8:45ish which makes this a 4-hour wait.  who have I become?! 

I'm going to tell you right now, my lack of 1-star is not because of this tag game of waiting. No, our waiter was not good. He was good, he wasn't fine-dining, waiting 4 hours good. 

He was terrible at recommending food. And between my friend & I, we split two appetizers, one entree but ordered a second entree. Why? We didn't know that we ordered too much food. We didn't even touch the second entree & I feel like that's something your waiter gives the heads up on. On top of that, the food came out so sporadic. We got 1 appetizer, then an entree, then I had to remind the waiter of our other appetizer for it to then come, then minutes pass and we had to remind him a second time of our second entree. Although we really didn't need it and I shouldn't have said anything. 

Did we close down the place, yes we did. Will I come back here again given my experience? If I know someone with an AmEx card who can easily get a reservation- yes, yes I will. The food was delicious. Absolutely. And a Nigerian restaurant in Lincoln Center is an accomplishment & exciting time to be apart of.  If you have the time, do it.",False,0,1,0,Olivia N.,en,"{'neg': 0.081, 'neu': 0.796, 'pos': 0.123, 'compound': 0.9824}",0.9824,0.123,0.081,0.796,positive
287,2023-09-21 18:47:39+00:00,5,Absolutely delicious! Literally 10s across the board. My favorite was the crab legs. That sauce could be a soup!,False,0,0,0,Jaenelle L.,en,"{'neg': 0.0, 'neu': 0.595, 'pos': 0.405, 'compound': 0.9166}",0.9166,0.405,0.0,0.595,positive
286,2023-09-21 22:20:49+00:00,5,"Love the atmosphere and the music selection. It was very easy to get a table despite it being very last minute. The place felt very trendy and the service was unmatched, deserving of all the praise. Our server made us feel very special and the food was great. Love the curry goat patties (and that mango chutney) and the curried snow crab was genuinely out of this world. The Pina Pina Pina was our favorite drink and the white chocolate cheesecake is worth the try.",False,0,0,0,Denise P.,en,"{'neg': 0.013, 'neu': 0.725, 'pos': 0.263, 'compound': 0.9796}",0.9796,0.263,0.013,0.725,positive
285,2023-09-22 00:59:11+00:00,1,"So let's get right into why I can't come back here, nor would I ask anyone else to come here. 

Service- honestly this is the reason. Only one server made this a very bad experience. The remainder of the individuals were awesome. But our main server literally intentionally ignored me throughout our meal. I was here with two colleagues and they actually noticed it first. I didn't even think it could be a thing because I didn't do anything that would warrant her completely ignoring me. I thought I was very nice to her, but maybe I reminded her of someone after a while because her attitude was just sooo poor to me. She literally avoided looking in my direction when asking questions to a small table of 3, making her issue very noticeable. 

Generally I'm a happy person so someone else's issues wouldn't bother me, but my colleagues noticed and that was embarrassing.  And it got to a point it made them uncomfortable.  Embarrassing a customer for no reason is unacceptable. 

Next, the Food- excellent dishes and creative. I am very familiar with west African food and the chef has put a great spin on foods I grew up eating. We had the dumplings, hummus, Patties and fried okra. Ox tail, fried branzino and chicken shawarma. All amazing, except for the brownie with donut ice cream- don't get this - it was a bitter sweet dark chocolate cake like thing with ice cream hard as a rock shaped like a donut. Aside from this everything was yummy. This amazing menu is one of the reasons I am so sad I can't come back here. 

Drinks- I can't remember exact names (tonic and birthday drinks), but very good as well. 

Ambiance- lovely.",False,1,0,0,Amy R.,en,"{'neg': 0.206, 'neu': 0.605, 'pos': 0.189, 'compound': -0.8576}",-0.8576,0.189,0.206,0.605,negative
284,2023-09-22 22:21:15+00:00,4,"The service and staff are absolutely amazing. They are so friendly and professional and made it a great experience. The restaurant has great music, whoever made that playlist shoutouts to you. The oxtail wasn't anything special to me, probably wouldn't order it again. But the star of the show was the curry goat patties! Them things need to be sold out of a food truck or something. The egosi dumplings were also amazing. I definitely left full and satisfied. They were out of the oxtail Rangoon which was sad.",True,0,0,0,Shurida L.,en,"{'neg': 0.092, 'neu': 0.691, 'pos': 0.217, 'compound': 0.9301}",0.9301,0.217,0.092,0.691,positive
283,2023-09-23 13:30:52+00:00,3,"Finally went to Tatiana after trying to get a reservation for months online. We went 30 mins before they open so we get one of their coveted walk in tables. We sat outside while we waited for our table. The service and the staff were great. Ok, the food. We were 4 and shared a lot of the items on the menu. While the food was definitely good (although oily and heavy), it did not wow me as I expected it would from the reviews and the press. They get 5 stars for marketing/branding and I really believe the strategy of scarcity is deliberate to hype up the restaurant and the chef. Overall I didn't think it was worth all the effort in trying to get in. Do yourself a favor and explore Queens for new and adventurous flavors, you'll save time and money",False,0,0,0,Lama B.,en,"{'neg': 0.052, 'neu': 0.806, 'pos': 0.143, 'compound': 0.9048}",0.9048,0.143,0.052,0.806,positive
282,2023-09-24 05:27:54+00:00,5,"What a vibe! I came here with no resy back in May, after a buzz had already started but before The World's 50 Best feature. I snagged a seat at the coveted limited bar and had a fabulous meal and time with fellow diners.

Food was very tasty and creative. Vibe and playlist were super cool. Chef was there that night and added to the fun. Also my bill was super reasonable given the quality and sizes of the servings.

Can't wait to be back when I visit NY again.",True,2,1,3,Adele F.,en,"{'neg': 0.032, 'neu': 0.57, 'pos': 0.398, 'compound': 0.9948}",0.9948,0.398,0.032,0.57,positive
281,2023-09-26 14:39:27+00:00,5,"I've been told it's difficult to get a reservation here but I was luckily able to get a Wednesday night reservation the day before. The staff were really friendly and super helpful when it came to selecting drinks and food. 

The food was absolutely delicious. The sauces that came with the goat patties elevated them. The oxtail was so tender and scrumptious and the curried snow crab was so fulfilling. Some of the best food I've had in New York! The price is high (party of 3 and spent about $100 each including drinks and tip). Is it worth it? I don't really know but I don't regret it. It was a nice little treat! 

I would definitely recommend it for a nicer dinner with friends or on a date. The vibes are elevated casual and the music is good. If you're thinking about trying this place, do it. You won't regret it.",True,0,0,0,Mandisa N.,en,"{'neg': 0.008, 'neu': 0.534, 'pos': 0.459, 'compound': 0.999}",0.999,0.459,0.008,0.534,positive
280,2023-09-28 23:03:16+00:00,5,"5th time - still some of the best food in New York; and, even better...the service is also at a 5 star level!  The team is crushing it and their GM is really elevating the team and service.  

Top notch - worth a special trip to the city!",False,0,0,0,Ted V.,en,"{'neg': 0.048, 'neu': 0.735, 'pos': 0.216, 'compound': 0.8264}",0.8264,0.216,0.048,0.735,positive
279,2023-09-30 11:37:06+00:00,5,"OMG - if you can get a reservation make sure you go!!! Probably the best restaurant in nyc right now. The food is incredible, creative and mesmerizing.",False,0,0,0,Andrew B.,en,"{'neg': 0.0, 'neu': 0.682, 'pos': 0.318, 'compound': 0.8827}",0.8827,0.318,0.0,0.682,positive
278,2023-10-02 01:29:03+00:00,4,"As soon as I heard ""elevated Afro-Caribbean"", I believe I rolled my eyes and walked away from whoever was speaking. Up to this point, the world of fine dining has either ignored African cuisines or whitewashed them--and I wanted no part in that.

But one recent night, I found myself here for dinner thanks to reservations I didn't make. So I figured I'd make the best of the whitewashing and just be happy I got into one of the hottest spots in town. 

I didn't need to try that hard. The Curried Goat Patties were crisp and decadent, while the Black Bean Hummus was bursting with berbere goodness. I didn't care for the too-sweet Braised Oxtails, but the Curried Snow Crab was great for my pescatarian heart. Even the mocktails delivered, though the Pineapple Daiquiri was much, much better than the Passionfruit Orange Guava.

Bottom line: I don't like paying $50-85 for entrees I grew up eating at 1/10th that price. But I do like that the amazing spices, flavors and textures of these cuisines have managed to carry through in an upscale Lincoln Center restaurant--something I've not seen successfully done in most upscale ""ethnic"" restaurants. I still wouldn't pay that much again, but on pure cooking principle, it's nice to know that a change of price, clientele and scenery doesn't have to compromise taste.",True,2,0,3,Josephine L.,en,"{'neg': 0.076, 'neu': 0.77, 'pos': 0.154, 'compound': 0.9787}",0.9787,0.154,0.076,0.77,positive
277,2023-10-04 01:19:48+00:00,5,"Chef Kwame and his menu gives a unique look into black food and black culture. If you like bougie with a touch of blackness, this is the place you should go. Service was amazing but getting a table was definitely difficult. Ambience is A+.",False,0,0,0,Sheldon W.,en,"{'neg': 0.068, 'neu': 0.772, 'pos': 0.161, 'compound': 0.5346}",0.5346,0.161,0.068,0.772,positive
276,2023-10-04 17:22:26+00:00,2,"I really don't want to do this but I just want it to be known that for establishments like this in the mid-high range (it's mid-range to me but I know everyone may not agree), the service starts before you even arrive. If I can't reach your team by phone or email and you're charging $50 for chicken, it's really going to bother me to no end. I called Monday at 5:19 PM to inquire if garden seating was walk-up. The phone rang and then I was transferred to what sounded like a mobile device where the automated message said ""This mailbox is full... goodbye"". I'm like okay girl. Let me try another extension. Where I waited on hold for 10 minutes listening to music before I hung up and emailed them. It's now Wednesday. I have yet to receive a response even though I went yesterday (Tuesday) and I no longer need this information.

I got there around 4:35 PM because I wasn't sure if the lines were still bussin like back in the Spring. I walked around back to see where I needed to stand and saw they were having a meeting. Came to the front and asked a couple standing around if they were in line for Tatiana's and they said yes, the employees would come around to get us at 4:55 PM. Cool.

At 5:05 PM someone started cleaning the windows and dragging out the sign. At 5:10 PM they opened the door and asked who had resys. They took those people out of the line and came back for the walk-ins a couple of minutes later. We got to the front and I mentioned we were walk-ins for garden seating hoping they wouldn't tell us we needed a resy for that but they said it was a 10-minute wait which was odd seeing as we were second in line. We went next door to wait. 

We were seated after our wait and I ordered a strawberry daiquiri which was on the stronger side (we like that) but still delicious sans my strawberry garnish. I eat my garnishes. From flowers to dehydrated fruit, I do not care lol. It was a minute grievance so life moved on but the rags they use to wash the tables smell like mop water so that's all I could smell for the first hour. A little bleach for some razzle dazzle should fix that. The Pog Nutcracker was fire. I was trying to put my finger on the familiar note and realized it was passion fruit. We decided on egusi dumplings and curry goat patties. The curry goat patties were very delicious and flaky, especially with that green aioli. I didn't like the mango chutney but I knew that before I tried it lol. The egusi dumplings I wasn't a fan of. The texture wasn't my favorite either. It was steamed and then pan-fried on one side. I did not taste any crab. Moving on to the roasted chicken shawarma and brown stew branzino. I loved the brown stew branzino. There was some sweetness to it and the fish had a great crunch with flaky meat. It was cooked perfectly. The rice and peas were fluffy and heavy on the coconut milk. I like! However, I did not like the chicken shawarma. It was heavy on the cumin. Even the rice was heavy on cumin. That dish leaned more towards Indian spices than anything and I was very confused but it wasn't my dish and the person who ordered it loved it. The large dishes are portioned perfectly. It was a nice size and I was surprised especially since the dishes looked smaller online. The servers were attentive and cordial so we did enjoy the service when we arrived and the music was amazing because not me throwing up the West Coast sign to Tupac (kidding but I love Tupac). There wasn't any music for the first hour when we came in. The bathroom was disgusting when I went. The person before me mentioned how gross the bathroom was and when I walked in the floor was sopping wet with urine and toilet paper strewn all over the place. The bathroom was decorated nicely overall but someone should be checking on the bathrooms consistently. Would I go again? Sure, but not on my dime. Please make sure the experience you're giving from top to bottom matches the price point, abeg.",True,4,3,4,Amira A.,en,"{'neg': 0.097, 'neu': 0.737, 'pos': 0.166, 'compound': 0.9972}",0.9972,0.166,0.097,0.737,positive
275,2023-10-05 17:25:26+00:00,3,"Food tastes amazing, and I love the service of this restaurant. The servers were all very friendly and attentive. This is the first time I've tried cuisine like it, and I was blown away.

I was also blown away by the price, however, because as good as the food was, the price point is just way too high. It might be due to the location as well, but unfortunately I can't justify going back unless it's with a group of friends who have been wanting to try it, but haven't got a chance to yet.",False,0,0,0,Irwin P.,en,"{'neg': 0.05, 'neu': 0.758, 'pos': 0.192, 'compound': 0.9147}",0.9147,0.192,0.05,0.758,positive
274,2023-10-07 13:01:51+00:00,3,"I'm a Nigerian-American person who grew up in a Caribbean neighborhood, so l was fully prepared for this to be an amazing night of food. The food was prepared well, and the main entree portions were a good size. However, there wasn't enough authentic flavor for me. The egusi dumplings could have been egusi soup dumplings to make them more authentic. There was barely any egusi flavor. The stew that accompanied them was good. The oxtail Rangoon was very good. The entree oxtail were very large pieces of meat, but the gravy was too sweet & I'm sure it upset my stomach. The rice & beans were very good with just enough coconut milk taste. The shrimp were huge! Definitely get the shrimp. Food came out relatively quickly.

The music is very loud but fun. You'll enjoy it if you're a hip hop fan. As other reviews mentioned, they would benefit from cleaning the bathrooms more often. Our server was very nice & the staff appeared to get along. 

I would come back if someone got me a reservation but i wouldn't wait to walk-in or stand and eat.",False,0,0,0,C B.,en,"{'neg': 0.026, 'neu': 0.722, 'pos': 0.252, 'compound': 0.9936}",0.9936,0.252,0.026,0.722,positive
273,2023-10-08 20:17:49+00:00,3,"The curry goat patties were the best thing on the menu for us. The oxtail was strangely sweet, not what we were used to as Jamaican diners. I didn't try the branzino myself but my friends liked it. The chicken shawarma was a disappointment, dry and bland. The drinks were so-so. After waiting a long time to get a reservation, we certainly expected more! The service was phenomenal and our waitress went above and beyond for the birthday girl!",False,0,0,0,Tianna I.,en,"{'neg': 0.259, 'neu': 0.598, 'pos': 0.143, 'compound': -0.9554}",-0.9554,0.143,0.259,0.598,negative
272,2023-10-10 02:38:53+00:00,5,"My girlfriend was lucky enough to get a reservation for Tatiana on a Friday night at 7pm. The location isn't super well labeled and it took us asking a couple  restaurants in Lincoln center to find it. Service was terrific and everything we ordered was spectacular. For cocktails we ordered the pina pina pina, strawberry fields, and birthday daiquiri. Our favorite was the birthday daiquiri, followed by the pina, and we found the strawberry fields to just be ok. For entrees we ordered the braised oxtail and short rib pastrami suya. The oxtail came with 3 large, extremely tender pieces and a thick brown gravy that thickened over time as it cooled. The gravy was very salty, but it was so good. I scraped up every last drop into the to go box when we packed the leftovers. The pastrami was also so tender, and had an optionally nice kick when you dipped it in the cayenne powder that came on the side. The bread was soft and paired well with the pastrami. Portions for both entrees were very large and we had enough to take home for a small meal. We finished off with the bodega special (a homemade cosmic brownie with ice cream in the shape of a donut). I didn't love this - I found the ice cream to be a bit hard and also a bit too heavy on cinnamon/eggnog flavors - but my girlfriend loved it. My only complaint about the whole night was that the restaurant was super loud the entire meal between the music and diners - to the point you could barely hear the person across the table talk.",True,0,0,0,Thomas M.,en,"{'neg': 0.107, 'neu': 0.782, 'pos': 0.111, 'compound': 0.6223}",0.6223,0.111,0.107,0.782,positive
271,2023-10-10 10:39:01+00:00,5,"You can feel the inspiration cut through everything from decor, to music, to the stellar food and drinks, to the energy and sharpness of the wait staff. Every dish and drink ordered felt wow. Hard to stand up to the hype in NYC, but everything comes together genuinely here.",False,1,0,1,Debraj G.,en,"{'neg': 0.091, 'neu': 0.795, 'pos': 0.114, 'compound': 0.296}",0.296,0.114,0.091,0.795,positive
270,2023-10-11 00:31:13+00:00,1,Had a 8pm rsvp but hasn't been seated for an hour? Restaurants are judged on food but also hospitality. The food is good but hospitality is probably a negative number.,False,0,0,0,Justin V.,en,"{'neg': 0.275, 'neu': 0.598, 'pos': 0.127, 'compound': -0.8807}",-0.8807,0.127,0.275,0.598,negative
269,2023-10-11 16:52:33+00:00,5,"Tatiana is hands down one of the best restaurants I've ever dined at. The stress of trying to secure a reservation here is well worth it, and I now see why the exclusivity exists. The ambiance here is dress causal, but the Hip-Hop and R&B music blasting leads to an upbeat vibe. 

The presentation from the table setting to the food was impeccable. They take tremendous pride in their appearance, which is refreshing to see. I also loved seeing the diversity among the patrons. The location inside Lincoln Center is a prime location for them. Our table was near the window, so it was enjoyable seeing people pass by and overlooking the water fountain and center itself. 

For drinks I had the POG Nutcracker and my girlfriend had the Birthday Daiquiri. The blending of Rum, Passionfruit, Orange, and Guava gave way to a sweet first taste with a slight kick in the end. 

The Crispy Okra was a 10/10. The sweetness and delayed kick of spice was such an experience. The cook was perfect as it had just the right amount of crunch without sacrificing the softness of okra. The Egusi Dumplings with crab and Nigerian red stew was another hit, with the spice hitting you again. 

For our entrees, the Branzino came out first. With large plates, they bring them out one at a time to enhance the experience, which was a pleasant surprise. The fish was phenomenal, as it had a nice crispness to it along with the savory stew sauce on top. Cutting it was like butter. The Short Rib Pastrami lived up to all the hype! I initially thought I was eating corned beef, as it had a very similar texture. But this was on another level. You didn't even need a knife to cut it. Our waitress recommends taking the Coco bread (buttery soft and delicious) and making a sandwich. What a meal this was. Even the cabbage was delicious. For dessert, we finished the night with the Bodega Special. The brownie was deliciously warm and soft, and the powdered donut ice cream hit all the right notes.

We saw the chef throughout the night, but it looked like he was only visiting the tables of people he knew or guests of the staff. Hopefully next time we'll be able to meet him and give him all the praise he deserves for such an authentic and beautiful dining experience.",True,1,0,0,Robert M.,en,"{'neg': 0.022, 'neu': 0.76, 'pos': 0.219, 'compound': 0.9985}",0.9985,0.219,0.022,0.76,positive
268,2023-10-12 00:07:17+00:00,5,"I was in NYC for 12 hours and really wanted to try Tatiana before I left. I didn't have a reservation (big surprise) so I lined up around 4:15 on a Friday afternoon hoping to get a walk-in spot. The six bar seats in the restaurant are set aside for walk ins and as luck would have it I snagged the last one. While we waited for the restaurant to open, one of the staff came out with a beverage (passionfruit juice or something) which was thoughtful and the drink was delicious. I should have asked what it was. Everyone I interacted with from the hostess, to waiters, to bartenders, to what I'm assuming was the manager, was very welcoming. I already knew what I wanted - three of the small plates so I didn't need to fuss around with the menu. I got the curried goat patties, Egusi dumplings, and oxtail and crab rangoon. There were no misses. Everything was excellent. I also ordered a nonalcoholic drink (orange passionfruit guava) and it was good but nothing super special. The space itself is nice, dimly lit and intimate, in keeping with the hours it's open. It's pricey (my total was a little over $80) but I have zero regrets. Overall, based on my experience I would definitely recommend.",False,0,0,0,Chioma I.,en,"{'neg': 0.096, 'neu': 0.757, 'pos': 0.147, 'compound': 0.9168}",0.9168,0.147,0.096,0.757,positive
267,2023-10-12 18:32:40+00:00,4,"A solid spot if you enjoy the kind of ingredients they cook with. Had the okra, which was just on the verge of being too spicy, but was very savory and enjoyable, and the pastrami with bread, both of which were very good. Bodega special was also good, the ice cream actually tastes like donut, which is cool. Just a tip if you have a 5 pm reservation and want to avoid the line outside, there is another entrance through the lobby next door.",False,0,0,0,Taylor S.,en,"{'neg': 0.063, 'neu': 0.61, 'pos': 0.327, 'compound': 0.9807}",0.9807,0.327,0.063,0.61,positive
266,2023-10-15 00:13:45+00:00,5,"Definitely worth the hype! Omg everything was amazing! The trick is to arrive around 3:30-4 and stand in line for walk-ins at the bar. They have standing bar area (a little tight) and 6 seats at the bar. My party and I arrived at 3:45 PM on a Friday and we were the second group in line. 

We were seated immediately at the bar and were greeted by friendly bartenders and waiters. Kwame was kind as well! Service was top notch. 

We ordered cocktails (strong and not too sweet) which were very good. We ordered so many items off the menu! The okra was sweet and savory, one of my fav dishes alongside the refreshing piri piri salad. But omg that hummus is AMAZING! Sooooo flavorful! I would order the piri piri and black bean hummus 10x over! The STAR of the show was the curried goat patties though... Tens across the board. Hands down my favorite. 

For large plates, we had the braised oxtails (just ok) and the shawarma roasted chicken. That chicken was out of this world! And the lamb with rice was seasoned to perfection. I'm obsessed with Tatiana! I'll be back for dessert one of these days!",True,1,0,1,Victoria S.,en,"{'neg': 0.014, 'neu': 0.772, 'pos': 0.214, 'compound': 0.9924}",0.9924,0.214,0.014,0.772,positive
265,2023-10-15 03:22:53+00:00,5,"Getting a reservation is like waiting to see a solar eclipse. Somehow my coworker was able to secure this reservation for me. Thank you!

This place was more than just hype. There was even a celebrity sighting and I totally fangirled after seeing the Queen!

Loved the curried goat patty's were delicious with a serving of 3. The hamachi escovitch was such a tiny portion! It was an appetizer to be fair. It was very tasty with a carrot sauce?

Oxtail and crab Rangoon was good 

Entrees: if you are West Indian like myself, you have to realize you will not get traditional West Indian flavors. I leans more towards Nigerian flavors
Ordered the braised oxtail served with rice and peas   The oxtail were massive! We were served 4 large oxtail pieces in a Dutch pot. Loved this presentation. Very tender and fell off the bone. I had to remind myself these were not Jamaican seasoned oxtail. Overall, they were good. Just different. 

The short rib pastrami suya was a very large portion and delicious. It was served with a coco bread. This is a must order! 

Curried snow crab was ok. Something was missing from the curry bits a coconut curry. But needed something. 

Staff is top notch. Our server was well versed in the menu. It almost seemed rehearsed. Probably was. But I appreciated it. He was so sweet we and helpful. 
Then ended our night with these very pretty jello shots. The flavors were out of this world! 

Takeout isn't necessarily offered here btw.",True,1,0,1,Donesha T.,en,"{'neg': 0.025, 'neu': 0.77, 'pos': 0.205, 'compound': 0.994}",0.994,0.205,0.025,0.77,positive
264,2023-10-15 16:34:04+00:00,2,"Probably a 2.5-star experience.  A restaurant charging ~$190/person (that price includes drinks, tip, tax, etc.) has to meet certain standards for technique, service, and atmosphere.  The flavors were good--sometimes very good--but often unbalanced toward sweetness (the okra and the oxtails might as well have been desserts).  Technique was simple--a crispy, fried patty; a dumpling with crispy skin; a nicely cooked prawn (but not the most tender I've ever had); a nice, fudgey brownie--everything done well, but definitely  not exceeding expectations in terms of fine dining technique.  Service was cordial but overall lacking--water glasses left unfilled for long periods, wine glasses running empty.  The bathroom has a soap dispenser that spits soap at you at high velocity, and the toilet seat reminds one of a midtown office...just not a very nice experience for a ""fine dining"" place.  Finally, I like a lively atmosphere (I'm still in my early 30s, for the avoidance of doubt!), but the music is *ridiculously*, scream-at-the-person-sitting-across-from-you-just-to-be-heard loud.  I felt like I was dining at a nightclub, and think that the restaurant could still curate a lively, fun atmosphere without deafening music.  I won't be back, and while I appreciate what the restaurant stands for, I think that this is one we New Yorkers can leave for the tourists.  Better to spend our dining bucks at neighborhood restaurants that aren't trying to capitalize so much on hype.",False,1,0,0,Adham A.,en,"{'neg': 0.094, 'neu': 0.705, 'pos': 0.201, 'compound': 0.9722}",0.9722,0.201,0.094,0.705,positive
263,2023-10-16 18:15:27+00:00,5,"street parking and garage parking nearby. beautiful fountain out front. beautiful ambiance.  The minute you walk into the restaurant, there is such a noveau vibe about it. 
Service was courteous and friendly. Our waitress suggested drinks and food upon request. She was attentive and super nice.
Food ... yummy! We had (collectively) patties with mango chutney, braised oxtail, curried snow crab and the cornbread and cod. One thing to NOTE:  these plates are not sharable sizes. You can share the appetizers but the 'large share' plates are sufficient enough for one person. All the food we had was delicious and flavored. Mango chutney was so good. Cornbread was the best part of the cornbread and cod dish. Portion size on this dish definitely could not be shared. 
Cocktails- LC negroni, dusse colada was very good. Strong enough and very tasty
The place is absolutely beautiful. Reservations are very hard to come by, great experience.",True,3,1,3,She A.,en,"{'neg': 0.021, 'neu': 0.61, 'pos': 0.369, 'compound': 0.9978}",0.9978,0.369,0.021,0.61,positive
262,2023-10-18 00:01:34+00:00,5,"One of the hottest restaurants currently serving Afro Caribbean food in the heart of Lincoln Center. We made a reservation for a party of six on a Friday at around 5:30pm. It's otherwise impossible to get reservations for later times. 

We split several apps and entrees. The fried okra was the winning app! It maintained crisp without any sogginess at all. The goat empanadas were tastier than expected as I'm usually not a fan of goat meat. It didn't taste at all gamy. The rangoons were good too.

I thought all the entrees were so flavorful and hearty. Our top two were the pastrami and branzino. The cod came close too! We also appreciated the oxtail and the pork.

I can see this place being a great option to try once and come again a few more times for celebrations. I can admit that it is more on the expensive side but one must pay rent to be in Lincoln center I suppose.",True,1,0,1,Kim X.,en,"{'neg': 0.037, 'neu': 0.856, 'pos': 0.107, 'compound': 0.8609}",0.8609,0.107,0.037,0.856,positive
261,2023-10-18 14:54:30+00:00,5,"Had an incredible meal at here last night. Each dish was beautiful, unique, and packed with flavor. The highlights include: the mango salad, the braised oxtail, and the white chocolate cheesecake (video), but honestly every single dish was tasty.

Thank you to our server @theguavastory on Instagram (who is also a chef!) for such great service. And I can't forget to mention how great the music was all night long.

Definitely pricey but great for a special occasion. Make sure to get a reservation unless you want to wait in line! There was a waiting list all evening.",True,1,0,1,Denisa W.,en,"{'neg': 0.118, 'neu': 0.54, 'pos': 0.341, 'compound': 0.9863}",0.9863,0.341,0.118,0.54,positive
260,2023-10-21 00:30:58+00:00,5,"So Amazing, start to Finish, decor, location, service and of course the Food,,,,,, don't Skip this NYC hot spot 
I would eat the ""mushrooms take out "" every night if I could 
Go Go Go!!!!!",False,0,0,0,Anthony P.,en,"{'neg': 0.0, 'neu': 0.855, 'pos': 0.145, 'compound': 0.74}",0.74,0.145,0.0,0.855,positive
259,2023-10-21 09:09:21+00:00,5,Lovely atmosphere and amazing dishes will definitely go back prices a little high for small dishes but it was pretty good,False,0,0,0,Nicole P.,en,"{'neg': 0.076, 'neu': 0.449, 'pos': 0.475, 'compound': 0.9087}",0.9087,0.475,0.076,0.449,positive
258,2023-10-22 13:50:40+00:00,4,"Cool place. Worth it if you can snag a reservation. Better w a party of 4 vs party of 2 so that you can try more things. Goat patties were great w the mango chutney and the very very intense hot sauce. Dumplings I could have done without. They were fine, but I easily would choose $3 for 6 dumplings in chinatown vs $21 for 3 dumplings here. Short rib pastrami was very good when you put everything on the plate together for a bite. Really liked the bodega special dessert. Basically we got the greatest hits, and they delivered for the most part. Odd location for this restaurant literally inside Lincoln Center. 

One big negative was that our server was pretty un attentive. We had a 30 minute wait between small plates and pastrami and you could tell something was going wrong in the kitchen. Table next to us and behind us also had insanely long waits.....never a word from our server. Tell us something vs just keeping us waiting forever.",False,0,0,0,J A.,en,"{'neg': 0.182, 'neu': 0.61, 'pos': 0.208, 'compound': -0.0291}",-0.0291,0.208,0.182,0.61,neutral
257,2023-10-23 03:49:45+00:00,5,"This place definitely deserves the hype as the New York Times #1 restaurant. 

Heads up - reservations are extremely hard to get. My group and I managed to get a last-minute reservation at 8:45PM on a Monday, and it was so worth it. 

APPETIZERS:
We started off with the crispy okra, truffle, chopped cheese, oxtail crab Rangoon, egusi dumplings, curried goat patties. 

The crispy okra was a good combination of sweet, sour, and also had some spice to it. I didn't have many vegetables in my meal, but this was definitely my favorite. 

The truffle chopped cheese is Tatiana's take on your local New York City deli's chopped cheese. I like how they took a staples sandwich and turned it into fine dining - the truffle was a nice addition.

The oxtail crab Rangoon really highlights how much thought Kwame Onwachi put into his dishes. I thought it was really clever how the oxtail mimicked the texture of crab in the crab Rangoon. 

Curried goat patties were my favorite appetizer by far. I'm not the biggest fan of goat as I feel like it's usually gamy, but these did not have that taste at all and the sauces that you eat with the patties made the dish for me.

Egusi Dumplings we're juicy on the inside and crispy on the outside. my friend is Nigerian and said that this was his favorite dish on the menu. The sauce that the dumpling sit on top of paired well with the flavors. 

ENTREES:
For entrées, we got the cod and cornbread, braised oxtail, pork belly pernil, and short rib pastrami Suya. 

The cod and cornbread were delicious as both were very moist and not dry at all. The cornbread was sweet and getting that perfect bite of cod, cornbread and tartar sauce was delicious. 

The braised oxtail came right off the bone and was marinated well. Solid choice. 

Pork belly pernil was very juicy, though there were a lot of charred bits that I wish were just a bit less burnt. 

Short rib pastrami Suya is a must get. Suya is spiced to perfection and when you pair it with the slaw, bread and sauce - you get a sandwich you will never forget. 

The dessert was pretty good, but I was so full I couldn't enjoy it to its maximum potential lol. For drinks I got a Tatiana Tonic which was solid. 

Overall, a quality fine dining experience - I would come back!",True,1,1,1,Jason L.,en,"{'neg': 0.052, 'neu': 0.674, 'pos': 0.274, 'compound': 0.999}",0.999,0.274,0.052,0.674,positive
256,2023-10-24 06:11:07+00:00,5,"This restaurant truly is an ode to New York in every sense. The food is carefully thought out and crafted with unique and purposeful flavors that really make you excited to be eating at Tatiana. Yes, I know it's a hyped restaurant, but it deserves every bit of the hype. The okra is just so good - like the best okra I've very potentially ever had. The Goat curry patties could be lunch every day for me - I would really really like that. The dumplings tasty and really flavorful. Each dish feels like a bit of new york, but my favorite dish was the chicken. It brough the white sauce and hot sauce of new york food carts to the table in a way that was really fun and tasty. The chicken was sooo moist and perfectly seasoned, and the sauces were exactly what we wanted. 

Cocktails are good and the ambiance is fun, though maybe not what you would expect for a fancy restaurant. Though honestly with a group this is a great deal. The service is kind and definitely informed. I look forward to going again, and I actually have a reservation to do so - sorta crazy when this is one of the hardest reservations to get!",True,0,0,1,Hajir S.,en,"{'neg': 0.016, 'neu': 0.634, 'pos': 0.35, 'compound': 0.9986}",0.9986,0.35,0.016,0.634,positive
255,2023-10-26 13:02:56+00:00,5,"So obviously this place has a lot of hype, and my main question walking into this was, would it live up to the hype? From the second we walked in, to the service to the music, food and drinks everything surpassed my expectations. Our server Mikayla was absolutely amazing and super friendly. The drinks were great. The ambience was incredible. We got the, curried goat patties, hamachi escovitch, truffle chopped cheese, braised oxtail and of course the pastrami. We also got the bodega special dessert. Everything was outstanding here. The food was absolutely delicious. My favorite thing may have been the truffle chopped cheese it was incredible and super flavorful combined with their hot sauce. This is definitely a must visit. As hard as it as for most to get a reservation, I suggest you try your hardest for it.",True,2,1,2,Jatin K.,en,"{'neg': 0.008, 'neu': 0.726, 'pos': 0.266, 'compound': 0.9936}",0.9936,0.266,0.008,0.726,positive
254,2023-10-27 03:25:03+00:00,5,"I've been pretty hyped up to finally score a reservation at Tatiana. Long review short: the food and drinks, the service, and the vibe lived up to the hype. Can't wait for the chance to take friends here!",False,0,0,0,Tom R.,en,"{'neg': 0.103, 'neu': 0.662, 'pos': 0.235, 'compound': 0.6562}",0.6562,0.235,0.103,0.662,positive
253,2023-10-28 14:44:22+00:00,5,"I have no words. The food was great, since I got to meet Kwame and invited me to his kitchen. The service is extremely nice and the food options are amazing.",False,0,0,0,Pey S.,en,"{'neg': 0.058, 'neu': 0.655, 'pos': 0.288, 'compound': 0.8687}",0.8687,0.288,0.058,0.655,positive
252,2023-10-28 22:25:52+00:00,5,Amazing. Everything from the service to each dish. Highly recommend the cod and the curried goat patties.,False,0,0,0,Allegra D.,en,"{'neg': 0.0, 'neu': 0.695, 'pos': 0.305, 'compound': 0.7645}",0.7645,0.305,0.0,0.695,positive
251,2023-10-29 04:27:11+00:00,3,"I was extremely happy to finally get reservations to one of the #1 restaurants in NYC, it was perfect as it was also my anniversary so the reservation was perfect timing . The ambiance was very nice, after scanning the room I could tell why this is a hot spot and why reservations are limited and hard to get. Inside had a good vibe with the music and beautiful people. The hostess was super friendly and I was about 30 minutes early for my reservations and they were able to seat us right away which I thought was super nice. Our waitress came over and greeted us and also shared suggestions from the menu. We started off with drinks and appetizers. The drinks were definitely on point and I will say probably the highlight for the night. For our small plates we ordered the crispy okra and dumplings. For Dinner we ordered the Branzino and rice and peas and the oxtail and rice and peas. Unfortunately, the food was not what I expected as for the taste and that is the overall push to give this restaurant only 3 stars. If I could rate each area I would say ambiance 5 stars, drinks 5 stars, appetizers/small plates 2 stars and entrees/large share 2 stars. 

Overall, it was great to dine at one of the number 1 NYC restaurants and I will check this one off of my restaurants to visit list.",True,1,1,1,Danni H.,en,"{'neg': 0.041, 'neu': 0.745, 'pos': 0.214, 'compound': 0.9933}",0.9933,0.214,0.041,0.745,positive
250,2023-11-02 22:37:34+00:00,5,This place was so good and deserves a Michelin star. The service is amazing and so is the food. Drinks are also very strong!,False,0,0,0,Amandaa M.,en,"{'neg': 0.0, 'neu': 0.636, 'pos': 0.364, 'compound': 0.9086}",0.9086,0.364,0.0,0.636,positive
249,2023-11-03 07:35:39+00:00,3,"Visited Tatiana for the first time October 2023. Lincoln Center at night is pretty visually stunning, so yes I was in a good mood. The ambiance is pretty sexy, dimly lit with calm hip-hop and r&b music playing. My server was above average, she was on her job. I wasn't overly impressed with the food, and I definitely don't feel the taste of the food is reflective of the price point. Then again it is Lincoln Center, so I can only imagine. I had the oxtail entree. The texture was fall off the bone but I couldn't get passed the actual taste. Maybe I am used to traditional West Indian prepared oxtails, but I didn't finish my meal. Oxtail and Crab Rangoon was ok. I want to add, I was shocked that the restroom wasn't clean. It wasn't gross but far from clean.",True,2,0,0,Duane H.,en,"{'neg': 0.156, 'neu': 0.694, 'pos': 0.15, 'compound': -0.8385}",-0.8385,0.15,0.156,0.694,negative
248,2023-11-08 21:34:18+00:00,5,"Went back here and sat at a table instead of the standing only section, and I'd say I enjoyed the experience far more! The first time I was there, I had the Egusi dumplings, and I was not too fond of them. The flavor is just too rich, and I just didn't taste any crab at all in the dumplings. However, this time around, the food that we got was all on point. The piri piri salad was so refreshing and crisp and a nice  starter if you plan on having very rich, heavy food. The goat dumplings were perfectly fried and had amazing flavor, not too rich or spicy or heavy, and had just the right amount of stuffing to leave room for more food! The oxtails were the star of the show. So tender and glazed with a delicious sauce, I just wish maybe there were a little more veggies that came with the dish. But the rice was so good too. The new dish on the menu, the seafood boil, had two ginormous prawns, scallops, fish, razor clams and potatoes. It was a huge dish, and we got a lot of food so there was no way to finish it all, but if I were starving and didn't have all those apps, I would've ate all of it to myself, it was that good. All the seafood was perfect! The server we had was friendly and accommodating, the ambiance is loud and lively, maybe not the best place to bond with your mother in law hahaha, but she enjoyed it, so it wasn't a problem! If you can snag a resy, go and try a bunch of dishes and share! It'll be worth the hassle of trying to get in there!",False,1,0,1,Sarah B.,en,"{'neg': 0.052, 'neu': 0.736, 'pos': 0.212, 'compound': 0.9955}",0.9955,0.212,0.052,0.736,positive
247,2023-11-09 16:22:07+00:00,2,"This was below average experience for me, food was too spicy, service was lacking even at the bar, this place lacked the African experience/ element I was looking forward to. $80 for Suya? Please don't piss me off.  

The menu was also very limited. 

As an African living in diaspora, I expected better, something more traditional especially with the menu, service and ambience. Will I give it another try? Couldn't be too sure. 

I had my expectations set too high based on the hype on Socials, and my date and I left quite disappointed, maybe I came on a wrong night?",True,2,1,0,Kendra E.,en,"{'neg': 0.183, 'neu': 0.751, 'pos': 0.066, 'compound': -0.9352}",-0.9352,0.066,0.183,0.751,negative
246,2023-11-11 15:34:21+00:00,4,"Unique 
Excellent service
Very reasonably priced & good cocktails 
Challenged kitchen 
Flavorful sauces 
Limited menu
Great ambience and location 
But overall, unremarkable",False,0,0,0,Frederick H.,en,"{'neg': 0.096, 'neu': 0.543, 'pos': 0.361, 'compound': 0.8091}",0.8091,0.361,0.096,0.543,positive
245,2023-11-11 18:57:55+00:00,2,"The food is absolutely delicious! But the portions are very small. 4 of us ordered 8 dishes and 3 desserts and my husband left hungry. The atmosphere is great. I loved that 90% of the diners were black. The service was fine. Why two stars? The front desk was rude, dismissive, and unprofessional. We had a 9:30 reservation, weren't seated until 10:15. Gentle enquiries were met with shrugs. Not a single host acknowledged us as the 4 of us stood in the uncomfortable foyer for 45 minutes. I am a huge fan of Kwame. I've met him. He is wonderful. But I'll never go back and I can't recommend it to anyone.",False,0,0,0,Alexandra V.,en,"{'neg': 0.229, 'neu': 0.577, 'pos': 0.194, 'compound': -0.8573}",-0.8573,0.194,0.229,0.577,negative
244,2023-11-15 15:04:35+00:00,5,Fantastic experience from start to finish! We loved the ambiance and the pastrami was spectacular.,False,0,0,0,T J.,en,"{'neg': 0.0, 'neu': 0.625, 'pos': 0.375, 'compound': 0.8313}",0.8313,0.375,0.0,0.625,positive
243,2023-11-15 15:16:11+00:00,5,"This is really a 4.5 Stars vs a full 5 Star, simply due to lack of reservation availability, which isn't their fault for being SO HOT!!! 
First, the Service is top notch, from the Hosts with an inviting, upbeat and congenial attitude to the same exhibited in each Wait Staff, especially ours, Mikayla P!!! Superb, efficient and had great suggestions. The atmosphere is earmarked with tasteful classic and contemporary Hip Hop, which is only appropriate given Chef Kwame's origin, their birthplace, BX! Also, Afro & World Beats graced the speakers and kept the vibe LITTY!
It was SO FIYAH, we bought birthday drinks and Appetizers for both parties, on each side, who were celebrating. One was a couple, the other was a sister dining solo. We ALL enjoyed eachother's company and food!
The food is a Vibe alone! 
We started with Appetizers:
The Curried Goat Patties, Egusi Dumplings,Black Bean Hummus (topped w a rich Lamb Ragu) and Peri Peri Salad are all a MUST! Everything's rich and unctuous, while the flavor-bomb Mango Squash Peri Peri Salad provided tropical relief. It cleansed the palate as we awaited our entrees. 
Be advised, the Peppa Sauce is NOT for the faint-of-heart! 
Our Entrees:
The Oxtail were savory and braised properly, creating a nice gravy to sop. 
Hands-down our table's FAVORITE was the Short Rib Pastrami Suya! Naija is definitely in this dish!  
Drinks were flowing, balanced well: Nutcracker,  Brut Champagne, Spicy Margaritas, M'semen and Negronis.
Overall, IF a reservation or walk-in can be had, GET HERE *Oleta Adam's vocals*",True,2,0,3,JL H.,en,"{'neg': 0.047, 'neu': 0.741, 'pos': 0.213, 'compound': 0.9936}",0.9936,0.213,0.047,0.741,positive
242,2023-11-16 03:41:11+00:00,5,"Loved this, everything about this restaurant was outstanding. Great food, service was top notch, vibes were immaculate, music was on point. Brought my mom, who is notoriously hard to please, and she loved it.",False,0,0,0,Pauline B.,en,"{'neg': 0.029, 'neu': 0.558, 'pos': 0.413, 'compound': 0.9618}",0.9618,0.413,0.029,0.558,positive
241,2023-11-16 13:49:32+00:00,5,"I had an absolutely incredible experience. I felt extremely fortunate as I managed to secure a reservation for my birthday. The hostess was exceptional in her knowledge of the menu and was very friendly. The food at this place is outstanding and delightful. Among my favorites were the oxtails, branzino, stewed chicken, and goat patties. I am definitely planning to revisit and I am eagerly looking forward to it. Special thanks to Kwame for the amazing culinary experience.",False,0,0,1,Oso G.,en,"{'neg': 0.0, 'neu': 0.634, 'pos': 0.366, 'compound': 0.9874}",0.9874,0.366,0.0,0.634,positive
240,2023-11-20 15:21:53+00:00,5,"As they say, getting a reservation here is like winning the lottery! Dinner at Tatiana was worth the wait. The ambiance and decor is wonderful, the soulful music definitely set the tone and the service was great. Definitely note that the menu only has small shares and large share plates, so there are no individual entrees. For two people, we had 1 cocktail each, 3 small shares and 1 large share and we were certainly full. The standout dishes for me were curried goat patties and the oxtails which were super tender. Both cocktails, Birthday Daiquiri and Pina Pina Pina were fantastic! I definitely recommend checking out this restaurant for a special occasion or night on the town!",True,2,1,2,Kimberly G.,en,"{'neg': 0.088, 'neu': 0.572, 'pos': 0.34, 'compound': 0.9888}",0.9888,0.34,0.088,0.572,positive
239,2023-11-25 15:05:27+00:00,4,"Come ready to eat when you finally snag a reservation at Tatiana because they will FEED you. I read an article about Tatiana now having the best pastrami in New York, and I must say, I agree. The Short Rib Pastrami Suya was perfectly cooked and so tender; paired with the pickled cabbage and the coco bread makes it such a satisfying combination. The curried goat patties are definitely the star of the small share options closely followed by the black bean hummus. Everything we tried was plentiful and also good flavor wise. Don't come here expecting a full burst of Caribbean flavors as they are balanced out with African spices. I think out of all the dishes we tried, the curried goat held the most flavor overall. The drinks are also not to be skimped on and definitely contribute to the vibe the nutcracker and daiquiri both have amazing balances of flavors while still being alcohol forward. I can't wait to return and try more of some of their rotating dishes as I was a little disappointed the truffle chopped cheese wasn't on the menu when I went. I would also recommend getting a seat in the main dining room area. We were seated off to the side in a somewhat dark corridor which was away from the action and felt even darker than normal. Lastly, the music is a true vibe and the service is also top tier. I can't remember our waiter's name but he definitely walked us through the menu and even held us down with a comp beverage when our food was taking a bit longer than usual. Tatiana, you are quality, and Chef Kwame is clearly setting a much needed standard here in NYC.",True,1,0,1,Nikkia A.,en,"{'neg': 0.024, 'neu': 0.841, 'pos': 0.135, 'compound': 0.9774}",0.9774,0.135,0.024,0.841,positive
238,2023-11-27 04:05:37+00:00,5,"Stellar service should be called out. Our sever was bubbly, well informed and down to Earth. A well crafted menu reflective of the food of the diasporas. Started with the oxtail crab rangoon and fried okra which were just enough to get your appetite wet. Sipped on a wonderful McBride sisters Rose and then had the most amazing stew chicken- with the perfect browning- perfection.
Then we had the seafood boil- those scallops and shrimp- everything.
What a divine culinary experience!",False,0,0,0,shaun d.,en,"{'neg': 0.0, 'neu': 0.753, 'pos': 0.247, 'compound': 0.9729}",0.9729,0.247,0.0,0.753,positive
237,2023-11-30 00:07:08+00:00,4,"Getting into this restaurant was definitely worth the wait. We got a 930pm reservation on a Tuesday night.

Once we arrived, we were greeted by a hostess who led us to our table. The  Afrobeat, hip-hop music drew us in to the vibe. 

I was a little underwhelmed by the aesthetic of the dining room area. It also built up my anticipation of what the food would be like despite the interior design elements of the restaurant. 

Once we were seated, I looked around the restaurant, and I loved that I saw people from all backgrounds represented. The menu was great, and it was nice to see how variety of African dishes from different countries were listed on the menu. 

We ordered the okra and oxtail wontons for appetizers and the Bronzino and Wagyu Pastrami for starters. For dessert we had the birthday cake donut.

I loved the Bronzino (perfectly seasoned with a spicy sauce on top) that I paired with jollof rice. The okra was my next favorite, which started off sweet and then turned a little spicy. The oxtail wontons were not memorable to me, and the pastrami sandwich seemed a little confusing to be on the menu but it was fun to eat. The bun it came with was delicious. I loved the doughnut ice cream which tasted exactly like doughnuts",False,1,0,1,T C.,en,"{'neg': 0.026, 'neu': 0.792, 'pos': 0.182, 'compound': 0.989}",0.989,0.182,0.026,0.792,positive
236,2023-11-30 16:30:11+00:00,4,"We were lucky to get a reservation.  I had the best fried branzino.  My appetizer was a crab/oxtail rangoon.  It was delicious.  My date's dinner was very bland.  He ordered the stewed chicken.  The sauce was amazing, but the chicken had no taste.  We also enjoyed delicious mocktails.",True,0,0,0,Vincent S.,en,"{'neg': 0.084, 'neu': 0.543, 'pos': 0.372, 'compound': 0.9705}",0.9705,0.372,0.084,0.543,positive
235,2023-12-03 02:33:30+00:00,3,"Heard this was the number 1 restaurant in NYC. A 5:30 reservation, and they were kind enough to let us start later and end at 9p as our party was late due to a 1 Train issue. Located as a part of David Geffen Hall, you could easily pass it and not realize it was a restaurant inside. The sign is foil on glass and hard to see. The seating inside is busy, filled with pre-show, or post-show diners depending on the hour, and there's a small space that converts 4 tables into a single larger table or isolated room (the doorway doesn't fully close) for semi-private dining, in which we had 14. Music was very loud, and at one point we had them turn our area's music off to watch a presentation. At the tail end of dinner, a very sweet aroma was pumped in from the upper vents, it was too perfume-like sweet for me, gave me a bit of a headache.

Menu was preset for us, and some pre-ordered cocktails. Interestingly enough, no iced tea. First for a restaurant of this caliber... so I had an elderflower orange guava juice to start - nicely pleasant, not too sweet, but a lot of ice. Three deep sips and I was done... hm. Also nice to meet Craig, the GM. All courses shared on the table.

First course: 
- Honeynut Piri Piri Salad which I thought was one of the best dishes of the night. The persian cucumbers had been marinated in vinegar, sugar, and a little pepper, making it just like the Chinese pickled cucumbers that I love to make at home, and the little grapes were a nice balance. For 4 people to share, though, very tiny size. This easily could have been 3-4x bigger and been a better appetizer.
- Black bean hummus had a little berbere spiced lamb, sweet pickled sultana, m'semen flatbread (which reminded me of Chinese flatbread we make to go with black bean sauce pork). Was ok, but I wasn't blown away like some of my fellow diners 
- Hamachi Escovitch - 3 plates out, each with 4 pieces of hamachi. We were 14 diners. Someone should've told the kitchen and plated the extra two pieces with a sharp eye. Instead, left with two without. The hamachi was cold and firm, the flat plate and spread out carrot nage which was a nice citric sweet was hard to spread on the hamachi which would made it better (and the spoon didn't really pick up enough to roll the hamachi into the sauce). Poor plating here in my opinion - pretty but not for truly taking the food.
- Curried Goat patties were like little empanadas - the green aioli & mango chutney were good, but not enough to really slather on properly which would have made it much more enjoyable if you could cover the patties with more.
- Egusi dumplings with peekytoe crab, red Nigerian stew, and pickled pearl onions were an interesting take - the sauce similar to a tomato ragu, and more pearl onions would have made it more balanced. Rich and interesting fried dumplings.

Second courses:
- The short rib pastrami suya, with boneless wagyu short rib, caraway coco bread (like a harder, drier version of a dinner roll) and melted red cabbage - pass. It was far too salty and peppery for my enjoyment, even with the bread to try to balance. 
- Brown stew branzino was on the menu, but instead they had giant prawns, which were cooked ok, but my issue with giant prawns generally is that the flavor doesn't really make its way into the meat, and the outside is cooked tougher than the inside - pass, again.
- Take-out mushrooms - w scallion pancakes, plum sauce and pickled ginger - this was a dish that reminded me much of someone who liked these mushrooms and slathers a much of hoisin sauce on to cook, then you add some plum sauce and ginger. It was salty and sweet and savory, with some texture from a mushroom we often cut into much smaller pieces to make it easier to eat. Scallion pancakes were too thick, and super salty. While this dish I might get again to see if it was just prepared too salty and saucy this time, it didn't impress like some of the appetizers.
- sides were supposed to be rice & peas (didn't see any on my side of the table?) and crispy okra was just old okra that had been sliced in half and fried up ; good for fiber, but not really enjoyable to eat.

Desserts:
- Bodega special included a cosmic brownie (fantastic, dark, thick, rich and heavy - beautifully done), and powered donut ice cream (so-so, not a lot of flavor after the other desserts), and a ""strawberry"" sorbet that was orange and tasted a lot like orange-mango.
- Harlem chocolate factory white chocolate cheesecake with the vanilla mouse, chocolate ganache covering it and brown butter graham crumble - people liked this, though I'm not a cheesecake fan, but still reasonably enjoyable for the ganache.

Service - they were pretty good service, if anything very frequent on checking with drink status and water refills.

Overall, reminded me of my college roommate's Jamaican cooking which was better, so while some good dishes, it's not a favorite in my book, yet.",True,2,0,1,Hank C.,en,"{'neg': 0.084, 'neu': 0.73, 'pos': 0.187, 'compound': 0.9987}",0.9987,0.187,0.084,0.73,positive
234,2023-12-04 01:37:50+00:00,2,"The menu selection was great. However, the food was not what I was expecting. I'm part Caribbean and was really looking forward to tasting a variety of the menu items . The services was great and the ambience was beautiful.",False,0,0,0,A c.,en,"{'neg': 0.0, 'neu': 0.738, 'pos': 0.262, 'compound': 0.9201}",0.9201,0.262,0.0,0.738,positive
233,2023-12-06 12:28:37+00:00,5,Fabulous. Just impossible to connect with anyone there. Reservations never exist. I've only been by walk in.,False,0,0,0,Mara M.,en,"{'neg': 0.0, 'neu': 0.825, 'pos': 0.175, 'compound': 0.5267}",0.5267,0.175,0.0,0.825,positive
232,2023-12-07 07:53:30+00:00,4,"What a delight! Ambience is perfect for a date night, service was top notch and every dish was delicious 

My only thing is that the portion is on the smaller side but definitely worth coming",False,2,0,2,Chris Y.,en,"{'neg': 0.0, 'neu': 0.622, 'pos': 0.378, 'compound': 0.937}",0.937,0.378,0.0,0.622,positive
231,2023-12-08 07:47:43+00:00,4,"The food overall was pretty good, but I will say it's tough to get more than one large item when most of the tables are for two people. You really can only try one or at most two if you don't get any small plates. 

The pastrami suya was tasty, but felt like it was too much meat between two people and it needed some acid or some other side to make it feel less monotonous.

Service was good, though we marked that we were celebrating a birthday and that wasn't even acknowledged (which is fine, but I feel like usually at nicer restaurants they'll at least say happy birthday)

The cheesecake was the real standout, 10/10. Not that cold, delicious caramel sauce, not too sweet!

We had originally wanted the bodega special for dessert, but they were already out by 8pm. This turned out to be great for us because we loved the cheesecake",True,1,0,1,Allison C.,en,"{'neg': 0.102, 'neu': 0.623, 'pos': 0.275, 'compound': 0.9901}",0.9901,0.275,0.102,0.623,positive
230,2023-12-08 16:39:59+00:00,4,"My friends and I were lucky enough to snag a prime reservation here for dinner. We were seated as soon as our entire party arrived. We did a round of drinks first. I went with a seasonal cocktail (i unfortunately forgot the name, but it was a honey/ginger drink with bourbon), which was very good. We were a group of 5, so our waitress recommended 5 from each section. While it seems like a lot, we did eat 95% of the items so it ended up being a great suggestion. We went with Egusi Dumplings, Curried Goat Patties, Hamachi Escovitch, Honeynut Piri Piri Salad, Black Bean Hummus, Fried Branzino, Braised Oxtails, Short Rib Pastrami, and Brown Stew Chicken. For dessert we ordered the Bodega Special and Cheesecake. Overall the food was very good. We had some definitely standouts (Goat Patties, Hummus, Oxtails), with some we would've passed on (Piri Piri Salad, Chicken). One additionally comment is that there aren't many options for non-meat eaters in the large plate section. They were out of the mushroom dish, so our pescatarian friend could only eat the Branzino. 

Ambiance is very fun. I loved the decor inside and the lively/upbeat vibes. Though it's bustling, we didn't feel it was too loud or difficult to hold a conversation. Our server was great as well. She made us some recommendations and checked-in on us throughout. We had great pacing and never felt rushed out. 

Overall, I definitely recommend coming in to TATIANA if you can get a reservation. My friends and I enjoyed our experience!",True,1,1,1,Marelle C.,en,"{'neg': 0.021, 'neu': 0.711, 'pos': 0.268, 'compound': 0.9979}",0.9979,0.268,0.021,0.711,positive
229,2023-12-16 14:25:15+00:00,3,"This restaurant is so hard to review. I'm really at a 3.5 here but I just don't have it in me to round up to 4, so 3 stars on Yelp it is. My friend and I did a walk-in on a warm Friday night in December. Got there at 4:45, waited in line, line moved relatively fast and by 5:15, had our name on the list and the hostess told us that we would be seated around 8/8:30. This was totally fine with us, and we killed some time walking around and grabbing drinks nearby.

We did indeed get seated at the bar at 8:30. Service at the bar was totally fine, nothing special but not terrible.  Now onto the food, which is full of extreme highs and lows and the result of my 3-star review:

1. Oxtail and Crab Rangoon: I am not a big crab Rangoon fan generally, but these were exceptionally good and one of the stars of the night. The sauce was delicious and the bites were cooked perfectly. Could taste the balance between the oxtail and crab. Great app.

2. Egusi Dumplings: literally hated these. They were bad. My friend and I couldn't even finish eating them because we just did not even want to consume them. The tomato sauce tasted like a can of stewed tomatoes. They are supposedly filled with crab but couldn't taste even a damn hint of it. Overall really horrible and I'm honestly offended these things are on the menu.

3. Oxtail Main: meat is cooked perfectly but no flavor. Not much more to say but just imagine a fall off the bone, perfectly cooked meat that needs salt and pepper at a minimum.

4. Branzino: this was delicious. Crispy and savory, and our favorite dish of the night.

5. Truffle Chopped Cheese: an off menu item. Really delicious chopped cheese with the perfect balance of truffle (I'm not a huge truffle fan, but they got it right). Overall very tasty but it would be extremely hard to mess up a cheesesteak truffle sandwich, so I'm not gonna give them a ton of credit here.  This kind of item is a lob.

6. Spicy margs. Excellent! That's all I have to say.

As a final note, the food comes out very haphazardly. One minute we only had the Rangoons and then sat for 15 minutes without anything. Next thing you know, we have the oxtails, branzino and the dumplings all crowded on top of each other. I know that the kitchen sends out plates as they're ready, but this seems like an excuse to avoid any kind of timing or planning for the patron's dining experience. If you're the best restaurant in NYC, gotta do better.",False,0,0,0,Katie V.,en,"{'neg': 0.126, 'neu': 0.634, 'pos': 0.24, 'compound': 0.9978}",0.9978,0.24,0.126,0.634,positive
228,2023-12-16 17:47:04+00:00,4,"Was lucky to get a reservation here for an early evening weekday dinner!

My party was seated immediately, and the server recommended ordering 3 small plates and 1 large or 2 small plates and 2 large depending on which larges you order. My party (of 2) opted for 3 small plates and a large. The large (braised oxtails) was not too large, so my party could have easily gotten another large or at least another small. 

They also brought out some hot chili sauce that was VERY spicy. Only a very small amount is necessary per bite. 

Here is the ranking of the dishes I ordered:

1. Curried Goat Patties - only slightly goaty! These held up very well (no one likes an empanada that falls apart from being soggy), and the sauces were a great addition. 

2. Egusi Dumplings - had a very warm flavor, probably from all the delicious oil at the bottom. My only wish is that each dumpling had an equal amount of crispy to them from being pan fried (the top dumpling has a large crispy portion, the one at the bottom had significantly less). 

3. Crispy Okra - subtle hint of spicy, but otherwise really solid crispy vegetable with seasoning. Nothing fancy here. 

4. Bodega Special - this is the dessert I ordered because of the presentation. The cosmic brownie was a blast from the past! I was pleasantly surprised that the ice cream was formed into three small donuts (different from the presentation I've seen in pictures). Nothing special flavor wise but hit the sweet craving. 

5. Braised Oxtail - exactly what I would expect for oxtail, nothing special. Meat came off the bone pretty easily. 

Overall, a solid meal but nothing that would make me crave it again and again (especially with how hard it is to get a reservation).",True,0,0,0,Holly H.,en,"{'neg': 0.087, 'neu': 0.716, 'pos': 0.197, 'compound': 0.985}",0.985,0.197,0.087,0.716,positive
227,2023-12-16 18:41:10+00:00,5,"Just an absolute pleasure from start to finish. Ambience is fun, our server was extremely friendly and helpful in navigating the menu, in house sommelier helped pair each dish and each plate/drink was top notch. The ""adult Jell-O shots"" are fun and flavorful, the dumplings were perfectly crispy on the outside with great flavor, the curried goat patties are phenomenal, the short rib pastrami suya is such a delicious/fun dish, and the fried branzino is an absolute masterpiece. No clue how it can be deboned so well, fried to perfection and still maintain so much flavor and meatiness. A shocking star is their house made habenero sauce. Oh my god the chef needs to bottle and sell that asap. Completely worth the hype,",True,1,0,1,Chris B.,en,"{'neg': 0.038, 'neu': 0.636, 'pos': 0.326, 'compound': 0.9938}",0.9938,0.326,0.038,0.636,positive
226,2023-12-27 13:05:26+00:00,5,"I have admired Chef Kwame's culinary genius since his top chef days! This place was worth the wait ( I didn't have a reservation) and it's convenient that there's a bar right outside and stores nearby. Going shopping helped pass the time. The goat empanadas were  beautiful ambience, nicely curated playlist, and great service. I can't wait to go back!",False,0,0,2,Jasmine A.,en,"{'neg': 0.095, 'neu': 0.645, 'pos': 0.259, 'compound': 0.893}",0.893,0.259,0.095,0.645,positive
225,2023-12-28 00:15:11+00:00,2,"Not for us. Snooty and silly. 

Emperor's new clothes.

But i guess the location is convenient.",False,0,1,0,Arielle C.,en,"{'neg': 0.0, 'neu': 0.93, 'pos': 0.07, 'compound': 0.0129}",0.0129,0.07,0.0,0.93,neutral
224,2023-12-28 19:08:39+00:00,5,"Amazing amazing amazing. Okay I went here all the way back in July and am just catching up with yelp reviews. But I can't wait to go back. Food, service all great and the atmosphere was fun too. Definitely a good spot for a birthday dinner or a group, or a super fun date. 

So hard to get a reservation. We didn't have one. Not sure if this is still the case now, but I recommend showing up at 4.30pm and waiting in line as they have some tables and seats at the bar available. About 6 people, including the two of us, got seated at 5pm, and then after that it was a 45 minute wait. 

This place is on a lot of best restaurants lists and it's well deserved. Exactly what you want dining out to be- good food, good atmosphere, relaxing and non pretentious. Good times.",False,0,0,0,Louise B.,en,"{'neg': 0.068, 'neu': 0.577, 'pos': 0.355, 'compound': 0.9958}",0.9958,0.355,0.068,0.577,positive
223,2023-12-31 04:32:40+00:00,4,"I'm grateful to live to see a black owned restaurant in the heart of #LincolnCenter.  The hiphop music playing, the decor, the vibe and of course the food all tell the story of Chef Kwame's life in New York City. 

This place is so hard to get a reservation to, it took weeks! But we finally got one (via Resy) and I'm happy to have experienced dinner here. 

I will say I wish the oxtail portion was bigger especially if it's a shareable dish and I was totally expecting jollof on the menu but we had was perfectly delicious. The sauce on the oxtail was a tiny bit sweet but because I was so full I took mine home and reheated it, it wasn't as sweet and I can honestly say I'd eat more right now if I had it. 

Finding the location is a bit tricky once you get to Lincoln Center, there's 2 entrances outside and inside of the center but it's really not far for the subway (parking is brutal in this area so your best bet is to take public transportation). 

Price wise, a meal for 2 people incl cocktails could run you a pretty penny so this is a place to splurge. 

The wait staff was a blast, our waitress was super helpful with suggestions and seemed so happy to work there. 

I tried several of the cocktails and the nutcracker was my favorite. 

I'll definitely be back when I am able to snag another reservation. 

Full list of what we ate: 

CORNBREAD & COD
Smoked Jerk Cod, Buttermilk Soubise, Fennel

BRAISED OXTAILS
Rice & Peas, Thumbelina Carrot, Chayote Squash

EGUSI DUMPLINGS
Jonah Crab, Nigerian Red Stew, Pickled Pearl Onion

CURRIED GOAT PATTIES
Green Seasoning Aioli, Mango Chutney",True,3,2,4,Tameeka B.,en,"{'neg': 0.1, 'neu': 0.683, 'pos': 0.218, 'compound': 0.9937}",0.9937,0.218,0.1,0.683,positive
222,2024-01-02 03:19:46+00:00,3,"After much waiting to get a reservation, my Partner and I were thrilled to experience Tatiana. We mainly enjoyed the appetizers (Black Bean Hummus and Crab Rangoon). However, to our surprise, when we asked for extra Pita bread, we were charged $12 extra on a $18 dish. I don't mind paying for great food, but the lack of price transparency was a major red flag. We also had the Pastrami, which was extremely salty. The tables were close together and wobbled and the vibe was chill, but Tatiana was neither the luxurious experience we waited for and certainly was overpriced.",False,1,0,1,Anna M.,en,"{'neg': 0.189, 'neu': 0.716, 'pos': 0.095, 'compound': -0.945}",-0.945,0.095,0.189,0.716,negative
221,2024-01-02 19:39:53+00:00,5,"Finally made to this restaurant..... as a walk-in! Showed up at 4:30pm with only 6 people in front of the line. We were checked in around 5:15 with an additional 20 mins wait to be seated. They have a bar next door where you can order a drink and take it with you once your table (bar seat) is ready. This is what I ordered:

Apps/entree: Try the hot sauce! 

1. Egusi Dumplings- delicious but I would skip it 
2. Curried Goat Patties - very very good! 
3. Oxtail & Crab Rangoon - a must! 
4. Seafood Boil for two - to die for! Very big dish. 3 people can eat from it. The shrimp were gigantic and delicious as well as the scallops. As for the sauce, if I can use it as a face mask, I would do a mask 10x a day and lick it off my face! Lol. 

Drinks: all solid and beautifully made 
Espresso Coquito - OMG ..... can this be my morning drink? 
Nutcracker 
Honeymoon 

Good luck getting a reservation (pretty much impossible) but have hope..... go early and do the line!!! It's worth it!",False,0,0,0,Karina S.,en,"{'neg': 0.041, 'neu': 0.746, 'pos': 0.213, 'compound': 0.9908}",0.9908,0.213,0.041,0.746,positive
220,2024-01-03 00:54:13+00:00,5,"Food 10/10 Service 10/10 Vibes 10/10 Cocktails 10/10- not one complaint! Perfect from start to finish! Kelly, Monica, KWAME   !!! 10/10!!! Highly recommend, pricey but the portions and quality call for the $$$$!",False,0,0,0,Arjay S.,en,"{'neg': 0.152, 'neu': 0.76, 'pos': 0.088, 'compound': -0.537}",-0.537,0.088,0.152,0.76,negative
219,2024-01-03 04:14:26+00:00,1,"The food is decent but the service is really really really bad. The hostess wouldn't seat me without my friend, which happens, but also doesn't allow you to wait at the bar. She later came by to say that I could order a drink ($30) and wait in the hallway. They don't change out your cutlery between $40+ entrees. They don't take your coats. The bus boy started folding napkins at the empty table next to us and someone else was publically stuffing menus on our way out the door. The ""specials"" she listed were printed on the menu, which surprised her, and me since they're pictured in the NYT. The ambiance is fine. It's very purple with 2018 light fixtures and not the kind of place I imagine Tchaikovsky playing directly above. I wanted to like this but I'll stick to the Lincoln.  This was essentially fancy bodega food with service worse than a bodega.",False,0,0,0,Nicholas D.,en,"{'neg': 0.209, 'neu': 0.749, 'pos': 0.042, 'compound': -0.9893}",-0.9893,0.042,0.209,0.749,negative
218,2024-01-06 01:43:26+00:00,3,"Is this place inventive? Yes. Is it a one-of-a-kind restaurant? Yes. Is the food any good? ...meh. I feel like this place tries hard to be contemporary and unique that it forgot somewhere in the process that the food had to taste good as well. I consider myself an adventurous eater, but artistic qualities of a dish should be the sidekick, not the main character. 

We started out with the crispy okra, crab dumplings, and the goat patties. The crispy okra was so sweet, it was a borderline dessert. The crab dumpling might as well have been filled with mashed potatoes, because you couldn't taste anything resembling seafood in there. The goat patty was the best of the three small plates we had, but it was marginally better than a street empanada, and four times the price. 

Now to the ""star"" of the show, the wagyu short rib pastrami. While I give kudos to this restaurant for making something you don't typically find on a menu, this dish really missed for me. I feel like one has to try really hard to make something with the words ""wagyu"" and ""short rib"" in it taste dry, but unfortunately that's the case here. The curing the beef into pastrami was an interesting take, but not if it meant sucking out every bit of moisture from what was otherwise a juicy, succulent piece of short rib. Pairing the meat with the bread they provided just exacerbated the dryness.

I was really looking forward to this meal given all the accolades, but sadly left underwhelmed. Maybe it's my palate, but I felt like they prioritized giving us an interesting meal, but at the expense of a tasty one.",False,1,0,0,Barnett W.,en,"{'neg': 0.09, 'neu': 0.665, 'pos': 0.245, 'compound': 0.9957}",0.9957,0.245,0.09,0.665,positive
217,2024-01-08 17:10:25+00:00,4,"Tati Tati Tati...  
So glad I could patronize and support this BOB in Lincoln Center ! I've attended many shows since a young child in Lincoln Center, yet would not ever have thought that I'd get to eat from a Black owned business right here in the yard ! 

Let's get into the drinks- I got a LI Iced Tea. It was charged as a grey goose drink + extra. 
It was okay, def wasn't a LIT tea. 
I'd give it a 6.5/10 

I know because that's my drink!  

The food menu was a bit ehhh misleading. 
On the website it lists a ""Chopped cheese"" as a small plate. On the restaurant's menu, it wasn't listed at all. 
That could've been an indicator of something, yet I persisted. 

I love to review based on at least an appetizer and an entree so I proceeded to get the chopped cheese along with my meal. 
When I got the bill, the chopped cheese was almost $50. Quality item and amazingly delicious! 
However, I don't believe that it's a small plate. It's more of an entree.
Perhaps that's why it wasn't on the ""in restaurant menu,"" 
I don't know. Either way based on the website, vs reality, the portion was a bit deceiving. 
9/10 
(only looses 1 point bc it's not an appetizer as projected on the menu)

Let's get into the pastrami.... LORD HAVE MERCY that pastrami was EVERYTHING and more ! It was tender and tasty! A completely delicious mouthful   
9/10 

The decor was dimly lit and seating at the bar is for about 6 people so don't get too excited about being seated there. It could take HOURS! 

Overall, I will return and look forward to trying even more dishes! 
May this establishment stand ! 
Hoping nothing but the best for them!!! 

Overall I'd give them a 9/10 for their amazing food!",True,0,0,0,Naomi C.,en,"{'neg': 0.061, 'neu': 0.834, 'pos': 0.105, 'compound': 0.9492}",0.9492,0.105,0.061,0.834,positive
216,2024-01-14 04:04:19+00:00,4,"I really really wanted to love my experience here given the hype and it was overall good but not amazing. The ambience and environment are fairly average, it felt like I was in a hotel restaurant and surrounded by a ton of people. The wait staff was subpar and didn't seem interested in anything to do with us (except for the guy filling our water, shout out to him). We got the goat pastries which were amazing as everyone says. The rest of the meal was good, enjoyed our choices. The pastrami was a must (best pastrami I've ever had) and the oxtails were great. The dishware, which usually doesn't bother me, was confusing. The oxtails were served in something straight off the stove. For the price point, worth a try but not worth a repeat.",True,0,0,0,Andrew K.,en,"{'neg': 0.132, 'neu': 0.679, 'pos': 0.189, 'compound': 0.8143}",0.8143,0.189,0.132,0.679,positive
215,2024-01-16 01:49:43+00:00,4,"My sister said, ""at least the music was good and the bathrooms were clean"". 
I would not tell someone not to eat here, and would probably return with a friend if they so desired, but other than that I'm good on my one time, and am grateful for the experience.
It was just iight and appreciate what the brother is trying to do, but I guess when you're familiar with the cuisine it left desiring more. 
Yes, fine dining is an holistic experience and large portions are not to be expected but the food looked lonely on the plates. Literally three oxtails...  Goat meat patties were good but salty inconsistent chunks of salt. We had a few other things, but nothing that left me going dang I need more of this.
Service was alright. Waiter was patient. 
Reservation process whack.
Also a Caribbean Africa spot and no fried plantain aka dodo?!",False,0,0,0,Honey B.,en,"{'neg': 0.098, 'neu': 0.744, 'pos': 0.158, 'compound': 0.8169}",0.8169,0.158,0.098,0.744,positive
214,2024-01-19 03:12:24+00:00,5,"What can you expect from a restaurant everyone is talking about? It will either live up to its reputation or it is totally hyped up. Well we wanted to find out for ourselves and the verdict is in... IT IS AMAZING! No joke. Honestly. If you are able to get a reservation or can endure long line of walk-ins outside the building, I encourage you to do so. From the moment you walk in you are greeted by smiling faces. The ambiance was a perfect blend of warmth and sophistication. They definitely know how to make you feel special. We were there celebrating our 20th wedding anniversary with 2 other couples. As soon as we mentioned that, we were offered glass of delicious champagne on the house. We have decided to taste every single appetizer on the menu and let me tell you it was difficult to pick a clear winner. The most surprising was their black bean hummus, which we ordered 2 more off. Every bite was a symphony of flavors complementing each other. So light, refreshing and culinary delight. With that we enjoyed some of their finally crafted cocktails and wine. For our main course we chose Take out Mushrooms, Braised Oxtail, Short Rib Pastrami and Pork Belly Pernil. All these delectable array of dishes showcase the chef's skills and creativity. We ended our dinner on a sweet note with coffee, rum cake, brownie and cheesecake. We can not thank enough Craig, the restaurant's manager and our waiter Neo J who made this dining experience memorable and one that surpassed our expectations. Job well done! Can't wait to be back for more",False,0,0,0,Aggie P.,en,"{'neg': 0.054, 'neu': 0.71, 'pos': 0.236, 'compound': 0.9956}",0.9956,0.236,0.054,0.71,positive
213,2024-01-21 04:25:38+00:00,5,Food was very enjoyable. Everything was full of flavor and well seasoned. The service was good but not exceptional. Ambiance was on point. Given all I would definitely return and look forward to doing so.,False,0,0,0,Monica M.,en,"{'neg': 0.0, 'neu': 0.766, 'pos': 0.234, 'compound': 0.799}",0.799,0.234,0.0,0.766,positive
212,2024-01-23 23:46:18+00:00,5,"A friend recommended that I visit this restaurant during my work trip as there is a considerable amount of buzz around it.

I decided to walk in without a reservation and was put on the waitlist. This visit was well worth the hour-long wait. 

I was offered a seat at the lovely bar, and the waiter immediately offered me water and walked me through the interesting menu. To get a feel for the overall menu, I opted for three appetizers-- the Crispy Okra, Curried Goat Patties, and Oxtail & Crab Rangoon. All were delicious, but the Curried Goat Patties, with their well-balanced mango chutney, were my favorite. 

I ordered the Suntori Time cocktail, which was also delightful. 

This restaurant has a sophisticated vibe without seeming pretentious. It's very clear that every aspect of this restaurant was well thought. From customer service, aesthetics, and of course to food and beverage-- this experience was seamless. Definitely recommend this restaurant.",False,0,0,0,Blondy P.,en,"{'neg': 0.012, 'neu': 0.71, 'pos': 0.278, 'compound': 0.9931}",0.9931,0.278,0.012,0.71,positive
211,2024-01-30 01:05:21+00:00,4,"4 - Met Expectations
This place did not blow me away, but for the price the quality of the food and service was what I expected. One very cool thing they did was hand out cups of tea to the people waiting in the walk-in line. The curry patties were fine for the small share, would try something different next time. The braised oxtail and rice were good. The bodega dessert was very cool and unique! Would recommend that. I encourage you to read the back-story about this place so that you can appreciate the thought behind the decor, music, and of course the dishes.",False,0,0,0,Stace K.,en,"{'neg': 0.073, 'neu': 0.701, 'pos': 0.226, 'compound': 0.9627}",0.9627,0.226,0.073,0.701,positive
210,2024-01-30 12:54:39+00:00,5,"My date and I made it our mission to secure a reservation at Tatiana by Kwame Onwuachi. It was challenging for us, but well worth it. Plus, it was a great team building exercise. 

Tip #1: reservations open each day at noon, with only a 28 day window. This is a great option if you have patience. 
Tip #2: booking is through Resy, which is owned by American Express. While the tables are not held specifically for AE clients, concierge can place you on a priority waiting list. 
Tip #3: the entrance is quite discreet. Ask one of the guards to point you in the right direction. 

The venue is dark, yet vibrant. The music creates a relaxed atmosphere. My date and I were seated promptly for our reservation. 

We started with the oxtails. For our entrees, we shared the chicken and oxtails. Our cocktails were expertly created. I ended with the Harlem Chocolate Factory White Chocolate Cheesecake. 

Now. I was admittedly nervous about my dining experience as someone with a severe allergy to onion. Afro-Carribean cuisine typically incorporates onions. I preemptively took medicine to coat my stomach and was just fine. The food was absolutely delicious. The phrase ""falling off the bone"" applies to every entree we tried. My date and I were drizzling the stew over the rice which was a delectable combination. I had difficulty sharing the cheesecake! It was divine. 

Overall, we immensely enjoyed our dining experience and would love to return!",True,2,0,1,Nikki S.,en,"{'neg': 0.063, 'neu': 0.689, 'pos': 0.248, 'compound': 0.9963}",0.9963,0.248,0.063,0.689,positive
209,2024-01-31 22:31:04+00:00,5,"Food 4/5 | Service 5/5 Ambiance 5/5

I loved every minute at Tatiana. We were able to score reservations for 5:30pm and it was generally packed for dinner time. Despite that, our waitress was so attentive and sweet. We were seated right away and the waitress brought us a free glass of champagne for our anniversary. That gesture alone was so a sweet surprise! I couldn't believe they did that! The food was amazing! Didn't even get a picture of the goat patties but those were so delicious and rich and they go so well with the small hot sauce they served you for the dishes. And Wow it's super spicy! You need only a bit of it as it has Scotch bonnets  
The hamachi was a refreshing and cut the richness of the other foods like the Egusi dumplings which were very good but I could've went without ordering. The chopped cheese was perfect and the buns were soft and pillowy and had perfect amount of truffle. My favorite dish and crowd favorite was the pastrami suya. There was sooo much meat and the bread paired with it was so buttery and perfect! I would so go back to Tatiana but I would recommend for an anniversary or birthday",False,0,0,0,Carmen V.,en,"{'neg': 0.041, 'neu': 0.632, 'pos': 0.327, 'compound': 0.998}",0.998,0.327,0.041,0.632,positive
208,2024-02-01 11:05:05+00:00,1,"let's start with the 7:30pm reservation - didn't get seated till 8:15pm - no problem
waiter was great 
Curried goat patties are trash - golden Crust makes a better goat patty -seriously it's bland not even worth the $8 per
 the sample rice they offer with the large share oxtail is laughable 
Only thing i enjoyed was the OXTAIL & CRAB RANGOON
the restaurant is more worried about getting ppl in and out the seat under a hr they wouldn't  even allow Togo orders from The small share ( appetizers ) you can't even wait by the bar for it - once you order don't even think about ordering again - I honestly don't see my self going back - actually had to take my date to another place being that we were still hungry 

Place looks good great area",False,0,0,0,Countyking M.,en,"{'neg': 0.132, 'neu': 0.687, 'pos': 0.181, 'compound': 0.8249}",0.8249,0.181,0.132,0.687,positive
207,2024-02-05 00:34:45+00:00,4,"We got the fried okra and the pastrami. The okra I thought was just ok--it came with a sauce that I thought over powered the vegetable. The sauce was good, don't get me wrong, just thought the sauce was the star and not the okra. The sauce was also RIGHT on the cusp of being to salty. NOW...let's talk about this pastrami....10/10. It was perfectly salty; the cabbage was slightly sweet and tangy; and the rolls were soft and buttery. I loved it so much. Drinks, service, and ambiance were also good. The music was a vibe, but also not too loud. I would definitely return!",False,0,0,0,Janisha P.,en,"{'neg': 0.053, 'neu': 0.802, 'pos': 0.145, 'compound': 0.8137}",0.8137,0.145,0.053,0.802,positive
206,2024-02-08 03:43:46+00:00,5,"Curried goat patties: A+
Egusi dumplings: A-
Hamachi escovitch: A
Oxtail & crab rangoon: A
Braised oxtails: B
Short rib pastrami: A+
Jello shots: B+
Bodega special (cosmic brownie & powdered sugar donut ice cream): A
Rum cake: A

Shoutout to that crazy cold snap that hit NYC a couple weeks ago and made someone cancel their res last minute! Without it, I would still be on Resy every day trying to crack the code on getting in. 

The empanada-esque goat patties and short rib pastrami were PHENOMENAL. Once you have them, it's clear why Tatiana topped the NYT's restaurant list. 

I really enjoyed the hamachi -- it was really fresh and the sauce it came with was nice, I would order it again but my tablemates weren't as wild about it (namely, it felt like a dish we could get anywhere). The oxtail & crab rangoon was also great -- generously filled, flavorful, and not too salty (which happens too often with oxtail imo).  I can't remember specifics with the egusi dumplings but recall liking it. The braised oxtails were okay -- yes they were fairly tender but we were underwhelmed. Although this is one of their most popular and highly recommended dishes, it was the lowlight of the meal. 

The bodega special and rum cake were fantastic. The powdered sugar donut ice cream actually looks like little donuts which is a fun little touch! The rich chocolate brownie mixed with the ice cream was lovely. The rum cake was moist and the sweet cream added the perfect amount of sweet to it.

Their cocktails are really good, and STRONG! The pog nutcracker was the table favorite, and I even liked their negroni even though I am not a negroni person. The jello shots are so cool and pretty and tasty but expensiveee and will be a one time thing.

The vibes/decor are trendy, and even with the low sorta moody lighting the place feels upbeat. The service was also top notch! 

As much as I loved it (I'm still salivating over those goat patties and the short rib pastrami), it will be awhile before I can afford to go back. The bill for the three of us came out to over $500.",False,1,1,0,Cassera C.,en,"{'neg': 0.059, 'neu': 0.649, 'pos': 0.291, 'compound': 0.999}",0.999,0.291,0.059,0.649,positive
205,2024-02-09 16:11:53+00:00,5,"Incredible experience. Believe all of the hype!! Located in Lincoln Center, Tatiana has something for everyone, with incredibly unique and delicious dishes. The stand out for me was the short rib large plate, and the hamachi appetizer. The inside has a cool and fun vibe, and our waitress was extremely knowledgeable. If you can get a reservation, run don't walk to Tatiana!",False,0,0,0,Rijoota G.,en,"{'neg': 0.0, 'neu': 0.806, 'pos': 0.194, 'compound': 0.9407}",0.9407,0.194,0.0,0.806,positive
204,2024-02-12 15:39:57+00:00,4,"The food honestly was excellent, everything we ordered was 10/10. The only thing that ruined our experience was the wait time and not realizing who our actual server was until over an hour into our dinner. It took us over an hour to get 1 drink and 1 appetizer. The whole meal ( 1 drink each, 2 apps, 2 entrées, 1 dessert)  took over 2.5 hours from start to finish. They also served me my entree before my partners and i ended up having to wait about 6-7 minutes until their dish came out so the food was not hot when i finally got to try it.",False,0,0,0,Simally S.,en,"{'neg': 0.09, 'neu': 0.849, 'pos': 0.061, 'compound': -0.4939}",-0.4939,0.061,0.09,0.849,negative
203,2024-02-13 21:45:29+00:00,4,"The food was delicious and came quickly. (For fine dining, I don't believe the food should come so quickly, but the taste didn't suffer.)

The service was very good. The waitress was attentive and had good recommendations.

I'm giving this place 4 stars because the ambiance is lacking. I think the owner sacrificed a lot of the restaurant's personality by being in Lincoln Center. (The main seating area is in a medium sized room that kind of resembles a restaurant in a museum.) I think he would do well to leave Lincoln Center for a larger space that could show more of his personality (where he could create a VIBE). I think ambiance is so important when a restaurant comes with this hype and price tag, and it was a bit underwhelming.",False,1,0,1,Elaina J.,en,"{'neg': 0.069, 'neu': 0.726, 'pos': 0.205, 'compound': 0.9688}",0.9688,0.205,0.069,0.726,positive
202,2024-02-14 04:33:48+00:00,5,"Food was amazing. Servers were consistently present & knowledgeable of the menu. The vibe was classy, sexy, & warm.",False,0,0,0,Steven A C.,en,"{'neg': 0.0, 'neu': 0.52, 'pos': 0.48, 'compound': 0.9001}",0.9001,0.48,0.0,0.52,positive
201,2024-02-16 02:33:35+00:00,5,"Absolutely amazing Caribbean food with great service. Manhattan lacks Caribbean spots, but this place is exceptional with its fish, oxtail, and other meat options. The cocktails were also great. The trick to getting a seat is to arrive early if you haven't made a reservation.",True,0,0,0,Clement K.,en,"{'neg': 0.025, 'neu': 0.764, 'pos': 0.211, 'compound': 0.8872}",0.8872,0.211,0.025,0.764,positive
200,2024-02-16 06:23:45+00:00,5,"My tastebuds were on another level during this dinner. I was surprised how each dish was executed so well. From the texture to the flavors, I still think about this dinner. I don't think I've ever had okra done better. The startes were so delicious and the hot sauce, I wish was on my kitchen counter. The desert took me to a very special childhood moment on steroids. The decor is stunning, with beautiful gold chains that reflect the perfect hue. Chef Kwame was in the kitchen, to our surprise, he stopped by and spoke with us for a hot minute. The fact he took that small time out of his evening to talk with us made this dinner that much more special. What a Chef.",True,0,0,0,Trevor K.,en,"{'neg': 0.04, 'neu': 0.71, 'pos': 0.25, 'compound': 0.9855}",0.9855,0.25,0.04,0.71,positive
199,2024-02-18 04:26:08+00:00,5,The food is TOP TIER! Service was undeniably great. The server was very attentive to all of our needs and the ambiance of the restaurant was very welcoming. 100/10! A must try. I cannot wait to be back.,False,0,0,0,Brandon S.,en,"{'neg': 0.0, 'neu': 0.61, 'pos': 0.39, 'compound': 0.9673}",0.9673,0.39,0.0,0.61,positive
198,2024-02-19 13:05:36+00:00,1,"I set up a notification in resy but woke up this morning only to have to pay $$$ to cancel a reservation I never made
Very upset 
Be very careful when setting up notifications with this establishment you might end up with a 5:30 reservation that you have to pay $50 to cancel

Be warned",False,0,0,0,Ben C.,en,"{'neg': 0.183, 'neu': 0.725, 'pos': 0.092, 'compound': -0.5282}",-0.5282,0.092,0.183,0.725,negative
197,2024-02-20 03:40:10+00:00,5,It was every thing they said it would be. The staff is more than attentive. I burned my toughest k. The goat Patties i just could stop my self. But please do not sleep on the peri peri salad the flavors are phenomenal. I dined solo so i went with the pork and how they get that thing so crispy is beyond me. But dam it's good. And I'm still dreaming about dessert.,False,0,0,0,Sherona G.,en,"{'neg': 0.033, 'neu': 0.762, 'pos': 0.205, 'compound': 0.9529}",0.9529,0.205,0.033,0.762,positive
196,2024-02-21 05:49:51+00:00,5,"This restaurants deserves all the love it's been getting! Me and my family had one of the best meals/experiences we ever had in New York. The customer services, vibe, & food were all outstanding. We ordered almost the whole menu and they did not disappoint on anything we ordered. The only  bad thing I can say is the short rib was very small for $85 but it tasted amazing. The Ox Tails were amazing they were different from any others I've tasted. The flavors were immaculate sweet & savory with a sticky texture my favorite dish for sure. Wash all it down with one of their cocktails from the bar and you are ready to go. That being said I know this place is very hard to get into but you have to find away to book.",True,0,0,0,Tanzel S.,en,"{'neg': 0.046, 'neu': 0.707, 'pos': 0.247, 'compound': 0.9887}",0.9887,0.247,0.046,0.707,positive
195,2024-02-23 17:49:38+00:00,5,"That curry goat patties were to die for. And I don't say that lightly. Everything was good but that stood, jumped and flipped out. I was also a fan of the egusi dumplings. You walk in and the light is just low enough to be sexy yet still be able to see. I liked the ambiance of the place, our server was super knowledgeable about the menu and says the owner lets them try it first to be able to speak on what to recommend which I love and think is so smart. The short rib was excellent, no notes with the bun. The okra was good I'm not used to okra not in a stew or slimy which I like so this was an experience. What is underrated imo is the mushroom entree. That was a journey and I loved the scallion pancake it came with. That paired better with the short rib than the brioche bun imo. Dessert was great, we got the golden rum cake  but I'm not a sweet focused person. Worth the hype off the aforementioned dishes.",False,0,0,0,Esther L.,en,"{'neg': 0.095, 'neu': 0.641, 'pos': 0.264, 'compound': 0.9925}",0.9925,0.264,0.095,0.641,positive
194,2024-02-25 05:18:15+00:00,4,"After several failed attempts at securing a reservation, I was forced to use a third-party service to pay for a reservation. Occasion: birthday. 

Food: The waitress gave my partner and I a complimentary glass of white wine to start our meal. After that, we were given the menu. I ordered the short rib pastrami suya, and my partner ordered the fried branzino. We were told that the dishes would come out individually so we had the fish first. 
Portions are intended to be shared. As a non-fish eater, I can say this was probably the best fish meal I've ever had, and the rice was an excellent pairing.

Tatiana's is apparently hailed for their short rib pastrami, but I felt the entire meal was a tad underwhelming. It was essentially a sandwich you had to create, and the flavors didn't come all the way through the way.

Ambiance: I expected the ambience was favorable, with popular hip-hop music as the backdrop to the evening. 

Pricing: This is definitely not a cheap date so definitely bring your wallet. We opted to not have dessert. 

Other notes: I'll say the bathroom was incredibly dark, and I almost thought the lights were out but I did capture a great selfie in there, so I guess it worked out fine.

Overall, this is a high end take on African and Caribbean taste, which is something you rarely see executed on this level, and for that, I have to tip my hat. Being someone of Caribbean descent, it felt great to see the praise Tatiana's has received globally.

My experience was positive, but after waiting several weeks to try to secure a free reservation, and ultimately having to pay for one, I can't say in good faith that I would be making a return trip anytime soon (if I was even able to get through to making the reservation for free this time around).",False,0,0,0,Godson N.,en,"{'neg': 0.082, 'neu': 0.736, 'pos': 0.183, 'compound': 0.9896}",0.9896,0.183,0.082,0.736,positive
193,2024-02-25 05:52:12+00:00,3,"In my opinion the restaurant is severely overrated. Nothing to talk about . The chicken was OK , but the side dish for chicken terrible , tasteless and super spicy . All four our  appetisers were below mediocre level . Mango sherbet was tasty, but well  overpriced for the size of portion. Service was OK , at least attentive. Sorry !",False,1,0,0,Yury K.,en,"{'neg': 0.399, 'neu': 0.386, 'pos': 0.216, 'compound': -0.9659}",-0.9659,0.216,0.399,0.386,negative
192,2024-02-25 17:31:07+00:00,5,"Worth the hype, worth the price and worth the wait!!!!

The food was amazing, so few fine dining spots in NYC serve food outside of the normal French, American + Japanese bubble. Not to mention the fact that every single dish was a fusion of cultures, and so well thought out. 

The oxtail, the empanadas, the pork belly, and short rib were all delicious. The Jell-O shots were so fun, never seen that before. The coquito was also delicious. 

Music had me dancing in my chair all night. And the service!!! Super attentive all night, from the minute we walked in to the second we left. 10/10 experience.",True,2,1,2,Kristie P.,en,"{'neg': 0.024, 'neu': 0.686, 'pos': 0.29, 'compound': 0.9905}",0.9905,0.29,0.024,0.686,positive
191,2024-02-29 22:41:50+00:00,4,"Tatiana is celebrity chef Kwame Onwuachi's ode to his Afro-Caribbean roots given the fine dining treatment, which is the first I've experienced with this cuisine. Hopefully this changes over time and there's a range of experiences one can have eating this food. Tucked into the palatial Lincoln Center, the beautiful space had a city vibrancy to it-- a hip hop and r&b playlist, mood lighting, an excited crowd. 

Checking out the menu, Kwame loops in tastes from his upbringing, from African (the crispy okra and egusi dumplings for example), to Caribbean (like with the goat curry empanadas and braised oxtail), to NYC by way of his famous chopped cheese small plate and a dessert called the ""bodega special"" consisting of a powdered donut and cosmic brownie. Nostalgic for those of us who grew up going to bodegas. 

The popular ""takeout mushrooms"" that many effusive reviewers convinced me to order as well as the chicken were not my favorite and the small plates were in tiny portions (though the egusi dumplings were very tasty), but the entrees are larger. 

Near our table Chef himself was there, flirtatiously engaged in conversation with a couple of ladies for what seemed like the entire duration of my meal. Overall the menu is not so vegetarian friendly FYI, and it's definitely a splurge night out. But the global mash up of flavors and fun ambience as well as their delicious cocktails make it worth a visit.",True,6,1,10,Morlene C.,en,"{'neg': 0.083, 'neu': 0.741, 'pos': 0.176, 'compound': 0.9814}",0.9814,0.176,0.083,0.741,positive
190,2024-03-02 19:58:43+00:00,5,"What else can I say that hasn't already been said about the culinary triumph that is Tatiana? As many reviewers mentioned, getting in line by 4:15 before the restaurant opens is the easiest way to get a table. I came here on a Wednesday and there were already a few people ahead of me at that time. At 5 pm sharp, the doors opened. Once the 5 pm reservations were seated, the hostess began to take the few parties in front of me. After a short wait at check in, I was seated at a table by 5:30. 

Walking into Tatiana, you just feel it's going to be a good time. The décor is hip and trendy, the music is fun and upbeat without being too distracting. Our server was an absolute gem. She went over the menu with us, pointed out some of her favorites and recommended dishes be shared family style. Upon reviewing the menu I was disappointed to see some of the standout dishes were no longer available, specifically the short rib pastrami suya, which was very much the reason I was there. We started with the hamachi, curried goat patties and crispy okra. The hamachi was fresh and soft, paired with a vibrant green sauce. The curried goat patties were perfectly crisp, and the curried goat was some of the best I've had in my life. The crispy okra was impeccably seasoned and seared. For mains, we ordered braised oxtails and mom dukes shrimp. The oxtails were incredible and the mom dukes shrimp were enormous, paired perfectly with dense buttery Texas toast. My only regret is not having enough room for dessert. I will be back!",True,0,0,0,Danielle P.,en,"{'neg': 0.062, 'neu': 0.774, 'pos': 0.164, 'compound': 0.9824}",0.9824,0.164,0.062,0.774,positive
189,2024-03-03 02:55:23+00:00,5,"Hands down my favorite restaurant in NYC. It's a mix of Afro-Caribbean cuisine that is both welcoming to those who know it well and inviting to those who don't. My recommendations are the hamachi escovitch, the egusi dumplings, the oxtail and crab rangoons, and the fried branzino. If you're on the fence about dessert, I'd skip it and opt for another cocktail instead. I've yet to try a dessert here that has blown me away. The music, which is on the loud side, is a nostalgic mix of hip-hop and R&B.  This is the ideal place for a boozy friends dinner or a swanky date, but you can also get away with bringing your parents or co -workers. If the latter, I recommend an early reservation (before 7PM) to try to avoid overlapping with a rowdy group. The music can get loud so it's not the place for a serious conversation. 

Finally, wear the dress!  Wear the heels!  This is the place to show up and show out.  

@alex.eats.365",True,0,0,0,Alexandra M.,en,"{'neg': 0.054, 'neu': 0.851, 'pos': 0.095, 'compound': 0.6524}",0.6524,0.095,0.054,0.851,positive
188,2024-03-04 16:36:42+00:00,5,"I was worried I'd feel the restaurant was overhyped but I was not disappointed. I loved the food (though I do wish the portions were better because 3 oxtails?!). I loved the music, the staff, and the fact that the drinks actually had liquor in them! Our server, Monique, was so sweet! Restaurant servers often appear overwhelmed and rush you through your dinning experience but she had a calming presence and was warm and welcoming - indeed making us feel ""at home.""  Wish it was easier to get reservations so that we could return more often but glad we had a great experience.",False,0,0,0,Catherine G.,en,"{'neg': 0.118, 'neu': 0.546, 'pos': 0.336, 'compound': 0.9878}",0.9878,0.336,0.118,0.546,positive
187,2024-03-04 23:50:35+00:00,5,"Delicious meal filled with unique riffs on delicious flavors. The patties and the pastrami are MUSTS as well as the cosmic brownie - the donut icecream was so cool! 
Very cool space and atmosphere. Service was okay, would have expected better for the cost/vibe - I think we just got unlucky with our server as the waitress serving the table next to us seemed to be phenomenal. 
Excited to see what Kwame does next!",False,0,0,0,Erin G.,en,"{'neg': 0.032, 'neu': 0.67, 'pos': 0.298, 'compound': 0.9798}",0.9798,0.298,0.032,0.67,positive
186,2024-03-06 05:41:04+00:00,5,"The food here is absolutely delicious. The customer service is perfect , and the setting is just right . I definitely would recommend going if you're lucky enough to get reservations . I will most definitely be going back when i get that chance . I had curry goat empanadas, crab/oxtail Rangoon , braised oxtail , fried Branzino , and the donut ice cream with cosmos brownies for dessert . Lemon drops for drinks . Check out my tik tok ( jeriicarenee9 ) and my reel on ig Jeriicarenee .",False,0,0,0,Jerica H.,en,"{'neg': 0.0, 'neu': 0.739, 'pos': 0.261, 'compound': 0.9741}",0.9741,0.261,0.0,0.739,positive
185,2024-03-07 02:41:10+00:00,3,"I was very excited to try out this restaurant. I love the concept, Afro Caribbean by way of NYC. However I was a little disappointed in the food. The food did not come out hot at all. The pastrami, the dish I was looking forward to the most, came out barely warm and dry. I am very familiar with suya and the suya powder seemed diluted. We didn't even finish it. My favorite dish was the egusi dumplings. I also liked the rangoons. The atmosphere is nice and the service wasn't that bad. I was surprised how good the drinks were. I got the Negroni and the nutcracker which was recommended.  I am hoping they  make some changes and perhaps I may go back. But overall overpriced for an average meal.",True,0,0,0,Dana L.,en,"{'neg': 0.131, 'neu': 0.724, 'pos': 0.144, 'compound': -0.7304}",-0.7304,0.144,0.131,0.724,negative
184,2024-03-09 21:36:00+00:00,5,"I got so lucky on a Monday that I was on my phone and Resy notification popped up that a table opened up at 5pm, and I quickly snagged it!
When I got there, there was already a line of around 20 people waiting at 5pm, so just know that if you are planning to try walk in. 
Anyway, I'm so happy that a restaurant like this exists in New York. It's so refreshing, chic and very unique. 
Service is great and the ambiance is a vibe. You may end up seeing a celebrity! I saw Jerry Seinfeld sitting two tables away from me. 
Now the food, we tried the goat patties, lamb hummus, dumplings, jumbo shrimp and my partner tried the oxtail stew. Got the cheesecake for dessert. Everything was delicious, but what stood out to me the most were the goat patties and the shrimp. These two were bursting with flavor and they were just amazing. 
I would definitely come back here, if I can get a reservation! Lol",True,0,0,0,Prianka S.,en,"{'neg': 0.007, 'neu': 0.833, 'pos': 0.16, 'compound': 0.98}",0.98,0.16,0.007,0.833,positive
183,2024-03-12 02:50:34+00:00,5,"Incredible restaurant that lives up to the hype, considering how hard it is to get a reservation at this place. Ambiance and vibe of the place is amazing, upscale venue but they're playing upbeat music the entire team. Service was superior. 

Food was incredible. For two people, we did two apps and two mains. The goat patties to start is a staple. For mains, highly recommend the braised oxtail. We also did the Harlem chocolate factory white chocolate cheesecake for dessert, which was unreal.",True,0,0,0,Amit M.,en,"{'neg': 0.013, 'neu': 0.844, 'pos': 0.143, 'compound': 0.9159}",0.9159,0.143,0.013,0.844,positive
182,2024-03-13 18:06:21+00:00,5,"I cannot say enough about this exceptional restaurant. I have been following the chef for some time and finally was able to get a reservation for my anniversary. The location is in the middle of Lincoln Center and was beyond gorgeous to compliment this equally elegant restaurant. From the moment I entered, I was greeted by friendly staff who were immediately attentive and responsive and didn't feel pretentious or stuffy. I started at the bar and enjoyed two cocktails while I waited for my plus 1. The drinks were fantastic. By the way, I am a mixologist who travels to exceptional cocktail bars. This place had drinks that stood out. They were refreshing, while spirited and tasty. The nut cracker was not too boozy, but a delightful game changer like I have never had before (I usually hate this drink made by other establishments). Then, once we were seated, we ordered a medley of dishes from the Hamachi Eschovitch, to the Oxtail and Crab Rangoon and the Egusi Dumplings to start. Everything we ordered was eclectic, unique and truly melted in your mouth. Some items had a bit of a kick, but nothing overwhelming (except for the side sauce provided - beware). Then, for dinner, we enjoyed the Sofrito Roasted Chicken which was perfectly cooked, juicy and had an assortment of flavors and reminders of my childhood (just like grandma made). We also ordered Mom's Shrimp Dish which was another award winning dish. For dessert, we ended the meal with the rum cake. Spectacular! I highly recommend this phenomenal restaurant for a unique and exceptional culinary experience. Kudos to Kwame and wishing you much success.",False,0,0,0,Chantel F.,en,"{'neg': 0.027, 'neu': 0.694, 'pos': 0.278, 'compound': 0.9979}",0.9979,0.278,0.027,0.694,positive
181,2024-03-17 13:47:51+00:00,5,"Excellent and special place. Sleek vibe with a great playlist (a little loud for those that mind - not me!). Within Lincoln Square - can be a bit tricky to locate.

All of the food was incredible. Do not sleep on the crispy okra. I could have eaten another two orders - the perfect amount of spice to make them truly addictive. 

Also, you cannot miss the Short Rib Pastrami. The presentation is beautiful and the taste is even better. Additionally, you can get creative as you eat with the bread to make sandwiches, cabbage, spice rub, and sauce. 

Highly recommend reading a bit on Kwame Onwuachi - great story.",False,0,0,0,Trey N.,en,"{'neg': 0.012, 'neu': 0.684, 'pos': 0.303, 'compound': 0.9897}",0.9897,0.303,0.012,0.684,positive
180,2024-03-20 23:11:41+00:00,5,"The hype is real. Great flavors, innovative combinations and just damn tasty! We tried some of the more popular dishes and they all were great. 

The best dishes were the curried goat patties (tons of flavor) and the Short rib pastrami suya which was tender and delicious. It was paired with a melted red cabbage which we couldn't get enough of.

The take-out mushrooms were really good but the star of that dish was the scallion pancake which was one of the best I've ever had. I'm still amazed that it held its heat the entire meal.

We also had the egusi dumplings which were very good but completely overshadowed by the other dishes. Still good but felt bland compared to the goat patties.

The recommended was 2 small and 2 main dishes but that seemed a bit too much, especially since many of our dishes had a lot of carbs. 3 small and 1 main is probably more appropriate. 

Overall a great visit and we'll be back.",False,0,0,0,Alex H.,en,"{'neg': 0.098, 'neu': 0.661, 'pos': 0.241, 'compound': 0.9825}",0.9825,0.241,0.098,0.661,positive
179,2024-03-21 01:37:53+00:00,4,"The staff was amazing.  Kudos to whoever is in charge of the playlist.  The food was good, but I believe it is overhyped.  No real bar due to bar seating used for reservations.  If there is a random opening I would go back but would jump through hoops to obtain a reservation.",False,0,0,0,D. L.,en,"{'neg': 0.053, 'neu': 0.826, 'pos': 0.122, 'compound': 0.4019}",0.4019,0.122,0.053,0.826,positive
178,2024-03-23 00:26:32+00:00,4,"New York is a tough town, where being everything you should be can still bury you beneath a 100-story gleaming glass tower of expectations. Every dish and drink we had at Tatiana was rich, complex and exactly what I wanted. But none of it measured up to the difficulty of getting a reservation here (or, quite frankly, the absurd $85 price of the short ribs). 

Come to Tatiana without the pretense that the food media has bestowed on it, and you'll leave full, warm and content.",False,0,0,0,Eric G.,en,"{'neg': 0.083, 'neu': 0.865, 'pos': 0.052, 'compound': -0.4118}",-0.4118,0.052,0.083,0.865,negative
177,2024-03-23 01:31:56+00:00,5,"Had an extra night on a work trip and am trying to visit James Beard nominees when I have time and am in the mood to splurge.  Tatiana did not disappoint.  I sat by myself at the bar (was seated right away walking in on a Friday night at 8:30).  Had the spicy marg, fried okra, and the dumplings.  Everything was outstanding.  The fried okra is one of the best things I've ever eaten!  The ambience is great too - right at Lincoln Center, overlooking the plaza.",False,0,0,0,Jennifer M.,en,"{'neg': 0.045, 'neu': 0.799, 'pos': 0.156, 'compound': 0.9109}",0.9109,0.156,0.045,0.799,positive
176,2024-03-25 21:23:08+00:00,3,"Had a reservation for a Monday evening at 9pm for 3 people. Music was good, just the right volume and vibe. The place was packed. Server was welcoming and provided suggestions. We ordered cocktails first and those took very long to come out and so we skipped on any additional rounds. We ordered 3 small plates: curry goat patties, the oxtail crab ragoon and the honeynut piri piri salad. We ordered 3 large plates, the braised oxtail, the branzino, and the brown stew chicken.  The food came out very quickly, each plate coming out just after the other. First the small plates then the large plates, with little time between. It all felt a bit rushed with no time to digest but it was also on the later side so wondered if that played into it. We were already on to our first large plate before the cocktails made it to the table. The honeynut salad was by far the favorite at the table! Every ingredient was fresh, crisp and refreshing and it was unique. I would get this again but not share! Everything else was good, but I wasn't blown away. I think my local uptown caribean spot does better patties. That said, I'm glad to have tried the restaurant and the reviews are amazing but I didn't quite understand the hype. Its possible I let the hype build up for the food create for high expectations. I don't think I would go back with a group or make a reservation, but if I could grab a walk in bar seat for a quick cocktail and that salad, I would!! Huh",False,0,0,0,R. C.,en,"{'neg': 0.052, 'neu': 0.817, 'pos': 0.131, 'compound': 0.9798}",0.9798,0.131,0.052,0.817,positive
175,2024-04-02 15:23:52+00:00,5,"Where do I start? This restaurant is a whole vibe. Spectacular service with such an attentive and friendly staff. I didn't think I had one person taking care of us, it was an entire team working together. 
The food was out of this world good. Best Afro-Carribean food I've had. Everything we ordered was so tasty and mouth watering delicious. Everything is meant to be shared and could easily be shared with 4. Small entrees are not so small and large are large. Chef Kwame Special spicey sauce was definitely firey and had a kick to it. Careful if you can't handle spice. Oxtail & Crab Rangoon, short ribs, and fried branzino are a must. Short ribs were filled with flavor and soft and flakey. Piri piri salad was also good but there were other options I would go for over this.  There were multiple oxtail dishes and we just couldn't decide. Went with the small plate because we had to get ribs. 
Ok for dessert the brownie cake with donut icecream was a good pick! We were so stuffed but still finished the dessert.
Chef Kwame was hanging around the entrance and was very friendly, taking pics and chatting with everyone. 
I can see this place getting Michelin very soon.",False,0,0,0,Afnan T.,en,"{'neg': 0.039, 'neu': 0.752, 'pos': 0.208, 'compound': 0.9878}",0.9878,0.208,0.039,0.752,positive
174,2024-04-02 18:36:45+00:00,5,"Returned to Tatiana to try some new items. We went on a Friday and waited about 20 mins. Not bad at all. I ordered the holy grail, curry goat patties. Love that crust; has just the right pinch of salt. We also ordered the egusi dumplings, the black bean hummus with Berbere Spiced lamb and the seafood boil. 

I've had the egusi dumplings before and thought they were just ok. Same goes for this visit. The hummus was cool but I wish the lamb flavor stood out. The flatbread pieces that came with the hummus was flimsy so it made it hard to pick up the hummus.  Now, for the showstopper, that seafood boil. I had grilled shrimp, andouille sausage, scallops, salted cod, mojo razor clams, spiced butter and sourdough. Do yourself a favor and order that. Loved the flavor and the portion. At the time of our visit, it was the most expensive item on the menu and it is worth it. We had enough for leftover. Cocktail wise, try the Birthday Daiquiri. For additional, visit @iFancyNY on instagram.",True,1,0,2,Shari H.,en,"{'neg': 0.071, 'neu': 0.802, 'pos': 0.127, 'compound': 0.907}",0.907,0.127,0.071,0.802,positive
173,2024-04-09 01:51:44+00:00,5,"Definitely worth the hype. Everything was fantastic. Large sharing menu: the oxtails were the star! Pastrami was good, but not on the level of the oxtails. On the small sharing menu: dumplings and goat patties- both good. Definitely get the brownie. Outstanding.",False,0,0,0,K R.,en,"{'neg': 0.108, 'neu': 0.482, 'pos': 0.41, 'compound': 0.9545}",0.9545,0.41,0.108,0.482,positive
172,2024-04-12 01:29:14+00:00,3,"Arrived 1 min after we passed our 15 min grace period and was told our table was gone, because the previous maitre'd screwed up the reservation. Told us our table had a 6:30 reso? How could that be when we're allowed to dine for 2 hours. 

Honestly, if this was the type of restaurant I thought it was, they wouldn't have given us grief. Eventually, the manager came by and sat us right away. Already left a sour taste in our mouths. Not Michelin worthy at all - not that they care. Okay, enough bitching. 

But, the food was very good and if you forget what I said above, this would have been an easy 5 stars.

Goat patties are a must. 
Tuna was good - spicy 
Egusi dumplings were eh 
Branzino was cooked well but I didn't love the sauce
Oxtail is what you'd expect. Sweet, salty and gelatinous 
Bodega brownie was good. Donut ice creams were creative but missed on flavors
Rum cake was bomb",True,1,0,0,Brian L.,en,"{'neg': 0.169, 'neu': 0.676, 'pos': 0.156, 'compound': 0.1026}",0.1026,0.156,0.169,0.676,positive
171,2024-04-12 17:22:28+00:00,5,"The food is incredible. It is a great blending of flavors from so many different places. The okra appetizer was amazing. The cocktails are well crafted. It is a great meal.  The server was knowledgeable. The service was good but it took a long time to get our meal. We sat down at 5:15, and the main meal was not served until 6:45. We had finished the appetizers by 6:15. The ambiance is casual. The place was packed and the music is slightly loud, though you can hear. Overall, a fabulous meal.",False,0,0,0,Laura R.,en,"{'neg': 0.067, 'neu': 0.763, 'pos': 0.17, 'compound': 0.7783}",0.7783,0.17,0.067,0.763,positive
170,2024-04-14 21:45:05+00:00,5,"This is a hard table to get for a reason: It is ABSOLUTELY worth ALL of the accolades. 

Was fortunate to be invited to a Guinness event here, and while most of the menu was specially curated with dishes infused with the beer, there were items like the Honeynut Piri Piri salad that were from the main menu and showed the full breadth of a dining experience at Tatiana. 

And in case being surrounded by the greatest talents in music, dance, and acting in the Lincoln Center and Juilliard vicinity didn't already excite your senses, being served exquisite Afro-Caribbean dishes in a stunning space by a top-tier staff that takes every detail to heart should. Chef Kwame has created a place that feels and tastes like the kind of home where the people are as spicy as the food...and I LOVE it.",False,0,0,0,Leslie B.,en,"{'neg': 0.026, 'neu': 0.796, 'pos': 0.178, 'compound': 0.9739}",0.9739,0.178,0.026,0.796,positive
169,2024-04-21 23:02:05+00:00,4,"Came for the famous ribs, fell in love with the chicken. Tuna and hamachi (appetizers) were decent but not as special as oxtail & crab rangoon. Excellent service. Very cool venue. Loved the cocktails.",False,0,0,0,J S.,en,"{'neg': 0.061, 'neu': 0.587, 'pos': 0.352, 'compound': 0.9423}",0.9423,0.352,0.061,0.587,positive
168,2024-04-22 00:38:16+00:00,4,I really wanted this restaurant to live up to the hype - and it mostly did. The only drawback was the small space-  between the loud music and conversations it was very hard to hear. Everything tasted great and was well seasoned - but I wouldn't say there was anything I was dying to have again. The two most interesting dishes were the boozy jelly squares and the bodega special dessert- would highly recommend both! The goat patties and the egusi dumplings were great appetizers and the oxtails and pastrami were solid dishes.,False,0,0,0,Mariana B.,en,"{'neg': 0.05, 'neu': 0.733, 'pos': 0.218, 'compound': 0.9632}",0.9632,0.218,0.05,0.733,positive
167,2024-04-26 03:25:03+00:00,5,"Tatiana was rated best restaurant in NYC for a reason and my review reflects that! 

Decor/Ambiance- The restaurant was beautiful on the inside with a modern feel with 90's & early 00's R&B playing through the speakers. The definition of a vibe. 

Reservations- We did a Walk In as an actual reservation is near impossible to get. We arrived at 4:15 on a Thursday and waited 45 minutes until it opened at 5pm. There were 9 people in front of us so we felt confident they could accommodate us. (And we were right, we even got a table!) 

DINNER- PHEW! We started with the Curried Goat Patties (9/10) and they came with mango chutney and another garlic-base sauce that was amazing. Next we got the Black Bean Hummus with Lamb (9/10) which was also our waiter's favorite. AMAZING. Next up Oxtail & Crab Rangoon 8/10. Now onto the main courses. We got the Braised Oxtail (9/10) and the Short Rib Pastrami Suya (7/10). Everything is so well-plated and elegant and the Suya really steals the show in that regard. HOWEVER, flavor wise the Oxtail outshines the Suya and I would recommend that over the Suya but they are both worth trying. 

DESSERT- We started with the Bodega Brownie Special (7/10) which was good but to me it was just an expensive fudge brownie ...it was good but how good can a fudge brownie really be. Lastly, we ended with the Golden Rum Cake (10/10). I only gave out 1 10 in this review because everything was amazing but this cake was definitely deserving....OMG! It's a must when you go.",True,0,0,0,Cameron B.,en,"{'neg': 0.031, 'neu': 0.792, 'pos': 0.177, 'compound': 0.9901}",0.9901,0.177,0.031,0.792,positive
166,2024-04-26 14:29:55+00:00,5,"I'm still shocked that my party of 4 was able to experience this on my recent trip to NYC. Plan was to line up as walk in at 4:15.. we didnt get in line until 4:50 and there was a pretty decent queue. After seeing ppl walk away and hearing a quote of next table at 9pm, we were prepared to get turned away but they said 'if you can be finished by 7pm we can seat you now' (it was 5pm) - heck yes! (So note that ur chances largely depend on your party size- parties of two had it the worst)

Sooo worth the anticipation. We ordered starters of Egusi dumplings (8/10- good but the most mediocre dish of the meal), lamb-topped black hummus which was 10/10, including the Msemen bread that cane with it. Tasted like a croissant, they need to sell that by the bag/loaf lol. Our mains were the short rib pastrami suya and the oxtails. No complaints on either, both a good 9/10 and would get them again. Super flavorful, meats tender and well seasoned. Cocktails were well-made, my spicy margarita was Spicy!! Dessert of cosmic brownie and rum cake were fantastic. 

Restaurant was gorgeous and service was an A+.. even as it approached 7pm and we double checked with the waiter if we were ok to order dessert. He didnt hesitate to ring it up and told us not to rush. Really appreciated that as i know similar hot-spots can be strict. Will definitely return because i need to try that king crab curry and goat patties!",True,0,0,1,Kalila W.,en,"{'neg': 0.068, 'neu': 0.688, 'pos': 0.245, 'compound': 0.9959}",0.9959,0.245,0.068,0.688,positive
165,2024-04-28 11:17:39+00:00,5,"Had a very pleasant evening. Fine dining vibes with hip hop/r&b. All the staff were so nice and professional.  The food tasted very ""top chef"".

What we ate:

EGUSI DUMPLINGS - how does someone make something so good. This was my favorite dish. 5/5.

OXTAIL & CRAB RANGOON - I worked at 3 Chinese restaurants as a kid. This is the best crab rangoon I've had. 5/5. 

BRAISED OXTAILS - so good. We didn't leave a single piece of meat on the bone. 5/5

SOFRITO ROASTED CHICKEN - very surprised about the generous portion. I wish I could make chicken like this. Almost licked the plate clean. 5/5.",True,0,0,0,Lewis M.,en,"{'neg': 0.042, 'neu': 0.639, 'pos': 0.32, 'compound': 0.9875}",0.9875,0.32,0.042,0.639,positive
164,2024-04-28 13:28:39+00:00,5,"* Chefs kiss *
I must say it is not easy getting a reservation but if you do manage to snag one, definitely go!

Tatiana is one of the most sort out restaurants to get a reservation at and it did not disappoint. My oneeeee takeaway was that although I had a 9:30p reservation, my party and I was not get seated until minutes to 10.

Now! Let's get to the food! We ordered 3 appetizers and two mains and they were all delicious. (I'm terrible at describing real flavor so I won't go there) but, each serving was packed with flavor, the right amount of spice and surprisingly filling despite the portions being on the smaller side.

For starters we had the:
- Egusi Dumplings
- Oxtail & Crab Rangoon
- Curried goat patties 

Mains:
- Braised oxtail 
- Fried Branzino
Both came with a side of rice and peas

Our choice of drink was the Pog nutcracker and it was the best upscale rendition of a NY nutcracker I have ever tasted.  (very well made cocktail)
and for dessert of course we closed out with the bodega special !

Would I go back again absolutely, am I in a rush to play hunger games again for a reservation no.  But it's definitely an experience and if you can make your way there I do recommend you do so!",False,0,0,0,Kelsey ..,en,"{'neg': 0.051, 'neu': 0.757, 'pos': 0.192, 'compound': 0.9907}",0.9907,0.192,0.051,0.757,positive
163,2024-04-30 23:28:11+00:00,5,"I'll start off by saying-- I do believe the hype is real and I really enjoyed my experience here. Was definitely worth the price and the wait, and I would recommend to others. That being said, I'm happy just having experienced it once and probably wouldn't go through the effort of getting in again haha. 

To start off with, in order to have a chance of getting a walk in seat (I gave up on Resy), you need to be there at least half an hour before opening. The line starts outside-- don't make the same mistake I did and wait in the wrong place lol. My favorite dish of the night was probably the curry goat puffs. The flavor of the curry with the sweetness of the chutney, the green sauce, and a hint of their house-made hot sauce? Perfection. Absolute must-order. The fried okra I enjoyed but could probably skip.

Entrees were bigger than I expected; the pastrami and oxtail were both delicious. Of course I also had to get the bodega special for dessert. Ice cream donuts had the exact flavor of powdered donuts and idk how they did it, but the texture almost mimicked the texture of donuts as well. Brownie was warm and yummy. For service, our waitress was really sweet and the overall vibes were just very cool. Drinks were decent (nothing particularly noteworthy; got the nutcracker which basically tasted like elevated apple juice lol). Don't overlook the Jell-O shots (weren't on the regular menu for some reason, had to ask for them), which were absolutely gorgeous.",True,1,0,2,Ting Z.,en,"{'neg': 0.038, 'neu': 0.741, 'pos': 0.222, 'compound': 0.9954}",0.9954,0.222,0.038,0.741,positive
162,2024-05-03 02:49:47+00:00,2,"This is not the #1 restaurant in NYC, not by a long shot. I thought the appetizers were good, not spectacular. For entrees we ordered the mushrooms with scallion pancakes for ~$56, and the wagyu short rib pastrami for ~$86, and after a few bites I decided I would never return here. I wanted to like this place a lot and was warned not to feed into the hype. I'll happily pay $300+ for a date night but this just wasn't worth it. 

I should've listened to my friend Leo.",False,0,0,0,Hugh H.,en,"{'neg': 0.052, 'neu': 0.806, 'pos': 0.141, 'compound': 0.8414}",0.8414,0.141,0.052,0.806,positive
161,2024-05-04 02:33:25+00:00,2,I came in wanting to love it. But honestly the food just want anything special for the price. Unfortunately the marketing and hype just don't add up here. There are far too many options in NYC for this to be anywhere within the realm of worthwhile.,False,0,0,0,Eric N.,en,"{'neg': 0.055, 'neu': 0.687, 'pos': 0.259, 'compound': 0.891}",0.891,0.259,0.055,0.687,positive
160,2024-05-07 02:39:41+00:00,4,Food was very good overall. Not sure if would rush back due the the prices. But its definitely a good idea for a fun date night or special occasion. We did have a delay with one of our entrees but we were comped an appetizer for the wait. Very good experience,False,0,0,0,Che S.,en,"{'neg': 0.176, 'neu': 0.525, 'pos': 0.299, 'compound': 0.846}",0.846,0.299,0.176,0.525,positive
159,2024-05-07 23:20:44+00:00,5,"When looking for a top tier restaurant where the personalized staff service is outstanding, the cuisine is filled with food selections cooked in succulent spices and aromatics that awaken your pallet which can be paired with an amazing cocktail selection. The ambiance makes you feel comfy and elegant all at the same time. The location is fabulous as you are right in the middle of NYC at the Lincoln center plaza with views of creative sculptures 
TATIANA is definitely where you want to be.",False,0,0,0,Larry J.,en,"{'neg': 0.0, 'neu': 0.703, 'pos': 0.297, 'compound': 0.9853}",0.9853,0.297,0.0,0.703,positive
158,2024-05-08 17:47:03+00:00,5,Interesting concepts throughout the restaurant menu and space. Great services throughout the meal.,False,0,0,0,Alexia Y.,en,"{'neg': 0.0, 'neu': 0.618, 'pos': 0.382, 'compound': 0.7783}",0.7783,0.382,0.0,0.618,positive
157,2024-05-12 19:23:21+00:00,5,"4.5 stars rounded up to 5. The only half star off is because I thought that dessert was not that great here.

This was seriously one of the best meals I've had in NYC. Vegetarians and vegans beware, this is not the restaurant for you as the meat is the star of the show here. Getting a reservation here is difficult but not impossible. They also take walk-ins, so even if you don't have a reservation, you could just go wait outside the restaurant before they open to ensure that you get to eat here. My friend and I had a reservation but also the first couple in the walk-in line literally got sat at a table right behind us like basically at the same time. 

The decorations give it a cool swanky vibe, service was stellar and the silverware and tableware definitely made you feel like you were eating at a fancy restaurant, which it is! I ended up paying $150 for my portion to eat here, but it was worth it. If I were to go again, I would for sure get the curried goat patties, honeynut piri piri salad, and braised oxtails. Everything else that I tried here was just okay (egusi dumplings, oxtail and crab rangoon, and short rib pastrami suya, cheesecake). Though, I did really enjoy the bread that came with the short rib pastrami lol. Really, the ultimate star of the show was the braised oxtail! Such rich meat that melts in your mouth. One bite of this and I was like this sole dish is the reason why I cannot be a vegetarian. Dessert was a bit of a letdown here though; the cheesecake was very pretty but didn't blow my mind.

I highly recommend you dine here at least once, you can't go wrong with the braised oxtails!!! It's a bit of a pricey meal but it's worth it for a once in a while splurge!!!",True,0,0,0,Elena W.,en,"{'neg': 0.094, 'neu': 0.743, 'pos': 0.163, 'compound': 0.9768}",0.9768,0.163,0.094,0.743,positive
156,2024-05-14 00:55:54+00:00,3,"I loved the food! The chef is amazing. They check off most of the boxes like food, ambiance location except I don't understand how you can hire such untrained staff. This is my 2nd time here and although my sever today was better than the first time we went, I felt like I came to a diner. That's how their service is. First time was a disaster the server was worse than soho house. And today this guy gave us the wrong menu and acted like we weren't making any sense and not even a sorry gave you the wrong menu..instead acted like I should be glad he gave me one correct menu. Just makes no sense. Plz train ur staff if you wanna have an upscale restaurant to ensure the service is atleast above average otherwise your prices and scarcity make no sense! Giving 3.5 stars for service.",False,0,0,0,Leks L.,en,"{'neg': 0.157, 'neu': 0.669, 'pos': 0.174, 'compound': -0.6202}",-0.6202,0.174,0.157,0.669,negative
155,2024-05-15 05:48:14+00:00,5,If you are fortunate enough to get a reservation know you're in for the best food you've ever ordered. The food is indescribable. Every single option is better than the last. The flavors are perfection. From the second you enter be ready for an exceptional food experience.,False,0,0,0,Monique D.,en,"{'neg': 0.0, 'neu': 0.717, 'pos': 0.283, 'compound': 0.9451}",0.9451,0.283,0.0,0.717,positive
154,2024-05-15 20:13:23+00:00,5,"Who got in as a walk in? This girl! 
Besides the luck with a bucket of heavenly blessing it took to get in, I had a great time interacting with some of the kindest staff in the business and meeting new folks at the restaurant. My favorite dish was the mushrooms and scallion pancakes. BOMB! The goat and oxtails were fabulous as well. Fried branzino surprised me... I enjoyed it and I don't think I've ever had branzino fried, nor would that be the first way I would choose to have it prepped. It's geared for sharing so go with someone you actually like that can eat all the foods so you can just enjoy. Cocktails were solid. We skipped dessert because we were so full from the food. And we enjoyed the spring patio space. Super cute. Also, their playlist has all the vibes. Would I return? Certainly! Would I wait in line for hours... No. But I live in Brooklyn so take that with a grain of salt I guess lol.",True,0,0,0,Victoria L.,en,"{'neg': 0.034, 'neu': 0.757, 'pos': 0.21, 'compound': 0.9764}",0.9764,0.21,0.034,0.757,positive
153,2024-05-17 10:05:05+00:00,5,"Second time coming here and it was amazing as expected. First of all, the host Caitlyn - exceptional. Came with a friend to try our luck before the opera and they capped the line just as we were next. We pushed our luck, and by the grace of God (and Caitlyn we got in lol) everything from the service, to the food, to the atmosphere was 10/10. Tried the curry goat ""patties"", okra, and rangoons to start and split an oxtail as a main. Cosmic brownie as the dessert. Damn, it was good. All of it. Didn't buy drinks, but they looked tasty as well. Check out the food pics attached and try to grab a Resy, or try your luck like we did. I suggest getting there by 4pm to have a chance at the first come first serve seating. They open at 5pm. You won't regret the wait ;)",False,0,0,0,Eliz G.,en,"{'neg': 0.01, 'neu': 0.711, 'pos': 0.279, 'compound': 0.9939}",0.9939,0.279,0.01,0.711,positive
152,2024-05-17 18:18:35+00:00,4,"After two years of trying I finally got reservations to Tatiana.  Was it worth the wait?  No.  It is creative Caribbean food.  I would give it a B.  The mushrooms large plate was tasty.  The goat patties were average.  The fish was fair.  Service was good.  The room is noisy, but comfortable.",False,0,0,0,Tony R.,en,"{'neg': 0.122, 'neu': 0.612, 'pos': 0.265, 'compound': 0.8779}",0.8779,0.265,0.122,0.612,positive
151,2024-05-18 22:04:32+00:00,5,The food was served fresh and hot out of the kitchen. Service was very Attentive  and Professional. The atmosphere was relaxed with a classy vibe. I would highly recommend going here if given the opportunity.,False,0,0,0,Nadia B.,en,"{'neg': 0.0, 'neu': 0.567, 'pos': 0.433, 'compound': 0.9665}",0.9665,0.433,0.0,0.567,positive
150,2024-05-18 22:40:10+00:00,5,Fresh with a generous portion (enough for me and my granddaughter) the chocolate cake is addicting,False,0,0,0,Vanessa J.,en,"{'neg': 0.0, 'neu': 0.64, 'pos': 0.36, 'compound': 0.8074}",0.8074,0.36,0.0,0.64,positive
149,2024-05-20 17:12:52+00:00,3,"I think the food is average tasting , small portions and very pricey but the drinks were delicious! 
The service was excellent and the ambience was inviting.",False,0,0,0,Afia B.,en,"{'neg': 0.152, 'neu': 0.404, 'pos': 0.444, 'compound': 0.9623}",0.9623,0.444,0.152,0.404,positive
148,2024-05-21 23:20:01+00:00,4,"Was Tatiana an incredible meal? Absolutely. Is it the #1 restaurant in New York? I don't think so. 

A 4.5 is closer to my true rating here.

I stopped in on a Tuesday off of a lucky 5:45 PM reservation. We were greeted and brought two complimentary glasses of wine for a special occasion (definitely a plus here).

We ordered the Egusi Dumplings, Goat Patties, Braised Oxtail and bodega special.


Egusi Dumplings: 5/5, though felt a bit light on the filling
Goat Patties: 5/5, best dish we had. Mango chutney was great.
Braised Oxtail: 3/5. Honestly pretty disappointed with this one. The oxtail wasn't particularly tender and the sauce quickly congealed into a sticky mess.
Bodega Special: 4/5. Nothing crazy - just a brownie and some ice cream. Did enjoy it though.

It was a tad off putting how loud the interior of the restaurant was, but no major complaints.

I don't think Tatiana is worth fighting for a super hard reservation or waiting in line for hours for, but if you get lucky it's definitely worth going.",True,0,0,0,Sahas G.,en,"{'neg': 0.111, 'neu': 0.674, 'pos': 0.215, 'compound': 0.9589}",0.9589,0.215,0.111,0.674,positive
147,2024-05-21 23:54:06+00:00,4,"Loved Tatiana! My favorites were the goat patties and the dumplings. The meat inside the patties were so tender and went so well with the mango chutney. The oxtail main dish did not stand out to me as I had hoped, but was still great and a pleasure to eat! The Bodega Special was also a nice treat. 

Overall, I would love to come back to try the other appetizers or the Short Rib. Service was great too, they served us free glasses of champagne for our anniversary. The only complaint would be that the music was a tiny bit too loud :(

Would love to come back if I can get another reservation!",True,0,0,0,Da-Eun L.,en,"{'neg': 0.083, 'neu': 0.553, 'pos': 0.364, 'compound': 0.9937}",0.9937,0.364,0.083,0.553,positive
146,2024-05-22 00:41:25+00:00,5,"Tatiana 2023 New York's Most Hyped Restaurant Super Favorite
Tatiana by Kwame Onwuachi
10 Lincoln Center Plaza, New York, NY 10023
 100+ per person
Tatiana, one of the hardest restaurants to book in New York, walkin with difficulty, hit the spot! Located inside Lincoln Center, the decor is super beautiful!
The food is North African/Caribbean flavors and each dish is special and delicious :
CRISPY OKRA fried okra, honey and mustard seasoning is delicious and not too greasy!
 CURRIED GOAT PATTIES Lamb stuffed dumplings with green/mango/chili sauce (quite spicy).
 BLACK BEAN HUMMUS with a perfect shortbread, hummus topped with lamb mince, savory and fragrant!
 SHORT RIB PASTRAMI SUYA (cover photo) a must!!! Wagyu Short Rib (bacon version) with buns and purple cabbage, the waiter said we were actually allowed to assemble this set by ourselves, and it was really good!!!! The bacon was not salty at all, it was soft and flavorful, and the cabbage was sweet and sour and refreshing!!!!
 Dessert Cosmic Brownie + Powdered Donut Ice Cream This dessert was also amazing! The ice cream was in the shape of a donut and also flavored with donut, and then the brownie was a copy of the cosmic brownie that Americans used to eat when they were kids, so full of creativity!

The menu is very short, I guess it's a random point not to step on mine kind of, is I will come back to two brush three brush restaurant, really like it!",False,3,3,3,Sofia D.,en,"{'neg': 0.013, 'neu': 0.742, 'pos': 0.245, 'compound': 0.9973}",0.9973,0.245,0.013,0.742,positive
145,2024-05-22 14:23:02+00:00,3,"Let me preface this review by saying I debated for a while how many stars to give this restaurant and I think 3 is the right amount. 

The star deduction is driven by a few factors. First, there was a LONGGGG wait between our small plates and our large plates. It completely disrupted the flow of dinner, and I got bored sitting at the table for that long. Second, the music is entirely too loud. I'm in my 20s and love a nice vibe and music. But after screaming across the table for 30 ish min, my throat started to hurt. My husband and I probably said what to each other more than 50 times.  There's a difference between music creating a nice ambiance and music destroying any possibility for conversation. Third, some of the dishes weren't good. The okra small plate was nearly inedible. How can you mess up okra? For dessert, we got the bodega special which is their take on a cosmic brownie with ice cream that is shaped like powered donuts. It was just ok. Nothing to write home about. 

With that said, our server was very nice. And we loved the oxtail/crab Rangoon small plate and the branzino large plate. My husband liked the oxtail large plate, but I wasn't a fan.

All in all, I won't be back, and I don't quite understand why it's rated #1 on the New York Times list",True,0,0,0,Amy S.,en,"{'neg': 0.204, 'neu': 0.691, 'pos': 0.106, 'compound': -0.9866}",-0.9866,0.106,0.204,0.691,negative
144,2024-05-22 17:38:19+00:00,5,"Have been struggling to get a reservation but dying to visit. So we arrived on a weekday right at 5 pm to stand in line and get a table as a walk in. Service was great. Menu doesn't have a lot of options but more than enough and the flavors vary drastically. We tried 2 appetizers, 3 entrees and 1 dessert plus we all tried different specialty cocktails. Everything was great. Favorite items were the curried goat patties and the short rib pastrami suya. Understand why people love this spot so much. The menu is very unique.",False,0,0,0,Ashley J.,en,"{'neg': 0.018, 'neu': 0.783, 'pos': 0.199, 'compound': 0.9726}",0.9726,0.199,0.018,0.783,positive
143,2024-05-25 13:05:54+00:00,5,"The food is amazing from start to finish! We walked in as a table for 2 on a random Friday night around 8:30pm and was seated 10 minutes later! Was prepared for a much longer wait so that was a pleasant surprise since it's mission impossible to get a reservation. Highlights for me include the short rib suya that is flavored to the gods and was melt in your mouth and the goat curry patties with their perfect crust. The prices are a little outrageous for the amount of food you get, for instance I thought they were really cheap with the amount of meat included in said patties but the food is so good I'll let it slide lol. Cocktails were also a vibe; I'm really enjoyed the Pog nutcracker which tasted like a tropical fruit dream. Overall a great experience and definitely worth the hype.",True,0,0,0,Chanel N.,en,"{'neg': 0.024, 'neu': 0.714, 'pos': 0.262, 'compound': 0.9906}",0.9906,0.262,0.024,0.714,positive
142,2024-05-29 20:10:35+00:00,5,Tatiana is an absolute gem of a dining experience. The decor is tasteful and sophisticated with a modern blend of music. The service was amazing and each dish was better than expected. A fabulous dining experience. I def plan on coming back!,False,0,0,0,Nathalie B.,en,"{'neg': 0.0, 'neu': 0.655, 'pos': 0.345, 'compound': 0.9545}",0.9545,0.345,0.0,0.655,positive
141,2024-06-02 20:29:18+00:00,5,"I can't give this place enough stars! The food was amazing. My favorites were the okra and oxtails.

The drinks weren't good. It was a shame that great food wasn't paired with great drinks. 

I'll try to return here on every NYC visit.",False,0,0,0,Raquel H.,en,"{'neg': 0.144, 'neu': 0.598, 'pos': 0.258, 'compound': 0.7708}",0.7708,0.258,0.144,0.598,positive
140,2024-06-04 22:51:53+00:00,4,"The venue is nice. Inside is a modern flare look. The staff here are true professionals (front and rear of the restaurant). The food is seasoned just right! The bar tender was putting his foot in those libations! More please! The only issue for me was the curried king crab dish. I was given only one roti to sop up all that magnificent curry sauce. I asked for one more roti to finish the job. Please remember this. The larger dishes are meant to be shared. One roti is not enough. Also, there should be a little more crab legs. I was charged $10 for one roti. I believe that two roti (minimum) should accompany the curried king crab dish. I will return to try out other dishes. If you're in the area. GET SOME!!!!",True,0,0,0,Lorenzo M.,en,"{'neg': 0.012, 'neu': 0.809, 'pos': 0.179, 'compound': 0.9765}",0.9765,0.179,0.012,0.809,positive
139,2024-06-05 15:37:25+00:00,5,"Fabulous delicious and creative food 
The service is wonderful and warm. Christian was amazing!!! Great recommendations, funny and a pleasure. 
My only minor comment is that the music was a bit loud.",False,0,0,0,Milton W.,en,"{'neg': 0.0, 'neu': 0.38, 'pos': 0.62, 'compound': 0.9885}",0.9885,0.62,0.0,0.38,positive
138,2024-06-06 19:31:06+00:00,3,"I went to Tatiana a few weeks ago with a friend. I was excited to try the restaurant, as it has been lauded by critics. We walked in and were put on the waitlist. The wait wasn't that long, but the hosts forgot about us on the waitlist and skipped over us for 1-2 parties, which was a little annoying.

The restaurant is beautifully decorated, with a nice and open layout. The service was good.

I tried the following dishes:

Egusi Dumplings (Jonah Crab, Nigerian Red Stew, Pickled Pearl Onion) (2.5/5): I did not love these. The mix of flavors wasn't my favorite, and the crab was a little dry. I definitely would not order this again.

Honeynut Piri Piri Salad (Persian Cucumber, Seasonal Grapes, Crispy Quinoa) (4/5): Probably the best thing I tried. The produce was really fresh, and it all went nicely with the piri piri sauce.

Fried Branzino (Rice and Peas, Cilantro, Onion) (4/5) A nice dish. The branzino was tasty, and it went nicely with the accompanying rice, which was good on its own.

Sofrito Roasted Chicken (Sazon Tomato Stew, Gordal and Castelvetrano Olives, Tarragon) (3.5/5): The chicken was decent. Cooked nicely, not dry, but honestly not the most memorable.

Bodega Special (Cosmic Brownie, Powdered Sugar Donut Ice Cream, Sorrel) (4/5): A good brownie and good ice cream.

Icee Cart (Mango Sorbet, Cherry Granita, Vanilla Curd) (2.5/5): I wanted to like this because I love icees, but it was just okay. The presentation was poor, and it wasn't memorable.

Overall, I had just an okay experience at Tatiana. I was hoping for a lot more given all of the hype, but I was left wanting. I don't see myself returning anytime soon.",True,1,0,1,Christina M.,en,"{'neg': 0.134, 'neu': 0.625, 'pos': 0.241, 'compound': 0.992}",0.992,0.241,0.134,0.625,positive
137,2024-06-06 22:02:03+00:00,5,"I dined solo at Tatiana and had a wonderful experience. Although the restaurant opens at 5:00 PM, I arrived at 3:30 PM because I work across the street from Lincoln Center and didn't want to take any chances. I was the first in line, but it started to grow around 4:15 PM, likely slower because it was a Wednesday.

The decor is lovely, and I was seated at the bar, which was a bit tight but not uncomfortable. I started with the crispy okra, which was heavenly--perfectly seasoned and not spicy at all. For my main course, I had the braised oxtail, which was also heavenly and very filling. Dessert was a delicious white chocolate cheesecake (pictured below).

Overall, it was a great experience, enhanced by singing along to Mary J. Blige's music playing in the background. Tatiana is on the expensive side, so I recommend going for a special occasion or if you really want to treat yourself.",False,0,0,0,Adiaha E.,en,"{'neg': 0.049, 'neu': 0.671, 'pos': 0.281, 'compound': 0.9943}",0.9943,0.281,0.049,0.671,positive
136,2024-06-08 18:38:53+00:00,5,"Brunch ain't it. I came here for the mothers day brunch hoping it'd be just as good as the dinner reviews were. A couple of mistakes were made. 
1. The prefix menu was not given ahead of time nor was there a a second option for those with allergic to shrimp (my mom loves grits but it had shrimp imbedded in it)
2. It was more Black Southern Food which I love, but where was the ackee/saltfish (Carribbean) and bread/porrodge (Afro). The menu option felt rushed.
3. The food preparation was not consistent, my puffs were overfried but the table across had light brown fluffy ones *side eye*

I gave this restaurant a five cause I went to the dinner for my bday and it was AMAZING. I sat outside since I was a walk-in. Waited 2hr!! But it was worth it. Also free dessert for your bday this place gets an A+++. The servers were amazingly sweet too. Dem Oxtails....no words you must try on on your own. Lastly the fried okra was an unexpected star, the perfect snack if packaging.

Also appetizers need to come out hot like the entrees. Warm those plates.",True,0,0,0,Bri K.,en,"{'neg': 0.047, 'neu': 0.769, 'pos': 0.184, 'compound': 0.9854}",0.9854,0.184,0.047,0.769,positive
135,2024-06-11 13:48:32+00:00,5,"Aimed to obtain a reservation and to no avail.
First time we went and joined the line for bar seating; we just missed the first seating cutoff.
We arrived earlier another day (4:15 PM) and we made the first bar seating. The lighting was superb; music called for a dance floor to work off all you will consume.
Seated at the bar (met a couple from Toronto while on line); we shared reviews.The cuisine from the presentation to the popping flavors was delightful. Go, order and savor the flavors. Next time, the oxtail  is on my mind.Two small plates to wet our plates of rangoons and empanadas. We shared the branzino. I primarily consumed the okra. I even offered some to a single diner just next to us; due to the quantity provided.",True,3,0,1,Tamiko B.,en,"{'neg': 0.06, 'neu': 0.85, 'pos': 0.09, 'compound': 0.6486}",0.6486,0.09,0.06,0.85,positive
134,2024-06-12 01:20:23+00:00,5,Excellent service and the food!! Chefs kiss. Visiting came with friends definitely will return!,False,0,0,0,Goosey G.,en,"{'neg': 0.0, 'neu': 0.431, 'pos': 0.569, 'compound': 0.9213}",0.9213,0.569,0.0,0.431,positive
133,2024-06-19 23:30:08+00:00,5,Waiting in line in the sun for over an hour to get in was a bit much.  Sitting facing the glass window was not ideal but the rest was everything.  The okra and branzino were incredible as was the rum cake.  The rice that came with the branzino was divine.  The lady next to me had the empanadas and let me try which was equally good.  I also enjoyed the rum cake.  What made the evening extra special was the privilege of having Christian as my server.  He  made it that much more special.  I unknowingly also got to meet Chef Kwame.  What a nice soul!,False,0,0,0,Diner S.,en,"{'neg': 0.015, 'neu': 0.762, 'pos': 0.223, 'compound': 0.9811}",0.9811,0.223,0.015,0.762,positive
132,2024-06-23 00:19:43+00:00,4,"Was super excited to get a reservation for Tatiana but I do think the hype may have set too high of a bar. It was good and I think it's a fun place for a date/special occasion -- but I don't think you need to rush here/wait hours/buy a reservation. 

Tatiana has a fun vibe which definitely got us excited for the meal. The service wasn't the best though. Our waitress was a little rude to us (got sassy when i asked about their non-alcoholic drinks) and wasn't at attentive as she was to the table next to us. She wiped down their table, changed their plates/silverware and told them the specials -- but didn't do that for us.

Food-wise: There were some hits and some that were disappointing. We loved the oxtail and the cheesecake dessert. Definitely our favorites of the night. My husband and I were split on the curried goat patties and the dumplings -- I thought the patties were great but you have to get everything in one bite. The dumplings were just ok to me. 

The biggest disappointment was the pastrami suya. Katz's pastrami is wayyy better and jucier . The meat here was dry. The bread was nice and fluffy but I wish there were more of it (definitely not enough to make sandwiches with all the meat.)

Overall, would give Tatiana a smidge under 4 stars. Would recommend trying once but no need to hurry back or kill yourself trying to get a resy.",False,0,0,0,Tuanh D.,en,"{'neg': 0.185, 'neu': 0.641, 'pos': 0.174, 'compound': -0.8924}",-0.8924,0.174,0.185,0.641,negative
131,2024-06-25 03:03:11+00:00,5,"Tatiana was first brought to my attention by one of my friends - she had heard great things about it and really wanted to check it out. Trying new restaurants is kind of our thing, so when she suggested we go together it look little convincing to get me on board. This proved easier said than done, however, as Tatiana has been ranked first in NYT's list of best resaurants in NYC two years in a row. As such, there is much hype surrounding this restaurant and it's difficult to secure a reservation. After multiple attempts, my friend snagged a 5:15pm table on a Monday - and since there's never not a good night to go out to eat, we headed over after work. 

Tatiana is chef Kwame Onwuachi's ""love letter to New York City"", and as such incorporates elements of the cuisine he grew up on in the Bronx: Afro-Caribbean at its core with some city-specific flair (see: dessert). As if I wasn't excited already to dine here, him being from the Bronx only made my anticipation grow. Anyway, the restaurant is located in the heart of Lincoln Center - no really, it's located in David Geffen Hall; kinda hard to spot as the exterior blends into its surroundings, but not invisible. When we arrived we were greeted by a line of people waiting to get in, however these were walk-ins so we walked right in and were led to our table. I really liked the decor - there's a good amount of seating in relation to the size of the dining room, large windows to let light in, and subtle earth tones with accents throughout the space that really added to the aesthetics. 

Before anything, we started with drinks. We had two rounds - I started with the Pog Nutcracker and then had the Suntory Time. Both were delicious - super smooth with great flavor. As far as food, they don't have a large menu - there's only two sections and everything is meant to be shared (hence the section names ""Small Shares"" and ""Large Shares""). In line with what was described, the menu consists of mostly Afro-Caribbean fare that has been modernized/elevated. Our server suggested that we order two to three Small Shares and two Large Shares - so that's what we did. For smalls we got the curried goat patties, oxtail and crab rangoon, and honeynut piri piri salad. For larges, we got the shawarma roasted chicken and the short rib pastrami suya. 

So in general, all of the food was delicious. Before any of the food came, our server placed a sauce on the table and recommend we put it on everything. - I did dab it on a few things but was very sparse as it was quite spicy (it was good nonetheless). For our smalls, my favorite was by far were the curried goat patties; they had an interesting flavor and came with a really tasty sauce - I didn't expect to like them so much. The rangoon were the weakest IMO, and the salad was light with a refreshing flavor. 

Both of the mains we got were excellent; the chicken was liberally seasoned, had great flavor, and was paired with a generous helping of white and hot sauces. The dish also came with a side of turmeric lamb rice which was delicious. I'm still thinking about how juicy and well-seasoned that chicken was - mmmm yes. The short rib pastrami was awesome, one of the best dishes I've had in a long time. The meat was super super tender - like pull away with a fork tender, the red cabbage and sauce it was paired with were the perfect complements, and the caraway coco bread it came with was super soft. I'm going to be thinking about this dish for a long time - truly great stuff. 

Dessert is really where I saw more of the NYC vibes kick in - we decided to get two: the Bodega Special and the Icee Cart. The former is what I've seen splashed all over social media: his take on a cosmic brownie and powdered doughnuts. The brownie was rich (but not overly rich), but the real star were the doughnuts - which was in fact powdered doughnut-flavored ice cream. I was floored by this - I couldn't believe how close the flavor of the ice cream was to actual powdered doughnuts. Credit to Kwame and team for achieving this. The Icee Cart was a refreshing finish - mango sorbet, cherry granita, and vanilla curd. They were bold flavors that worked well together and contrasted the relative richness of the Bodega. Both desserts were super creative. 

Service was excellent; we were taken care of by Mio (not sure how to spell his name), who guided us through the menu and made sure we were taken care of. You would expect a restaurant of this caliber to be stuffy, but everyone was super chill and friendly. Overall, Tatiana was an excellent experience and worth the hype. Food, service, and atmosphere were all slammin' - the work to get a table here is definitely worth it.",True,6,3,6,Jason M.,en,"{'neg': 0.044, 'neu': 0.704, 'pos': 0.252, 'compound': 0.9997}",0.9997,0.252,0.044,0.704,positive
130,2024-06-29 18:58:29+00:00,5,"This was an excellent dining experience. From the moment we walked in until we walked out I had a great time.  We had a reservation for 5pm on Friday. We did not have to be seated. They do have you wait if your entire party has not arrived. 

We ordered the Oxtail and Crab Rangoon, the Curried Goat Empanadas and  Egusi Dumplings for appetizers. 
The Oxtail and Crab Rangoon were amazing. They had hints of the crab and oxtail. They were crispy with a creamy burst of filling. It was small 10/10. 
The Curried Goat Empanadas were delicious. Flaky crusts, gave way to tender curry goat filling. They were served with a mango chutney and green sauce.  Eaten either way 10/10. The Egusi Dumplings were ok, I mostly tasted the spice. 7/10. 
We ordered the Braised Oxtail, Short Rib Pastrami Suya and Shawarma Roasted Chicken. 
The Braised Oxtails are the star. They were succulent, tender, with a slightly sweet sauce served with glorious rice and peas. 10/10
The Short Rib Pastrami Suya comes with sliced pastrami, red cabbage and coco bread to cut into little sliders with a peanut sauce. It was also tender and packed many flavors that worked well together. 9/10
The Shawarma Roasted Chicken was roasted just right. It was juicy and seasoned well. 8/10

For dessert we ordered the Harlem Chocolate Factory Cheesecake. It was very good, but not special. Tasted like regular cheesecake with a chocolate coating and caramel sauce. 6/10. 

The servers were attentive. Water glasses were always full and all requests were honored quickly. 

The ambiance was amazing. It is a beautiful open space layout. The music was great and loud, however, my table could hear each other when speaking.

It is a place to see and been seen, the evening we went we saw a famous comedian and an iconic basketball player's wife.",False,0,0,0,P R.,en,"{'neg': 0.048, 'neu': 0.751, 'pos': 0.201, 'compound': 0.9955}",0.9955,0.201,0.048,0.751,positive
129,2024-06-29 21:46:47+00:00,2,"The food here was very good; the mushroom entree and all the breads were delicious. 

But at a price point this high -- and it is extremely expensive-- the service should be impeccable. Instead it was inept, clueless and unhelpful from start to finish. One example: our server had no idea what was in the hummus, nor did he seem to understand our questions about how to make it vegetarian. (It was resolved but not after having an unfriendly, painful five minute conversation.) It's a small menu and there's no excuse to not know it from back to front, and if there are questions or concerns, you should approach those with an enthusiastic effort to help and a clear answer once you find out. The folks who brought the food could not be understood, both because of the noise level and their soft voices. None of them smiled once. 

For as much as we paid, the service should have been professional, friendly and beyond accommodating. It was none of that. I get better service at my local diner. Not going back.",False,0,0,0,E P.,en,"{'neg': 0.132, 'neu': 0.731, 'pos': 0.137, 'compound': -0.1971}",-0.1971,0.137,0.132,0.731,negative
128,2024-06-29 22:58:22+00:00,5,"Loved the okra, the music was fantastic, service was excellent. Highly recommend to anyone in the area.",False,0,0,0,Sarah A.,en,"{'neg': 0.0, 'neu': 0.482, 'pos': 0.518, 'compound': 0.9324}",0.9324,0.518,0.0,0.482,positive
127,2024-06-30 15:39:42+00:00,3,"We came on a Saturday night at 5 (with reservations). Note: there is a separate line for diners who have reservations. The hostess was extremely friendly. Our waitress was Beatrice who was very patient and provided helpful recommendations. The food.... was subpar. Lacking in flavor in ways I cannot explain. I wish I had a better experience but unfortunately I cannot subscribe to the hype. As mentioned in other posts, the price point is not justified.",False,0,0,0,Lillian H.,en,"{'neg': 0.099, 'neu': 0.808, 'pos': 0.093, 'compound': -0.1329}",-0.1329,0.093,0.099,0.808,negative
126,2024-07-02 22:59:34+00:00,5,"It was my wife birthday & we had an elegant time .The restaurant decor was amazing , the atmosphere was priceless , music  was definitely on point . As for the food it was amazing , nice texture , delicious spices and me and my wife will definitely visit this  establishment again . My wife love the drinks which was hitting and I must say the kitchen smell was off the radar",False,0,0,0,Jose A.,en,"{'neg': 0.0, 'neu': 0.633, 'pos': 0.367, 'compound': 0.9876}",0.9876,0.367,0.0,0.633,positive
125,2024-07-04 15:01:44+00:00,5,"If you love spice & spicy food, this place is for you. The amount of flavor in each dish is amazing. Make sure to ask for their house sauce if you LOVE hot sauce. The desserts here are to die for - tbh I'm not a big dessert person but the desserts here changed my mind. 

Great food, great service, great ambiance",True,1,1,1,Niab S.,en,"{'neg': 0.031, 'neu': 0.637, 'pos': 0.332, 'compound': 0.9779}",0.9779,0.332,0.031,0.637,positive
124,2024-07-05 03:02:45+00:00,5,"My son who lives in NY was able to get us a 5:15 PM reservation on a Friday. The ambiance had a nice cool vibe. The service was great in all aspects. we had no issues and everyone from our server to the managers was friendly and helpful. I saw reviews that said the music was too loud but I guess they addressed that by the time we went. 

The food was very good. we had the curry goat patties, the oxtail and crab rangoon, short rib pastrami, braised oxtails and fried branzino. The curry goat patties were perfectly flavored. There's 3 to an order. the rangoon was good but it's a pretty small bite. we all had one each. the short rib pastrami and fried branzino were amazing. the pastrami was so tender and melts in your moth. some of the best beef I've ever had. The branzino was delicious. perfectly cooked. there is a sauce on it I would opt to get on the side next time. I wasn't a huge fan of the oxtails. everybody else at the table liked them.

All in all Tatiana lived up to the hype.",False,0,0,0,Reg S.,en,"{'neg': 0.049, 'neu': 0.667, 'pos': 0.284, 'compound': 0.9965}",0.9965,0.284,0.049,0.667,positive
123,2024-07-06 02:40:20+00:00,4,"spontaneously got a reservation for 4 on a friday which was very clutch - thanks tatiana team and resy for making it happen! after hearing so many good things we needed to try

came at 5:30pm on a saturday and it was decently crowded. the music was a little too loud where it was hard to hear your own voice unfortunately. 

food wise - everything was so delicious and amazing. we got a ton of stuff to share: the egusi dumplings, curry puff with goat, pastrami, and cosmic brownie. our waitress did a poor job of explaining the portions - so we were a group of 4 but all small plates came with three items. even the waitress said she recommends to share but like - with small portions? didnt like that

otherwise the food was SOO good omg. the flavors were there and the quality was stunning. i loved everything - the dumplings were saucy, the curry puffs were savory and juicy with the meat, and the pastrami was also juicy. the chef came out to explain to us how to eat the pastrami and whats recommended and the actual flavors the food is made of. so good and so cool!! 

the cosmic brownie was a fun icing on the cake. it was a friends bday and i was shocked they disnt comp the dessert since a restaurant like this has nothing to lose but it is what it is

would totally recommend and come back",True,2,1,2,Annika K.,en,"{'neg': 0.07, 'neu': 0.637, 'pos': 0.293, 'compound': 0.9973}",0.9973,0.293,0.07,0.637,positive
122,2024-07-07 22:37:47+00:00,4,"Great location, interior vibe and ambiance is classy and immaculate. I walked in without a reservation and was able to get seated about 1.5hrs later which is no surprise for a place like this where reservations are highly recommended. I got the curried goat patties which were cooked to perfection. Meat was full of flavor and the mango chutney was to die for. I also got the non alcoholic beverage with orange, passion, and guava which paired perfectly with all the dishes. To finish of the night, i got the bodega desert which consisted of a house made cosmic brownie and ice cream donuts. Presentation was great but the taste of the brownie was a little over cooked. Service was great as waiters would check on you in a timely manner. Overall this place cost a about a $100. I would come back here again if celebrating something but its not my top choice.",False,0,0,0,Erik B.,en,"{'neg': 0.036, 'neu': 0.783, 'pos': 0.181, 'compound': 0.9706}",0.9706,0.181,0.036,0.783,positive
121,2024-07-08 16:36:53+00:00,5,"Is this place worth the hype, Yes. I'll be honest, getting a reservation was not easy and it's not cheap either. But I very much enjoyed my meal and the ambience. Ordered the crispy okra and the curried goat patties. My first impression was how flavorful the spices were in both these dishes.  For entrees we shared the infamous short rib pastrami suya, it was the best pastrami sandwich ever. Then the Braised oxtail which was even better, this was my favorite dish of the night. The sticky sauce and the tender meat was out of this world delicious!!! Finished off with the Instagram worthy ""Bodega Special"" The faux doughnut, actually made out of ice cream and the decedent brownie were both very delicious. Lastly we tried all 3 Jello shots. I don't really love the texture of Jello but decided to try them anyways. The texture I still didn't love, but the sophisticated flavors with herbs and fruit made it worth while.
Overall great meal, I can't wait to try this place again, if we can get another reservations, hahahaha!",True,1,0,1,Kami S.,en,"{'neg': 0.051, 'neu': 0.585, 'pos': 0.364, 'compound': 0.9982}",0.9982,0.364,0.051,0.585,positive
120,2024-07-12 00:22:56+00:00,5,"Pretty unique restaurant with flavors I am personally unfamiliar with. If you are interested in trying new flavor palettes or if you're familiar with Afro-Caribbean dishes, this place is the way to go!

We got the curried goat patties to start and the patties were STUFFED. The patty itself was super crispy and flaky, and the goat filling was so juicy and tender. This does have a hint of game if you are not a fan, but worth getting.

The egusi dumplings were good but quite pricey for the portion. We got three dumplings for around $20.

We then got the braised oxtail (my favorite dish) and it came with a side of rice. The sauce was HEAVEN and the meat fell off the bone. We mixed it with the rice and it was so good.

We got the pastrami suya which actually was my least favorite because 1. super pricey and 2. kinda dry even with the sauce that came with it. I would skip this dish.

We then got cosmic brownies and it paired well with the doughnut ice cream. The ice cream tasted exactly like the powdered doughnuts and is reminiscent of my childhood.

Definitely unique flavors and I would go back",True,0,0,0,Amber C.,en,"{'neg': 0.092, 'neu': 0.701, 'pos': 0.206, 'compound': 0.983}",0.983,0.206,0.092,0.701,positive
119,2024-07-13 13:30:01+00:00,5,"Phenomenal!!!!! I see why it's the best restaurant in NYC AND why people stand in line for it. My friend snagged a reservation, so I had to go.

For the appetizers, we had the egusi dumplings, curried goat patties, oxtail and crab Rangoon, tuna kifto, and piri piri salad.

The salad was cool but it was more of a concept of a salad. But the oxtail and crab Rangoon almost made me cry with how good it was. Same with the curried goat patties and egusi dumplings. He's done a really great job at fusing cultures.

The short rib suya?!?!? I closed my eyes. It melts in your mouth. 12/10. We also had the bodega special, and it's so cool how he makes the ice cream into donuts. My favorite was the cheesecake.

I can't wait to go back!",True,0,0,1,Renee C.,en,"{'neg': 0.04, 'neu': 0.755, 'pos': 0.204, 'compound': 0.9814}",0.9814,0.204,0.04,0.755,positive
118,2024-07-14 01:33:07+00:00,3,"For NYT's #1 spot in NYC - this place fell SHORT. Or NYT is going to crap; both are probably true

Was lucky to only have waited an hour for a walk-in, but would not re-visit even if a reservation fell into my lap. Didn't find anything to be upset about with the food, but also was not really impressed with any dish. Felt that the flavors were largely muted and the restaurant was afraid to make any bold statements on anything. Prices are typical of fine dining, but imo there are lots of other fine dining places to either 1) come out feeling more full; 2) feel like the chef taught you something new regarding flavor profiles, cuisines, etc; 3) any of the above. Alternatively - go to any one of the hundreds of non-fine dining restaurants and actually have a better time. 

Candidly, my experience was also colored by really rude service. Completely deadpan attitude; didn't write down our orders and ended up having to come back twice to clarify; noticeable change in behavior and attitude if we didn't order enough food, drinks, or refused dessert ($20 for a Little Debbie's brownie - was I being pranked?). Came around when we had 2 bites left in the short rib dish to ask 'why we weren't using the bread and making a sandwich out of the meat as the chef intended'...probably because no one actually bothered to tell us that.

Ignoring that, this would still only be a 7.5/10, 8 on a generous day. Don't waste your time or money if you care about either. If you don't, keep refreshing those Resy's just to tell everyone that you've been to the top restaurant in NYC.",False,0,0,0,Haotian L.,en,"{'neg': 0.168, 'neu': 0.743, 'pos': 0.089, 'compound': -0.9881}",-0.9881,0.089,0.168,0.743,negative
117,2024-07-15 09:59:09+00:00,3,"Three of us tried to get a reservation as soon as they opened to no avail.  So it being a Saturday, we decided to get there 2 hours prior to opening., we were first in line and knew that they will not seat parties greater than 2 at the bar.  That said, when the walk in line was finally allowed in, we were made to wait an additional 10 minutes while parties behind us in line were allowed in.  When we finally were seated on the patio, I failed to understand why we were made to wait that additional time when we obviously were going to be seated out there from the beginning.  And, having waited the two hours with an immobilizer boot on, it would have been nice to be seated in a timely manner. The service was excellent and the food and drinks great but be prepared for  entrees with hefty prices with small portion size not warranting them.  One experience is enough",False,0,0,0,Laurie E. D.,en,"{'neg': 0.106, 'neu': 0.842, 'pos': 0.052, 'compound': -0.8081}",-0.8081,0.052,0.106,0.842,negative
116,2024-07-17 17:11:12+00:00,5,The food is absolutely amazing. You can't go wrong with anything that you choose. The service was excellent. The vibe is very cool with music playing overhead. I HIGHLY recommend and it will exceed your expectations.,False,0,0,0,Tara H.,en,"{'neg': 0.0, 'neu': 0.614, 'pos': 0.386, 'compound': 0.9536}",0.9536,0.386,0.0,0.614,positive
115,2024-07-17 18:37:44+00:00,4,"Food and service were pretty good overall. I definitely prefer the appetizers more than the entrees. I love the music they were playing - good 90s and early 2000s throwbacks. I would go again to try the other dish. 

Appetizer/Small Plates Ordered: 
- Crispy Okra 
- Egusi Dumplings
- Curry Lamb Patties

Large/entrees 
- Braised oxtails - giant oxtails; super tender 
- Short Rib Pastrami Suya- good but nothing special. I wouldn't get it again (imo slightly overpriced) 

Dessert
- Bodega Special - great way to end the meal",False,0,0,0,Jen Z.,en,"{'neg': 0.042, 'neu': 0.639, 'pos': 0.319, 'compound': 0.9748}",0.9748,0.319,0.042,0.639,positive
114,2024-07-18 21:45:51+00:00,3,"You know how airport food has a big disconnect with the prices they charge and the food's quality? That's Tatiana, except Tatiana takes the cake.  

Make no mistake though, the food is indeed good. But at $50+ on average for a main and $20+ for an appetizer, I expected better and thought I would learn something new. Furthermore, service was shockingly bad and inconsistent. We had some wait staff that were cordial, but our primary waitress gave us an attitude straight from the start. 

I would happily pay up if the food was really out of this world, but at the current quality of food and service Tatiana does not deserve its price point and the hype. I probably would only go back if I were starving or forced to - just like with airport vendors.",False,0,0,0,Ester L.,en,"{'neg': 0.243, 'neu': 0.662, 'pos': 0.095, 'compound': -0.982}",-0.982,0.095,0.243,0.662,negative
113,2024-07-19 02:38:11+00:00,5,"Had the pleasure of dining at Tatiana's a few days ago for my husband's birthday! He was looking forward to trying one of their signature dishes- the infamous oxtails! This restaurant didn't disappoint! There were so many delicious items on the menu that making choices was difficult! The oxtail patties are a must as well as the pastrami- so many dishes to try and enjoy, and the cocktails didn't disappoint! The restaurant has a lot of energy and the buzz was positive. Special thank you to the manager Jake Myers whose professionalism made the evening that more special! Tatiana is a must if you are seeking a Caribean/African experience in New York City!!",False,0,0,0,Sandra M. B.,en,"{'neg': 0.019, 'neu': 0.715, 'pos': 0.267, 'compound': 0.9865}",0.9865,0.267,0.019,0.715,positive
112,2024-07-20 21:28:22+00:00,4,"First time at this highly hyped hot new-ish restaurant. Short version - definitely worth the visit.
Long version: Is it, in fact, the best restaurant in NYC?  I mean that's a really tough judgment to make - there are so many really fabulous spots. This is up there among the top tier though for sure. Our server was super nice, friendly, eager to offer  advice. Service was a little on the slower side though. We probably would have ordered a couple more drinks if we were checked on a little more - by the time we were checked on, it was a little too late in the meal for us to embark on another round. Our second app took a long long time to come out - long enough that we started to so wonder if there was a mix up.  But those were small things - and the main reason we were there (the food) was overall exceptional. We got the goat patties and the rangoon, both which were unbelievably delicious (close your eyes and savor kind of delicious.) Well balanced flavors, tender filling in the patties which were literally melt in your mouth. Oxtails for dinner equally a must order, fall off the bone tender and seasoned impeccably. The cheesecake for dessert was a great finish. Shrimp was a bit of a miss unfortunately, slightly overcooked so not as succulent as I had hoped. The sauce though was excellent. For two people, they advise 2 apps, and 2 mains, but I think with a heavier main like the oxtails, one main , 2 apps, 1 dessert is perfect. Now to the really important info: Because I did an extensive Google search with really confusing and contradictory info, on how to actually get to eat here given how difficult it is to get a res, I'm sharing my hard researched info to hopefully help others to get to experience this fabulous meal.
Sent hubs to stand in line for a Friday res. He got there around 4:15 pm, there were about 30 people in front of him. At 5 pm, someone from the restaurant took the first 10 or so people in for immediate seating. There was about a 20 minute pause where nothing happened (presumably because they were getting everyone settled and their actual reservations seated. Then someone came out again and started handing out time slots to come back for either bar or outdoor seating (you don't get to choose, it's whatever is open.) With the 30 people in front of him (less parties since he said he was the only person who came alone for the line (sorry!!!) he was given a time at 5:45 of 7-7:45 to come back. So any time during that slot. We came back at 7:30 and were seated within 5-10 minutes at the bar (the people in front of him got the patio - so just chance where you end up.)  So yes, super hard to get a reservation, but definitely doable to come and eat here if you want to. 
Overall a great place, will be a place we return even with the extra effort required.",True,0,0,0,Mona N.,en,"{'neg': 0.098, 'neu': 0.716, 'pos': 0.186, 'compound': 0.9956}",0.9956,0.186,0.098,0.716,positive
111,2024-07-21 03:31:20+00:00,5,"This restaurant was phenomenal . The service was impeccable, the vibes were chill and the food was out of this world. Everything was made to perfection. The curry goat patties the oxtail and crab appetizers oh so good. The braised oxtail was delightful, the curry crab was delish and the pastrami was butter soft. The bodega brownie and rum cake delish. Ate too much. Definitely have to go running tomorrow. A 5 star review from me and my fam today.",False,0,0,0,Denise K.,en,"{'neg': 0.0, 'neu': 0.84, 'pos': 0.16, 'compound': 0.9318}",0.9318,0.16,0.0,0.84,positive
110,2024-07-23 17:03:47+00:00,2,"Very underwhelming food for a place that is named the ""best restaurant in NYC"". I waited ~40 minutes in line prior to opening, and we got seated in the first round (but still around 5:20pm, as they stagger seatings). A little bit before opening, a server comes out to offer POG juice to all those waiting in line, which was much appreciated in the humid NYC summer heat.

We ordered the egusi dumpling, curried goat patties, braised oxtails, and short rib pastrami suya to share for the two of us. Honestly the concept of all these dishes is inventive and unique, but they all just seemed to miss. 

1. The egusi dumpling tasted somewhat raw. 
2. The curried goat patties were good but nothing special. 
3. The braised oxtails were probably out favorite dish but the presentation of this caught us off guard - why would you serve this in a huge crockpot and only fill half of the pot with oxtails and five pieces of vegetables? And the sauce was overly sticky which created a slightly burnt taste on the oxtails. 
4. Short rib pastrami suya was our least favorite. Everything about this dish was too salty, and the bread was weirdly sweet and not soft. 

We had originally wanted to order their dessert, but we were too full, and also too disappointed to want to try. 

Obviously this is NYC's top restaurant so I would still recommend giving it a shot, but we were pretty underwhelmed.",True,0,0,0,Annie L.,en,"{'neg': 0.132, 'neu': 0.711, 'pos': 0.157, 'compound': -0.3916}",-0.3916,0.157,0.132,0.711,negative
109,2024-07-26 19:12:08+00:00,4,"*Experience: We were able to get last minute reservations for a party of 5 and was seated immediately upon arrival. The ambiance of the restaurant was relaxing and the music selection was great! Servers were attentive and friendly. 

*Food: We ordered - 
- Rainbow jelly shots - very pretty with gold dust and fun. But not a ""to-die for"" item. 

Small shares 
- egusi dumplings
- crispy okra  
- black bean hummus 
- curry goat patties: these were basically empanadas 

Large shares 
- take-out mushrooms - my vegetarian friend loved this. Good variety of mushroom selection. 
- short rib pastrami suya: definitely the highlight of the meal where everything just melts in your mouth! 
- brown stew chicken; very juicy chicken that we basically packed to go. My friend reheated it the next day and the quality was still there! 

Dessert: 
- Bodega Special 
- black coffee: really good quality brewed coffee!",True,0,0,0,Chi L.,en,"{'neg': 0.071, 'neu': 0.581, 'pos': 0.348, 'compound': 0.9949}",0.9949,0.348,0.071,0.581,positive
108,2024-07-27 23:50:48+00:00,4,"I thought the food was overall good, but not great.

I was surprised to hear this restaurant is called the best in NYC. I thought all the food was good, but I didn't love anything. We waited in line for the bar/outdoor patio seating so I'll start with our experience doing that.

We got in line at 4:30 p.m. on a Tuesday. There were about 15 people in line in front of us. Luckily we heard the outdoor patio was open, because that gives many more walk up spots. We should have been a party of three or four (we were a party of 2), because they kept asking for parties of 3-4. After every single party of 3-4 in the line was seated they opened up some of those bigger tables to a party of 2 (like us). We got really lucky we were one of the last couple of tables seated before they started taking names and telling people to come back at 6:45 p.m. I had just waited in line for Torissi and they text you when your spot is almost ready. Not here, they just tell you to come back.

We were seated at 5:30 p.m. and were super lucky to get an indoor table (that seated 4). They said we would need to be done by 8 p.m. I laughed and made a comment about how we would definitely be done by then. I was wrong, we left at 8 p.m. The service ended up being very slow and weirdly paced, but I'll get to that later.

This is what we got:

Egusi Dumpling - I thought it was good, but not great.
Curried Goat Patties - this was one of my favorite small plates. It was bursting with flavor, the crust was flakey and the goat was tender.
Oxtail Rangoon - I thought it was good, but again wasn't wowed. There were four to a plate and I ate one and gave the other three to my sister.

After this we waited for about half an hour before we got our large dish, the Braised Oxtails. I watched another table finish their large dish before ours came. It was bizarre since we put in the entire order at once. 

Braised Oxtails - absolutely delicious. The meat was fall off the bone. This was my favorite dish of the night. However, I get oxtail at a Jamaican restaurant near me for about 1/4 of the price so it's hard to say that this dish is worth the $58. However, I have noticed that everything is more expensive in NYC.

Then for dessert we got the Cosmic Brownie. The actual brownie was just ok, but the powdered sugar donut ice cream is amazing. It's more of a mind blowing trick than anything. It tastes exactly like a sugar donut. 

My sister got three drinks so our total came out to $278 with tax and tip. It was good, but I don't think it's the number 1 restaurant in NYC. I wouldn't stop someone from trying it out though for themselves. 

The decor is beautiful. I like the purple lights and the gold chains that are hanging. Also the people working the hostess stand are extremely friendly, so A+ for first impressions.",True,4,0,3,Christina G.,en,"{'neg': 0.098, 'neu': 0.708, 'pos': 0.195, 'compound': 0.9966}",0.9966,0.195,0.098,0.708,positive
107,2024-08-01 00:47:54+00:00,3,"My rating for Tatiana's is really based on context- the hype, the reservations being taken by bots and not being able to get one (not sure why the restaurant isn't doing anything about this) and also the fact they wont put you on a list and text if a table is open, you just have to come back. l had really high expectations and although some of the food truly was unique, the end result left me wanting more and feeling a bit disappointed. The ambiance is really cute, the service is very nice, and the goat patties and oxtail were truly good, but other than that the food was just okay. The crispy okra was way too salty and I had a lot of hope for the Debbie brownie since I grew up with it but I felt let down in the taste of that as well. id recommend if you want to really try something new and unique, but otherwise i would not go again",False,0,0,0,Qurratul A.,en,"{'neg': 0.075, 'neu': 0.766, 'pos': 0.159, 'compound': 0.8684}",0.8684,0.159,0.075,0.766,positive
106,2024-08-02 20:57:42+00:00,5,"Tatiana has been on my list of places to go for a while and it was amazing. It was definitely different walking through Lincoln Center but the ambiance was fantastic as my group was seated in a little alcove room. We ordered mostly what was recommended and nothing felt disappointing. Even some of the apps were things I'd want to eat every day. It's on the pricier end but definitely go for the experience.

Also a shoutout to the great service and for the team texting me that a reservation opened up!",True,0,0,0,Amanda W.,en,"{'neg': 0.0, 'neu': 0.743, 'pos': 0.257, 'compound': 0.9813}",0.9813,0.257,0.0,0.743,positive
105,2024-08-03 03:52:55+00:00,5,"I can't even begin to describe this dining experience! Honestly, it was the ULTIMATE DINING EXPERIENCE! As you can see by the pictures that we tried almost half the menu, if not more! Each dish had its own vibe. The menu felt like home cooked meals if that makes sense. Our server was TOP NOTCH! He was engaging and beyond kind. He made sure we had everything we wanted and needed. If you're able to secure a reservation at this venue (which takes a bit of work but worth it!), make sure you come ready to be blown away. 10/10 recommend",True,0,0,0,Tiyenne G.,en,"{'neg': 0.0, 'neu': 0.772, 'pos': 0.228, 'compound': 0.9671}",0.9671,0.228,0.0,0.772,positive
104,2024-08-04 07:02:21+00:00,5,"This place was amazing, the food was incredible, so much flavor, the vibe was immaculate, although hard to get a reservation and the people and workers were super nice and attentive. I felt like i couldn't complain about a single thing, it was that good. Must stop while in NY",True,1,1,2,Jade B.,en,"{'neg': 0.057, 'neu': 0.585, 'pos': 0.358, 'compound': 0.9638}",0.9638,0.358,0.057,0.585,positive
103,2024-08-04 18:49:34+00:00,3,"Finally snagged a resy after months of failed attempts. I'd give this place 3.5 stars. The food was good, but tbh a bit overpriced and I'm not fond of items ordered coming out as they are ready, instead of the same time. Glad I was able to dine, but I probably won't be back.",False,0,0,0,Mitasia W.,en,"{'neg': 0.205, 'neu': 0.657, 'pos': 0.137, 'compound': -0.7621}",-0.7621,0.137,0.205,0.657,negative
102,2024-08-12 01:39:19+00:00,5,"I can see why this reservation is so incredibly difficult to get.  The ambiance is very hip but still elegant-not stuffy at all.  The service is superbly attentive/friendly and even goes out of their way to accommodate any time constraints you may have later in the evening.  The star--of course--is the food itself.  For small plates, the Egusi dumplings were an incredible first bite to start the night off with, I strongly recommend this option although you really can't go wrong with anything on the menu.  However; believe me (and everyone else in the reviews), you simply must try the short rib pastrami suya.  It is their poster card dish for a reason and arguably one of the best bites NYC has to offer!",True,0,0,0,Chris S.,en,"{'neg': 0.119, 'neu': 0.774, 'pos': 0.107, 'compound': -0.2146}",-0.2146,0.107,0.119,0.774,negative
101,2024-08-12 20:34:02+00:00,4,"Great contemporary Nigerian food. Was not easy to get a res when we went but got the details on TikTok. Dope crowd and vibe. The actual place looks like an airport lounge but once the lights dim, the vibe is better. The goat patties were sooo good. Super inventive menu. But very expensive.",False,0,0,0,Asa A.,en,"{'neg': 0.125, 'neu': 0.617, 'pos': 0.258, 'compound': 0.866}",0.866,0.258,0.125,0.617,positive
100,2024-08-16 23:04:32+00:00,5,"Tatiana by Kwame Onwuachi was fire hit after fire hit. The ambiance was really nice, even when you take yourself on a solo date. The restroom was pretty bumpin' with the music blasting in there. Service was on point. Kiyah hooked me up with a bar seat. Definitely knew how to seat well to ensure that everyone on the walk in line would be able to snag a table and not wait too long. Christian was a fabulous bartender, came in with solid drinks and solid food recs. He's right, don't sleep on the rum cake.
I had the crab and oxtail rangoons. Great filling and crispy. For my large plate, I did the short rib pastrami. SO.FREAKING.GOOD. very tender and flavorful. And the caraway coco bread..mmHmm.
Definitely would go back again.",False,0,0,0,Al V.,en,"{'neg': 0.03, 'neu': 0.672, 'pos': 0.298, 'compound': 0.9921}",0.9921,0.298,0.03,0.672,positive
99,2024-08-18 22:18:50+00:00,5,"The experience here is nothing short of exceptional. We started with the crispy okra, curried goat patties, and black bean hummus. Each dish was a delightful fusion of flavors. For the mains, we indulged in the braised oxtails, short rib pastrami suya, and mom dukes shrimp. The braised oxtails were incredibly tender and flavorful. The short rib pastrami suya, was a melt-in-your-mouth experience.

Tatiana's menu is eclectic, innovative, and packed with bold, tasty flavors. Chef Kwame's creative flair shines through in every dish, making this spot an absolute must-visit. The food here is all the raves, and rightly so--it's a delicious journey that you'll want to take again and again!",False,0,0,0,Allie A.,en,"{'neg': 0.0, 'neu': 0.701, 'pos': 0.299, 'compound': 0.9925}",0.9925,0.299,0.0,0.701,positive
98,2024-08-20 02:00:05+00:00,5,"Had the pleasure of dining at this wonderful restaurant on our vacation with my cousin.  It was a Tuesday night but inside it felt like a Saturday evening.  The food, staff and ambiance were amazing!  The host greeted us upon arrival and thanked us when we left.  The GM was simply the best.  The execution of the food was spot on.  My only regret we didn't have room for dessert.",False,0,0,0,Monique H.,en,"{'neg': 0.131, 'neu': 0.606, 'pos': 0.263, 'compound': 0.8773}",0.8773,0.263,0.131,0.606,positive
97,2024-08-21 00:07:38+00:00,4,"The food at Tatiana did not disappoint. And I'm pleased/relieved, considering how hyped -- overhyped -- this place is. We had the pastrami dish, which was incredible -- an homage to the pastrami sandwich. The meat itself was so tender. But I really loved the cabbage, and perhaps ""best red cabbage I've ever eaten"" doesn't sound like much, but it's true (and I have eaten a lot of cabbage). My other favorite was the curried goat patties -- beautiful pastry here, and delicious filing. I also loved the chutney that accompanied it. Husband loved the crab Rangoon. He's a huge fan of the ""traditional"" (cough) version, and I wasn't sure what he'd think of the changes to the dish -- the oxtail, the heat. He wasn't sure after eating one, but after the second one, he was duly impressed. We also had the dumplings, as well as the okra -- both dishes were good and surprising in their own way, but not earth-shattering as the other dishes. Unfortunately, after the first couple of small dishes, it took forever for the rest of the food to come out, which really threw off the rhythm of the meal. But service was otherwise solid. 

And dessert. Wow. We went with the bodega brownie and the powdered sugar donut ice cream, the latter was pretty Proustian as it absolutely conjured tons of memories of being a little girl eating those (terrible! Delicious!) little hostess donuts.

For what it's worth, I'd struggled to get a reservation for this place but happened to check around 3pm on Resy and a spot was available. I didn't get a notice (even though I'd asked to be notified of openings), so don't give up refreshing the page, I guess. In the end, it's worth it.",True,0,0,0,Audrey W.,en,"{'neg': 0.057, 'neu': 0.703, 'pos': 0.24, 'compound': 0.9973}",0.9973,0.24,0.057,0.703,positive
96,2024-08-22 20:13:31+00:00,5,I've been trying to get reservations for Tatiana's for a few months now and found myself researching how I could get to experience the food. My friend and I decided to take our chances and walk-in. We arrived at 4:45 (restaurant opens at 5) and approx. 20 ppl were ahead of us. We got lucky and were seated in the dining area instead of outdoors on the patio by 545. The ambiance is very nice and the customer service was on point. We had no complaints about any of the food options we chose. The food was delicious and I'd definitely visit again.,False,0,0,0,Nik N.,en,"{'neg': 0.042, 'neu': 0.783, 'pos': 0.175, 'compound': 0.9493}",0.9493,0.175,0.042,0.783,positive
95,2024-08-26 17:35:26+00:00,5,"I've been here twice now and each time has been fantastic! The food is still fabulous, it doesn't take too long to get in. We sat outside this time and was on a Tuesday. Love the garden, felt like you weren't in NYC.",True,1,0,1,Ashley B.,en,"{'neg': 0.0, 'neu': 0.673, 'pos': 0.327, 'compound': 0.9581}",0.9581,0.327,0.0,0.673,positive
94,2024-08-28 16:20:48+00:00,5,"What amazed us by our experience, was apart from how flavorful the food was, the friendliness and professionalism of the staff. From hostess Darnelle who effortlessly accommodated our large group of 6 gregarious adults and one happy baby. Waiter Neo was amazing! He was flawlessly professional! At one point I asked him if he was an actor he was so good! We shared all our dishes (sorry for the lack of pictures): we had the CURRIED GOAT PATTIES, BLACK BEAN HUMMUS, SHORT RIB PASTRAMI SUYA, FRIED BRANZINO, SHAWARMA ROASTED CHICKEN AND THE BRAISED OXTAILS!!!! The portions were all plentiful for us all to try and we were stuffed at the end! We tried the cheesecake which was a bit too decadent and rich for us and the brownie which was delicious. The presentation of the dishes fed our eyes before our stomachs and I loved how Neo perfectly pronounced the African ingredients. Neo was a rockstar. We sat outside on the patio and were immersed in the opera music from the Lincoln center which led to the magical ambiance of the evening. We are new parents who don't get out much so this was a pure treat for us.  All in all, a joyous and memorable experience.",False,0,0,0,Gee B.,en,"{'neg': 0.01, 'neu': 0.768, 'pos': 0.222, 'compound': 0.9949}",0.9949,0.222,0.01,0.768,positive
93,2024-08-31 23:40:34+00:00,5,"Tatiana has a Michelin star for a reason. I can confidently say that this was one of the best meals I've ever had in my entire life. 

I still think about the okra on a weekly basis. This is a must have must try 11/10. 

Everything was curated with so much thought and culinary expertise. I would eat everything on the menu if I could. If you can snag a reservation, this is the restaurant to go to. The dessert is insane. How does ice cream taste exactly like powdered donuts? A once in a lifetime experience. The restaurant itself is a little difficult to find since it's inside the Lincoln Center itself but it's a quaint space.",True,0,0,0,Jennifer S.,en,"{'neg': 0.031, 'neu': 0.91, 'pos': 0.058, 'compound': 0.4491}",0.4491,0.058,0.031,0.91,positive
92,2024-09-06 17:22:24+00:00,4,"Went during the week without a reservation and was able to be seated within 30 minutes. Ambiance was great, food was solid.",False,0,0,0,Sarah E.,en,"{'neg': 0.0, 'neu': 0.769, 'pos': 0.231, 'compound': 0.6908}",0.6908,0.231,0.0,0.769,positive
91,2024-09-07 11:45:33+00:00,5,"Wow. Just wow. From the cocktails to the food. Service is spot on, and shout out to the hostess that worked Friday night 9/6/24 you are really really good at your job and I hope your boss sees this and gives you a raise. Great music played all evening and not overly loud.  My wife and I split the follow - Curry Goat Patties A++, Cod and Cornbread A++++ and Braised Oxtails A+++. No wonders it's impossible to get into this place!",False,0,0,0,Jessie B.,en,"{'neg': 0.023, 'neu': 0.756, 'pos': 0.221, 'compound': 0.9616}",0.9616,0.221,0.023,0.756,positive
90,2024-09-08 15:05:41+00:00,5,"Always an amazing time!! I celebrated my birthday here with some friends visiting from Atlanta and we were all throughly impressed. Neo assisted us with our meal, and drink selections and he was spot on with every recommendation. Tatiana's is one of my favorite restaurants in the world and after this visit my friends understood why.",True,0,0,0,Stephanie G.,en,"{'neg': 0.0, 'neu': 0.706, 'pos': 0.294, 'compound': 0.9656}",0.9656,0.294,0.0,0.706,positive
89,2024-09-08 16:50:28+00:00,5,i'm thinking that the only way to get the best of the situation is to go to the restaurant and find out for yourself that the food is great and the people are happy to help you and the ambiance is there is romantic and i love it so much,False,0,0,0,Rose R.,en,"{'neg': 0.0, 'neu': 0.643, 'pos': 0.357, 'compound': 0.9774}",0.9774,0.357,0.0,0.643,positive
88,2024-09-21 13:52:49+00:00,4,"One of my girlfriends and I got together to get food and drinks. When we arrived we parked on the street nearby. We walked into a busy restaurant. It was kind of small but nice. We sat at the bar, and Christian was our server/bartender, and he was nice. I ordered the vodka martini, and it was good! My friend ordered Dusse Colada, and she enjoyed it. For food, she ordered the Fried Okra, Oxtail & Crab Rangoon, Curried King crab, and fried Branzino. I tasted it all, and I really enjoyed the Rangoon and and king crab. The branzino was ok, I didn't like the sauce too much. The place is pricey but all in all it was a good experience!",True,6,0,4,Desiree F.,en,"{'neg': 0.119, 'neu': 0.688, 'pos': 0.193, 'compound': 0.9016}",0.9016,0.193,0.119,0.688,positive
87,2024-09-27 01:29:08+00:00,5,"Tatiana truly isn't in need of any good reviews. I love this restaurant so much. I wish it was located in DC.  Everything on the menu is exceptional. Ambiance 10/10 and the music sets the tone.

Best items on the menu:
-Curried goat patties 
-Short rib pastrami 
-Braised Oxtail 
-Pri Pri salad 
-Mom Duke Shrimp",True,4,0,2,Cynthia J.,en,"{'neg': 0.0, 'neu': 0.736, 'pos': 0.264, 'compound': 0.953}",0.953,0.264,0.0,0.736,positive
86,2024-09-27 16:01:44+00:00,5,Of course Tatiana was amazing . We walked in on a Saturday afternoon. We waited for like 30mins and got seated at the bar . The goat patties and Bronzino were amazing . The wait staff was great and the drinks were hitting . I had two pina coladas and I'm still thinking about them . As a Caribbean person this food felt like home .Can't wait to go back !,False,0,0,0,Melissa M.,en,"{'neg': 0.086, 'neu': 0.698, 'pos': 0.216, 'compound': 0.8805}",0.8805,0.216,0.086,0.698,positive
85,2024-09-30 00:17:57+00:00,5,"A phenomenal restaurant. I don't think they have a bad thing on the menu. And I love that everything's sounds phenomenal. I was just happy to get a reservation, which is probably the biggest issue with this restaurant. It is still such a restaurant that it is very difficult to get a reservation.",False,0,0,0,Ty H.,en,"{'neg': 0.137, 'neu': 0.723, 'pos': 0.139, 'compound': 0.0276}",0.0276,0.139,0.137,0.723,neutral
84,2024-10-05 17:03:28+00:00,5,"4.5 stars for Tatiana. 

Tatiana lived up to the hype--it was excellent! We rarely venture to this area for dinner, so it was fun to get a change of scenery. We had a 7:30pm reservation, arrived on time, and waited about 15-20 minutes to be seated. The place was packed and full of energy. Total cost was around $350 including 20% tip.

Food - 4.5 stars.
The food was excellent, offering an imaginative and fun blend of flavors.  
- Starter 1: Egusi Dumplings (4 stars) - Fantastic flavor, but not overly creative.  
- Starter 2: Curried Goat Patties (5 stars) - Amazing balance of flavors with chutney and white sauce, not too goat-y.  
- Main 1: Short Rib Pastrami Suya (5 stars) - Fun dish, big portion! Best enjoyed by combining the short rib, slaw, and roll, especially with the hot sauce.
- Main 2: Braised Oxtails (4 stars) - Delicious but the sauce was a bit too sweet and thick for my taste.  
- Drinks: Cocktails (3.5 stars) - The Old Fashioned was mediocre, but the spicy margaritas were good, with a nice balance of sweet, salty, and a little kick.  
- Dessert: Jello Shots (4 stars) - Fun and visually appealing, though not much flavor.

Service - 4.0 stars.
The staff was professional if a bit cold. Our waiter was knowledgeable about the menu and struck a good balance between being attentive and letting us enjoy our meal. Overall, the service was solid.

Ambiance - 5.0 stars.
The interior was stunning with an upscale club-like vibe. We were seated near the perimeter, separated from the Lincoln Center crowd by ceiling-height chain curtains. The cool blue chandelier artwork added to the atmosphere, and the place was buzzing.",True,0,0,0,Eli W.,en,"{'neg': 0.066, 'neu': 0.676, 'pos': 0.258, 'compound': 0.997}",0.997,0.258,0.066,0.676,positive
83,2024-10-07 18:27:11+00:00,5,"Ambiance is great , with hip hop and upbeat tunes playing in a fun atmosphere. Food is different and great with African and Creole influences. The  short rib pastrami was fantastic as was the crab dumplings.Bodega doughnuts were also delicious!",False,0,0,0,William K.,en,"{'neg': 0.0, 'neu': 0.569, 'pos': 0.431, 'compound': 0.9781}",0.9781,0.431,0.0,0.569,positive
82,2024-10-13 03:35:49+00:00,5,"I was fascinated by all the buzz around Tatiana and was lucky enough to get a reservation for my birthday week. It did not disappoint. I looooooove food and sampling different flavor profiles and this place was so hip and fun and the perfect place to do this. The cocktails were very good. I had the spicy margarita and the nutcracker really loved the margarita. The service was great, people circling to keep water cups filled. Shae, our waitress was really great too, easy to find and readily available even though she looked like she had a lot of tables to look after. The atmosphere was clubby with loud music. 

The menu is small plates as apps and the large shares for entree to share or not to share. I like the idea of shared plates so I can easily sample dishes from my dinner companions, so that was really fun. The curry goat patties are to die for!!! Make sure to put the sauce and compote on it to get the full experience. The cod and corn cake was really good too. The dumpling were ok, would try something else if I get another chance to dine here. 

For large shares we had braised oxtail, crab with scallion pancake, short rib pastrami and the mom dukes shrimp. The highlight was the oxtail. The short rib pastrami was a little salty but combined with the pickled cabbage it was very good. The shrimp dish was heavenly and the brioche that it was served with was sooo good. 

We had to get the bodega special for dessert because everyone was commenting about it on reviews and it was such a ny-er name, it cracked us up. It was very good and fun. Very whimsical, elevated warm brownie with donut shaped ice cream. Eating both together in one bite was key for us. Unforgettable dinner!",False,0,0,0,K W.,en,"{'neg': 0.03, 'neu': 0.749, 'pos': 0.22, 'compound': 0.9953}",0.9953,0.22,0.03,0.749,positive
81,2024-10-14 01:37:14+00:00,5,"Gotta start with , Reservations are strongly recommended.

Chef Kwame Onwuachi draws on his West African roots and the flavors of his childhood in the Bronx and elsewhere on this menu with signature dishes like egusi dumplings, filled with crab and sea bass in a brick red sauce. The centerpiece--oxtail--arrives in a large pot with two glistening pieces resting in a thick sauce. Marinated for more than a day, and served with Thumbelina carrots and chayote squash along with rice and peas.

Beautiful interior that truly belongs at one on my favorite landmarks in NYC, Lincoln Center. 

Pro tip: Don't sleep on the short rib pastrami suya, oxtail,and curry goat patties.",True,4,1,4,Gerry S.,en,"{'neg': 0.011, 'neu': 0.85, 'pos': 0.139, 'compound': 0.9313}",0.9313,0.139,0.011,0.85,positive
80,2024-10-14 12:43:14+00:00,5,"Lucked out with a same-day reservation at an actually reasonable time (7:15 PM). While the pacing of our meal was weird, the food was amazing and I'd say it mostly lives up to the hype. Also, prepare to drop $$$.

I tried:
+ Dussé Colada cocktail - perfect 
+ Karaoke honeymoon - solid 
+ Egusi dumplings - great 
+ curried goat patties - so good, and the chutney is amazing 
+ Short rib pastrami suya - absolute best thing, must-order 
+ Braised oxtails - good but don't need again 
+ Bodega special - great the doughnut ice cream was uncanny. Tasted exactly like Donettes 

Re: weird pacing - our first appetizer (the parties) came within seconds of ordering, then it was over a half hour wait for the second app (dumplings). First entree came 10 mins later so suddenly we were rushing to eat everything. 

Otherwise no notes!",True,1,0,0,Gab G.,en,"{'neg': 0.121, 'neu': 0.668, 'pos': 0.211, 'compound': 0.8986}",0.8986,0.211,0.121,0.668,positive
79,2024-10-15 21:07:00+00:00,4,"A girlfriend and I snagged a 7:45 reservation last Wednesday night and I could not have been more excited. We had a little bit of difficulty finding the entrance to the restaurant but once inside it was smooth sailing. The main dining room has an almost clubby vibe to it that we really enjoyed. Our waiter for the evening was great but he did forget about my Mango allergy a couple of times and brought a mango jello shot at the end of dinner. Luckily I asked what the flavors were before popping one in my mouth! We made friends with the girls at the table next to us and ended up sharing a few dishes so we were able to try the following: 

Curried Goat Patties - Absolutely delicious, one of our favorite things
Crispy Okra - Good but not a must order
Hamachi Escovitch - This was a miss for us. The fish was sliced too thick and it was missing spice. 
Take Out Mushrooms - This was another miss for us and we both thought that the mushrooms were too sweet. 
Braised Oxtails - served as a stew. Very comforting and good.
Short Rib Pastrami - exactly as good as everyone says that it is. If you are from Texas, it is basically BBQ brisket. Very rich, very indulgent.

Overall we had a really fun time and enjoyed our meal, but there were two entire dishes that we disliked enough that we only took one bite so I can't give it that 5th star.",True,0,0,0,Maggie J.,en,"{'neg': 0.046, 'neu': 0.694, 'pos': 0.261, 'compound': 0.9976}",0.9976,0.261,0.046,0.694,positive
78,2024-10-16 17:49:12+00:00,5,"Tatiana was worth the wait for resy's. The ambiance and service were effortlessly elegant and down to the last detail perfect. Having said that, nothing was better than the food. My top recommendations are the crab and oxtail rangoons, and the tuna for starters. I had the chicken shwarma as my entree - the best chicken over rice I have ever had!",False,0,0,0,Julia G.,en,"{'neg': 0.077, 'neu': 0.692, 'pos': 0.23, 'compound': 0.9097}",0.9097,0.23,0.077,0.692,positive
77,2024-10-17 12:57:11+00:00,5,"What a culinary gem! The flavors are simply amazing, showcasing vibrant dishes that tantalize the palate. Our servers Cristiano & Monica were welcoming and attentive to detail. We also had Amy advise us on a splendid delicious wine that paired with every single bite. The ambience was very fun and dim. Perfect for a date night. Loved the music as well. A delightful dining experience that leaves you craving more! Will definitely come back.",True,1,0,1,Stephany G.,en,"{'neg': 0.0, 'neu': 0.544, 'pos': 0.456, 'compound': 0.9942}",0.9942,0.456,0.0,0.544,positive
76,2024-10-20 04:03:14+00:00,4,"Trying to get a reservation here is a mess...I'm sorry but I just have to start off by mentioning that. I stopped by after work on a Wednesday evening around 5:30 without a reservation and asked for a seat at the bar. It was JUMPING at that time to my surprise..like wow. I was put on the waiting list and was told it could be up to a 2hr wait..but I knew what I was getting myself into so that was fine. I left and returned about a hour and a half later and was seated at the bar. I started off with their margarita and it was strong.. which we love. Next were the goat meat patties..10/10.. especially with the scotch bonnet pepper they have. I next got the ox tail.. the pieces were huge but that was just an 8/10 for me. Finally for dessert.. the powdered donuts and cosmic brownie shouldn't be skipped 10/10. One particular bartender was super kind, attentive and made the experience great. The music and overall vibe of the restaurant was solid. My suggestion when coming here is come during the week when it first opens. Good luck",True,1,0,1,Melissa S.,en,"{'neg': 0.036, 'neu': 0.756, 'pos': 0.208, 'compound': 0.9922}",0.9922,0.208,0.036,0.756,positive
75,2024-10-23 02:48:48+00:00,3,"Making reservations was absolutely absurd to say the least!! We tried to make it online but it seemed impossible (it opens on a certain date and time...). We went in-person and the wait was 1.5-2hrs and it was when the restaurant opened up. Seating was so challenging we ended sitting at the bar. 

The food was tasty but I was expecting more for the hype. Not a lot of choices on the menu. Drink: pog nutcracker was amazing! The desserts were super small and not worth the cost. Service was nice. The atmosphere was a nice vibe & modern. Finding the exact location wasn't so easy either. I would not go back here unless someone is able to actually give me a reservation time.",True,0,0,0,Audeth D.,en,"{'neg': 0.102, 'neu': 0.663, 'pos': 0.235, 'compound': 0.9753}",0.9753,0.235,0.102,0.663,positive
74,2024-10-25 00:51:22+00:00,5,"Ever walk into a restaurant so excited you feel like a kid on Christmas morning? That was us--two huge Top Chef fans--walking into Tatiana by Kwame Onwuachi on a cold January evening for my fiancé's birthday. As longtime admirers of Kwame's journey (he's like the culinary version of a superhero to us), the anticipation was real. And guess what? Tatiana did not disappoint.

First Impressions: Hot Tea, Warm Hearts

We showed up as walk-ins (risky, we know), but the Tatiana crew didn't flinch. Despite the freezing weather outside, they kept things cozy by bringing us steaming hot tea while we waited. Honestly, we felt like royalty--if royalty wears coats and scarves and stares lovingly at a cocktail menu.

Cocktails: A Creative and Playful Selection

Our evening kicked off with a round of cocktails that were as creative as they were delicious:

Benton's Old Fashioned - Smooth and smoky, this classic was elevated with a touch of elegance. Think bourbon at its finest.

Espresso Coquito - A creamy, caffeinated delight that tasted like dessert in a glass. If holidays had a signature cocktail, this would be it.

Karaoke Honeymoon - Playful and vibrant, this drink was a tropical getaway in a glass--bright, refreshing, and just the right amount of sweet.

POG Nutcracker - A fun twist on the NYC favorite. Fruity, boozy, and perfectly crafted, it transported us straight to summer vibes even in the dead of winter.


Each cocktail was thoughtfully presented, complete with gorgeous garnishes and crystal-clear ice that sparkled in the low light.

The Food: Comfort Meets Class

The food was a journey of bold flavors and inventive takes on familiar dishes. Here's what stood out:

Egusi Dumplings: Crispy on the outside, savory and comforting on the inside. These dumplings were pure magic--one bite was all it took to win us over.

Oxtail & Crab Rangoon: Flaky, golden perfection with a rich, savory filling that left us speechless.

Short Rib Pastrami Suya: This dish combined deep, smoky spices with soft buns, making it the ultimate comfort food.

Hamachi Escovitch: Light, fresh, and bursting with flavor. The avocado and fish paired beautifully with the tangy escovitch sauce, making this a refreshing addition to the meal.


At this point, we were fully convinced: Kwame is a genius.

Dessert: The Bodega Special - A Sweet and Nostalgic Farewell

We ended the meal with the Bodega Special, a playful tribute to New York's iconic corner store snacks. It came with powdered treats, colorful candies, and a candle that added a touch of whimsy to the celebration. It was the perfect end to a perfect evening--a sweet, lighthearted nod to nostalgia.

Ambiance: Modern, Warm, and Effortlessly Cool

Tatiana nails the balance between chic and welcoming. The modern interior feels upscale but never stuffy--it's the kind of place where you can celebrate a special occasion or just pop in for a drink after work. The thoughtful service and artistic plating made every moment feel intentional, elevating the entire experience.

Final Thoughts: A Culinary Love Letter from Kwame

Tatiana isn't just a meal--it's a story told through food, cocktails, and ambiance. From the hot tea on arrival to the inventive cocktails, flavorful dishes, and playful dessert, Tatiana by Kwame Onwuachi exceeded every expectation.

Whether you're a Top Chef fan, a foodie on the hunt for the next great meal, or someone who just wants to be spoiled for an evening, Tatiana is the spot. We're already plotting our next visit--and hoping they keep the tea on the menu permanently.",True,0,0,0,Jose A.,en,"{'neg': 0.023, 'neu': 0.62, 'pos': 0.357, 'compound': 0.9998}",0.9998,0.357,0.023,0.62,positive
73,2024-10-30 13:03:53+00:00,2,"Don't do their tasting menu, or what Tatiana calls the ""trust us"" menu. You're basically just paying more for less food since everything has to be shared family-style. The real kicker was when we were given one cheesecake at the end of the night to share between the three of us. Do better, Tatiana. Also, they sat us down 45 minutes after our reservation, despite the fact that we pre-paid $200 per head. Walk-in customers get better treatment and a fairer value for what they pay.",False,0,0,0,Rita P.,en,"{'neg': 0.015, 'neu': 0.817, 'pos': 0.169, 'compound': 0.9287}",0.9287,0.169,0.015,0.817,positive
72,2024-10-31 04:26:08+00:00,4,"Resy reservations for this place are pretty much gone in seconds, but I lucked out by snagging a cancelled reservation via Resy notifications.

I read somewhere that if Empire State of Mind were a restaurant, Tatiana would be it and I'm inclined to agree. It has a clubby atmosphere and they're bumping hip hop and R&B all night long.

What we ordered:
Curried goat patties- really excellent. Crispy crust with rich filling. Really loved the vinegary chili sauce they provide on the side.
Egusi dumplings- good, but probably the most expensive dumplings I've ever ordered.
Curried king crab- I found the curry flavor to slightly overwhelm the taste of the crab, but overall well executed. Tasty roti for dipping.
Lamb rib special- my favorite dish of the night! Tender, unctuous lamb offset brilliantly by fresh herbs. They should make this a regular menu item.
Pastrami short rib- yummy though I was pretty full by this point to fully appreciate the dish.
Bodega special- very amusing presentation with ice cream shaped like donuts. Tastes exactly how you think it'd taste, and the brownie is warm!

I've had better meals in NYC (sorry Pete Wells), but nevertheless it was a great experience I'd repeat.",True,0,0,0,Harry X.,en,"{'neg': 0.072, 'neu': 0.55, 'pos': 0.377, 'compound': 0.9986}",0.9986,0.377,0.072,0.55,positive
71,2024-11-02 18:19:47+00:00,3,"An overly loud music restaurant really ruins the whole experience... As we walked it, it feels like a nightclub. It was unpleasant that we had to shout to talk for the 2 hour dinner. 

Was it worth it?
Short Rib Pastrami Suya for $86 uhm.

My favorite might be the Mom Duke's Shrimp.

Yet still traumatized by the experience.",True,2,0,2,Emi B.,en,"{'neg': 0.157, 'neu': 0.736, 'pos': 0.107, 'compound': -0.6697}",-0.6697,0.107,0.157,0.736,negative
70,2024-11-02 18:53:59+00:00,4,"To put it simply, this restaurant can be described as ""A vibe"". The location and setting is just beautiful on the inside and outside with Lincoln Center being the view from the windows. The service here is also great and our waitress was helpful and attentive but...for me it's always about the food

For what you're paying, the food is just good. Unique! but good. The short rib pastrami, fried okra appetizer, mushrooms, crab legs and piri piri salad all had great flavor and prepared well, but none of them were mind blowing and the amount of crab you get was pretty small for the price

The Cod with Cornbread and the Lamb Ribs (special of the night) were 11/10 dishes I would come back for and justified the price. The flavors were outstanding and Cod and Cornbread was a combo I didnt know I was missing out on

Overall, if you want to come for the experience and ""Wow"" your friends with a unique food experience, I would say go for it if you got the cash to spend, otherwise I just think this place was a bit overhyped",False,0,0,0,Stefan H.,en,"{'neg': 0.025, 'neu': 0.755, 'pos': 0.22, 'compound': 0.9911}",0.9911,0.22,0.025,0.755,positive
69,2024-11-03 15:10:44+00:00,5,Go now. Egusi dumplings and Rangoon were top notch. Music was awesome. Staff was friendly.,False,0,0,0,Sharon K.,en,"{'neg': 0.059, 'neu': 0.495, 'pos': 0.446, 'compound': 0.8625}",0.8625,0.446,0.059,0.495,positive
68,2024-11-06 21:23:02+00:00,3,Don't know why it's so impossible to get a reservation for this place! Just For some glorified street  food to be dolled up and served to ppl who act like this is soooooo exquisite and exclusive!,False,0,0,0,Colia R.,en,"{'neg': 0.0, 'neu': 0.802, 'pos': 0.198, 'compound': 0.7835}",0.7835,0.198,0.0,0.802,positive
67,2024-11-08 19:27:33+00:00,4,Tatiana is definitely an experience I had been waiting for. We were only able to get a table by getting there at opening and hanging around until 9pm on a weekday. Very much in demand. The menu seems to change from time to time. It's a little dark inside but definitely a nice spot to be in. The food itself was really good. The service was also great. I think it's important to understand that this place is mixing flavors from specific regions and so you might not really have the Nigerian or Jamaican flavor winning in a dish with a name from the region. That's the only reason it's not a 5 star,True,0,0,0,Dayo E.,en,"{'neg': 0.026, 'neu': 0.766, 'pos': 0.208, 'compound': 0.9766}",0.9766,0.208,0.026,0.766,positive
66,2024-11-10 23:28:55+00:00,5,"First, Get the short ribs...

Ok now for the review. 

As a fellow Bronx native who knows good food, Chef Kwame did an outstanding job with Tatitanas! The homage and elevation of The Bronx and NYC cuisine is mind blowing. 

We ate

Egusi Dumpling- It was delicious 8/10. I don't have anything to reference it to because I've never tasted Egusi. Would I order it again... absolutely. 

Green Caesar- light, airy and delicious 8/10

Curry Goat Patties- 9/10 light flaky crust, curry goat filling was full of flavor but not over powering. Don't forget to use the sauce and mango chutney if you want to have a flavorful party in your mouth. It makes for the perfect bite. 

Braised Oxtail- 7/10 it's really big braised oxtail in a glaze sauce with a side of rice and peas made with basmati


Short Rib Pastrami Suya 
Bodega Special 


We drank 

Pina Pina Pina 
Watermelon Margarita 
POG Nutcracker
LC Negroni
Mascato 

Everything was amazing and I can't wait to go again",False,0,0,0,Aleicia H.,en,"{'neg': 0.015, 'neu': 0.752, 'pos': 0.232, 'compound': 0.992}",0.992,0.232,0.015,0.752,positive
65,2024-11-14 22:42:06+00:00,5,"Went with a party of five in October. Given their #1 NYT ranking and fancy location, I was expecting self-importance, profiteering, and  slighting of the food, but I was completely wrong. Instead, the staff was warm and gracious, expertly informed and eager to please, and the food was engagingly new while comforting and delicious. Most impressive: the management exhibited extreme self-discipline and care of its diners by leaving several tables unoccupied despite a line of waiting patrons in line. Our interpretation was that while the kitchen and serving teams perfect their skills, this new restaurant keeps the customer count down to a level where every guest receives first-class, prompt yet unhurried attention. Hurrah for Tatiana!",False,0,0,0,William O.,en,"{'neg': 0.037, 'neu': 0.602, 'pos': 0.361, 'compound': 0.9954}",0.9954,0.361,0.037,0.602,positive
64,2024-11-17 01:44:11+00:00,5,Beautiful place. And no exaggeration when I say the food was AMAZING. Sheesh! I happy danced all night and was grateful to Jake & staff who accommodated myself & friends for my birthday dinner. They are very hospitable and pay attention to every detail! (I'm so serious.) And did I mention the food? No notes. Wonderfully seasoned. Great presentation. Taste buds were happy! I should have also ordered some to go! Ha! And prepare yourself for the drinks because the cocktails are STRONG & yummy!,False,0,0,0,Claudia J.,en,"{'neg': 0.053, 'neu': 0.563, 'pos': 0.383, 'compound': 0.9915}",0.9915,0.383,0.053,0.563,positive
63,2024-11-24 02:53:48+00:00,5,"LOVED. The way to get in (after many failed Resy attempts), is to go stand in line before opening. They have 11 bar seats saved for walk-ins, and we got there at 3:45 pm on a weekday and were the second ones in line. (Granted, it was raining so that might have driven people away). I think even the person that arrived at 4:30 got in at that first seating. Otherwise, they take your number and will call you when something opens up. 

My only issue was that the portions were SO BIG (and thus, felt pricey). Like - if you're just two people, you really can only order 4 things max, and even that is too much food. We ended up boxing up some and taking it home. Why can't the shortribs be half the size so we can try more things? 

Bests:
SHORT RIB PASTRAMI SUYA (just have to do it)
CURRIED GOAT PATTIES (did not sound like something I'd like but then we both LOVED them)
FRIED BRANZINO (I was so full by the time this came out that I don't feel like I fully appreciated it, but it was yummy)
BODEGA SPECIAL

Good but wouldn't order again:
EGUSI DUMPLINGS

Those 4 things (plus the dessert) plus two mocktails came out to $300 after tax/tip.",False,0,0,0,K. D.,en,"{'neg': 0.044, 'neu': 0.839, 'pos': 0.116, 'compound': 0.9637}",0.9637,0.116,0.044,0.839,positive
62,2024-11-25 00:16:57+00:00,5,"Food, ambience and service all great. 10 - 10 - 10 across the board.  I ordered the Branzino and Oxtails, chef's kiss. I do recommend to order the large plates. The small dishes are extremely small but tasty.",False,0,0,0,Raven C.,en,"{'neg': 0.104, 'neu': 0.582, 'pos': 0.314, 'compound': 0.9021}",0.9021,0.314,0.104,0.582,positive
61,2024-11-27 22:29:02+00:00,5,"How did I miss leaving a review for THE Tatiana? I've been twice  and both times were incredible.  Staff is so kind and made sure I got the outdoor seating for my access need (though the indoors and restroom are wheelchair accessible too).

Everything is phenomenal especially the short rib pastrami, oxtail, egusi dumplings, curried goat patties, and the hummus with lamb. Cocktails were on point as well.

If you can get a table, go! You won't find a better meal anywhere.",True,1,0,1,Anna P.,en,"{'neg': 0.062, 'neu': 0.832, 'pos': 0.106, 'compound': 0.6958}",0.6958,0.106,0.062,0.832,positive
60,2024-11-28 13:26:30+00:00,5,"The music playlist really enhanced the ambiance. It was just such an amazing chill vibe. The service from the staff was 10/10. Every time I needed a refill it was done without asking, they folded my napkin when I left to the restroom, and every staff stopped consistently to ask how we were doing. The food was out of this world. We had the curry goat patties, oxtail ragoon and oxtail for main entree. We would definitely go back again and it is worth the hard to get reservation.",False,0,0,0,Saul P.,en,"{'neg': 0.036, 'neu': 0.874, 'pos': 0.091, 'compound': 0.7269}",0.7269,0.091,0.036,0.874,positive
59,2024-11-28 23:58:02+00:00,5,"One of the hardest reservations in nyc and I was so excited to finally dine at Tatiana. I went on Thanksgiving Eve and there was already a line outside, but that was for walk-ins only. I had an early reservation at 5:15pm and was seated immediately. Chef Kwame Onwuachi even greeted us as we walked in. The ambiance is beautiful and lively, my fiancée and I were seated at the corner which was perfect. For cocktails, my fiancée ordered a sangria and I had a glass of Riesling. The food we shared were the egusi dumplings, curried goat patties, scallop guisado, short rib pastrami suya, and cosmic brownie for dessert. My personal favorites were the curried goat patties and the short rib pastrami. Everything was very good and filling. The staff was very friendly and the service was impeccable. It is definitely worth trying.",True,0,0,0,Em R.,en,"{'neg': 0.009, 'neu': 0.741, 'pos': 0.25, 'compound': 0.992}",0.992,0.25,0.009,0.741,positive
58,2024-12-05 00:26:27+00:00,5,"Absolutely lives up to the hype. Delicious food, harmonious cocktails, warm and enthusiastic service. Vibe and ambiance impeccable. 10/10 recommend and much gratitude to everyone from Chef Kwame to the entire staff.",False,0,0,0,Scott E.,en,"{'neg': 0.0, 'neu': 0.554, 'pos': 0.446, 'compound': 0.9678}",0.9678,0.446,0.0,0.554,positive
57,2024-12-05 23:18:42+00:00,5,"There should be six stars available for some restaurants. This one definitely needs six stars. We had a required trip to NYC and scored reservations for one of the hottest restaurants in NYC and maybe all of the US.  Everything about Tatiana is exceptional. The service is incomparable. Every single person who served us was kind, attentive, and helpful.  The decor is cool and feels very chic.  It's a little dark inside, but made for a cooler atmosphere. We had a table off to the side of the main dining room, which was a bit quieter and definitely cozier.  We ate an amazing amount of food, the quality of which I have never had before. We ate almost every dish from the small plate menu; highlights were the jerk lamb ribs, the oxtail & crab rangoons, and the goat patties, but the hamachi escovitch and Egusi dumplings were also off the charts. Large plates includes braised Oxtails which are Chef Kwame's specialty, the Mediterranean chicken, and the deconstructed wagyu pastrami.  Honestly, I don't have the words for how amazing this food was.  If you get a chance to get a reservation, plan for a stellar experience.  We were also lucky enough to meet and talk to Chef Kwame for a little while. If you don't know his story, find the Netflix special about him. He was so very kind and very down to earth. We'll remember this meal for years to come.",True,0,0,0,Bill D.,en,"{'neg': 0.044, 'neu': 0.788, 'pos': 0.167, 'compound': 0.9862}",0.9862,0.167,0.044,0.788,positive
56,2024-12-08 00:20:40+00:00,5,"We arrived at 4:20pm for walk in on a weeknight (when they open at 5pm), there were already about 5 people ahead of us. We heard about this place from Infatuation (#1 restaurant in New York) and since we were visiting from California we had to make it happen. It's definitely gotten busier since getting such big publicity, and we didn't even try to get a reservation since I heard that was very difficult. We were able to get a table for 4 at 5pm! It seemed that there were not a lot of groups of 4 so that was an advantage in the standby line (vs a 6:30 pm return time if we were a group of 2)
The menu rotates but some items stay the same. We LOVED everything. They recommend 8-10 items for 4 people, we split 8 items and 2 desserts and that was perfect.
The highlight? Vegetarian wise it was the ""Take-Out Mushrooms"" which featured amazing and plentiful Oyster Mushrooms. For meat lovers the ""Braised Oxtail"" was amazing, apparently the chef has been perfecting the recipe for his lifetime. The Cosmic Brownie was out of this world!!
The jerk lamb rib isn't pictured because we devoured it immediately!!
We will be back again 100/10!!",False,0,0,0,C W.,en,"{'neg': 0.021, 'neu': 0.777, 'pos': 0.202, 'compound': 0.9929}",0.9929,0.202,0.021,0.777,positive
55,2024-12-08 05:28:08+00:00,4,"Our friend somehow managed to snag a reservation here. Overall a very pleasant experience -- a bit pricey but I enjoyed each of the dishes we got.

Cornbread - fantastic starter. 
Goat patties - solid.
Crispy okra - really easy to eat, glazed with honey and tastes like fries.

Oxtail - absolutely fall off the bone, melt in the mouth delicious. The sauce is a little heavy, but otherwise very good.

Short Rib Pastrami Suya - Holy, when this came out we realized we may have overordered. It's a huge spread of meat. I will say I wish there were just a bit more bread to counter the meat, but at the end of the meal I was STUFFED.

DESSERT! - The Bodega Special lived up to its hype. I was surprised at how much it tasted like powdered donuts. I think I'd come back to have this again.",True,0,0,0,Steven Z.,en,"{'neg': 0.054, 'neu': 0.622, 'pos': 0.324, 'compound': 0.9944}",0.9944,0.324,0.054,0.622,positive
54,2024-12-08 19:52:47+00:00,5,"Tried to get a reservation 31 times losing to bots each time. FINALLY got one through someone's kindness and genuinely thought this was going to be more hype than delivery, but I was so wrong. The meal was INCREDIBLE. Service was also amazing. We figured we wouldn't get to go back soon so ordered more than recommended. For apps we got the piri piri salad, goat patties, fried okra, dumplings, black bean hummus and then for mains we did the pastrami and oxtails. We also had two nonalcoholic beverages the pineapple daiquiri and the guava/passionfruit one. Everything was honestly good, but the piri piri salad, fried okra, black bean hummus and pastrami were knock outs. 

My husband said it was the best salad he ever had.
It was the best okra I will ever have. 
Highly recommend making a sandwich with the pastrami. 

A restaurant living up to the hype. Cannot wait to fight the bot takeover and get another reservation next year.",False,0,0,0,Lindsay B.,en,"{'neg': 0.045, 'neu': 0.751, 'pos': 0.204, 'compound': 0.9869}",0.9869,0.204,0.045,0.751,positive
53,2024-12-12 03:53:50+00:00,5,"ABSOLUTELY delicious. 

My friend was hyping this place up for MONTHS before I finally got around to it, and to my delight, it did not disappoint. All the dishes I tried were good, but the oxtail is to die for.

Ambiance is great too. It's very lively, but can be a little loud, so if you are looking for something quiet, this might not be the best spot. It's also kind of hard to get a reservation, but they do take walk-ins if you get there before they open.",True,0,0,0,Hanna S.,en,"{'neg': 0.109, 'neu': 0.682, 'pos': 0.21, 'compound': 0.8779}",0.8779,0.21,0.109,0.682,positive
52,2024-12-13 14:18:30+00:00,1,"The reservation process is simply ridiculous.. they really need to fix it .. you wait thirty days to be told sorry "" our waiting list is full for the next two months ... NOT WORTH THE WAIT !!!",False,0,0,0,Teresa l.,en,"{'neg': 0.177, 'neu': 0.748, 'pos': 0.075, 'compound': -0.5371}",-0.5371,0.075,0.177,0.748,negative
51,2024-12-15 10:48:17+00:00,5,"So excited to finally experience (can't wait to get to DC!!!) great service, atmosphere and food that leaves you wanting more!!! Well done!!!",True,0,0,0,Sheldon T.,en,"{'neg': 0.0, 'neu': 0.591, 'pos': 0.409, 'compound': 0.9206}",0.9206,0.409,0.0,0.591,positive
50,2024-12-19 00:18:06+00:00,5,"I've had the privilege to dine in one of the top restaurants in NYC and also one of the hardest reservations to get into more than once! 

The place is on the small side tucked in a corner. The maximum number of people allowed for this restaurant is 6 people and all have to be present in order to dine in. 

We started off with the complimentary champagne from the manager. Cocktails were amazing. The nutcracker, karaoke honeymoon and sangria were delicious. I also ordered the pineapple daiquiri mocktail. 

We ordered a bunch of small dishes to share:

Egusi Dumplings - one of their signature appetizers. It's worth trying once. It's initially Steamed then pan seared. 

Crispy Okra - amazing starter definitely worth ordering. Personally I want to replicate this recipe on a air fryer. 

Curry Goat Patties - another great dish worth ordering, wish there was more. 

Cornbread and Cod - pleasantly surprised how good this dish was by combining a cod, sauce and cornbread in one bite. 

Jerk Lamb Rib - this dish was initially part of the large share section of the menu but it was moved to the small shared portion. The dish came with bread which tasted amazing. Just enough to share with 6 people. 

Now to the large plates. 

Braised Oxtails - this dish was amazing, rich and filling. This dish was made with love. The oxtail meat fell off the bone. The combination of oxtail, sauce with the rice and peas was memorable. 

Fried Branzino - this dish was also amazing. Fish was perfectly fried. I would definitely order this again. 

Mom Duke's Shrimp - this dish was great. Personally, it was a lot of work to dissect the whole shrimp especially the head. The shrimp, butter sauce and toast was very good. I was starting to get full after consuming the toast. 

Short Rib Pastrami Suya - this dish was the highlight of the dining experience. The pastrami melted in your month. The dish was deconstructed to make a pastrami slider with the cabbage and coco bread. 

The manager gave us a piece of bread equivalent to roti to dip in the remaining oxtail sauce. This bread was amazing and it should be in their regular menu. 

We ended the night with the bodega special. The dessert shared with 6 people is just right because it would have been rich. 

Previously I dined several times and I tried the oxtail and crab rangoon (worth ordering once but personally it felt like it was a standard dish), honeynut piri piri salad (worth trying once, but dish was small with a beautiful presentation, scallop guisado (worth ordering), take out mushrooms (large portion always had leftovers), shawarma roasted chicken (chicken was tender and portion was large, ended up taking it home) and golden rum cake (great dessert doused with rum that one can get drunk on due to low tolerance). 

The staff and service were amazing. Teresa, Jake and Vesna were awesome serving and accommodating us. I'll definitely return to dine again, but reservations are hard to come by.",True,3,1,3,Chris P.,en,"{'neg': 0.044, 'neu': 0.723, 'pos': 0.234, 'compound': 0.9988}",0.9988,0.234,0.044,0.723,positive
49,2024-12-19 16:25:09+00:00,5,If you can get a reservation definitely grab it! Ambiance is great they play rap/hiphop mix. The food was excellent but definitely different types of flavors than I'm normally used to. Spicy Smokey. The branzino was my favorite but the empanadas as appetizer was also delicious!,False,0,0,0,Michelle D.,en,"{'neg': 0.0, 'neu': 0.588, 'pos': 0.412, 'compound': 0.981}",0.981,0.412,0.0,0.588,positive
48,2024-12-28 03:55:32+00:00,5,"Wow! Absolutely amazing experience. We had the Cornbread, Fried Okra, Egsusi Dumpling, Oxtail & Crab Rangoon, Braised Oxtail, Mom Duke's Shrimp, Peri Peri Salad and the Chopped Cheese. Dessert - Bodega Special. The quality and flavor of the dishes was exceptional. Our favs were the Oxtail & Crab Rangoon, Chopped Cheese, Mom Duke's Shrimp and the Peri Peri Salad. The food and sauces exploded with flavor in your mouth. The Peri Peri Salad is a must. The dessert was incredible with a warm brownie and ice cream that just paired so well together. I want to give a huge shout out to our server Beatriz. She was absolutely amazing. Super friendly and amazing service. She contributed to our amazing experience at Tatiana. We will definitely come back. The ambiance was great. Good music in the background that kept the vibe upbeat. All the staff were exceptional and deserve a huge thanks.",False,0,0,0,James D.,en,"{'neg': 0.0, 'neu': 0.689, 'pos': 0.311, 'compound': 0.995}",0.995,0.311,0.0,0.689,positive
47,2024-12-31 03:15:47+00:00,5,Many boyfriend and I came to Tatiana's to celebrate our anniversary and it was perfect!! The ambiance gave the place and intimate feel and the service made us feel like VIP's. The wagyu pastrami was so soft and flavorful and the empanadas were a great app to start the meal. Make sure to get the bodega special as a dessert -- best brownie and ice cream donuts ever!,False,0,0,0,Jessie G.,en,"{'neg': 0.0, 'neu': 0.62, 'pos': 0.38, 'compound': 0.9885}",0.9885,0.38,0.0,0.62,positive
46,2025-01-03 15:08:41+00:00,5,"Miraculously landed a day of resy for this place after many months of trying. Sometimes these hyped places disappoint but this spot totally lived up to all the deliciousness. The honeyed okra is still something I'm dreaming about. The braised ox was so dreamy and short rib pastrami so mouthwatering. Cocktails were also very well thought out as evidenced by the mixture and photos. 

Service was very attentive without being stifling. My husband who really loathes super formal settings was just so pleased to have high caliber cooking without all the fuzz. 

Ambiance was so relaxed with many happy clientele to finally be dining at this hotspot.",True,0,0,0,Marianne D.,en,"{'neg': 0.041, 'neu': 0.639, 'pos': 0.32, 'compound': 0.9942}",0.9942,0.32,0.041,0.639,positive
45,2025-01-04 16:15:13+00:00,5,"Another fantastic visit to Tatiana by Chef Kwame. Still one of the best dining experiences you'll find in NYC. From the music, to the decor, to the service, to the excellent food. Tatiana does not miss. Music is always a vibe and def keeps you moving on your seat. It's an eclectic mix of patrons which shows how Chef Kwame has delivered authenticity and culture to attract folks from all corners of the word and big apple.

Service is top notch, as always. A lot of rockstars on the team. Darnelle, Pierre, Monica, Kia, Miuset. Everyone made my return experience excellent and I could speak more highly of them.

Food is unmatched. Just know, when you go to Tatiana, you're going for the quality. This ain't Applebees so don't expect any happy hours or 2 or 1 specials. You pay for the top notch food which is prepared and presented as ordered/available. Meaning your items arrive in courses. Depending on hunger levels, consider 2-3 apps, and 2-3 larger dishes per couple.

Yes, Reservations are difficult but well worth it once you finally secure a seat.",True,1,0,0,Will A.,en,"{'neg': 0.052, 'neu': 0.812, 'pos': 0.136, 'compound': 0.927}",0.927,0.136,0.052,0.812,positive
44,2025-01-11 05:16:32+00:00,5,"The service here is amazing and all the dishes were quite flavorful and interesting. My favorites were the pastrami, goat puffs, and the shrimp.",False,0,0,0,Taylor Z.,en,"{'neg': 0.0, 'neu': 0.574, 'pos': 0.426, 'compound': 0.9419}",0.9419,0.426,0.0,0.574,positive
43,2025-01-12 00:26:42+00:00,4,"This was definitely a hard reservation to get.

Everything on the menu was designed to be shared. I appreciated the menu since it was organized into three sections (small share, large share, and dessert), with everything ordered from smallest to biggest, which made it easier on me with fewer decisions.

I ordered the following:
- Egusi Dumplings
- Curried Goat Patties
- Hamachi Escovitch
- Oxtail & Crab Rangoon
- Braised Oxtail

I feel like the portion sizes were quite small across the board considering the price tag associated with each dish. The egusi dumplings were underwhelming, so I recommend skipping them. The curried goat patties were really good and came with two great sauces. The hamachi escovitch was phenomenal, and the oxtail & crab rangoon were crisp to perfection, albeit both dishes were very small. The only big dish I ordered was the renowned braised oxtails that came with rice. I believe that is a must-order if you ever manage to get a reservation. The meat was super soft and melted off the bone.

The staff there was super attentive and very friendly. They always refilled my water promptly (much needed, as I was trying out their hot sauce). The music was a bit loud, which made it hard to have an intimate conversation, and there was Hollister lighting.",True,0,0,0,Cherry J.,en,"{'neg': 0.075, 'neu': 0.71, 'pos': 0.214, 'compound': 0.9891}",0.9891,0.214,0.075,0.71,positive
42,2025-01-12 14:42:08+00:00,4,"TL;DR: perfect date night venue with flavor packed small and large shares. $100+ per person with dinner and drinks!

Managed to snag a last minute same day reservation for table for three on a Sat evening, and we were promptly seated on time. Dim lit modern decor welcomes you with floor to ceiling glass windows giving an amazing view of Lincoln Center - we got lucky with a comfy corner table too! A perfect date night venue with music and noise levels on the louder end.

We got straight to ordering which included three small plates Egusi Dumpling, Curried Goat Patties, and Crispy Okra. Okra was the winner for us which hit a perfect balance between sweet and spice and while the goat meat was very well cooked, the patties were on the greasy end. Small plates on an average were priced between $22 to $28.

Our large share included Mom Duke's Shrimp ($55) and Take-Out Mushrooms ($52) and portion sizes were large enough to share between three adults for a single plate. Our amazing server Francesca did recommend getting just one large share, but there weren't as many great options for vegetarians!

Service was amazing and food arrived within 20-25 mins of ordering and as it was prepared/ready. Definitely worth visiting once and we will visit again just to enjoy their large shares!",True,5,1,4,Ameya B.,en,"{'neg': 0.065, 'neu': 0.712, 'pos': 0.223, 'compound': 0.9853}",0.9853,0.223,0.065,0.712,positive
41,2025-01-15 03:18:38+00:00,5,It lives up to the hype! What a fun experience overall. The staff were so kind and welcoming and helped accommodate our limited time. The short rib pastrami suya is the stuff dreams are made of. I'm counting down the days until I can dine here again and try more dishes!,False,0,0,0,Kelli B.,en,"{'neg': 0.031, 'neu': 0.713, 'pos': 0.256, 'compound': 0.9424}",0.9424,0.256,0.031,0.713,positive
40,2025-01-15 12:10:54+00:00,2,"I honestly don't get the hype. The food was mediocre at best, yet the prices are sky-high--$30 for some curry puffs, really? The best way to describe the menu is Elevated bodega bites: Deli meat couture, fried Twinkie eleganza...And no, those aren't compliments.

As I sat there, I couldn't help but wonder--who is this restaurant even for? It feels like ""poor people's rich food""--taking familiar, inexpensive dishes, adding a bit of flair, and slapping on an absurd price tag.

Oh, and the noise level? Unbearable. The music was blasting so loudly that my ears were still ringing when we left. It completely ruined our experience, to the point that we struggled to enjoy The Magic Flute at the Lincoln Center afterward. 

The space is tiny, the atmosphere chaotic, and rowdiness seems encouraged. A table near us was celebrating a birthday, and the whole scene felt... well, let's just say it was a lot.

Servers seemed overwhelmed, and water cups were not filled as often as I'd like them to. Save your money. This place isn't worth the hype.",False,0,0,0,Elena J.,en,"{'neg': 0.178, 'neu': 0.654, 'pos': 0.167, 'compound': -0.5403}",-0.5403,0.167,0.178,0.654,negative
39,2025-01-16 15:01:41+00:00,5,"Still by far my FAVORITE restaurant! Talk about consistency! Every time I eat here, the food and drinks are as excellent as the first time I came here!

If you're an oxtail lover, you MUST get the oxtail! Every time I come, I get it and will continue to get it again and again!

Ambiance in the restaurant is excellent. Dimly lit but not too dark. Always great music playing. It's like a party at dinner. 

Service is always spot on! Food is spot on! Had the oxtail of course, curry goat pattys and the Bronzino which also is delicious. All are a must try!  

To wash it all down, you must try the Pog Nutcracker!",False,0,0,0,Brian C.,en,"{'neg': 0.0, 'neu': 0.722, 'pos': 0.278, 'compound': 0.9909}",0.9909,0.278,0.0,0.722,positive
38,2025-01-22 22:38:26+00:00,4,"The atmosphere was great, the service was impeccable, the curry goat patties was great. I personally didn't like the brown stew chicken and the oxtails. I think I was expecting more Caribbean flavors but It was definitely more on the African side. If I go back, I would get more goat patties and try a different entree dish than the 2 I tried. The reviews were so great but not my favorite.",False,0,0,0,Gillian H.,en,"{'neg': 0.062, 'neu': 0.753, 'pos': 0.186, 'compound': 0.8891}",0.8891,0.186,0.062,0.753,positive
37,2025-01-26 14:13:50+00:00,5,"Absolutely loved the food. We had the pastrami of course, so popular, it's not pork, it's wagyu short rib. The cornbread was delicious  wish they gave more (order 2 ) lol  We ordered the fish and there were a few bones but tasted so good and fresh. Prepare for spice! The best drink I ever had called the Nutcracker! Playlist is always fire!",False,0,0,0,Cami P.,en,"{'neg': 0.037, 'neu': 0.598, 'pos': 0.365, 'compound': 0.9824}",0.9824,0.365,0.037,0.598,positive
36,2025-01-26 16:02:30+00:00,3,"Food was excellent, though I would argue they were stingy with the sauces. Many dishes were a bit spicier than I expected (fine for me, not so fine for my partner who cannot handle spice) but all delicious. 

The service for me was really the atrocious part of this place, particularly considering how expensive it is. To start, not enough bathrooms, and everyone in our party of 6 waited for at least 10 minutes at some point throughout the meal. They were also out of paper towels. For a place that walks around the dining room demanding that you check your coat, not having to dry my hands on my clothes would have been a nice touch. 

We waited 30 minutes to be seated for our reservation. Party of 6, multiple rounds of drinks and we didn't skimp on our food order. At no point during the meal were we lingering by any stretch of the imagination. There was a bit of a delay at some points because one of our meals was forgotten, and we were all forced to scarf this dish while staff grabbed our plates literally from under our raised forks; and at one point a server dropped a full glass of water on the floor and soaked the table next to ours (staff was appropriately apologetic and cleaned it carefully, though no one bothered to replace the water glass until we asked). 

None of these issues would have been worth a poor review - mistakes happen, and good food compensates for most transgressions. But the real kicker was 5 minutes after receiving our coffee (which was received 10 minutes after our dessert), the maitre d' approached our table and asked us to please wrap it up as he had other reservations waiting. Note: at this point we hadn't even received the bill yet, a fact he could have easily checked with his staff prior to approaching us. When we alerted him to this fact he was apologetic, but it definitively left a sour taste in our mouths after an otherwise great meal. To seat us 30 minutes past the start of our reservation while also demanding we vacate our table 5 minutes after receiving our coffee is... definitely not a vibe I need to pay this much money to experience.",False,0,0,0,Elizabeth Z.,en,"{'neg': 0.111, 'neu': 0.769, 'pos': 0.12, 'compound': 0.7045}",0.7045,0.12,0.111,0.769,positive
35,2025-01-29 23:08:23+00:00,5,"Honest review of Tatiana's: 

I finally had a chance to go to Tatiana's located at 10 Lincoln Center Plaza NYC! Reservations are very hard to get but luckily they do hold limited bar seating for people. I arrived two hours before they opened so I could secure my seat so an accordingly! Inside you are greeted by very hospitable staff where they user you to your seat. The din ing area is lively and electric so do t expect it to be a quiet space. My first dish I tried was the crispy okra and I'll tell you it was like no okra I have ever tried. It was seasoned with Honey, mustard, and pepper sauce with a slice of lemon you can squeeze. The crisp was amazing but that honey to heat ratio was unforgettably delightful. My main dish was short rib pastrami suya, boneless wagyu short rib, caraway coco bread and melted cabbage.  This was a home run for me, the short ribs were very tender with a great pastrami taste! I started making little pastrami sandwiches with the coco bread and cabbage and it reminded me of a fancy Katz deli sandwich! If I had it all to do over again I think I would have ordered the jerked lamb rib because that sounded amazing. I guess it just means multiple trips are a must. Overall this experience was exceptional and highly recommend you put this restaurant on your must list coming to NYC!",True,0,0,0,muhammad A.,en,"{'neg': 0.031, 'neu': 0.752, 'pos': 0.217, 'compound': 0.9958}",0.9958,0.217,0.031,0.752,positive
34,2025-01-31 15:40:04+00:00,5,"This place was such a vibe.. the owner Chef Kwame is a doll and so hospitable. I went here on last minute reservation availability and it was worth it. The ambiance is nice with some rnb and hip hop music playing in the background. Our server was Dee and she was so sweet and attentive. Now let's talk about the food.. appetizers I 10/10 recommend the curried goat patty.. the crusty was flaky and the meat was so flavorful my table ordered 3 orders of this. We also asked for the crab and oxtail Rangoon which I really enjoyed especially with the ginger soy sauce under ( it does have cilantro so if you're not a fan I wouldn't recommend).  For our large plates we tried the scallop guisado which was good especially with a side of brioche to dip in the sauce, probably not enough scallops for two people but I enjoyed it myself. The stewed chicken was A1 the sauce was delicious and the chicken was super tender falling off the bone, it came with a side of rice and peas. The other plate I tasted was the oxtail which I would absolutely recommend, it had also like a glaze on each huge piece of oxtail and no need to worry u can eat this with a fork and knife because it slides right off the bone, again served with rice and peas ( I didn't want rice but I did taste it and felt the rice was under done). The rum cake was very good and a cake with a rum syrup dessert as the name not what the traditional rum cake tastes or looks like. The cheese cake was ok reminded me of a Klondike bar. I tried the Jell-O shots and I enjoyed them especially the passion fruit flavored one but the other guest at my table disagreed. I would definitely return and would love to sit at the bar where u can see inside the kitchen. The place is a great place to celebrate a special event or date night.",True,0,0,0,Jenny G.,en,"{'neg': 0.053, 'neu': 0.708, 'pos': 0.24, 'compound': 0.9977}",0.9977,0.24,0.053,0.708,positive
33,2025-02-02 16:14:48+00:00,4,"Delicious but the only reason I'm giving it a 4 star is because the pastrami was $86 and felt like a good pastrami but not $86 worth. 
Everything was delicious but for the price point and the hype I can't say I was blown away. 
The only dish I would come back as a must try is the goat pattys.",True,1,0,1,Najin K.,en,"{'neg': 0.027, 'neu': 0.642, 'pos': 0.331, 'compound': 0.9781}",0.9781,0.331,0.027,0.642,positive
32,2025-02-07 13:12:45+00:00,5,You never know what to expect with these extremely hyped restaurants. My visit was a pleasant one. I didn't indulge in every dish I wanted to try because I was in a rush however my one dish delivered in spades. The secret to walk ins is to arrive early. I was told they can only sit six people at a time at the bar & there's a 2 hour limit. It's worth mentioning that the music they play is nothing short of epic for an old man like myself. I'm assuming there's daily specials considering that what I choose. Get here asap when in NYC,True,0,0,0,Jim D.,en,"{'neg': 0.0, 'neu': 0.893, 'pos': 0.107, 'compound': 0.8689}",0.8689,0.107,0.0,0.893,positive
31,2025-02-15 00:04:36+00:00,5,"Valentine's Day dinner. Set menu with tons of choices.
- excellent Jell-O shots
- love the honey okra ate it all with the spiciness
- cooked oysters were excellent 
- the cornbread and caviar was dry for me but my group loved it
- lobster was solid but not very filling for two
- scallops were my favorite. the sauce was so good but wish there was rice!
- great dessert and not overly sweet ice cream

Overall, another 5/5.",False,0,0,0,Albert K.,en,"{'neg': 0.056, 'neu': 0.612, 'pos': 0.331, 'compound': 0.9831}",0.9831,0.331,0.056,0.612,positive
30,2025-02-16 23:23:49+00:00,4,"First I'll preface this by saying this is the most impossible reservation to get. I waited in the cold 20 degree weather for an hour to get a bar seat, and I didn't even make the first seating. I got there at 4, and I didn't sit till 7. People at the front of the line were there at 1pm and keep in mind this was a Thursday evening, so not even the weekend. The only reason why I give it 4 stars is the wait. The food however, is impeccable. The pastrami was phenomenal, the dumplings were great but overpriced for what you got. Would come back if there's no wait but to wait again for that long, it would be difficult to justify.",True,0,0,0,Christopher C.,en,"{'neg': 0.248, 'neu': 0.735, 'pos': 0.018, 'compound': -0.9887}",-0.9887,0.018,0.248,0.735,negative
29,2025-02-17 22:32:45+00:00,2,"If you have a shellfish allergy, DO NOT GO. While the food was alright, my options were very limited due to the restaurant frying EVERYTHING in the same fryer. I'm not sure why Okra and Curried Goat Patties are fried on the same oil as fish and shellfish, which is the most common food allergies. For being the #1 restaurant in NYC, I'd expect to have a seperate fryer for seafood/shellfish. Severe cross contamination can occur and reactions can occur to any of the diners  Be Aware. Won't be back.",False,0,0,0,Doyen G.,en,"{'neg': 0.073, 'neu': 0.906, 'pos': 0.022, 'compound': -0.5796}",-0.5796,0.022,0.073,0.906,negative
28,2025-02-20 04:50:09+00:00,4,"Wow wow wow! This experience might just be my death row meal. I'm shooketh ! 

Must order:

Seelip pineapple mocktail (don't ask questions) 

Cornbread - light and was a corn variance of olive oil cake 10/10

Goat curry patties - these were next level rich with balanced flavors of sweet and savory and fatty with the sauce and crispy with the shell - unreal I will dream about this dish 


The oxtail was rich and melted in your mouth drenched in a glaze that had a nice spicy kick! 
Lamb - amazing sauce fall off the bone.
 
Every single piece of meat (oxtail, lamb, pastrami) was melt in your mouth cooked perfectly and seasoned perfectly. Every corn bread and milk bread was buttery and fluffy like a pillow dream at mattress firm 

The goat curry patties - shut the fck up Those were SHOW STOPPING holy sh!t. With the mango chutney I could cry  

The flavor had soo much depth and felt like a warm hug like idk how to describe it. Almost like Indian food with so much  aromatics and rich sauces I'm in heaven  

Ambiance wise - it's the perfect New York City flare to fine dining with loud blasting hip hop serving amazing food & being able to have conversations as loud as you want - I like it. Our waiter was sweet. 

That cosmic brownie and powered donut dessert - absolute show stopper ! I'd sell my first born for that recipe! 

I would give it 5 stars except we ordered the truffle chopped cheese which we were most excited about and it never came . Let's hope I can get another res here! Again!",True,1,0,1,Alexis M.,en,"{'neg': 0.063, 'neu': 0.659, 'pos': 0.278, 'compound': 0.997}",0.997,0.278,0.063,0.659,positive
27,2025-02-20 12:30:16+00:00,5,"OH EM GEE...my meal was AMAZING! Reservations were impossible (especially last minute) BUT I was able to walk in and get a seat at the bar on Wednesday night. So glad I did! Things I loved:

- everything I ordered. Literally. The crab and oxtail Rangoon, the goat beef patties and the pastrami suya...packed with sooo much flavor. Didn't disappoint. 
- the pastrami suya again. 10000/ 10. (the person next to me convinced me to get it...I then convinced the guy on the other side of me to get it) it was that good! Legit melts in your mouth. 
- the service was TOP NOTCH! from the hostesses, to the bartenders, to the managers...10/10. Even though I sat at the bar, I appreciated that the bartender came from behind the bar to take my order, explain the menu etc. nice touch.

There were so many more items on the menu that I wanted to try...which only means I'll have to come back to explore! Great experience! Great food!",True,1,0,1,Rhonda C.,en,"{'neg': 0.0, 'neu': 0.742, 'pos': 0.258, 'compound': 0.9949}",0.9949,0.258,0.0,0.742,positive
26,2025-02-28 13:59:01+00:00,4,"I just lost my elite status after 6 years so idk about writing reviews anymore HAHA
but I had to come back to say something about this place.

I WANT to be supportive but to be honest, this place was a bit of a hit or miss with its dishes, and for the level of ambiance and price, I feel like we should not be missing.

Granted, something my friend and I were wondering was whether this place gets hyped up for Caribbean food or food that uses spices and people who aren't familiar just hype it up like ""wow I've never tasted anything like this before""

But -- 
I will say, the short ribs (?) or ribs with the buns were actually insanely good -- they are right 100/10 and I would order again.
The goat curry patties? Also very good! 9/10

But the egusi dumplings were just okay 7/10 and to be honest the biggest disappointment for me was the ox tail.

Idk if it's because I'm Korean and the dumpling and the ox tail dish are things I've had before -- and I grew up eating spices -- but there was nothing shocking interesting special or anything noteworthy about this oxtail...wtf?
Maybe I'm bad for thinking this way, but I imagined that at a restaurant so hyped up and so difficult to attend that's charging way up for the food they are serving -- at least there would be creativity involved. But I didn't feel that way here.
I felt strongly with the oxtail I could easily go to another restaurant and get way more oxtail with a more complex or interesting seasoning for less money. 6.5/10 for the flavor, a holistically 5/10 given that we paid 58 dollars for a couple small pieces of something that tasted...middling
That being said - the drinks were good! Very delicious.

You know, I'd say I'd give them a detailed score of maybe 4.1 or 4.2.
It was good and actually I would 100% try the short rib buns and the goat curry patties and their cocktails. I imagine if we had ordered only those it would have been a 4.6/5 experience. But Alas we wanted to try a range of things, and I felt punished for it.
That being said -- I feel like this depends on your familiarity with spices and ethnic (?) food -- as a Korean who grew up with similar dishes, I literally took the first few bites of the oxtail and was like um, I think we have something that's the same and my mom makes this dish better...and that was the end of that dish for me. But maybe if you're someone who's culinarily limited, then you would love this because you would be shocked that people do in fact eat spices. 

But yes all jokes aside it was worth a visit, get the rib the goat curry patty, the drinks -- maybe don't get the other things we got and try something else (and report back) because I could go again but I will NOT get the oxtail.


Also one last point, this restaurant is not super fancy in terms of its food or its ambiance, and one. Thing I didn't like was -- okay cool stay true to the culture and the vibes I love it -- but why do they have to skimp so much on portion size then?? I felt like if you're gunna charge a lot for the dish -- at least overwhelm me and douse me in the culture with generous portions. I say this because one restaurant I couldn't help but think about was San Ho Won In SF -- yes not Caribbean, but a Korean restaurant that is being kinda fancy but kinda culturall ""true"" and yes their meals are costly too but one thing I love about them that I wish was true here -- is they just are very generous with portion sizes -- and I believe this is part of the culture? So why give us great music, great spices but suddenly when it comes to portion we acting high brow? I personally did not like that and wish that at least give us a lot of food. Then there wouldn't be so many reviews on here saying ohhh 86$ for this dish was crazy -- it's not just cuz of the dish but the portions itself were just way too small and I'm like isn't this place carribean?",False,0,0,0,Jaemin L.,en,"{'neg': 0.092, 'neu': 0.711, 'pos': 0.196, 'compound': 0.9986}",0.9986,0.196,0.092,0.711,positive
25,2025-03-06 17:28:12+00:00,5,"Well-deserved acclaim. I never understood why ethnic foods are considered fast casual fare to Americans when they're the most labor intensive and cost much more to make considering the catalog of ingredients. Tatiana honors the Afro-Caribbean cuisine with Michaelin star ingredients, excellent execution, and warm hospitality service. We went on valentines day and were greeted with smiles coming from the host and waitress upon arrival. The ambiance was smart sexy with music just low enough to have a conversation. The menu was a little different since it was pre fixed. I really wanted to try the egusi dumplings but was persuaded not to.. instead, we got the curry chicken patties, crispy okra, and the hamachi escovitch to start. We found ourselves going back for the crispy okra over and over and over. It was so rich and crispy, but don't get me wrong all the apps were incredible. We then got the branzino and wow. Unconventional and refreshing. I'm tired of boring old bronzino with lemon, butter, and 2 grains of salt, you can find this dish 500 times over here in nyc. This had some sort of Caribbean seasoning profile. Warm, earthy, spicy, but still tasted light and delicate. Definitely not to be looked over. Then the oxtail came out.. get it. The spices tasted fresh and aromatic, the gravy was sticky, the meat was tender. The most elevated Jamaican oxtail I've ever had. I got that same high when I have Sichuan cuisine. A feeling i didn't think was reproducible. This was also the first place in years that I've had a california red wine that I liked. Finally, I am by no means a dessert girly but they were also great. The cosmic brownie was sticky and fudgy, and the golden rum cake was addictive. Overall and exceptional experience. I'd definitely be back and you should definitely give it a try.",True,0,0,0,Mary A.,en,"{'neg': 0.052, 'neu': 0.723, 'pos': 0.225, 'compound': 0.9965}",0.9965,0.225,0.052,0.723,positive
24,2025-03-09 03:16:30+00:00,5,"Outstanding meal, a place I will come back to for sure.  Short rib pastrami is out of this world and a must order.  Everything was great.",False,0,0,0,Trekforbeer B.,en,"{'neg': 0.0, 'neu': 0.658, 'pos': 0.342, 'compound': 0.886}",0.886,0.342,0.0,0.658,positive
23,2025-03-09 14:23:05+00:00,5,"Exemplary Service!  Let me begin by saying this is not a restaurant I would have chosen. It's just a tad fussy for me, but not for my daughter so off we went. I still don't know how she gets some of these hard to get reservations, but she does. The dishes were all really good , I had favorites and "" fair"" choices. The only dish I did not like and was really disappointed in was the crispy okra. Sad it was. Now my daughter is willing to come to the restaurant and show you how it's done in the South. I'm not talking heavy cornmeal either. Let me just say that if you nailed that okra, you would never have an empty seat. Kwame, we are big fans. I can get fried okra, my daughter lives in NYC and has to make it herself. My favorite was the oxtail wontons and oxtails and rice. I had so many dishes, I was exploding. See for yourself. I didn't label all the dishes because I frankly couldn't remember them. I am sure I would have had they been more memorable. For me anyway.,My daughter is actually going back on business next week.",True,2,0,3,Denise D.,en,"{'neg': 0.085, 'neu': 0.797, 'pos': 0.118, 'compound': 0.74}",0.74,0.118,0.085,0.797,positive
22,2025-03-10 01:06:25+00:00,5,"Food was definitely amazing. Worth the hype. Didn't have a reservation, but put my name in and came back in an hour for a walk in.",False,0,0,0,Cheryl Y.,en,"{'neg': 0.0, 'neu': 0.787, 'pos': 0.213, 'compound': 0.5719}",0.5719,0.213,0.0,0.787,positive
21,2025-03-10 23:08:28+00:00,5,"Have been here twice and had an amazing time and left so full both times! It can be a little hard to find the restaurant as it's literally in the middle of Lincoln Center. The music is always amazing and the service is attentive. The goat patties and oxtail are my favorite dishes, and we got to try the truffle chopped cheese as a special on my most recent visit and it was also so good. The chicken and branzino are also really great dishes with great flavors. Such a great addition to the NYC restaurant scene!",True,0,0,0,Myra H.,en,"{'neg': 0.009, 'neu': 0.697, 'pos': 0.294, 'compound': 0.9893}",0.9893,0.294,0.009,0.697,positive
20,2025-03-12 20:52:34+00:00,5,"What is there to say that hasn't already been said about Tatiana? The food is delicious, the vibes are just right (elegant but not stuffy) and the service manages to be both chill and efficient at the same time. Pretty much everything we ordered was phenomenal. The menu changes from time to time but based on the current rotation, I highly recommend the cornbread with curried honey butter (a week later, I still think about that butter), Egusi dumplings and braised oxtails. The theme running through the menu is humble dishes, many of which you'll see in different forms in the various ethnic neighborhoods in NYC, elevated to new (and expensive) heights. That thesis may put off some people, but I am a huge fan.",True,1,0,1,Honghui Y.,en,"{'neg': 0.011, 'neu': 0.832, 'pos': 0.158, 'compound': 0.9688}",0.9688,0.158,0.011,0.832,positive
19,2025-03-13 18:26:04+00:00,5,"It's only March and I've already found my BEST BITE of 2025... in Tatiana. Tatiana not only wins for best bite of the year, but also wins for BEST SERVICE of the year. Everyone was superrrrr friendly and accommodating. I can definitely see why they're ranked #1 restaurant in NYC 2 years in a row!!

Tatiana has been on my to-go list for a while. But with reservations being absolutely impossible to get, I had to find a good time to try walking in. I ended up trying my luck on a Tuesday afternoon. I arrived around 4:40PM, and there were already 7 groups in front of me. I didn't end up getting seated in the first round (it's still spring so they didn't have outdoor seats yet), but I put my name down for 7:00PM and was seated around 7:05PM in a bar seat.

I had high extremely high expectations, and those expectations were actually met!
- Short Rib Pastrami Suya: 10000/10 (this is THE BEST BITE I've had so far this year. The meat is soooooo tender, the sauce is to die for, and the bread is very buttery. I'd come again and wait in line JUST to eat this.)
- Curried Goat Patties: 10/10 (lovely empanadas with extremely flavorful curried goat inside. Meat was very tender, empanadas were perfectly cooked, and the white sauce that came on the side waa great.)
- Bodega Special: 10/10 (great brownie and great donut-tasting ice cream. Can't say this is the best dessert I've ever had in my life, but it was still great.)
- POG nutcracker: 10/10 (loveedddd the cocktail! It was fruity, not too sweet, and it complemented all the dishes perfectly.)

Note though that the vibes are clubby and ""young"". It can get a bit loud in there, so it might not be the ideal restaurant if you want to have deeps convos.",True,0,0,0,Clara S.,en,"{'neg': 0.06, 'neu': 0.725, 'pos': 0.215, 'compound': 0.9968}",0.9968,0.215,0.06,0.725,positive
18,2025-03-13 18:51:23+00:00,3,"I finally made it to Tatiana as a walk in! Myself and my SO (party of 2) arrived in a long (about 20 people in front of us) line shortly after 4:30 PM at the Lincoln Center and was able to secure a reservation at 9 PM. Crazy, I know, but we had low expectations regarding the walk in reservation system so we decided to stay in the area until it was time for our reservation. We returned around 8:30 PM and was seated at 8:46 PM. While we waited in the lobby we were offered the beverage menu and was able to place our drink orders. The hostess were very kind! I'm not sure how many of those other individuals that were standing in line at 4:30 PM actually returned to Tatiana at their given reservation time.

We were seated comfortably at the bar area and I counted at least five other people seated there as well. The bar isn't long or big, but just enough to seat about 7 people. I was definitely excited to support Chef Kwame as I've heard many wonderful things regarding Tatiana and esp from Pete Wells himself per the NYT!

While looking at the menu, the small share and large share plates looked very promising. All shares are mean't to be shared. We decided to start slow to gauge whether or not it would be worth it to indulge in more items. We started with the egusi dumplings, curried goat patties, and crispy okra for our small shares. For our large share we went with the braised oxtails. Everything was seasoned extremely well and if the menu said an item had peppa sauce then you definitely tasted the peppa sauce! Tatiana did not leave any seasonings to our imagination, which I appreciated! However, none of the dishes truly wow'ed us nor justified the pricing for us. (Ex: 3 curried goat patties were $26) I have no cons regarding the food, but our least favorite was the crispy okra. We love some heat (spice), but there were many flavors going on and some a bit more overpowering than the others. Although the food was flavorful and delicious, it was a fairly average dining experience.

Tatiana also has an extensive wine list, but only six white wines and six red wines are offered by the glass while all other wines are offered by the bottles. Although six white wines offered by the glass, I believe it covered all palettes of white wine that a person may be looking for. (Chardonnay, Pinot Noir Blanc, Riesling, Albarino, and Sauvignon Blanc.)

Table Service - We were seated at the bar and the service was okay. The bartender did a nice job of keeping our beverages full. Other kitchen staff / servers brought out each of our plates efficiently. However, the delivery of the plates felt as if they were just throwing the plates down on the counter and running off before we could even say thank you. Things seemed a bit rushed. We really only felt the hospitality with the hostess and for a restaurant of this caliber (with many accolades) we expected more of an upscale experience in terms of customer service.

My expectations for Tatiana (based on the many reviews) were high and with all due respect to Pete Wells, I did not have an experience that would justify Tatiana being ranked New York Times number 1 restaurant in NYC for two years in a row. I left Tatiana still pondering the 'why' behind Pete's decision and behind the hype. I wish Chef Kwame Onwuachi much success, but we will not be returning.",True,0,0,0,Nicole S.,en,"{'neg': 0.083, 'neu': 0.735, 'pos': 0.182, 'compound': 0.9973}",0.9973,0.182,0.083,0.735,positive
17,2025-03-14 17:22:51+00:00,5,"Had the best meal ever with my fav coworkers ever. We literally manifested this like hardest reservation in nyc yet the second time we tried Alexa got the resy!!! Y'all this place was PROFOUNDLY incredible.

We shared everything so heres a breakdown of each dish:

Curried goat patties. STELLAR. Tied for my fav dish. The pastry was crunchy af and the spiced goat had such great flavor. Paired with this beautifully sweet mango chutney, and a mystery white sauce, what a perfect bite.

The other dish tied for my fav was the black bean hummus. Y'all I never had hummus like this omfg this was beyond any hummus ever and it had some lamb on it too... the bread it came with was so crispy too but my only gripe is it came with so little, like we ended up having to eat most of the hummus with our forks (and yet it was still THAT good that way)

Next we had the egusi dumplings. YUPPPP. I been dying to try egusi soup with fufu and after trying these dumplings I only want it so much more. Will be visiting a Nigerian restaurant soon.

Final small plate was the jerk lamb rib. It was cooked to perfection, fell off the bone, and putting it on the piece of bread with the cucumber was another perfect bite.

Onto the large dishes, first we tried the fried branzino. This was pretty good, there were a couple bones but it was ok bc the sauce on top of the fish was so freaking good. Came with a brown rice too that was great.

Next we had the take out mushrooms which the mushrooms on its own were fine, but it came with scallion pancakes and this un freaking believable freaking plum freaking sauce what the actual flipping flip y'all this plum sauce made me tear tf up. So yeah putting the mushrooms on the scallion pancake and then drizzling the plum sauce on top... one of the most perfect perfect bites of the night. Bonus points to this dish being my fav presentation of the night too.

Lastly we had the eggplant schnitzel, which was my fav of the large plates. A fried whole eggplant in a green curry sauce STOPPP IT STFUUUUU that was like pure ecstasy guys literally wtaf...

Ended with dessert and got the bodega special. Gourmet cosmic brownie with powdered donut ice cream. I didn't know you could make a cosmic brownie better than it already is but thats exactly what they did. And the powdered donut ice cream not only was shaped like a powdered donut but literally tasted exactly like it, consistency and everything despite it literally being ice cream!!! 

Wow what a special meal i'm so happy and also that i got to share it with my fav coworkers ive ever had i'm so grateful for :')",False,0,0,0,Patrick Z.,en,"{'neg': 0.07, 'neu': 0.683, 'pos': 0.247, 'compound': 0.9987}",0.9987,0.247,0.07,0.683,positive
16,2025-03-15 01:38:48+00:00,4,"Arrived to wait in the walk-in line at 3:55, there were 4 people already in line. We were able to get a seat  at the back window around 5:15pm, which had such an amazing view. 

We ordered the egusi dumplings, fried okra, and goat curry patties for small plates. I highly recommend the fried okra, which were spicy and sweet and so flavorful. The goat patties were pretty good, slightly game-y still, but came with cilantro sauce and mango chutney and really added a lot. Unfortunately, they forgot to deliver our egusi dumplings so can't say much on that. 

Because of a long wait for the braised oxtail, we were given some jell-o shots on the house which were gorgeous and tasty, not very strong. 

The braised oxtail was so tender, very saucy, and was great with the coconut pea rice. They will pack up the leftover oxtail for you.

Lastly, we got the bodega cosmic brownie and powdered donut ice cream which was so cute and honestly delicious! 

Everything tasted high quality and was super exciting and creative, would definitely recommend if you are looking for a flavorful meal with African and Caribbean fusion flavors.",True,0,0,0,Rachel W.,en,"{'neg': 0.094, 'neu': 0.583, 'pos': 0.323, 'compound': 0.9973}",0.9973,0.323,0.094,0.583,positive
15,2025-03-15 06:37:52+00:00,4,"The service is great. Very attentive and warm environment. The music was great, but can be consider a bit loud. The food is divine. I've been 3 times and each  time was an amazing experience . I've also had the honor of trying a variety of their dishes.

The branzino fish is amazing, the only con Is that there are so many bones.

The okra is my favorite appetizer. It's a bit spicy so if you cannot handle spice I would not recommend it. Sometimes they make it crunchy, which I prefer, and sometimes it's a little more mushy. 

The shrimp dish is also another one of my faves. Whatever sauce they use is magnificent.

On Valentine's Day they had a few new items on the menu. I ordered the seafood guisado (a stew like dish) it was a bit too salty to me, I think if they paired it with some type of bread, it would have set the entire dish off. 

The Jell-O shots are such a vibe. I would definitely recommend ordering a round. They are so fun.

I refer the bodega dessert over the cheesecake because the cheesecake was a little too rich for me.

My go to drink is the coquito, it's sooo good. I wish it was larger.

Else else

I will definitely be back a few more times.",False,0,0,0,Ari H.,en,"{'neg': 0.047, 'neu': 0.701, 'pos': 0.253, 'compound': 0.9954}",0.9954,0.253,0.047,0.701,positive
14,2025-03-19 20:37:02+00:00,4,"Overall, we had a great time at Tatiana.  Our reservation was actually on the same day as my birthday so it ended being a special celebration with my family.  

We tried a variety of different dishes.   Our table had the Cornbread, Ragoons, Cod, Oxtails, Branzino, Brown Stew Chicken, and Short Rib Pastrami.  Everything was tasty and good, though nothing blew me away. 

The dessert stole the show...it was freaking amazing!!! And the jello shots at the end were a nice treat.

Service was good.  The timing of when the food came out was interesting.  Although we weren't tracking the time, it actually made the dining experience longer than it likely needed to be.  One dish took so long we actually forgot we ordered it.

The restaurant is located on the main floor of the building and had nice vibes.

Making a reservation was a pain.  The slots never opened on Resy so I had to email the restaurant to make a reservation.  By the time I did that, I was only able to secure a reservation 5:30, which ended work out well.  

Putting aside the few hiccups, it's definitely worth checking out.  Enjoy!",True,1,0,0,Jamie S.,en,"{'neg': 0.056, 'neu': 0.734, 'pos': 0.21, 'compound': 0.9854}",0.9854,0.21,0.056,0.734,positive
13,2025-03-20 13:55:53+00:00,2,"The whole vibe of this place is ... interesting. The interior does not go well with the overall Lincoln Center architecture. The choice of music makes it feel like a club, and it's so loud you can barely hear the person across the table from you. 
The space is way too small and tables are arranged in rows with waiters walking back and forth the entire evening. I understand them wanting to be attentive but we also had 3 different waiters tending to our table of 2 throughout the evening, so didnt know who we should be flagging for the check. 

Corn bread: 5/5
Cosmic brownie: 5/5
Goat patties: 4/5 
Dumplings: 3/5 - the dough was good but nothing to write home about
Short rib: 2/5 - way too salty and odd combo of putting fresh mint on spiced ribs
Pastrami: 3/5 - decent portion but not worth $120 and also way too salty 

We had a reservation, but it is not worth the walk-in wait to those who want to try that.",True,0,0,0,Dzvinka S.,en,"{'neg': 0.156, 'neu': 0.757, 'pos': 0.087, 'compound': -0.9403}",-0.9403,0.087,0.156,0.757,negative
12,2025-03-22 03:18:52+00:00,5,"Been trying to land a reservation for so long and finally managed to snag a spot! Was soo worth it.

The pastrami was heavenly--so juicy and full of flavor. The goat curry patties were also amazing; just the curry was worth writing home about, but the flaky crust  outside was also amazing. The bodega dessert was a perfect warm gooey brownie.

Now for the stuff that didn't hit: 3/4 of our party thought the rum cake had much too strong of a rum flavor (although our fourth member loved it!). The oxtail entree was okay--to be honest, I thought it tasted similar to the oxtail I get from Caribbean food trucks outside my office. I also thought the Jell-O shots were ok--they didn't taste too strongly of alcohol but also didn't have that much flavor in general (although my friends seemed to like it).

Decor is beautiful with the great view of Lincoln center, but like others have mentioned, the music was a bit loud.

Finally, have to also mention that there was a mix up with the reservation waitlist system, but in the end the team made it right and I was able to get a res eventually. I assume (but am not sure) the restaurant uses such a manual but more error-prone process to avoid bots snatching up the reservations. If that's the case, then I'm okay with going through that stressful process.",False,0,0,0,Elizabeth X.,en,"{'neg': 0.075, 'neu': 0.71, 'pos': 0.215, 'compound': 0.9909}",0.9909,0.215,0.075,0.71,positive
11,2025-03-22 12:50:18+00:00,5,Definitely one of the best restaurants in the city and one of the few worth the hype. My wife and I eat all over the city and their pastrami dish is the best dish we've had so far out of any restaurant.,False,0,0,0,Eric F.,en,"{'neg': 0.0, 'neu': 0.74, 'pos': 0.26, 'compound': 0.9186}",0.9186,0.26,0.0,0.74,positive
10,2025-03-22 16:16:01+00:00,5,"1000/10 worth the experience, I will most certainly be back our host Shay was Amazing!. We had a little hiccup in the beginning , Darnell made sure to come over to make sure we were okay. Back to the good stuff lol, the food!/ drinks!/ ambiance! was certainly everything and more. We had the pleasure of meeting the owner as well, everyone was so welcoming. Plz stop by if you can snag a res!",False,0,0,0,Phy L.,en,"{'neg': 0.058, 'neu': 0.603, 'pos': 0.339, 'compound': 0.9765}",0.9765,0.339,0.058,0.603,positive
9,2025-03-23 18:12:16+00:00,4,"EVERYTHING pretty much was a standout. We went for all the star dishes and we loved them. I recommend the dumplings, oxtail and crab rangoons, curried goat patties.
The meat on the pastrami suraya was exceptionally tender. My absolute favorite dish of the night was the fried eggplant curry - it was so unique and flavorful and I had never had anything like it. Many dishes had some heat to them.
We loved the bodega special dessert. The golden rum cake was overpowering with rum which was off putting, but we loved the entire meal nonetheless.
The only other comment I'll make is that the ambiance is rather clubby with loud music, so it's not your traditional fine dining restaurant!

Suggestions to the restaurant: I would swap out the plating of the oxtail dish because everything was so dark and we needed to flag an overhead light to see what we needed to cut. Also, the goat patties, bodega special, and dumplings had things that came in 3's when we were 4 people, so I would suggest offering to customize dishes for both even and odd numbers.",True,0,0,0,Rebecca C.,en,"{'neg': 0.072, 'neu': 0.779, 'pos': 0.149, 'compound': 0.9454}",0.9454,0.149,0.072,0.779,positive
8,2025-03-25 18:51:23+00:00,5,"This was such an amazing meal!! Fantastic food, fun vibes, and kind service. 

The food:
To start we ordered the Egusi Dumplings, Oxtail and Crab Rangoons, and the Curried Goat Patties. All sooo delicious and enjoyed by everyone. The patties and the rangoons were the favorites of the table.

For entrees we ordered the Crispy Eggplant Curry, the Pastrami Suya, and the Braised Oxtail. The eggplant was very crispy and the curry was delicious, although I will say because of the darkness I think I ended up biting into a bay leaf or two since I couldn't quite see what was on my fork, haha. The pastrami was soooo delicious, so incredibly tender and my favorite dish by far this entire experience!! The oxtail was tender and delicious, although I'm unsure if I would say it was more unique to other oxtail dishes. I will also note here some of the menu items are a little spicy, which is fine for me but something to keep in mind!

For dessert we got the bodega special and the rum cake. The cosmic brownie in the special was so chocolatey and had a great texture. The donuts.. were actually ice cream which we didn't realize haha! They were a bit hard to eat unfortunately but the presentation was very cute. I loved the rum cake, I thought the whipped cream paired so well with the cake and texture was so soft and tender. However! The rum flavor was quite strong, so if you're not a fan of that I'd caution against getting this.

The drinks:
We got the jell-o shots for fun and they were very beautiful! My favorite flavor was the yellow one, the name unfortunately escapes me. We also all got cocktails, which I think were mostly fine. I ordered the Tatiana Tonic, which I think was the most liked at our table.

The service and vibe:
Our waitress was friendly and kind and the food came out relatively fast! I also read reviews about people having to wait for their reservations, but we were seated immediately even though our party arrived a couple minutes early to our reservation (7:15pm on a Friday for a party of 4). The decor of the restaurant was really nice, but the music was a bit loud. Also this may depend on your table placement, but it was a bit dark so we had a little trouble seeing the food at times.

Overall a wonderful experience, definitely recommend, the food was so amazing and I'm grateful to my friend who got our res so we could eat here!!",False,0,0,0,Sarah W.,en,"{'neg': 0.059, 'neu': 0.655, 'pos': 0.286, 'compound': 0.9992}",0.9992,0.286,0.059,0.655,positive
7,2025-03-28 15:44:42+00:00,5,"Wowwwww! absolutely blown away by this Black owned Michelin starred gem. Supporting a Black business with this level of excellence makes the experience totally meaningful.

My partner somehow snagged a reservation here for my birthday last year and it was one of the best birthday dinners I've ever had.

I went with the oxtails, and let me tell you....it was the most unique and exquisite cut of meat I've ever tasted. Tender, flavorful, rich and beautifully presented.

And the dessert? Straight up artwork. I almost didn't want to eat it...it was that beautiful. The jelly like texture and eclectic flavors made it unforgettable. I hope that I can get a reservation for my next birthday!",True,0,0,0,Yasmine B.,en,"{'neg': 0.015, 'neu': 0.671, 'pos': 0.314, 'compound': 0.9917}",0.9917,0.314,0.015,0.671,positive
6,2025-03-29 11:26:01+00:00,5,"I am a believer. This place is difficult to get into but totally worth the hype. We booked the private dining room for a birthday party, which let us enjoy with friends and try a little bit of everything! Note there are 6 walk-in spots every day for each seating so people line up. The Saturday we arrived in March, people had started lining up at 2:45 even though it doesn't open until 5 and by 430/445, the line was already insanely long. 

Now to the food. 
- The goat empanadas and the oxtail were out of this world. My two favorites of the night, hands down. 
- The lamb hummus and the pastrami were also amazing though, and very close seconds. 
- The fried Branzino also exceeded my expectations - some of our guests really loved it. 
- The egusi dumplings and hamachi were fine but didn't blow me away. 
- Some guests loved the mama dukes shrimp but my husband and I both found them overcooked. But nonetheless we're impressed by their massive size! 
- I found the cornbread a little hard but my husband enjoyed it and had two pieces. 
- The private dining also came with sides of rice and fried okra, which I didn't love but everything else was so amazing it didn't even matter.
- Dessert platter! I loved the cheesecake and found it very unique (wrapped in chocolate). Was less impressed by the brownie and rum cake (the rum in the rum cake is VERY strong as a warning).

As for drinks, I really loved the POG nutcracker. The Smoke break (a tequila based cocktail) was also good but the POG was definitely my favorite. 

Also as a heads up - it's very loud inside so not a place for a quiet intimate date night. But I loved the music they played and we were with a big rowdy group so it was all good

Over all, this place is OUTSTANDING. One of the best restaurants in NYC. Highly recommend finding a way to get here!",True,1,0,1,Tansy W.,en,"{'neg': 0.064, 'neu': 0.657, 'pos': 0.279, 'compound': 0.9987}",0.9987,0.279,0.064,0.657,positive
5,2025-03-29 17:14:54+00:00,5,"An amazing time at Tatiana's. 10/10 across the board. From the food to the amazing staff. Siria, Shayla and Christian made a phenomenal team creating an unmatched dining experience. Definitely will be back!!!",False,0,0,0,Hesketa D.,en,"{'neg': 0.031, 'neu': 0.648, 'pos': 0.321, 'compound': 0.9198}",0.9198,0.321,0.031,0.648,positive
4,2025-03-30 19:20:01+00:00,4,"Overall I enjoyed my spontaneous dinner at Tatiana's. A reservation just happened to fall into our lap, and given how difficult they are to get, there was no way we weren't going. 

I came with a friend and in order of preference, we got the curried goat patties, braised oxtails, jerk lamb rib, and cornbread. I absolutely loved the goat patties as well as the chutneys that came with it. Unfortunately the oxtail and especially the lamb were too salty for my personal preference. The cornbread was not that noteworthy and pricey for the portion size.

The 3 small plates and 1 large plate was the perfect amount for the two of us--in fact, we were both pretty stuffed by the end of it. Our total post tax and tip came out to around $90pp, which is a little on the pricier side but that was to be expected going in. Service was attentive and the atmosphere was pretty classy, though strangely located within Lincoln Center. I'm glad I gave it a try but don't know if I'd be back again.",True,0,0,0,Elaine T.,en,"{'neg': 0.101, 'neu': 0.745, 'pos': 0.154, 'compound': 0.9306}",0.9306,0.154,0.101,0.745,positive
3,2025-03-31 12:56:34+00:00,5,Amazing this oxtail is imprinted on my brain...I can't wait to come back. Turned my man from a hater to a believer he cant stop talking about Tatiana.,False,0,0,0,Fabie D.,en,"{'neg': 0.084, 'neu': 0.661, 'pos': 0.254, 'compound': 0.6872}",0.6872,0.254,0.084,0.661,positive
2,2025-04-02 04:58:34+00:00,5,"Lively ...great music...great vibes....Great food! Pierre was our server and he was wonderful! 
Curry goat patties
Branzino
Eggplant

We enjoyed it all!",True,2,0,1,Shirley T.,en,"{'neg': 0.0, 'neu': 0.638, 'pos': 0.362, 'compound': 0.8951}",0.8951,0.362,0.0,0.638,positive
1,2025-04-04 23:44:40+00:00,5,"Amazing service, delicious food, cool ambiance! The crab Rangoon and the dessert are my favorites but everything is very special - amazing mix of spices and very unique. Service is very attentive and kind. Advice is to order 2-3 appetizers for 2 people and 1 main. Highly recommend!",True,1,0,1,Secil A.,en,"{'neg': 0.0, 'neu': 0.502, 'pos': 0.498, 'compound': 0.9896}",0.9896,0.498,0.0,0.502,positive
0,2025-04-12 22:07:20+00:00,5,"Best oxtail ive ever had in my life. Dipping the cornbread in the sauce was AMAZING... i cant wait to go back to nyc, this will be my fist stop",False,0,0,0,Tina L.,en,"{'neg': 0.063, 'neu': 0.739, 'pos': 0.198, 'compound': 0.6981}",0.6981,0.198,0.063,0.739,positive
