,date,rating,review_text,is_elite,useful_count,funny_count,cool_count,user_name,language,sentiment_scores,sentiment_compound,sentiment_pos,sentiment_neg,sentiment_neu,sentiment
1128,2014-11-20 14:58:41+00:00,2,"I am terribly disappointed. After waiting months for this to open, walking by every night and peering in the window I was extremely excited to finally eat here. I am a huge fan of Buvette and I Sodi so I was so upset when I was not impressed by anything served. Granted this was their soft opening but they have a lot of work to do service and food wise. 
The meal began with our waiter unable to give us recommendations or his thoughts on what he his favorites were on the menu. Then once we told him our order he made us point it out on the menu so he could copy it down because he admittedly could not pronounce anything on the menu. We were there for 2.5 hours... way too long for ordering primarily vegetable dishes. The tables are so close that you are constantly shoved by a waiter or guest walking by.
Once we did get our food it was all so oily. The charcuterie was the only thing we could finish and even that was served on a dish that must have just been washed because it was sitting in a puddle of water. 
The cauliflower dish tasted like fish and the sea bream (which is the only dish with potential) was topped with a beautiful potato crust but it was so oily we only had a bite each.
One of our dishes was missing so we pointed it out on the menu again and he brought us the wrong dish. 
We had also told our waiter it was our friends birthday and to please bring a slice of cake at the end. He asked us at the end of the meal if we wanted dessert, which is the opposite of what you do when you are told ahead of time to make it a surprise, and when my friend responded no thank you. He just brought us the check instead of a cake and some chestnuts that weren't even hot... At that point we didn't even care because we had been there for over 2.5 hours for a meal that should have taken an hour less.

The decor is lovely and great italian wine selection but I was not impressed with any of the dishes that came out. Rosemary's on Greenwich has a similar menu so if I was going to even go back for wine and charcuterie, I would probably just go there.",False,5,0,0,Ashley O.,en,"{'neg': 0.074, 'neu': 0.812, 'pos': 0.114, 'compound': 0.9601}",0.9601,0.114,0.074,0.812,positive
1127,2014-11-24 03:36:18+00:00,4,"While it's early days, I was really impressed with how much Via Carota already gets right, and the food we had was terrific--continental comfort food with superb ingredients and refined preparation. 

I can't say whether it was an off night or if perhaps there were just growing pains that prompted one of the reviewers here to say that the food was ""oily,"" but that certainly wasn't the case when we were there. We had the foie gras crostini and endive salad to start, with the svizzerina (the ""burger without the bun,"" though that doesn't do it justice) and the fried rabbit for entrees.  The foie gras was quite nice, and the endive salad was nicely balanced with the right amount of dressing and a mix of gorgonzola, walnuts and pears with the greens.  The svizzerina was fantastic and the fried rabbit with garlic and rosemary was cooked to perfection--beautifully tender and flavorful with a minimum of grease, the best rabbit I've had in ages. 

Our service was great--non-intrusive but warm and informative.  And, surprisingly, the sidecar I had was one of the better ones I've had anywhere--I didn't even have to ask them to hold the sugar on the rim, and it was more nuanced than I expected.

The lighting may need a little calibration and there may be a rough edge or two, but, again, it's early days for this place.  We wouldn't expect everything to be absolutely perfect yet, even if it's *almost* there.  Our overall feeling is that we will be back, and often.",False,1,0,0,Amir N.,en,"{'neg': 0.03, 'neu': 0.771, 'pos': 0.2, 'compound': 0.9946}",0.9946,0.2,0.03,0.771,positive
1126,2014-11-24 03:48:18+00:00,5,"People love Buvette, so I knew this new spot from the same team just a few doors away would be packed a few days after opening.

We showed up for the early bird special at about 5:30, and were turned away with the info that they would be open in ""a half hour or so"". I didn't know because they don't answer their phone and there's no info on social media or their website yet, so we were stuck waiting around. No problem though, just go to Big Gay Ice Cream a few steps away and get some ice cream as a dinner appetizer.

We returned right around 6, and the place was already filling up. By the time our meal was done, the fairly large space was completely full, with the crowd of mostly miserable old people couples and very West Village-y younger couples all on top of each other in the closely packed tables. It fits in perfectly with a very West Village atmosphere.

The menu is pretty large, but we got a good sampling of most of the sections, with stuff ranging from just ok to amazing:

- Choice of 3 Salumi, Formaggi or Crostini for ($20)
For these, we chose the Fegatin' di Pollo ($7) from the Crostini section and the Mangalista Lardo ($8) and Cacciatorini di Cinghiale ($8) from the Salumi section. The best was definitely the Mangalista, which actually should have been in the Crostini section, as it consisted of honey and walnuts on the excellent crusty bread. We asked for some additional bread to go with the Salumi option, which wasn't nearly as good as the bread used for the crostini.

- Lasagna Povera ($16)
This was one of the more disappointing items, as it was surprisingly quite bland. It also looked like it could have been cooked more, as the cheese scattered on top was completely unmelted. Some meat probably would have helped things instead of the winter vegetables inside.

- Cavolo Nero ($10)
From the veggies section, this is of course the best course, as the description reads ""black kale & pork sausage"". The little chopped up pieces of kale are in practically the same proportion to the crumbled up, delicious pieces of sausage. If you want a good vegetable side dish, but one that is by no means healthy, this is a great choice.

- Via Carota Svizzerina ($17)
This one's getting some hype on the food blogs, being described as an amazingly good, bunless burger. In terms of the meat, it was indeed incredibly good. Cooked very rare, and seasoned very well, this sizable patty served pretty much alone on the plate except for some garlic on top, is as excellent as it is simple. Make sure you try this one.

- Coniglio Fritto ($17)
Even better than that chopped steak actually, this fried rabbit was one of the best entrees I've had all year. It consists of 3 sizable pieces of rabbit and a crusty piece of delicious bread. Unlike most rabbit dishes I've had, instead of small, boney pieces with little to no meat, these pieces were really meaty, juicy and satisfying. The skin had a salty seasoning that made it so addictive. Make sure you get this one too.

- Cioccolata ($8)
This was an excellent, though fairly standard slice of flourless chocolate cake, served with a little dollop of whipped cream. It was quite good, and a nice choice to end the meal.

- Semifreddo ($8)
This one was much better than the cake, and a better choice if you are going to pick just one dessert. Topped with hazelnuts, the cool hazelnut semifreddo was also presented impressively overflowing out of the glass it was served in, with a long spoon sticking out for digging to the bottom. Another rich dessert to go with the flourless chocolate cake, this was also very sweet and delicious.

Some of the dishes weren't the best, like the lasagna, and service deteriorated quickly as the high maintenance dining room filled up, but the chopped steak and the rabbit were so good I see no choice but to give a 5 star rating,",True,29,7,17,Mike C.,en,"{'neg': 0.07, 'neu': 0.702, 'pos': 0.228, 'compound': 0.9993}",0.9993,0.228,0.07,0.702,positive
1125,2014-11-30 04:36:25+00:00,5,"We follow new openings and talented chefs.  This place just opened and we worried about getting a spot but the staff is incredible, worked us right in and the food is outstanding.  We sampled quite a few things and loved everything.  Highly recommend.",False,0,0,0,Brad B.,en,"{'neg': 0.029, 'neu': 0.663, 'pos': 0.307, 'compound': 0.9523}",0.9523,0.307,0.029,0.663,positive
1124,2014-12-03 18:51:05+00:00,4,"As big fan of Buvette I was more than happy to see it coming back here too in the decor and the presentation of food.

Food was really tasty, great quality and authentic flavors. 
Service was even better: kind, attentive, acknowledged and entertaining. Molly was so sweet and even ran after us with the credit card I had forgot on the table.",False,0,0,0,Giulia P.,en,"{'neg': 0.0, 'neu': 0.573, 'pos': 0.427, 'compound': 0.99}",0.99,0.427,0.0,0.573,positive
1123,2014-12-07 09:58:10+00:00,4,"Hot, new rustic Italian in the West Village by Jody Williams and Rita Sodi. If you are a fan of Buvette and/or I Sodi, you shall not miss out. 

Came here on a Tuesday night around 8pm without reservation. Bar was almost full while there were two tables for two available. Dim light, nice vibe. I opted for the bar. I was greeted warmly and handed the menu promptly. Wine list is short and sweet. Can't recall the name of the previous restaurant in this space- the layout was unchanged. 

Onto the food. Menu offers lots options, all are small-medium plates. Perfect for sharing. Between me and my friend, we had:

- Cavolo Nero: black kale & pork sausage. It was OK but the chopped sausage tasted  pretty dry :/ prob better with sliced sausage or crispy bacon?

- Baccala Fritto: fried salted cod and potato balls. Yumm! I usually don't like fried stuffs, but this is good. Topped with whipped garlic cheese~ 

- Polipo: grilled octopus and green olive pesto. You bet, this is my fav! The tentacle was perfectly charred. Great texture, not chewy at all; meaty and scrumptious. Will come back just for this one.

Over the dinner, we got couple drinks, from wine to whiskey sour to grappa and amaro (an Italian aperitif). All good. Not the best I have had nor there is anything to complain about. 

I will def come back and try more item on the menu. If you come in any day on/after wed with 2 or more, make your resy.",False,5,0,2,Nomad M.,en,"{'neg': 0.072, 'neu': 0.704, 'pos': 0.224, 'compound': 0.9934}",0.9934,0.224,0.072,0.704,positive
1122,2014-12-09 14:58:05+00:00,5,"Came here with my gf after seeing a movie.  Couldn't make reservations as the restaurant is too new and still getting everything up and running.  That didn't matter as the waitstaff was welcoming and got us drinks and a seat within a few minutes.

We shared a few dishes.  The pumpkin ravioli was really fresh and the pumpkin was very sweet.  We had a fish dish with a nice light sauce that blended well along with the leek dish we had.  The dessert we had was a chocolate budding whose flavors were layered from light to heavier chocolate which was divine.

Overall, this new space from Rita Sodi and Jody Williams hits certain notes which are not currently available in the village and does so quite well.  The service was a little confusing at first (no host) but impeccable.  We were made to feel special and were given great suggestions on what dishes go well together.  This is a great new spot and a great place for a date night.",False,2,0,0,Paul H.,en,"{'neg': 0.013, 'neu': 0.766, 'pos': 0.221, 'compound': 0.9898}",0.9898,0.221,0.013,0.766,positive
1121,2014-12-11 22:44:40+00:00,5,"We love Buvette and I Sodi! So my husband and I were so excited when Via Carota recently opened. It has quickly become our go to place in our neighborhood. Great food, wide selection, wonderful wine and a good cocktail list. The staff is very friendly. Overall feel is very nice, but has a laid back casual vibe. 

Last Saturday night we decided to invite our friends to join us. The hostess sat us in the private dinning area. It was perfect, delicious food and even a visit from owner Jody Williams! 

Thank you for bringing us a great place to meet friends in the West Village!",False,0,0,0,Kathleen L.,en,"{'neg': 0.0, 'neu': 0.602, 'pos': 0.398, 'compound': 0.9954}",0.9954,0.398,0.0,0.602,positive
1120,2014-12-14 02:59:25+00:00,5,"Felt compelled, and still in the restaurant. Pleasant staff, and delicious food. The I sodi, buvette, carota group kills it.  Polenta and burger thing are out of control.  Coming back soon.",False,0,0,0,Jason S.,en,"{'neg': 0.084, 'neu': 0.624, 'pos': 0.293, 'compound': 0.8658}",0.8658,0.293,0.084,0.624,positive
1119,2014-12-15 17:27:02+00:00,5,"Amazing! Was really excited to go here for my boyfriend's birthday. I tried for a week to call to no avail, so we showed up around 6:30 on a Sunday night and were luckily seated right away (right near Mario Batali). The space is much larger than Buvette, so it's a little less intimate. Nice bar area, but we skipped the wine and went straight for the food. Mostly everything was so declicious! Our service got a little screwy in the beginning and the wrong things came out, but they corrected it. Unfortunately my bf had to eat his pasta first, but he said it was great and wasn't worried about it! 

Crostini with Stracciatella (I think!) and tomatoes--incredible. the cheese was so good and melted a bit. the tomatoes were a little oily, but i would eat it again and again!
Salt Cod Fritters - so great. obviously salty, but that's to be assumed. the mayo it comes with was a lot on the plate, but it was very tasty
Cabbage with Farro and Pecorino--Delicious, fresh and light
Cauliflower Gratin - Creamy deliciousness
Papperadelle with Wild Boar - My bf ate this and said it was really, really good
Gnocchi with Gorgonzola - I always order gnocchi if it's on the menu. This version was good, but I've had better in the city and prefer Malatesta's. I'd skip this next time and try more veggies!

No dessert menu, but our server listed a few and my boyfriend picked the chocolate pudding. I didn't have any, but he said it was great. They also give you a few cookies and I tasted the chocolate with hazelnuts which was very tasty!

All in all $88 before tax and tip--Not bad at all. Can't wait to come back.",False,1,0,1,hannah s.,en,"{'neg': 0.08, 'neu': 0.687, 'pos': 0.233, 'compound': 0.996}",0.996,0.233,0.08,0.687,positive
1118,2014-12-29 01:43:43+00:00,1,"I know... If you don't have something nice to say, then don't say anything. But this place can be so cute, so here are my 2 cents, hope it helps to improve the restaurant.

Service: everyone was nice enough, but the service is disorganized and there was some women wearing all black walking around staring at the tables but not helping. It was weird and annoying, especially if you're looking for help.

Food: Menu had potential but the actual food was extremely salty (I can't feel my tongue).

Basically, my friend and I ran out of there... I didn't even get to finish my wine.

Happy to try again, if the menu and service improves. Btw, huge fans of I Sodi and have been going there for years, which is why we had high hopes for Via Carota.",False,4,0,0,Mary Jane P.,en,"{'neg': 0.167, 'neu': 0.621, 'pos': 0.212, 'compound': 0.8133}",0.8133,0.212,0.167,0.621,positive
1117,2014-12-29 05:23:01+00:00,4,"So so very tasty. the restaurant had been open for about a month when I went, so reviews will be adjusted on the next visit.

The Good:
When your friends who are chefs in San Francisco say GO to this restaurant, you GO.  Thank goodness I listened.  

I have a rule: when a restaurant has a well seasoned chef, always choose something that pushes your limits as far as you are willing to try.  Our dinner was no exception.

We had an amazing cabbage salad and roasted squash for appetizers.  Both were flavorful and lovely on a cold winter night.  The cabbage salad blew me away.  Something so simple and yet so tasty.

For dinner we had the wild boar ragu and fried rabbit.  Both were amazing.  The rabbit was perfectly fried, the number of pieces were generous and there was actually meat on the bone!  The boar was deep, earthy and balanced perfectly with the slightly spicy sauce.  

Desert was an amazing hazelnut chocolate mousse.

The space is lovely, not too loud and inviting.

The Bad:

Please pick up your phone.  On a cold night we dragged ourselves across town for dinner hoping that they would be open.  Indeed they were, but with no hours posted ANYWHERE online, it is a little odd not to pick up a phone.

Service is a little odd.  No maitre d./hostess Lots of people bustling about but I had to ask the gentlemen (who I assumed was the manager) that we were ready to order.  I did everything to sign that we ready.  Menu face down on the table, eye contact, but I had to flag them down.  I can't ding them on this a month in.  Once we were served our waitress was perfectly charming and professional.

One of our soda syrups would not blend.  It sat on the bottom of the glass and REFUSED to mix with the soda water which was hilarious.  I make soda syrups and I don't know what was causing this issue.  In any case the house bought us our soda.

The tables smelled freshly stained-- again not a complaint, just an observation.  It took me a minute or two to identify the smell when we can in.

Even with the rough spots (which is to be expected a month in) Via Carota is on the return list in a city that has as many amazing restaurants to try and explore as SF.  See you in a year.",False,4,0,1,Monika S.,en,"{'neg': 0.076, 'neu': 0.756, 'pos': 0.168, 'compound': 0.9894}",0.9894,0.168,0.076,0.756,positive
1116,2015-01-12 16:13:30+00:00,5,"This is the ultimate neighborhood spot - so good that it's worth a trip from another neighborhood. The rare meal where nearly everything I ate was absolutely delicious and noteworthy.

The menu is split into sections that serve as courses - start with a crostini, move onto vegetables, then pastas, finished off with main courses. 

The beet salad with feta was delicious and refreshing, a perfect start. The kale and sausage was arguably the only ""forgettable"" dish of the evening. The vegetables section of the menu featured over a dozen options of which I'll be back to sample.

The pasta we sampled was the wild boar pappardelle - delicious ragu, delicate, thin, delicious pasta. I can imagine the other pastas are of this quality.

For the mains, we had both the grilled fish + escarole, and the chopped steak. Both were top notch. The fish had just the right amount of lemon to be refreshing and paired great with the escarole, the chopped steak, somewhat of a bunless burger, was delicious - topped with roasted garlic, it was only briefly seared on each side, creating a hard crust with a center that had a steak tartare type consistency.

We ended with a chocolate hazelnut mousse type dessert that was just the icing on the cake of this delightful meal. Will definitely be back.",False,0,0,0,Justin C.,en,"{'neg': 0.013, 'neu': 0.744, 'pos': 0.243, 'compound': 0.9966}",0.9966,0.243,0.013,0.744,positive
1115,2015-01-18 17:29:28+00:00,3,"Came here with a friend on this past Friday night. Place was PACKED. We probably waited about 30-40 minutes for our table, which we expected (since they do not take reservations). It was run in a very similar fashion to Jody Williams' other resto Buvette, which I LOVE and frequent constantly. So while were waiting, we had a glass of the montepulciano (fantastic!) especially at 10 dollars/glass. Unfortunately, that was one of the only well-priced things on the menu. 

My friend and I ordered 5 dishes to share. Here's the good:

The stracchino and sun-dried cherry tomato crostini (small but delish)

Grilled octopus-- SO yummy. Really cooked to perfection, but again, quite a small portion

Pumpkin Ravioli-- 2 words: Butter and cheese. I am a lover of all things butter-- and this pasta was smothered in it, almost to the point of it being too much...Wait, what am I saying? There can NEVER be too much butter. Also, the pumpkin filling was super fresh .  However, it was an incredibly small portion for what you're paying. This seems to be a recurring theme here..


On to the Not so good:

The mista salad-- IMO, really hard to mess this up. And this one just really failed to impress in any way. Which is strange.. because its literally lettuce and dressing. The dressing tasted like salt and oil. It badly needed acid. A good splash of vinegar of any kind would've made saved this. 

The pricing: Now I am not one to complain about food prices when you're getting amazing food. This is New York City. I get it. But this place is just plain overpriced. No getting around it. 

Overall, had an enjoyable night with some pretty good food. But not worth it for the cost. I'll stick to Buvette.",False,1,0,1,Robin K.,en,"{'neg': 0.115, 'neu': 0.66, 'pos': 0.225, 'compound': 0.9927}",0.9927,0.225,0.115,0.66,positive
1114,2015-01-18 18:19:39+00:00,2,"My boyfriend and I have been to i Sodi several times and so we were excited to check Via Carota out. Upon arriving, there was complete chaos - the hostess was nowhere to be seen for several minutes, and when she did show up, she was so busy speaking with other couples or running around that it took a while to get our name on the wait list. I don't mind waiting for 30-45 minutes, but please don't seat other couples before us, especially when they've arrived 10-20 minutes after us - and definitely don't give us an attitude or be dismissive when we ask about our table. The restaurant really needs to get a second person to manage the crowds, and indiscriminately at that. 

The food was delicious, and the waitress was wonderful and attentive - but the experience with the hostess really soured the experience and gave a terrible first impression.",False,4,0,0,Dana K.,en,"{'neg': 0.087, 'neu': 0.735, 'pos': 0.178, 'compound': 0.9609}",0.9609,0.178,0.087,0.735,positive
1113,2015-01-20 17:38:59+00:00,4,"I cam here in early-mid December with 2 friends, one of whom is a pescetarian. Overall, I agree with Eater's description of this spot being ""mainly Italian and mainly delicious"". The wait to get in at 8pm was pretty long, but we got seated almost immediately at the long communal table, right by the kitchen. The wine list was pretty good and reasonably priced, so I tried a new Italian one at the recommendation of the server. We split 8 dishes between the 3 of us plus dessert (but no large format ones), which was just about the right amount. The crostini came out first, but then all of our dishes followd up in really quick succession and we had too many on the table at once. Not ideal for all of the hot ones to get cold as we struggle to try everything.

The finocchi was really unique and a good counterbalance to some of our richer dishes. The baccala frito (salt cod fritters) were amazing, especially with the sauce. We probably could have split another serving of these. The squash was my favorite, for sure. There was a bit of cheese on it, but nothing too heavy. I also really liked the octopus (both the charred end of the tentacle and the fleshier upper part).

The gnocchi with gorgonzola was almost too rich for me, and I tend to love heavy cheese and cream pasta dishes. Good thing were were splitting it. The risotto limone was also not that great, verging on a tad hard and undercooked.

The hazlenut semifreddo was a delight and I happily scraped the bottom of the glass. I'd definitely come back to try the much-heralded rabbit dish.",False,2,1,2,Hilary P.,en,"{'neg': 0.115, 'neu': 0.688, 'pos': 0.198, 'compound': 0.9837}",0.9837,0.198,0.115,0.688,positive
1112,2015-01-21 00:33:14+00:00,2,"Understanding this restaurant is new, I wanted to provide a suggestion to help improve the experience for other patrons since our visit fell short of expectations.  I had wanted to try Via Carota after being very happy going to iSodi and was expecting a great experience.

On busy evenings it could improve the customer experience to have dedicated staff at the front of the restaurant to take down names and another member of the staff seating parties in an effort to better organize the wait for groups.  It was clear parties could be seated ahead of others with the same number in their group and it could be difficult to receive an accurate suggestion as to the expected wait time.",False,3,0,0,Jonathan D.,en,"{'neg': 0.065, 'neu': 0.713, 'pos': 0.222, 'compound': 0.9661}",0.9661,0.222,0.065,0.713,positive
1111,2015-02-21 03:29:32+00:00,5,"To start: Small dish of oil cured black olives with a hint of sweetness and lemon. Yum. Excellent martini and a small glass jug of wine (expensive, but a hefty pour). 

Appetizer: Grilled radicchio was sweet, crunchy, cheesy, and heavenly--could eat it as dessert. 

Main: Roasted pig shank over faro and cranberry beans. The most scrumptious and perfectly roasted piece of meat I've ever had. 

We were on a tight time schedule on a Friday night. Arrived at 5:20, only one other table was occupied by a couple and there were a few people at the bar. We were done by 6:00 without feeling rushed. Wish we could have stayed for dessert. 

Wait staff was knowledgeable, approachable, friendly, and welcoming. 

We live in the neighborhood and are big fans of Buvette and i Sodi. A very nice addition to the 'hood. Will definitely come back.

Update: Have come back twice since and each dish is better than the next. I really don't think they could do anything bad if they tried!",False,0,0,0,Stephanie P.,en,"{'neg': 0.097, 'neu': 0.661, 'pos': 0.242, 'compound': 0.9897}",0.9897,0.242,0.097,0.661,positive
1110,2015-03-02 03:19:00+00:00,4,"I am a huge fan of Buvette so was very excited to try Via Carota which is just down the street.  They don't take ressies, so be prepared to wait.  The black kale and sausage is a crowd fav for a reason, so be sure you order it.  Also try the octopus, so tender!  The space is charming, especially love the bar, its beautiful, I am told the french doors will open once the weather gets nicer, for some wonderful al fresco dining options!",False,0,0,0,Esther M.,en,"{'neg': 0.03, 'neu': 0.591, 'pos': 0.378, 'compound': 0.9905}",0.9905,0.378,0.03,0.591,positive
1109,2015-03-12 20:03:04+00:00,5,"Pretty much the perfect experience. 

My friend and I ended up here because Buvette was too crowded (at 5:30 pm!) and were so glad we did. A truly wonderful experience. 

We had a lovely bottle of wine and shared 5 things from the menu. Absolute perfection. Especially that chopped steak--amazing.",False,0,0,0,Joetta G.,en,"{'neg': 0.0, 'neu': 0.546, 'pos': 0.454, 'compound': 0.9845}",0.9845,0.454,0.0,0.546,positive
1108,2015-03-15 17:51:16+00:00,4,"Had dinner at the bar.  Was tight quarters but not uncomfortable.  Very nice bar marble bar and pleasant atmosphere.   Wait was not too bad on a Friday at prime time walking in 3ppl.   Wine prices were fair with some interesting selections as well.  
The food was nice, just not my tastes maybe.  The risotto and calamari were decent but not amazing.  The fried rabbit was texturally a failure I thought with the breading coming off, and the flavor of rabbit meat is not delicious I thought.   Was my first time eating rabbit however.   I'd probably like to come back and try a few other small plates at the bar rather than a full dinner.  It is a very pleasant atmosphere.",False,1,0,0,One D.,en,"{'neg': 0.199, 'neu': 0.593, 'pos': 0.207, 'compound': 0.0812}",0.0812,0.207,0.199,0.593,positive
1107,2015-03-18 18:14:25+00:00,2,"Huge disappointment. 
I am basically a regular at Buvette, one of my favorite eateries in the city. They have it down perfectly, from food to service, and atmosphere. Which is why I had such high hopes and expectations for Via Carota.
When it first opened, it was often empty when I walked by. Finally, one Friday night I decided to try it.
I was with a group of 5. We arrived and asked how long the wait would be, and the host gruffly responded, ""ummm probably 45, I don't know- you have a drink at the bar, I'll put your name down."" He then writes our name on a column with a piece of chalk. There are several other names, some half written, some half wiped away, a few crossed off. 

We then order drinks at the bar which take forever to come out. The cocktails arrived and then the wine came 15 minutes later. We wait and wait and people are being seated that have arrived after us. We then notice our name has been removed from the column. When we bring this to the hosts attention, and ask if we are still on the list,  he rudely says, ""yes, I know you are here, don't tell me how to do my job""....
NOT how to treat a customer who has been patiently waiting in the cramped waiting area, being bumped and asked to move aside for over an hour.

Let's just say we ended up waiting for 2 hours, with no apologies. The food was mediocre, and overpriced. The atmosphere is very chaotic. The lights are too bright and it's very noisy.

Unfortunately, I will not be going back. They have A LOT of work to do if they want to meet the standards of Buvette.",False,1,0,1,Sonia H.,en,"{'neg': 0.17, 'neu': 0.781, 'pos': 0.05, 'compound': -0.9923}",-0.9923,0.05,0.17,0.781,negative
1106,2015-03-19 16:20:19+00:00,5,"We just spent a few days in New York, and our first food stop was Via Carota.  We showed up at about 6:30pm and put our names on the list to return 25 minutes later, and we were seated at the bar by 7.    

We split the Il Guado Poggio alla Querce 2011 wine, and it was the perfect complement to our dinner.

We shared the broccoletti, chopped steak, indivia, and wild boar ragu.  The indivia was excellent, the wild boar ragu was absolutely divine and made me very happy, and the chopped steak was also very good.  The broccoletti was nothing spectacular, but still good.  The kitchen accidentally made an additional plate of gnocci and gave it to us with compliments, which was also very good.

This is a great location and restaurant, and the food and service well worth another visit.  What a great way to start off our New York weekend.",False,0,0,1,Angela A.,en,"{'neg': 0.026, 'neu': 0.745, 'pos': 0.229, 'compound': 0.9892}",0.9892,0.229,0.026,0.745,positive
1105,2015-03-20 17:58:22+00:00,1,"Will not return for two reason, lack of hospitality (contrary to what the owner and staff claim) and overall salt-overload, painfully average food (especially consider it's west village).

Service: I dealt with two hostesses while during our 3 HOUR wait, neither was the least bit apologetic and one is straight-up unprofessionally rude. we had a 7-person party, put our name down around 7pm and ordered a couple of drinks while waiting. We checked in with the hostess a few times but can't get an estimated wait time from her. Advice #1 - if you don't take reservation be prepared to give guests an estimate. 

1.5 hours into the wait everyone was starving and tired of standing, the hostess kept telling us ""the party in the back room got the check and they are leaving soon"". That party stayed for at least 1 hour after she first told us. I asked the hostess if she could tell the group that they may only have the table for certain timeframe - a standard restaurant practice in NYC - she said no and snobbishly suggested that if I want I can go tell the group such myself. She then went on about how much they are proud of their hospitality and she's doing her best to accommodate us. Advice #2 - if you leave your guests wait for 2.5 hours without even offering a bread basket, hold off on the ""perfect hospitality"" speech. And oh, don't ask me to do your job for you.

When we finally sit down around 10pm...after a 3 HOUR wait, the owner came out and she pointed out to us that her staff were upset about our situation...and that SHE NEEDS TO TAKE CARE OF HER STAFF. AGAIN, NO APOLOGIES OFFERED TO MY PARTY. I asked her why her staff were upset and she mumbled about them being tired after a long day.  

It was at point that I stopped wondering why this place lacks mannerism to guests.

Food: overall WAY TOO SALTY. From the cheese plate to my pork belly, which also didn't have the fat properly cooked down so it tasted excessively fatty. Salad was okay, octopus wasn't bad, but it wasn't on par with many other restaurants in west village.

Classic case of high expectation under-deliver.

FYI: be aware of the ""communal table"" situation in the back room. As soon as we sit down, after 3 hours of waiting, the first thing waiter offered to us wasn't apology, or bread, but a warning that there may be another 3-person party to take the remaining 3 seat at the table.

3 hours and starvation may just lead to elbow-rubbing with strangers. Yay to the 0.0001% chance of new-found friendship.

Final word: drop writing your guest waitlist with CHALK on the poles where guests stand next (unavoidable given the space). Getting chalk on a nice winter coat isn't exactly what we signed up for.",False,4,4,1,Heidi B.,en,"{'neg': 0.157, 'neu': 0.726, 'pos': 0.117, 'compound': -0.9729}",-0.9729,0.117,0.157,0.726,negative
1104,2015-03-22 01:13:41+00:00,2,"Food and bar are delicious but holy crap your logistics are atrocious for this neighborhood. Operations staff should understand that on a Saturday night you will not only be busy but to expect a variety of party sizes. Because we brought six WHOLE people for dinner at 7, were told that we'd wait for an hour and a half, and weren't seated until 930. Granted, it's a great revenue grab for your bar but we were told, by a hostess, that we ""were welcome to leave"". No shit? Work on your process and maybe you'll stay in business without needing a bailout from the other restaurants you run.",False,3,1,1,Stu D.,en,"{'neg': 0.122, 'neu': 0.714, 'pos': 0.164, 'compound': 0.6645}",0.6645,0.164,0.122,0.714,positive
1103,2015-03-22 21:10:53+00:00,4,"KenScale: 8.5/10

Via Carota is a new restaurant formed from partnership of chef Jody Williams (from Buvette) and Rita Sodi (from I Sodi), who also happen to be domestic partners as well. I haven't had a chance to visit Buvette yet, but have been to I Sodi a couple of times and generally liked the food there, so I was looking forward to what the kitchen at this restaurant has to offer. Overall, I was very impressed with the soulful dining experience this restaurant offers. Nothing coming from the kitchen will wow you, but all the dishes were prepared with thoughtfulness that would make for a satisfying meal.

Via Carota's food is primarily Italian, which means you should always start your meal with delicious proscuitto di parma. There is a variety of vegetable dishes being offered, and you should definitely go for outstanding salsify with brown butter and thyme. Grilled octopus and green olive pesto was aromatic and tasted quite nice, and fried rabbit with rosemary and garlic was also tender. The chopped steak, which is sort of like meat in a burger without buns and has quickly become the signature dish of the restaurant, was also well-cooked and had the rustic touch I was a fan of. Both pasta dishes at Via Carota also turned out to be winners. I'm generally not a gnocchi person but the one at Via Carota was silky smooth with nice balance of flavor and texture. Pappardelle with wild boar ragu wouldn't surprise you with anything out of the blues, but it was also another very well-prepared dish that you would want somewhere in the Italian countryside. Panna cotta, which was smooth without being overly sweet, marked the end of a great meal.

The restaurant doesn't take reservations, so be prepared to wait or show up really early. I showed up at 7 p.m. on Saturday, and ended up waiting more than an hour. I really loved the West Village vibe of the dining room and the ambiance and crowd would make you believe this is an ideal restaurant to visit if you were vistiing West Village and had to choose only one place to dine at . The restaurant has a full bar, but my suggestion is to go with Italian wine menu, which is huge and has some solid selections. Via Carota is the type of restaurant I would visit over and over again. Hopefully they would start taking reservations soon.",True,5,1,2,Ken S.,en,"{'neg': 0.024, 'neu': 0.759, 'pos': 0.216, 'compound': 0.9985}",0.9985,0.216,0.024,0.759,positive
1102,2015-03-24 20:06:47+00:00,5,"Maybe I've been a little too generous with the 5-star rating lately, but I don't care.

Came here with another couple for a double date on a Friday night. They don't take reservations unless you're Sofia Coppola HINT: if you look UP at the wall to the right after entering the restaurant you'll see a chalkboard list of names. These are their reservations for the night, it's fun to play guess who, they're pretty cryptic though like ICE, Sofia, etc. 

We arrived around 6:30 to put our name in and have a glass of wine at the bar while we waited. I realize this is pretty much the time for the Early Bird Special in New York, but if you want to have a better experience I'd go earlier. By the time we left the place was swarming with the Buvette brunch crowd (if you don't know what that means you are part of of the Buvette brunch crowd)

We were seated at a small community table in the  back of the restaurant, maybe they brought us here because we were loud and I was in Hunter boots....but either way we ended up having an amazing time. The area was intimate, which allowed us to talk, enjoy the meal, and converse with our waiter. Who by the way was AMAZING. Some delightful man from the French countryside. Shout out to the french waiter we love you! We let him do a lot of the ordering. If every server there is as good as him I highly recommend following suit. If not, the whole menu is pretty divine so you really can't go wrong.


If it's good enough for Sofia Coppola,Mario Batali, AND @thefoodbabyny... it's good enough for me.",False,2,0,1,Tristyn H.,en,"{'neg': 0.025, 'neu': 0.713, 'pos': 0.262, 'compound': 0.9981}",0.9981,0.262,0.025,0.713,positive
1101,2015-03-30 13:43:58+00:00,4,I really love this place!!! The food is great and the space is beautiful.  I was really looking forward to try this place after being a regular at Buvette and it didn't disappoint!,False,0,0,0,Leah S.,en,"{'neg': 0.0, 'neu': 0.62, 'pos': 0.38, 'compound': 0.9511}",0.9511,0.38,0.0,0.62,positive
1100,2015-04-01 23:23:32+00:00,5,"This restaurant is simply fantastic. About the most authentic Italian food I have eaten in New York. Beautifully prepared.  Jody Williams (Buvette) and Rita Sodi (I Sodi) strike gold again with this perfect mix of fun, energy and flavor!",False,0,0,0,keith g.,en,"{'neg': 0.029, 'neu': 0.599, 'pos': 0.372, 'compound': 0.9569}",0.9569,0.372,0.029,0.599,positive
1099,2015-04-03 20:31:16+00:00,5,"I came here with a friend for dinner last night and was quite pleased.  

Upon arriving we were told there was about a 30 minute wait for 2, which actually turned out to be closer to an hour.  It was a bit frustrating but I was able to pass the time with a good friend so not the end of the world...

Once we were seated (at the bar) the bar tender fixed a good drink, and was quite attentive and friendly.  

Between my friend and I we split:
(1) the Octopus
(2) Chopped Steak
(3) Tortelli 
(4) Scorzonera  

all of which were highly dynamic and pleasing dishes, close to perfectly seasoned with complex depth of flavor and texture. My favorite of the four entrees was the scorzonera, which was something totally new and unexpected for me.  It was phenomenal... I've never tasted anything quite like it!

I will definitely go back as i'm eager to explore more of the menu, especially the vegetables.  Lovers of excellent food will really enjoy this restaurant.",False,0,0,0,Evan S.,en,"{'neg': 0.018, 'neu': 0.617, 'pos': 0.365, 'compound': 0.9981}",0.9981,0.365,0.018,0.617,positive
1098,2015-04-05 00:45:42+00:00,3,"Tables are too close together and it's too loud. Some of the food was excellent (beets and ravioli), other things like the pork belly were boring and bland. Odd mix of stylish/reserved patrons and loud/obnoxious yuppies.",False,1,0,0,M H.,en,"{'neg': 0.257, 'neu': 0.619, 'pos': 0.124, 'compound': -0.8271}",-0.8271,0.124,0.257,0.619,negative
1097,2015-04-05 18:59:35+00:00,4,"So I had to do it! i came here late on a Wednesday night at 10pm. no wait or anything, i came right in and they sat me and my guest. I love the look of this place and design. four stars on the layout. the menu is great and broken up into sections and all priced accordingly. It reads inexpensive and it is but the portions are a touch small. Maybe thats the fat pig that is inside me. I had lardo crostini, citrus salad, smoked ricotta ravioli and braised sweet breads with tomato and polenta. They were all top notch. My wine was a glass of vermentino which was a bit on the warm side and it was very small for 14$ i think. kinda taken back on it when they poured it. (maybe I'm a lush) The negroni my guest ordered was nice. the plates and glasses are super cute and look elegant and rustic if that makes sense. Overall I will be coming here after work and they are still new on the block so maybe they are still tweaking. I will try more of the vegetable dishes too. oh the waiter I had was nice. but the girl explaining the specials to me was kind of shy and uncomfortable. thats it.",False,1,0,0,Richard G.,en,"{'neg': 0.119, 'neu': 0.713, 'pos': 0.167, 'compound': 0.9232}",0.9232,0.167,0.119,0.713,positive
1096,2015-04-08 16:25:54+00:00,4,"Great Easter Dinner. We came on the early side to ensure we'd get a table. Great decor - all restored wood floors and tables. Friendly service and wonderful food. First round we did Sardines, Artichoke - then had Sea Breeze + Tagliatelle. Only complaint would be a little heavy on the garlic oil.",False,0,0,0,J. E.,en,"{'neg': 0.034, 'neu': 0.64, 'pos': 0.326, 'compound': 0.9623}",0.9623,0.326,0.034,0.64,positive
1095,2015-04-21 02:52:32+00:00,5,"What a treat, unbelievable food, I had the mixed salad which was nice, the artichoke hearts which were absolutely out of this world, and the flat chicken which may have been one of the best of my life...go here now",False,0,0,0,Brett L.,en,"{'neg': 0.0, 'neu': 0.747, 'pos': 0.253, 'compound': 0.8885}",0.8885,0.253,0.0,0.747,positive
1094,2015-04-28 02:30:22+00:00,5,"It's been a while since I've had a meal I thought of for days after, let alone one where the flavors were so simple and spoke, for the most part, for themselves. 

Let's start with the banga caudo: the most sublime radishes with an anchovy dipping oil. I could have stopped there, gone home and not eaten anything else just to preserve the splendid taste in my mouth. 

Next, the jumbo white asparagus and smoked prosciutto - OMG. But wait: the citrus risotto came next and it was sublime. So simple. Pure. Delicious. 

The grilled octopus I'd recommend - perhaps with a vegetable side. And the chopped steak - my mouth waters as I recall the dish. Basically that, grilled with salt and pepper, with roasted rosemary and whole cloves of garlic as garnish. The word that comes to mind is fresh. I could mainly taste the beauty of the beef! 

We shared the panna cotta after, finished with rough sea salt and the most sublime olive oil. Our waitress had informed us it wasn't sweet which is why it was perfect. PERFECT. 

The place is full of neighborhood regulars. The service is casual, attentive, and effortless. I can't wait to go back.",False,2,0,1,Jonathon F.,en,"{'neg': 0.09, 'neu': 0.709, 'pos': 0.201, 'compound': 0.9868}",0.9868,0.201,0.09,0.709,positive
1093,2015-04-30 23:32:13+00:00,2,"I went on a Friday Night, they didn't take reservations so I had to wait for a while until I was seated. As soon as I got in, the hostess offered drinks, I tried the Old Fashioned, which was good but a bit strong on the orange bitters. At least it kept me distracted for the almost-1-hour-wait-despite-the-fact-that-i-was-told-the-wait-was-only-10-minutes...

I tried the beef carpaccio, very generous portion but poor on flavor. The octopus was overcooked and a bit hard to bite, to be honest I enjoyed more the pesto that came with it, but it was loaded with salt. The highlight (in my opinion) was the Pappardelle with ragu, nicely cooked, tender and flavorful. I finalized with the 'Via Carota Svizzerina' - chopped steak. I ordered it medium-rare but it came overcooked, dry and too salty (I guess the chef loves Sodium), very disappointing. For dessert I had the olive oil pannacotta which was nice, but nothing spectacular. 

In general, service was just ok - I had to waive my hand more than a couple of times to get someone's attention, when I sat my table wasn't clean and there was no silverware or cups/glasses, which discouraged me to order wine.

1 star less for the overpriced and underachieved food, I'm not sure If I would go back.",False,3,0,0,Javier F.,en,"{'neg': 0.25, 'neu': 0.566, 'pos': 0.184, 'compound': -0.9704}",-0.9704,0.184,0.25,0.566,negative
1092,2015-05-04 12:03:57+00:00,5,So many places opening up in the West Village recently that it's gotten me actually out and about. I love the vegetable-heavy menu here because it's so hard to get a salad these days that actually tastes different and flavorful. Just wish they would do more eggs (their sister restaurant Buvette ahs an amazing brunch!),False,0,0,0,Rebecca C.,en,"{'neg': 0.028, 'neu': 0.729, 'pos': 0.243, 'compound': 0.9444}",0.9444,0.243,0.028,0.729,positive
1091,2015-05-10 13:40:43+00:00,5,"Why would anyone wait 3 hours for a table in a neighborhood where there are a bazillion terrific restaurants within a 5 minute walk?!    That's just insane.  True, Via Carota does not take reservations, and it was filled to capacity when we walked in, but we (two of us) were graciously offered seats at the bar, where we had awesome food and an awesome time watching the bartender make awesome drinks.",False,0,0,0,Sara P.,en,"{'neg': 0.047, 'neu': 0.658, 'pos': 0.296, 'compound': 0.9766}",0.9766,0.296,0.047,0.658,positive
1090,2015-05-10 14:31:06+00:00,5,"Roast chicken, gnocchi and the risotto! Come with food friends and try to enjoy it all. Everything was good and the ambience was very good and the waiter was attentive but not hovering.  Worth checking out, get there a lil early and enjoy this restaurant and its wonderful food!",False,1,1,2,Amy W.,en,"{'neg': 0.032, 'neu': 0.637, 'pos': 0.331, 'compound': 0.9571}",0.9571,0.331,0.032,0.637,positive
1089,2015-05-15 01:36:51+00:00,2,"Very mixed. On the plus side the decor of the place is terrific and some of the first course plates (asparagus for example) were excellent. On the other hand there are a lot of missteps. One of our party of six got inedible meat, loaded with fat and gristle.   Also, as many of the reviews have said the service is not good - we had to search for our waitress several times.  But the real clunker came after the main course.  Desserts are lackluster.  The only tea is a choice of either the typical chamomile or mint, served in teabags and when we said we'd just have decaf coffee the snotty waitress informaed us that they would not serve decaf because the place is ""purist"" (I'm not sure what is purist about teabags of generic tea).  In fact the waitress was fairly snotty throughout the meal. A pretentious place trying to seem homey.",False,1,0,0,Susan K.,en,"{'neg': 0.13, 'neu': 0.821, 'pos': 0.049, 'compound': -0.9571}",-0.9571,0.049,0.13,0.821,negative
1088,2015-05-21 02:25:23+00:00,1,Terrible service for mediocre food. Hostess will tell you it is 30 minute wait when it takes two hours to seat you. Reason is that kitchen is incredibly slow. And the food is mediocre at best. Avoid at all costs. Lots of other good places in the area.,False,0,0,0,Satish G.,en,"{'neg': 0.326, 'neu': 0.572, 'pos': 0.102, 'compound': -0.9493}",-0.9493,0.102,0.326,0.572,negative
1087,2015-05-22 16:56:23+00:00,3,I had a lovely meal of delicious appetizers and good rose wine. Unfortunately I was over-charged and they have never contacted me regarding this issue. I will not return and will spread the word to my friends.,False,0,0,0,Kate B.,en,"{'neg': 0.051, 'neu': 0.593, 'pos': 0.356, 'compound': 0.9468}",0.9468,0.356,0.051,0.593,positive
1086,2015-05-25 05:50:23+00:00,5,"This place definitely gets 5 stars. They don't take reservations which should give them 4 stars but the food...shut the fuck up! It's incredible. I've been there twice and need to go back. The gnocchi is the most delicious gnocchi I've ever had. It seriously melts in your mouth. Maybe it's loaded with butter but I don't care. It's deliciousness wrapped in a little ball. The lemon risotto was was slightly undercooked, says my boyfriend, but it thought it was perfect. Very good. Go here! The staff speaks French and German and these are two languages that melt my heart. Beautiful place. Beautiful food. Beautiful and nice people. That's all you need.

I should add, they don't take reservations. You arrive and they write your name on some pole and you have to wait to be seated which isn't very long. But I thought I'd mention it because the place gets pretty busy.",False,2,0,1,Robert L.,en,"{'neg': 0.124, 'neu': 0.627, 'pos': 0.249, 'compound': 0.985}",0.985,0.249,0.124,0.627,positive
1085,2015-05-26 04:20:57+00:00,5,"I may have a new favorite restaurant in NYC, and I think this may be it. I love Buvette, so it's easy for me to like this place. Jody's restaurants always have a magnificent charm that make me want to make her places a regular stop for me. This feels like a neighborhood restaurant with a local flavor, and the rustic comfortable space certainly inspires it. 

The pastas all looked so fabulous, but I was craving the restaurant's famous chopped steak patty (think: fancy hamburger). It arrived at the table medium rare with juices combining with the olive oil that made each bite memorable. I chose to accompany the patty with the side dish of grilled asparagus, sautéed onion and prosciutto over a risotto like base -- I'm still thinking about it. 

The Manhattan was wonderful.

So many more things to try here, but I'll be back. This place is special and feels like home.",False,1,1,2,Todd B.,en,"{'neg': 0.009, 'neu': 0.743, 'pos': 0.248, 'compound': 0.9877}",0.9877,0.248,0.009,0.743,positive
1084,2015-05-29 18:38:03+00:00,3,"Sorry, Rita (I Sodi) does it better than Rita+Jody (Buvette). The vibe is cute and inviting but the food is very hit or miss. So many veggie side dishes but no veggie hits. A very sad, poor tasting grilled chicken. At least there was the pasta: papardelle with wild boar ragu was the star of the evening. Sigh. You can find me at I Sodi instead.",False,4,3,1,Priscilla T.,en,"{'neg': 0.226, 'neu': 0.68, 'pos': 0.094, 'compound': -0.9281}",-0.9281,0.094,0.226,0.68,negative
1083,2015-05-30 20:22:29+00:00,4,"I tried a toast with ricotta and asparagus, broccoli rabe, and a polenta and prosciutto dish. All three were quite good and not too heavy. The service was uneven - the people indoors were extremely attentive and asked if I needed anything while I waited for my friend. The same cannot be said for our waiter outdoors who kept admitting that he had forgotten about us. This definitely slowed things down - especially when waiting to place our order and waiting for the check. I would come back, though.",False,2,0,1,Stephanie W.,en,"{'neg': 0.021, 'neu': 0.827, 'pos': 0.152, 'compound': 0.9199}",0.9199,0.152,0.021,0.827,positive
1082,2015-06-03 19:47:25+00:00,2,"Bloomberg Business recommended this restaurant and what a mistake.  Seating us was a bit confusing as we ask for a larger table, they said no and then 15 min later said ok, but we were already comfortable and said no thanks.  Not good. Second, waitress told us white salmon was the special of the day.  White salmon?  Could it be a new species of salmon or perhaps it was actually steelhead or even rainbow trout?  Third, the portions were extremely small and I was still hungry.  I had the sea bream, was maybe a 6oz fillet and was only one fillet on a bed of mixed greens!  And at $19 - wow what a bargain. When I mentioned this to our waiter he said ""that's our normal portion"" What, for a child maybe?? Bottom line, we are never returning. Thank goodness Big Gay Ice Cream was down the block!!",False,1,1,0,James R.,en,"{'neg': 0.187, 'neu': 0.685, 'pos': 0.128, 'compound': -0.8544}",-0.8544,0.128,0.187,0.685,negative
1081,2015-06-06 13:49:50+00:00,4,"The place is exactly what we are looking for in a restaurant. The place is new clean and great interior. The service was great and food exactly what we wanted. Small dishes to share. We did 1 vegetable 1 pasta and 1 fish. Everything was really good. We ended it all with a bowl of berries with cream, you should defiantly try it!! 
The one negative is that it is extremely loud, I felt I was screaming to my friend which is fine for a while but after 2hours it's too much. 
But I will defiantly go back.",False,1,1,1,Elena G.,en,"{'neg': 0.104, 'neu': 0.761, 'pos': 0.135, 'compound': 0.2916}",0.2916,0.135,0.104,0.761,positive
1080,2015-06-10 19:06:52+00:00,5,"The food, the space, the people are all gorgeous. 

They don't take reservations. We were a two-top on a Friday 930pm, waited 30min at a crowded bar with a bottle of wine. Perhaps the wait was shortened due to our commitment to an entire bottle. 
 
Again, the room is decorated so beautifully that it would take the most perfect of weather to get me on the dark sidewalk. I want to see the food I'm eating, along with the people I'm dining beside. 

The lardo crostini, drizzled in honey, was perhaps the best bite of the night.

Well, then the polipo came, and that was pretty unbelievable, too. Of course anything drizzled in EVOO is delicious, but the tenderness of the octopus was extraordinary. 

Carrots are worth every penny ($17). Yogurt and pistachios are a dope touch. 

Prosciutto and melon are BFFLs and for good reason. 

The twice cooked lamb had both a softness to it that only braising can bring, but a smokiness straight from the grill.  

Then came the chopped steak which was basically--and I mean this as a supreme compliment--a  super fancy, carb-less burger. Whatever you call it, it was bloody perfection. No seriously, cooked medium rare, the plate is left in a puddle of blood, fat, and oil that only a carnivore can love. 

The service was excellent. Will certainly come back to try the other items we wanted.",False,1,0,0,Dan D.,en,"{'neg': 0.056, 'neu': 0.712, 'pos': 0.232, 'compound': 0.9934}",0.9934,0.232,0.056,0.712,positive
1079,2015-06-14 14:15:57+00:00,4,"Great meal and great service. Minus one star because the outdoor tables are tiny and set at an incline so you spend your entire meal catching your plates, utensils and drinks. Just sit inside.",False,0,0,0,Renee H.,en,"{'neg': 0.093, 'neu': 0.718, 'pos': 0.19, 'compound': 0.6369}",0.6369,0.19,0.093,0.718,positive
1078,2015-06-16 14:32:08+00:00,4,"Love the food here. Very straightforward and delicious Italian food with quality ingredients. At times it can be too salty or too oily, but it is mostly great. The vegetable appetizers and salads are among my favorite--like the scamorza and fungi--DELICIOUS! The lemon risotto was also quite good. I always go for the pappardelle with wild boar ragu, which can be salty, but yummy. The service is usually wonderful, except for my last visit, where we had a young waitress who sighed and rolled her eyes each time she came over. I mean, we were spending about $200 on the meal, she could at least keep her boredom to herself.",False,0,0,0,Rosetta S.,en,"{'neg': 0.092, 'neu': 0.693, 'pos': 0.216, 'compound': 0.9664}",0.9664,0.216,0.092,0.693,positive
1077,2015-06-17 05:14:00+00:00,5,"I've always thought of the West Village as a culinary wasteland for overpriced and underwhelming fare, where authenticity is butchered in favor of superfluous presentation. Too many places in this neighborhood leave you feeling unsatisfied and your wallet in a state of shock. I've had more than my fair share of such experiences in the West Village to justify that opinion.

But Via Carota was different...

It was such a perfectly balanced, yet exceptional experience from the moment we stepped inside, from the service to the quality of the food.

Here are the highlights from my experience:

SERVICE: 10/10

- Friendly, attentive staff (While waiting for our table, I asked for Dewar's on the rocks, which they didn't have, so I ordered a McCallan instead, even though I hadn't anticipated on spending that much. She returned with a comparable whiskey to Dewar's, one that was a lot cheaper than the McCallan. It was like she read my mind...)

- Only waited about 25 mins for our table (on a Friday night around 9pm)

- Efficient, yet extremely hospitable service.


AMBIANCE: 7/10

- A little noisy, but overall ambiance was intimate, chic, and homey all at the same time.


FOOD: 10/10

It was amazing...never been to Italy, but I imagine this is how Italian grandmas would cook...if Italian grandmas were hipster perfectionists.

Ordered the zucchini flowers (stuffed with ricotta and basil, then fried) and prosciutto for appetizers, the wild boar ragu for pasta, the polipo (octopus) and svizzerina (chopped steak) for entree, and the chocolate mousse for dessert. Note: Everything is meant to share.

My favorite was the chopped steak. It was cooked perfectly. A carnivore's wet-dream for sure.

HIGHLY RECOMMEND!",False,5,2,3,Jonathan K.,en,"{'neg': 0.059, 'neu': 0.743, 'pos': 0.198, 'compound': 0.9939}",0.9939,0.198,0.059,0.743,positive
1076,2015-06-20 19:39:31+00:00,3,"More like 3.5. 

Overall, this was a perfectly lovely experience, and I would definitely return. Great service.

The only negative, we found some of the food to be excessively oily, and salty. Some dishes were big hits - the Octopus, The Conglio Frito. Others not so much. The grilled artichokes were swimming in oil yet oddly paired with an aoli. The mushrooms with scamorza were salty. The garlic scamps with prosciutto and polenta was a little weird. The three elements didn't work so well together. The wine list is good, if not a bit overpriced. If this was a little cheaper overall, it would feel really, really good. It's not expensive, but it's getting there. We were seated right away which was also awesome.",False,2,0,1,Sir M.,en,"{'neg': 0.105, 'neu': 0.702, 'pos': 0.193, 'compound': 0.8702}",0.8702,0.193,0.105,0.702,positive
1075,2015-06-28 20:46:40+00:00,4,"I really like this spot. Very relaxed vibes, no reservations, no need to order your appetizers and entrees in order. Get them how you like them. 

I felt like I was in Europe the moment our waiter came to our table. Which was in way very refreshing.

The food was market fresh ingredients prepared in with complex flavor profiles. It seems simple but there are nuance and subtle flavors. 

Overall, I liked this place, I'd be wiling to go back. I'd give it five stars but it's not a five star spot.",False,0,0,0,Raymond M.,en,"{'neg': 0.036, 'neu': 0.804, 'pos': 0.161, 'compound': 0.8785}",0.8785,0.161,0.036,0.804,positive
1074,2015-06-29 21:21:29+00:00,5,"Very attentive service and delicious food. Extremely highly recommended.

The hostess offered us a table when we arrived, but we decided it was too early to eat at 6:00. She said she would gladly seat us whenever we were ready. At 7:00, she gently reminded us that a table would be available in about a half hour, which was perfect for us. Sure enough, at 7:30 she had a small table near the window ready for us.

I appreciated the bartender's excellent service. We were drinking sparkling water rather than alcoholic beverages. He cheerfully refilled our glasses for 1 1/2 hours. He offered to take my oversized shopping bags & store them safely in the back for me until we were ready to leave.

The food was genuinely Italian, like the food in Italy, not typical cheese-y American-Italian. Cannellini heirloom Tuscan beans with green garlic, freshly grilled sardines and grilled chicken in lemon vinaigrette were scrumptious. The star of the evening was the dessert, not because I have a sweet tooth or because the dessert is nearly always better than the rest of the meal, but because of its uniqueness: Grilled peaches with Amaretto di Saronno sauce, sans mascarpone. Best of all, our efficient, professional server reassured us that everything we ordered was prepared with olive oil rather than dairy.

Prices within reason. Easy walk to two different subway stations.",False,0,0,0,Sam S.,en,"{'neg': 0.034, 'neu': 0.663, 'pos': 0.303, 'compound': 0.9979}",0.9979,0.303,0.034,0.663,positive
1073,2015-06-30 19:18:18+00:00,5,"Its good that finally they open for lunch (heard its impossible to get a sit eve time)
Fantastic crostini with figs and ricotta as well as the shrimp special dish .
Excellent -correctly done- pastas , mostly the tortelli .
The dishes are fair sized (and priced) that can be (and recommended ) shared. 
We had the Sardinian wine in carafe and it was surprisingly delicious .
One of the most beautiful spaces in NYC .",True,0,0,0,Tsvika K.,en,"{'neg': 0.0, 'neu': 0.624, 'pos': 0.376, 'compound': 0.9871}",0.9871,0.376,0.0,0.624,positive
1072,2015-07-01 00:31:29+00:00,4,"SPECTACULAR food. Divine ingredients, magical combinations, beautiful and knowledgeable staff. Only nightmare is the waiting for a table, no rezzies taken. Hope they expand asap or open more locations.",False,0,0,0,Deborah M.,en,"{'neg': 0.058, 'neu': 0.607, 'pos': 0.335, 'compound': 0.8885}",0.8885,0.335,0.058,0.607,positive
1071,2015-07-02 18:34:54+00:00,5,Amazing Italian food. Started with an incredibly friendly waitress and got better from there. Small portions that we shared amongst us similar to tapas. Really tasty food that had us wanting more. The grilled peaches due dessert were simply amazing,False,0,0,1,David W.,en,"{'neg': 0.066, 'neu': 0.546, 'pos': 0.388, 'compound': 0.9661}",0.9661,0.388,0.066,0.546,positive
1070,2015-07-04 00:37:53+00:00,4,"My friends and I came for dinner. We were quickly seated after the whole party was here but we ended up going to a long communal table that they sat other people with us later on during our dinner. Those people were extremely loud and elbow-y if you know what I mean. You would think they would have planned better for us but whatever. That really is the only complaint I have of the entire dining experience.

The food was delicious and perfectly executed.

We ordered several items to share: Burrata di puglia, ricotta di pecora, ramps with pancetta and polenta, grilled octopus and green olive pesto, and sea bream with grilled escarole.

I really enjoyed the appetizers and they were perfect to share. The burrata was perfect (then again, how could it not be!) I also really enjoyed the flavor of ramps. I would order those two dishes again, no question.

I found my grilled octopus a little more tough than I am accustomed and the pesto too salty.

Overall, I would return but ask not to share a table. 

Service was attentive in the beginning and near the end.",False,0,0,0,Grace C.,en,"{'neg': 0.108, 'neu': 0.654, 'pos': 0.238, 'compound': 0.9871}",0.9871,0.238,0.108,0.654,positive
1069,2015-07-10 14:06:45+00:00,3,"Tried this place for a casual date night with the misses on a Friday at 6pm.

Decor: upon entering the restaurant, I immediately liked the decor. A bit of an open rustic feel with cool little details. The open windows on a nice day gave a relaxing breeze into the restaurant.

Service: maybe it was because we came a little early but the service was subpar. Our greeter was not ""confident"" in greeting us and was a bit off. The waiter didn't inform us that the menus were discreetly placed behind our chairs - we were waiting for the waiter to bring our menus which took more than 10-15 minutes. Not a huge deal but still something.

Food: Chicken liver, Octopus, Fried Rabbit, and of course the Chopped steak. 

Chicken liver - highly recommend. Not as gamy and it was almost refreshing with the sauce it came with. 
Octopus - very good. It wasn't overly chewy and the texture was great. It was actually my favorite dish.
Fried Rabbit - it's definitely fried but I wasn't sure if it was rabbit I was eating or chicken. Tasted bland once you chewed past the fried part. 
Chopped steak - big disappointment. I didn't have high expectations but was more curious about this dish as everyone loved it. When it came, it was overly oily. While eating it, I had a hard time tasting anything else but the oil and had to wipe my mouth constantly after every bite. After about 3-4 small bites, I stopped eating it. I can understand the juices from the steak coming out because well, that's where the real flavors are but, this was neither flavorful nor tasty. Avoid.

Presentation: In terms of presentation of the dishes, I think the octopus was the best. I guess it's a little ""easier"" to present a single piece of say octopus leg, vs. let's say a salad but it was visually pleasing. On the other hand, chopped steak looked like a beef patty in oil soup. 

Overall: I would say it's worth a visit if you're in the neighborhood but not worth it to venture there specifically. I think as you can see based on some of the other reviews it's a comfortable local joint for either a casual date night, or dinner with friends.",False,0,0,0,Gnod L.,en,"{'neg': 0.083, 'neu': 0.705, 'pos': 0.212, 'compound': 0.9957}",0.9957,0.212,0.083,0.705,positive
1068,2015-07-30 02:18:40+00:00,2,"My third visit to Via Carota tonight, and sad to say it was a mixed bag.  My first two visits (once for an early dinner and once for a weekend brunch) were sublime, and VC was fast becoming a new favorite.

The host was rude and officious.  We did not have a long wait (we were there at 6:30 on a weeknight) unlike many reviewers.  This no-taking-reservations stuff is for the birds.

We were a party of three and got seated at a TINY round table that honestly would've been tight for a party of two; for three it was comical.  Two chairs had backs and one was a stool - ridiculous but frankly I'm not sure a third chair would have fit!  The place was busy throughout our visit but they have jammed it so full of tables that no one, not guests, not staff, has enough room.  Very reminiscent of Buvette in this respect, as was the noise level (deafening).

We had the app specials -- squash blossoms and calamari.  The squash blossoms were good but incredibly salty.  The calamari was terrific (nice breading, not overly oily) but wasn't served with a sauce of any kind, which was odd.  We had the lemon chicken (fine but unremarkable) and the tortelli pasta (overly oily and just plain mushy).  Our server should have flagged that two apps, a pasta and an entree would not be enough for three people but did not, mostly because I think he was completely overwhelmed.  (Odd, because the place is small and full of staff.)  So we ended up having to call him back over and ordered a crostini (fine) and the melanzane (completely tasteless).

Across my visits it's felt like the desserts have gotten short shrift: often only two or three choices each night, and they sometimes run out which is silly given that we were there on the early side.  That said, we ordered both options tonight (the semifreddo and the warm peaches) -- and both were excellent.

While I have affection for the place based on my earlier visits, I can't say I'll be running back, which is a shame.  It feels like they've gotten careless and sloppy, with little attention to the actual dining experience.  

Definitely would not recommend for a date - this place has become scene-y, at least if tonight is any indication.",False,1,0,0,Andrew L.,en,"{'neg': 0.122, 'neu': 0.754, 'pos': 0.124, 'compound': -0.6641}",-0.6641,0.124,0.122,0.754,negative
1067,2015-08-04 12:05:11+00:00,5,"I'm doing it, I'm giving this restaurant 5 stars. I've been here twice now, both times equally delicious. Last week I went close to 8pm and had 4 people - we really lucked out because all of the groups waiting were parties of 2 so we snagged a table right away. This restaurant doesn't take reservations so I recommend coming on the earlier side to get a table - or just having luck :). One of the best things about this restaurant is the seasonal menu. I saw 2 completely different menus by going in April and then in July. They base their menu on the produce and ingredients available in that month. They also have half of the menu dedicated to vegetables. Some of the recent dishes we got were the grilled artichokes, burrata, wild boar ragu papardelle, a special of lobster spaghetti and the grilled octopus. The plates are small but easily shareable amongst a group. One dish that I think is always on their menu is the fried rabbit - we got this last time and it was delicious. The only negative about this place is service can be spotty. However, I'm over looking this as the food is delicious and the restaurant has such a great vibe to it. I thought of this restaurant as sort of a hidden gem as I hadn't read too much about it before going a few months ago, however now I just saw an Eater article on an am worried the secret is out! If you are looking for Italian in the West Village I highly recommend Via Carota. Another item to note is that they only seat full parties, and while this annoys me at places with reservations I understand it here as presumably your table would be waiting to order until everyone arrives.",False,0,0,0,Allison G.,en,"{'neg': 0.062, 'neu': 0.77, 'pos': 0.167, 'compound': 0.9882}",0.9882,0.167,0.062,0.77,positive
1066,2015-08-11 13:48:31+00:00,1,"Quite disappointed with Via Carota, would recommend you avoid this restaurant.

After an okay first experience, decided to check the restaurant out again since its close by.  Appetizers were okay, but main courses across the board were really lacking.  Not one dish out of the lamb, risotto, eggplant, or pappardelle stood out.  

The service was also really unwelcoming.  Surprised a staff / manager would act so poorly to patrons at their restaurant.",False,1,1,0,Nikhil S.,en,"{'neg': 0.238, 'neu': 0.711, 'pos': 0.051, 'compound': -0.9615}",-0.9615,0.051,0.238,0.711,negative
1065,2015-08-11 16:00:32+00:00,1,"I went for my first -- and probably last -- meal here yesterday night.  I thought the food was good (had the spaghetti, grilled artichokes, and eggplant) but just not good enough to justify the price and portion size.  That's fine...Via Carota would get a 3-star review if that were my only issue.

In my book, the only thing that gets a restaurant - or any service provider - down to a 1-star review is poor customer service.  In this case, the staff was rude to me and my three friends.  When we brought this to the attention of the manager/chef, she appeared more interested in being right than by doing right (by the customer).  It was an odd interaction overall and left me with a bad taste in my mouth.  

I'd like to give the staff the benefit of the doubt (maybe they were having an off day?), but there are too many high quality restaurants in NY for me to consider going back to Via Carota.",False,4,0,1,Amrit R.,en,"{'neg': 0.132, 'neu': 0.76, 'pos': 0.108, 'compound': -0.8253}",-0.8253,0.108,0.132,0.76,negative
1064,2015-08-16 23:40:31+00:00,4,"I really enjoyed everything about this place. I came here, first time, and was not disappointed. I came in hating cabbage on all levels and walked out looking forward to the next time. I come here as often as I can! Their daily dinner specials are a great selection, from seafood to red meat.

Definitely order the pulpe and chicken. And for dessert don't forget to ask for the semi freddo (my spelling might be off?)",False,1,1,1,Finly D.,en,"{'neg': 0.039, 'neu': 0.765, 'pos': 0.195, 'compound': 0.9187}",0.9187,0.195,0.039,0.765,positive
1063,2015-08-22 21:07:25+00:00,2,Great food. Fresh ingredients with creative twists in each dish. Then why two stars? - the food we didn't finish we asked to have them to go. Two completely different dishes - tomato mozzarella and chicken liver. One hot and one cold dish - were packed TOGETHER IN ONE TO GO TINY BOX. WHO DOES THAT??? Completely ruined the dish and the experience. I hope the manager would see this and either fire the waiter who packed our dishes ( also handed to us in the middle of the meal) or train him again.,False,0,0,0,Zeesand A.,en,"{'neg': 0.124, 'neu': 0.74, 'pos': 0.136, 'compound': 0.3257}",0.3257,0.136,0.124,0.74,positive
1062,2015-08-27 22:22:21+00:00,5,"Absolutely loved our lunch at here. Every dish that came out was amazing, including the charred peaches that closed the meal. Our waitress was great as well. Great place!",False,0,0,0,Jonathan T.,en,"{'neg': 0.0, 'neu': 0.564, 'pos': 0.436, 'compound': 0.9617}",0.9617,0.436,0.0,0.564,positive
1061,2015-09-09 20:43:54+00:00,4,"Upgrading my rating of Via Carota after giving them a second chance. This time around, everything we ordered was really delicious:
-grilled artchikes
-fried zucchini
-mixed seafood (was a special that night)
-salame & pecorino
-polipo (oustanding)",False,0,0,0,Alan L.,en,"{'neg': 0.0, 'neu': 0.676, 'pos': 0.324, 'compound': 0.9371}",0.9371,0.324,0.0,0.676,positive
1060,2015-09-19 15:52:08+00:00,1,"The staff was SO RUDE. I went for lunch on a Friday, it was not particularly busy. Maybe 4 tables were full. I arrived with 8% battery on my phone and my charger in hand. I approached the bar to ask the bartender for a plug and she just said ""we don't have any"" to which I responded by asking if it would be ok for me to plug on the wall. No smile, no help at all, just a perennial snobby attitude. She just said, sure, if you can find one. So I started looking around for a plug and was approached by a waitress who instead of asking, ""Can I help you?"" asked, ""What are you doing?"" so I explained that I was looking for a plug and she said... ""Oh... we don't do phone charging here"" to which I shockingly said, ""what?"" and she responded by saying, ""Yeah, we don't charge phones. Period. You can't use our plugs."" 

Shocked, I went back to my table and ate quite annoyed by the strange policy. The food was fine, nothing spectacular. I had the capresse special which was great and the carciofi with orange and parmesan which had WAY TOO MUCH parmesan. We shared the mushrooms with smoked cheese and she had the octopus. By the end of the meal my friend and I left and had to go buy a diet coke because the aftertaste of the food was pure oil. We felt so heavy and garlicky and particularly oily... That I don't expect we'll be returning. Oh and the bill was $100, no drinks.",False,1,2,0,Gina C.,en,"{'neg': 0.135, 'neu': 0.776, 'pos': 0.089, 'compound': -0.9381}",-0.9381,0.089,0.135,0.776,negative
1059,2015-09-28 15:38:05+00:00,2,"Expensive, small servings. The cooking was overwrought. I had the gnocchi which was overcooked, too soft and too rich. The anchovy and dandelion salad was too salty. I appreciate the effort but perhaps they are trying too hard.",False,0,0,0,Michael L.,en,"{'neg': 0.28, 'neu': 0.63, 'pos': 0.09, 'compound': -0.8294}",-0.8294,0.09,0.28,0.63,negative
1058,2015-10-07 15:24:16+00:00,2,"I was a little disappointed with my meal here, though think I may just have been a little unlucky with what I ordered.  The place itself was cute, and both the red and white wine I tried, were good, as was the artichoke appetiser.  But I wasn't impressed with the two larger plates we split: the grilled octopus had an unusual consistency, reminding me more of chicken or a white fish than the usual squeaky cephalopod (things with tentacles!) meat I am used to. Not sure if this to do with the particular animal or the way they prepared it, but I wasn't a fan.  Now my girlfriend reckoned it was because it was so fresh, in which case I prefer my octopus on the stale side. That said, while I thought the meat lacked flavour, the olive pesto dip it came with was excellent.  

We finished with fried rabbit, which came highly recommended but wasn't what I was expecting. I had imagined it would be pan fried, but was served deep fried and battered, a la bunny McNugget. Not my kind of food.  Though the little piece of egg fried breaded it was served on top of was a delight.   An excellent espresso to end.

I don't suppose I will go back, but if I did then some of the smaller plates sounded good and might be more to my taste.",False,1,0,2,Jon H.,en,"{'neg': 0.095, 'neu': 0.759, 'pos': 0.147, 'compound': 0.9251}",0.9251,0.147,0.095,0.759,positive
1057,2015-10-17 14:39:48+00:00,1,"Two friends and I went early to Via Carota in hopes of securing a table with less than a two- hour wait.  The first of us arrived at 6:15 and put our name in for a table.  Within 20 minutes, all of us had arrived.  Fortunately, we were able to secure seats at the bar.  15 minutes later, or so, the hostess told us it would take another 20 minutes for us to get a table.  She offered us the opportunity to eat at the bar, or to continue to drink there with the understanding that if someone wanted to have dinner at the bar we would have to relinquish our seats.  The no- reservation policy is behind such rudeness, but blackmailing the customer over a bar seat is really going too far.  Some restaurants are set up to have diners at the bar; that is, they have real seats with backs.  Via Carota's bar seats are stools meant for drinkers.

Feeling as if we had little choice, we settled for eating at the bar.  It meant, of course, that the growing hordes waiting for tables were continually reaching over us to order drinks, to ask for the wine list, or simply to talk to a waiter or bartender at the bar. 

Towards the end of the meal, I got up to go to the rest room.  My two companions, deep in conversation, paid little attention.  I was gone no more than five minutes, but when I returned I found that my bar seat had been given away.  Needless to say, we caused something of a scene.  The ""manager"" came over to sort things out, but she was unable to do anything more than to refer to the four points of dealing with angry customers she had been taught in her manager-training session.  A deeply felt, sincere apology for the bad treatment was all we needed, but Via Carota's management could not muster such a response.  

No-reservation policies assure restaurants that they will never have an empty table, but they come at the expense of the customers.  Giving away my seat because I dared to get up to go to the rest room is the logical extension of such policies.

Yes, the food is good, but it is not worth the bad treatment from the restaurant staff.  There are plenty of Village places that serve comparable food and still know how to be polite to the people paying the check.",False,2,1,0,Peter B.,en,"{'neg': 0.068, 'neu': 0.835, 'pos': 0.097, 'compound': 0.8249}",0.8249,0.097,0.068,0.835,positive
1056,2015-10-18 03:15:16+00:00,5,"Via Carota.  It's been almost a year since it first joined our little neighborhood. And yet, it seems like it's been here always. Dining at the bar offers a different experience than at a table. Alone and making new friends, or sitting with old ones, it is a relaxed experience.  The tables, whether in the middle of the room or along the windows, remarkably allow for a more intimate experience in public.

The wines and cocktails are expertly tended. The food is as marvelous as the staff describes. The svizzerina -- don't call it a burger -- is the way chopped meat should be: unadorned, the focus on the meat and not on anything else. Try the chilled vittello, with tuna sauce in the summer or with apples and parmigiano now. The entirety of the menu follows one rule: simple, good food.  The chefs treat vegetable as meals themselves, making you wonder why children don't eat more of them. 

A root vegetable, a carrot's beauty may seem to be hidden from immediate sight. So too it might appear that way at Via Carota (carrot street) if you read Peter B's review. But the beauty of Via Carota is readily discernible. What a shame a cranky disrespectful patron failed to see it. You would have to have been there, as I and others were, to see how poorly he treated the staff and manager in order to truly put his review in its proper perspective. 

But no matter. Go see for yourself. The menu changes seasonally, so try the lentils, beets or maybe the namesake carrots. Have a grilled lemon chicken that all chickens aspire to become. And don't forget the svizzerina. Mangia.",False,1,0,0,Hillary S.,en,"{'neg': 0.108, 'neu': 0.792, 'pos': 0.099, 'compound': -0.9295}",-0.9295,0.099,0.108,0.792,negative
1055,2015-10-23 18:35:48+00:00,3,"Sister restaurant to Buvette.  No reservations accepted, wait was about 15 minutes for 4 on a Monday night. 

What we ordered: 

Stracchino E Promodorini Crostini - fresh cheese was delicious.  Great appetizer choice before the main meal.  

Funghi Verdure - Also great appetizer choice.  The mushrooms had a nice crisp, and ever so tasty with the cheese at the bottom.  Get this if you like mushrooms. 

Coniglio Fritto (fried rabbit, rosemary and garlic) - too salty for my taste.  This is one of the dishes Via Carota is known for.  I actually liked the bread and the crushed garlic it came with more than the rabbit itself. 

Via Carota Sivzzerina (chopped steak) -  another dish that has been written about and what Via Carota is known for.  Again, a bit rare for my taste - and our friends felt that it was almost under-seasoned and lacked flavor.  

Wild Boar Ragu Papardelle - The unanimous favorite out of all the meat dishes we ordered.  Pasta tasted fresh and ragu cooked to perfection.  The sauce was also very good.  

Semifreddo - memorable dessert, perfect amount for 4 people to share.  

Overall, I think this place is great for vegetarians since there are many options and the vegetarian dishes stood out to me more than the meat dishes.  I would also do tapas style if I were to come back.",False,1,0,2,Anu K.,en,"{'neg': 0.066, 'neu': 0.697, 'pos': 0.237, 'compound': 0.9937}",0.9937,0.237,0.066,0.697,positive
1054,2015-10-26 20:31:23+00:00,1,Food is good but the service is one of the worst in the city. Rude waitresses and hostesses with huge attitude totally ruined this place.,False,0,0,0,Jin H.,en,"{'neg': 0.581, 'neu': 0.333, 'pos': 0.086, 'compound': -0.9892}",-0.9892,0.086,0.581,0.333,negative
1053,2015-10-28 21:52:31+00:00,5,"My wife and I brought some friends here a few weeks ago and loved it. I got the gnocchi and my wife had the pumpkin ravioli and we had a bruchetta as an appetizer. The food, while in small portions, was incredible.  Our server, a tall gentleman with dark hair, who kind of resembled Gérard Butler, was really amazing. He told us about specials and deserts and was very kind about putting up with my chatty friends who kept interrupting.  I will be back again- no doubt about it.",False,0,0,0,Peter A.,en,"{'neg': 0.193, 'neu': 0.675, 'pos': 0.131, 'compound': -0.7722}",-0.7722,0.131,0.193,0.675,negative
1052,2015-11-01 23:15:25+00:00,3,"Food is delicious, but you should really order family style. If you don't, you will spend an arm and a leg. 

Would be really nice if they could have high chairs for (well-behaved) small children.",False,1,0,0,Joni T.,en,"{'neg': 0.123, 'neu': 0.694, 'pos': 0.182, 'compound': 0.3898}",0.3898,0.182,0.123,0.694,positive
1051,2015-11-08 20:50:22+00:00,4,excellent food. I love the fact that this is a small plates menu format. it allows you to try all the delicious things that come out of the kitchen. I've come here a few times and one of my favorite desserts is the chocolate semifreddo. the last time I came here it tasted more like a mouse and wasn't rich enough. other than that this place is consistently great.,False,0,0,0,Anon 7.,en,"{'neg': 0.079, 'neu': 0.638, 'pos': 0.283, 'compound': 0.9632}",0.9632,0.283,0.079,0.638,positive
1050,2015-11-12 20:12:38+00:00,3,Food was decent but service was terrible. No hostess. Never refilled our drinks even though we tried to order several rounds of drinks. The food was decent - the plates were small but the flavor was good. It's a good neighborhood spot for a casual dinner.,False,1,0,0,T B.,en,"{'neg': 0.21, 'neu': 0.623, 'pos': 0.167, 'compound': -0.5499}",-0.5499,0.167,0.21,0.623,negative
1049,2015-12-07 01:50:09+00:00,5,"This was my first time in New York and my friends and I were originally planning on going elsewhere, but luckily ended up here. The atmosphere was cozy and the staff was very friendly. Today I had the special, potato ravioli with Bolognese. It was probably the best Bolognese I have ever had! It was delicious!! I would highly recommend on stopping by and trying this place out! I plead with the restaurant to add this item to their menu, it was that amazing! My friends also enjoyed their items. We ended with their chocolate and hazelnut mousse which was also delicious! Thank you for the great service and an amazing first stop for my first time in the city !!",False,0,0,0,Hannah H.,en,"{'neg': 0.028, 'neu': 0.538, 'pos': 0.435, 'compound': 0.9981}",0.9981,0.435,0.028,0.538,positive
1048,2015-12-14 07:28:08+00:00,4,"Really cute space in the village. Perfect to come for morning coffee and a bite or a long dinner and wine with friends or on a date. The owner is also the chef so you see her in often. Very nice Italian woman. Just went in this weekend and really enjoyed their new Barbera wine. My server told me sometimes on busy nights they will open one of the giant bottles of wine behind the counter (4 or 5 liters) and have them as the house wine or a special pour for the evening. I hope to catch that one of these nights. 

Didn't have time to eat but what was coming out of the kitchen looked good. New specials each day based on what the owner finds at the market too.

For drinks, if you aren't into wine they have a pretty impressive bourbon and whiskey collection. Impressive not just for an Italian restaurant but also for a restaurant in general. All around a solid spot to make yourself a regular at or come to special. Can't wait to come back.",False,0,0,0,Katherine M.,en,"{'neg': 0.015, 'neu': 0.782, 'pos': 0.203, 'compound': 0.9881}",0.9881,0.203,0.015,0.782,positive
1047,2015-12-15 22:04:31+00:00,1,"We ate here in October, so review is delayed. Food poisoning. Lukewarm bolognese sauce was the culprit. Although it was after 1pm on a busy Saturday, we seemed to be the first ones to order lunch/ The restaurant, overall, was not very appealing... menus were stained, space looked pretty tired and not very clean, bathrooms were very dirty. Several tables of super casually dressed clientele (sweats, PJs?) lingering over coffee and newspapers,  Drinks were sub-par. Very disappointing, to say the least.",False,0,0,0,mary g.,en,"{'neg': 0.282, 'neu': 0.638, 'pos': 0.08, 'compound': -0.9781}",-0.9781,0.08,0.282,0.638,negative
1046,2016-01-16 21:33:28+00:00,5,"Amazing lite Italian fare. Walked in for lunch on a Sat at 2:30 and got seated within 10 minutes. Noticed Mario Batali casually eating lunch in the corner and realized this was probably a good culinary choice. Proceeded to order tea and the black kale, cannelli beans with sausage, grilled artichokes, and mushrooms and were blown away by everything (shared 4 dishes with a friend). The waiter was attentive but not on top of us. Will be back for sure!!",False,0,0,0,Lily A.,en,"{'neg': 0.022, 'neu': 0.834, 'pos': 0.143, 'compound': 0.846}",0.846,0.143,0.022,0.834,positive
1045,2016-01-17 17:52:20+00:00,2,"This could be a really good restaurant . It isn't.  From the moment you walk in you realize this is not going to be fun. They don't take reservations , which is fine , but the attitude at the door is ridiculous and there is no real seating system in place.
They seated three of us at what was obviously a table for two, but they  put a stool at the table to make it a three top.
Yes, I did not get a chair , but a tiny wooden stool like the kind Gepetto sat on as he carved Pinocchio .
The table was also so small that when one of our party ordered a certain entree the  waiter said the plate it came on was probably too large to fit on the table. The food itself was fine, nothing spectacular and they tried to get you through your meal as quickly as possible . Taking away food before you were finished and giving you the bill before you asked for or wanted it.
This was not a fun dining experience , you were pissed by the time you left.
If they cut the number of tables by a third and treated people well it could be nice.
Maybe sit at the bar, but then you'd miss the magic of stool sitting.",False,1,0,0,Chris M.,en,"{'neg': 0.158, 'neu': 0.682, 'pos': 0.16, 'compound': -0.6628}",-0.6628,0.16,0.158,0.682,negative
1044,2016-01-23 23:50:59+00:00,5,"We walked in late afternoon in the middle of the week. A late lunch. No wAit, and pleasant server. Fantastic  FOOD! We ate family style and tried several items. The shaved artichoke salad with orange zest was spectacular . The carpaccio excellent, grilled artichoke delicious, veg. Soup fresh, meatballs yummy!!! Zabaglione over berries for desert... Can't wait to go back! I'll avoid the busiest hrs to not wait . Although it's worth the wait!",False,0,0,0,Jean M.,en,"{'neg': 0.098, 'neu': 0.536, 'pos': 0.367, 'compound': 0.985}",0.985,0.367,0.098,0.536,positive
1043,2016-01-25 18:45:28+00:00,5,"Every course was delicious! Service was friendly and also prompt. Atmosphere was cozy. We has the tomato and cheese crostini, polpito, carrots with pistachio and yogurt, lemon risotto, and the poached pear. Everything was delicious and fantastic. My dining partner felt that there should have been more polpito than there was, but that was the only complaint. I would definitely go back.",False,0,0,0,Trenten S.,en,"{'neg': 0.036, 'neu': 0.684, 'pos': 0.279, 'compound': 0.9574}",0.9574,0.279,0.036,0.684,positive
1042,2016-02-03 22:48:52+00:00,4,"I love this place for casual, reliable Italian food and wine. It's a fun atmosphere although it tends to get very crowded. They make a good negroni.",False,0,0,0,Chloe C.,en,"{'neg': 0.0, 'neu': 0.621, 'pos': 0.379, 'compound': 0.9042}",0.9042,0.379,0.0,0.621,positive
1041,2016-02-04 04:01:29+00:00,3,"Lovely restaurant. The food was delicious, the atmosphere was lively and the decor rustic and classy. Took off a star bc I felt it was really overpriced, but for a splurge it was worth it. The serve mostly small plates so obviously we wanted to try a lot of options, all were quite tasty. The mushroom veggies dish, the crostini and pumpkin ravioli were my faves, couldn't get enough. The chicken dish was too salty (and I do like salt!) and the bean veggie dish was just ok. The desserts were very good as well, but w the Big Gay ice cream shop next door would rather of had that. The wait was really really long, about 60 -90min for a Friday night table for 3. Would go back for a special occasion for sure!",False,0,0,0,Natalie G.,en,"{'neg': 0.209, 'neu': 0.571, 'pos': 0.219, 'compound': -0.744}",-0.744,0.219,0.209,0.571,negative
1040,2016-02-05 20:16:15+00:00,4,"I'm definitely a fan!!! A friend and I have been wanting to try this place for a while but weren't not the no-rese, long wait kinda people.  So what did we do you ask? Walked in at 5:30 on a rainy Wednesday night, that's what! I literally was the 3rd person there so I grabbed a stool at the bar. I absolutely LOVE the atmosphere and decor...very West Village meets adorable trattoria in Rome. The bartender was completely awesome, I was deciding between a Negroni and a Manhattan and I told him to chose, turns out that was a smart decision because he handed me a perfect Manhattan. I waited for my friend to join as I was a bit early and by 6:30 the place was packed with people waiting behind our bar stools for a table. We decided to eat at the bar which was the right decision, the tables for 2 are quite small. We were presented with a few thick slices of bread drizzled with excellent olive oil to start. From there,we had a hard time deciding because everything on the menu looked GREAT. Apparently we were over ordering and I appreciated the fact that the bartendress mentioned that. We ordered the olive all' ascolana, fried green olives with pork sausage which were amazing. We then ordered the salume e pecorino which was also very good but this was the only dish that was a bit on the small size. We then ordered the pappardelle with wild boar ragu which was out of this world, super fresh pasta with just the right amount of saucey funk. We had to order the svizzerina because everyone talks about it. There was one problem with this, I like my meat rare and he likes it on the well done side. They really only cook this one way and that's crunchy on the outside and pretty rare in the middle. I think I was let down a touch after all the hype but I did have the remainder the next day and it was very tasty. We just went with a glass of wine each, the Chianti Classico for me and the Nero'D'Avola for him. I walked out of there completely full with a substantial doggie bag! The QPR at this place is right on..I highly recommend a visit.",False,1,0,1,L S.,en,"{'neg': 0.05, 'neu': 0.707, 'pos': 0.243, 'compound': 0.9984}",0.9984,0.243,0.05,0.707,positive
1039,2016-02-06 00:42:16+00:00,5,"This place is great!  Excellent food and service.  Great pasta, appetizers and entrees.  Also the atmosphere is terrific!",False,0,0,0,R J.,en,"{'neg': 0.0, 'neu': 0.473, 'pos': 0.527, 'compound': 0.9484}",0.9484,0.527,0.0,0.473,positive
1038,2016-02-06 18:05:03+00:00,4,"UPDATE 04/21/2017 Fri - Just as good as our previous visit. Me and the GF spent 140, with the Orata alla Griglia (20) as the star of the meal, with a generous orata filet over a bed of escarole with flecks of dried pepper and olive oil from the saute. We enjoyed the Vignarola (13), which was a springtime-on-a-plate mix of peas, fava beans, and artichoke. I enjoyed my Americano cocktail (13). My previous reviews remain accurate.

TIP: Expect waits unless you time your visit for early first seating or after second seating.
SHOUT OUT - To the thoughtful hostess

UPDATE 06/03/2016 Fri - We were more comfortable this second visit. The food and drink were more delightful than the first visit. I tried a Boulevardier (14), which was dry and crisp, with balanced flavors, a triumph in light of Campari as a primary ingredient. The Nebbiolo by the glass and a small carafe (15, 23) was pleasant. The prices seemed down to earth for the quality, quantity, and creativity (especially compared to Hillstone on Park Ave So, ouch!). The crowds were loud. We were always able to hear each other at the bar. We also found our advice to ourselves to order four items instead of five. That was a full meal for us. Here's the deets:

Boulevardier, 14 - excellent
Sbagliato, 12 (listed as Bicicletta on the menu) - nice, but could seem sweet to some
Asparagi blanco, 16
Insalata fava, 17
Tagliatelle Prosciutto, 20 
Swordfish, 19
Nebbiolo, glass, 15
Nebbiolo, small carafe (250 cl), 23
TOTAL 136

BONUS - vegetable forward
SHOUT OUT - Taylor at the bar who served us, and the charming hostess, who remains nameless and memorable here

A charming space, very good service, and very good, creative food rise to 4 stars, even in light of medium-high prices and tight spaces for waiting and dining. There are delights to be had at Via Carota.

Deets (01/16/2016):
Prosecco, glass, 12
Americano, cocktail, 12
Salame e Pecorino, 10 - nice prosciutto and cheese; the salami is more of an individual taste IMHO
acciughe (anchovies), 10 - very good
Cavolo nero (black kale) salad, 13 - excellent
Carote (roasted carrots), 16 - worth it for amazing varietal carrots with an uncommon topping of lemon, pistachio, lemon, and yogurt
Orata alla Griglia (grilled orata), 19 - excellent
Coniglio fritto (fried rabbit), 20 - delicious and perfectly fried with a feather-weight crust
Frappato Planeta (red wine), bottle, 42 - good value
TOTAL, 154
We over-ordered for two. Three or four items should be good, instead of five.

TIP - I wouldn't go out of my way to go back because of the crowding unless I was going early or at an off-time
TIP - no reservations",True,1,1,0,Steve N.,en,"{'neg': 0.025, 'neu': 0.748, 'pos': 0.226, 'compound': 0.9988}",0.9988,0.226,0.025,0.748,positive
1037,2016-02-12 14:15:54+00:00,4,"Came for lunch on a Saturday afternoon.  Love the vibe here.  Similar vibe as their sister restaurant Buvette...  Portions are decent.  had the Kale with lardo to start.  I had veal carpaccio for my main and my husband had the chicken with lemon.  Both were delicious.  Great wine selection, great grappa selection.  I would definitely go back.",True,4,0,1,Clare C.,en,"{'neg': 0.0, 'neu': 0.689, 'pos': 0.311, 'compound': 0.9753}",0.9753,0.311,0.0,0.689,positive
1036,2016-02-17 02:05:43+00:00,3,"I was very excited to try Via Carota...it's my friend's favorite place and she has been raving about it for a year. What can I say, I trust her taste in food and wine but I'm just not as impressed as she is.

Love the look and vibe of the place...beautiful, expensive glassware, rustic wooden tables, warm lighting, lots of vintage touches...every detail is eclectic and thoughtful. They do not take reservations and do get exceptionally crowded, so make sure you factor in a long wait time.

Is the food worth the hassle of waiting for a table? Not really. Some of the food is mediocre, and some of it is quite good, but I certainly did not find it transcending.

The branzino was perfect...simply grilled with lemon...a highlight. It came with no side dishes and needed some, so keep in mind that's quite a bit of extra $. The crostinis...well, the bread was kind of burnt, not in a good way, and the toppings were a bit boring (egg salad, chopped liver?) Hated the funghi with scamorza...the cheese was overly smoked and rubbery and ridiculously salty.

Via Carota is a good choice for vegetarians, with lots of salad and veggie options. I liked the carrots, but it was not popular at our table...no one finished it. The Insalata Mista was simple and slightly boring but very fresh.

The pasta is made in-house and it is excellent, but the preparations don't always work. The pappardelle with wild boar ragu was delicious...everyone's favorite (though it was overly sauced.) The gnocchi was disappointing...the gnocchi itself was light and fluffy, but it was drowning in a gorgonzola sauce (more like soup) that was mostly heavy cream. The pasta carbonara was good but not as good as the one I make at home, and again, the chef had a too-heavy hand with the pancetta.

I would not go out of my way to go back, but if a friend wanted to go, I wouldn't resist. It's a nice room to hang out in and there are enough good dishes on the menu...you just have to know what to order.",False,2,0,0,Elisa C.,en,"{'neg': 0.18, 'neu': 0.628, 'pos': 0.193, 'compound': -0.6898}",-0.6898,0.193,0.18,0.628,negative
1035,2016-02-21 17:27:37+00:00,5,"This place deserves 5 stars - the food, ambiance and staff are amazing. This is a place I go to when I want a nice long dinner with great food to share.",False,0,0,0,Mary R.,en,"{'neg': 0.128, 'neu': 0.51, 'pos': 0.362, 'compound': 0.802}",0.802,0.362,0.128,0.51,positive
1034,2016-02-27 07:43:41+00:00,4,The food here was very good. I ordered one of the specials (a pasta) and the rabbit. Both dishes were superb and service was great. I recommend anyone in the West Village to come and eat here.,False,0,0,0,John-Carlo B.,en,"{'neg': 0.0, 'neu': 0.691, 'pos': 0.309, 'compound': 0.9312}",0.9312,0.309,0.0,0.691,positive
1033,2016-02-27 14:25:53+00:00,4,Great meal in this cute west village spot. Valentines dinner without reservation and we were accommodated with a table within 30 minutes or less. Food was great. Def go back.,False,0,0,0,Bethann B.,en,"{'neg': 0.0, 'neu': 0.695, 'pos': 0.305, 'compound': 0.9088}",0.9088,0.305,0.0,0.695,positive
1032,2016-02-27 14:28:12+00:00,4,"Via Carota shares a certain aesthetic with its french sister, Buvette. But where Buvette was overly crowded and pompous, Via Carota's open space and Italian fare make for a more pleasant dining experience.",False,0,0,0,Gary W.,en,"{'neg': 0.0, 'neu': 0.755, 'pos': 0.245, 'compound': 0.8438}",0.8438,0.245,0.0,0.755,positive
1031,2016-02-28 03:22:08+00:00,1,"I don't think I've ever been so let down by a restaurant before. People talk about this place as if it's heaven -- however the food is salty, not done properly and mediocre at best.

Every part of the meal tonight, from the octopus to the fried olives to the bacon wrapped hen was not good. The meal was dry and salty and timing of appetizers to entrees was off. Do not waste your time or money here, sadly you'll be let down (as we were) tonight.",False,2,0,0,Samantha R.,en,"{'neg': 0.213, 'neu': 0.697, 'pos': 0.09, 'compound': -0.9368}",-0.9368,0.09,0.213,0.697,negative
1030,2016-03-03 14:20:03+00:00,1,"This restaurant is incorrectly rated on Google and represented by it's reviews. Every dish we tried (kale, raviolis, steak, ribbon pasta) was sadly small, overpriced, over salted and over buttered.

If I had know this was an expensive Italian place serving  ""tapas"" sized portions ranging from $17 to $27 a plate, not entrees, I'd have been less disappointed. Expect to pay around $60 for a mixed and matched meal.

Ambiance: bright.",False,6,1,1,Liz P.,en,"{'neg': 0.272, 'neu': 0.695, 'pos': 0.033, 'compound': -0.972}",-0.972,0.033,0.272,0.695,negative
1029,2016-03-07 04:54:22+00:00,3,"I just went for drinks with a friend. Wine was good and staff was really friendly and knowledgeable. They give you a wine taste even for a 'wine by the glass' order.
It became insanely busy around 8PM (we went for happy hour) and people could barely move. For a Thursday evening, with a chilling NY weather I was surprised. By the look of it, this restaurant is filled by locals, 45+ year olds. Will definitely come back for dinner!",False,0,0,0,Brigitte V.,en,"{'neg': 0.013, 'neu': 0.767, 'pos': 0.221, 'compound': 0.9577}",0.9577,0.221,0.013,0.767,positive
1028,2016-03-14 07:55:57+00:00,4,"Although the venue is two years in, Via Carota's space still feels like it was just built. One thing you come to expect from Jody Williams is her warm and inviting spaces with that lived in feeling of a familys' laughs, tears, and special moments permeating throughout its walls. You definitely can breathe it in at Buvette- just not quite yet here at Via Carota. I love the aquarium like windows- people watching is fun on Grove Street (an homage to Cafe Angelique). 

The wine list is beautiful- juicy, emotive, Italian. It is a great complement to the food. Try something new- you'll be happy you did.

The warm lentils with smoked trout is perfection. I'm still dreaming of this dish, and it has been a week since I have tasted it.

The funghi is magnificent- nutty, plump, succulent with a piercing sauce. The cheese is gorgeous underneath.

The wild boar tagliatelle was just ok. It's not the gaminess that got me, it just wasn't complete.

I can't wait to come back and try dessert and sit and watch these poor servers put orders in a computer that's hidden within a basket. When I saw that on our way out, I couldn't stop laughing at how absurd restaurants will go to try to hide the technology in their overall narrative. 

All in all, beautiful memories again made by Jody Williams' touch.

We will be back and ready for more!",False,0,1,0,Joshua F.,en,"{'neg': 0.057, 'neu': 0.69, 'pos': 0.253, 'compound': 0.9955}",0.9955,0.253,0.057,0.69,positive
1027,2016-03-26 02:06:00+00:00,5,"Definitely one of my favorite go to restaurants. Food is always delectable and service is spot on. Especially Loved the prosecco cocktail drinks, ribolitta!! This place is always Good vibes....",False,0,0,0,Ale R.,en,"{'neg': 0.0, 'neu': 0.563, 'pos': 0.437, 'compound': 0.9656}",0.9656,0.437,0.0,0.563,positive
1026,2016-03-30 00:56:03+00:00,4,"A very cute Italian place I have been meaning to try - perhaps the trick to getting a table with no wait is coming on Easter Sunday at 5pm (when it was still quite full, mind you!). I love the design and decor of the place - it would be an equally good spot for a first date, a bite by yourself while you read, a catch-up with friends, or a big family dinner.

As far as food goes, I think I liked the vegetables better than the pasta, which is not usually the case! Boar ragu and homemade pasta was good, but a little dry. My mushroom ravioli was the best, but I could have used a few more! Definitely try all the vegetables - the grilled artichokes were sublime, the tuscan beans revelatory with sausage, and the broccolini delicious. I could have made a meal just out of the vegetables and skipped the pasta. Will also want to try dessert next time!",False,0,0,1,Perry T.,en,"{'neg': 0.056, 'neu': 0.736, 'pos': 0.208, 'compound': 0.9817}",0.9817,0.208,0.056,0.736,positive
1025,2016-03-31 17:19:54+00:00,5,"As a village resident for over 20 years,  I'm thrilled to have another superb addition to the neighborhood from two of my favorite chefs. Everything here is excellent,  especially the veggies. Brava, ladies,  brava!",False,0,0,0,L C.,en,"{'neg': 0.0, 'neu': 0.675, 'pos': 0.325, 'compound': 0.9324}",0.9324,0.325,0.0,0.675,positive
1024,2016-04-02 00:42:09+00:00,1,"The star goes to our excellent waiter but the food is mediocre at best , the steak is a hamburger with a lot of grease . The Burrata a mini acidity mix was laughable at $17 and the main dish came in a cereal bowl for $24",False,2,1,0,Elle A.,en,"{'neg': 0.106, 'neu': 0.712, 'pos': 0.182, 'compound': 0.4497}",0.4497,0.182,0.106,0.712,positive
1023,2016-04-04 16:25:16+00:00,4,Check out the full review from Caleb Tripp and me: http://wp.me/p6Xylz-5v,False,0,0,0,Callie F.,en,"{'neg': 0.0, 'neu': 1.0, 'pos': 0.0, 'compound': 0.0}",0.0,0.0,0.0,1.0,neutral
1022,2016-04-08 23:30:00+00:00,4,"It lives up to its hype being the sister restaurant of Buvette.  We ordered the Grilled Artichokes, Lemon Zest Risotto and Sautéed Branzino Special of the Day.  You can go wrong with anything on the menu. I'd come back to try more dishes!",False,0,0,0,Helena W.,en,"{'neg': 0.072, 'neu': 0.871, 'pos': 0.057, 'compound': -0.1759}",-0.1759,0.057,0.072,0.871,negative
1021,2016-04-17 14:22:29+00:00,5,"go-to for cute delicious food and drinks. we keep coming back. try the campari spritz. ask for advice on the amaros after dinner. There are always tons of specials and everything is so good.
it can bit a little bit of a wait and the service can be a bit table-turning focused, but these are minor observations compared to how cute and tasty this place is.",False,0,0,0,Alan Z.,en,"{'neg': 0.026, 'neu': 0.694, 'pos': 0.281, 'compound': 0.9705}",0.9705,0.281,0.026,0.694,positive
1020,2016-04-19 00:18:39+00:00,5,"Awesome brunch! Scrambled eggs, chicken livers and crispy pancetta... Never had that combo before but now I dream about it every night. The pasta was also delicious. I've been here a few times and never disappointed.",False,0,0,0,Thomas W.,en,"{'neg': 0.0, 'neu': 0.555, 'pos': 0.445, 'compound': 0.9783}",0.9783,0.445,0.0,0.555,positive
1019,2016-04-20 20:38:01+00:00,1,Way overpriced and tiny portions! As an Italian I can say that Italian food is not fancy and pasta should not cost more than $14 max. A disappointment for NYC. You are much better off at places like Otto!,False,1,0,0,olivia d.,en,"{'neg': 0.294, 'neu': 0.604, 'pos': 0.102, 'compound': -0.9214}",-0.9214,0.102,0.294,0.604,negative
1018,2016-04-23 00:00:17+00:00,5,"Fantastic modern Italian! Consistently great, get the mushrooms and cheese and the fried rabbits. Great beer and cocktails while you wait for a table!",False,0,0,0,James O.,en,"{'neg': 0.091, 'neu': 0.484, 'pos': 0.424, 'compound': 0.9244}",0.9244,0.424,0.091,0.484,positive
1017,2016-05-01 14:38:06+00:00,5,"Just had maybe my 7th or more meal at Via Carota and every meal is as delicious and memorable as the last.  Jody Williams and Rita Sodi simply just knock it out of the park.  Love the format of the menu as it's all small plates which encourages sharing.  Start the meal of with one of the delicious crostini, my personal fav is the stracchino as it encompasses everything about this place.  The simplest dishes are highlighted to out-of-this world delicacies.  Just bread, cheese, sundries tomatoes and capers but so yummy.  Then move on to one of the salads and veggie options.  All great and rotated seasonally.  After, split a pasta - you literally cannot go wrong with any of them and finally end the meal with the branzino.  A friend of mine who isn't a fish lover, went back for thirds.  I really think that sums it up.  The berries and zabaglione is the perfect way to end the meal.  Again, the most simplest dished elevated to perfection.",False,0,0,0,Leah S.,en,"{'neg': 0.032, 'neu': 0.723, 'pos': 0.245, 'compound': 0.9936}",0.9936,0.245,0.032,0.723,positive
1016,2016-05-12 12:12:12+00:00,3,"Blunt bordering on rude from front staff. Long wait to be noticed and offered a drink while waiting. Water glass never filled despite neighboring table asking for and receiving water - you'd think they wd look over to see that the next table cd use a refill! Was never told the specials when seated. Had to ask a follow up question on why food order was so late. Was not offered dessert. Really slap-dash service.
Food was very good and will return to try a few more items. Grilled artichokes were lovely, strong char and lemony. Paired very well with the lemon risotto (which was a long wait coming). Go for the food, if you must.",False,1,0,0,Nina B.,en,"{'neg': 0.166, 'neu': 0.717, 'pos': 0.117, 'compound': -0.866}",-0.866,0.117,0.166,0.717,negative
1015,2016-05-15 04:57:48+00:00,5,"My amazing GF lives in the west village, and we eat out a lot. I am a NY foodie who is consistently amazed by the wealth of quality restaurants in this neighborhood. And here is another. Via Carota is terrific, and it is not just about the tender, sliced double cut pork chop smothered in sauteed kale and lardo.The service and energy of the place stood out. It was a busy Saturday night, and we were greeted by Antoine. He was running the front of the house. He turned out to be our maitre d, our bartender and our server. He was efficient, knowledgeable and relaxed, and it made for a great experience. We noticed this same good energy seemed to permeate the entire restaurant, from the staff to the regulars. Happy we discovered another W. Village gem.",False,2,0,0,John L.,en,"{'neg': 0.024, 'neu': 0.723, 'pos': 0.253, 'compound': 0.9893}",0.9893,0.253,0.024,0.723,positive
1014,2016-05-23 02:14:27+00:00,4,"We came here on a Sat night with a couple of friends and the meal and service def met our expectations.  We only waited for about 15-20 minutes which was much quicker than expected, especially around 7:30-8pm on a Saturday night.  

From the menu, we especially loved the wild boar pasta, fried olives, but would highly recommend everything on the menu!  Definitely will come back!",False,0,0,0,Karen T.,en,"{'neg': 0.0, 'neu': 0.823, 'pos': 0.177, 'compound': 0.9094}",0.9094,0.177,0.0,0.823,positive
1013,2016-05-28 22:50:03+00:00,3,"This place has fantastic food if you know what is good on the menu. The ambience is pleasant and the portions are healthy for the price. However, it should be noted that the clientele seems like a combo of dressed-up bridge-and-tunnel and dull corporate types. The table next to us was an obnoxious group of wanna-be real housewives of New Jersey who were talking so loudly that it was difficult for my friend and me to have a conversation. Our waitress was very helpful and attentive, even though it was difficult to hear her given the deafening roar of the surrounding patrons",False,0,0,0,José T.,en,"{'neg': 0.101, 'neu': 0.68, 'pos': 0.219, 'compound': 0.9528}",0.9528,0.219,0.101,0.68,positive
1012,2016-06-10 03:09:04+00:00,4,"Via Carota is one of my neighborhood favorites. Amazing cocktails (particularly their Manhattans and Negronis), good food and an upbeat atmosphere.",False,0,0,0,Elizabeth S.,en,"{'neg': 0.0, 'neu': 0.655, 'pos': 0.345, 'compound': 0.8591}",0.8591,0.345,0.0,0.655,positive
1011,2016-06-13 02:05:55+00:00,2,"Seating is very uncomfortable...
Service is horrible, servers are unorganized and clueless...
Food portions are unacceptable, a $17 pasta was presented in a small bowl (about 1 cup)
Had to inquire about food, server can't be bothered to give an update as to why food is taking so long, while people around us are being served when they were seated after us... Crazy.
Don't waste your time or $$$",False,1,0,1,Raych M.,en,"{'neg': 0.312, 'neu': 0.641, 'pos': 0.047, 'compound': -0.9841}",-0.9841,0.047,0.312,0.641,negative
1010,2016-06-14 20:16:12+00:00,4,"Whats not to love here...staff amazing and always friendly...the freshest Burrata in town, and a killer Chicken livers, not to mention grilled Artichokes, fresh and buttery, with a little splash of their very own olive oil......i drink way too much wine here but thats probably because i love it so much !!!!.....Those 2 gals  are rocking the little triangle in the West Village- Buvette and I Sodi.....and now this ......can i eat anywhere else now please  ?",False,1,0,1,K. M.,en,"{'neg': 0.128, 'neu': 0.777, 'pos': 0.095, 'compound': -0.5725}",-0.5725,0.095,0.128,0.777,negative
1009,2016-06-19 04:00:29+00:00,4,"Arrived on a Friday night around 6 pm expecting to wait for a table but was pleasantly surprised. I was the first of our party to arrive so chilled out in the bar area with a delicious Negroni. Once our party arrived we were seated promptly. Service was friendly and efficient. Ambiance was nice and not terribly loud. 
We shared several items from the menu and standouts were the Wild Boar Pappardelle (absolutely delicious) chopped  steak, Crostini, Grilled Octopus and Burrata. Portions were ample. Several cocktails and a few bottles later and we were full and happy. Nice spot to enjoy a lovely dinner. Would definitely visit again.",False,0,0,0,Julie F.,en,"{'neg': 0.014, 'neu': 0.557, 'pos': 0.428, 'compound': 0.9969}",0.9969,0.428,0.014,0.557,positive
1008,2016-06-25 13:29:01+00:00,5,"Restaurants in Manhattan do not get better than this. Every dish on the menu is absolutely delicious. The staff are lovely, helpful and professional. The decor is stylish and simple. And the food, oh man the food !!! It's really amazing !!!So so fresh and tasty. No pretension. You genuinely feel spoiled at this restaurant. It attracts a great crowd. So excellent people watching. The wine menu rocks. And honestly the prices are fair. Large portions made for sharing. It's hands down my favorite NY restaurant. Run.",False,1,1,0,Echo L.,en,"{'neg': 0.035, 'neu': 0.529, 'pos': 0.436, 'compound': 0.9956}",0.9956,0.436,0.035,0.529,positive
1007,2016-07-10 06:58:23+00:00,5,This might be one of my favorite restaurants in the city. I love the vibe. I love the food. I came here for the first time last summer and have probably been ten times since! They have incredible seasonal specials but one thing that they always have that I absolutely love is the svizzerina! I went a couple of weeks ago and had the carrots and they were heavenly.. Especially the purple ones!,False,1,0,0,Thea J.,en,"{'neg': 0.0, 'neu': 0.82, 'pos': 0.18, 'compound': 0.931}",0.931,0.18,0.0,0.82,positive
1006,2016-07-20 16:28:31+00:00,4,"8 of us had a fantastic birthday meal in the Wine Room 7.19.16, with Truly Exceptional Service!

Food was great as always, deserts were outstanding. 

Only complaint: when you are drinking $$$$ bottles of wine, please provide DECENT STEMWARE! Come on. I get what you are going for, but it hurts. You aren't serving martinis up in rocks glasses, so why do we have to drink Quinterelli in trattoria glasses ? 

Otherwise would have been 5 stars!",False,2,0,0,Nic B.,en,"{'neg': 0.07, 'neu': 0.787, 'pos': 0.143, 'compound': 0.6219}",0.6219,0.143,0.07,0.787,positive
1005,2016-07-26 13:16:30+00:00,5,"Just amazing, every single second. Kevin was our waiter and I think I'm in love with him now. I had the wild boar pasta, fried olives with sausage (HEAVEN), fava bean salad, Octopus, pickled figs with speck, and two desserts. Everything was perfection and I can't wait to go back.",False,0,0,0,Nichole S.,en,"{'neg': 0.0, 'neu': 0.748, 'pos': 0.252, 'compound': 0.938}",0.938,0.252,0.0,0.748,positive
1004,2016-08-14 15:48:02+00:00,3,"Average to adequate for the price. Found my meal underwhelming, wouldn't return.",False,0,0,0,Travis M.,en,"{'neg': 0.423, 'neu': 0.476, 'pos': 0.101, 'compound': -0.7964}",-0.7964,0.101,0.423,0.476,negative
1003,2016-08-28 20:13:37+00:00,5,"Great brunch spot with a diverse menu of Italian small plates and great wine selection.

I hope a can remember all the things we ate: tuna with olives, oil, chilis, and capers; green olives stuffed with sausage and fried; broccoli rabe with oil and garlic, salad with prosciutto, pasta with oil and clams, a bruschetta with sheep's cheese and cured ham, and white wine (roero aneis).

Very trendy atmosphere. Great service.

Would go back any time.",False,1,0,1,Lucas B.,en,"{'neg': 0.046, 'neu': 0.777, 'pos': 0.176, 'compound': 0.9042}",0.9042,0.176,0.046,0.777,positive
1002,2016-09-03 17:40:55+00:00,1,Horrible. They don't have anything. My pasta had old tomato sauce and they don't have non fat milk for coffee - who does that?!,False,0,1,0,Aaina J.,en,"{'neg': 0.249, 'neu': 0.751, 'pos': 0.0, 'compound': -0.8516}",-0.8516,0.0,0.249,0.751,negative
1001,2016-09-16 19:48:40+00:00,5,"Best date night spot. Wonderful, fresh food, ice cold martinis, lovely service. Sit at the marble bar with your loved one and forget about everything else.",False,0,0,0,Jen C.,en,"{'neg': 0.113, 'neu': 0.437, 'pos': 0.451, 'compound': 0.9493}",0.9493,0.451,0.113,0.437,positive
1000,2016-09-27 16:41:44+00:00,5,Ate in the wine room last night. Food was even better than I had anticipated. Service was amazing both at bar and at table. Everyone knew what they were doing and talking about. Wine list needs a some tweaking. Some great stuff to drink but looking at it as a whole just needs a bit more care and though to curate something that matches up to this menus diversity,False,1,0,0,Peter B.,en,"{'neg': 0.0, 'neu': 0.84, 'pos': 0.16, 'compound': 0.8919}",0.8919,0.16,0.0,0.84,positive
999,2016-10-05 18:03:03+00:00,4,"I had a really nice experience when I went to Via Carota-- I popped in around 7:00pm last Friday evening with two friends and we were seated at the bar right away. (The restaurant quickly filled up once we were seated, so we got there at the right time.) The bartender/waiter behind the bar was wonderful. He helped us navigate the food menu and pair our meal with drinks the entire time.

We started off with the olive all 'ascolana (fried green olives filled with sausage), the Burrata di Puglia (small), zucchini fritti (surprisingly light), and carciofi alla griglia (grilled artichokes with aoili). All of the starters were good-- particularly the grilled artichokes-- I don't even think they needed the aoli. 

For the entrees, we split a pasta special (which was excellent) and the chopped steak-- also extremely tasty. Chopped steak is never my first choice when getting steak-- it is essentially a glorified hamburger patty-- but the chopped steak here is 100% worth getting. It has a really nice, salty crust on the outside and a medium rare, delicious center.

For dessert we got the panna cotta (with olive oil) and a chocolate mousse dessert-- both were great. Overall, I had a great meal/experience at Via Carota and would go back for another meal.",False,1,0,1,Kyle S.,en,"{'neg': 0.031, 'neu': 0.795, 'pos': 0.174, 'compound': 0.9877}",0.9877,0.174,0.031,0.795,positive
998,2016-10-07 19:52:09+00:00,5,"The food here is wonderful. Shared several dishes with friends and all of them were delicious - fried zucchini, prosciutto and Parmesan, truffles and beef carpaccio, several pastas, pork, and branzino. Yum!! It is noisy so if you can get the small, semi private room go for it.",False,0,0,0,Susan B.,en,"{'neg': 0.108, 'neu': 0.633, 'pos': 0.259, 'compound': 0.8953}",0.8953,0.259,0.108,0.633,positive
997,2016-10-18 13:31:30+00:00,4,"I finally actually had dinner here, which was mostly a good experience.  I had the Branzino special entree.  At $52 it was pricey but it was one of the best prepared Branzino's that I have ever had.  It was flavorful and moist as well as well filleted.  It's always annoying when you have to spend an inordinate of time picking around bones which was not the case this time around.

The wines were good, as always.

The damper on the experience was that the waiter made a big point of saying that the fish did not come with a side and suggested that we order an appetizer salad, so we did and it was underwhelming.

Low and behold, when the fish came it did have a side of kale and the server gave a coy apology for having been wrong, which I did not really buy.",False,0,0,0,Anthony R.,en,"{'neg': 0.133, 'neu': 0.7, 'pos': 0.167, 'compound': 0.4767}",0.4767,0.167,0.133,0.7,positive
996,2016-11-13 20:56:03+00:00,5,"Love this place, always great food. We had the soe k cabbage salad with Parmesan- such unique flavors and great taste, the papardelle with wild boar which is consistently excellent,  and the white. Wants, tomatoes and sausage which was satisfyingly filling. Great service too",False,0,0,0,Charlene P.,en,"{'neg': 0.0, 'neu': 0.616, 'pos': 0.384, 'compound': 0.9753}",0.9753,0.384,0.0,0.616,positive
995,2016-11-14 04:01:01+00:00,4,"Love the atmosphere, it was cool and chill. Food was expensive but I loved the taste. Small portions, quite expensive, typical NYC. Waiters were nice. They are definitely tourist friendly, they have a luggage rack in case you were travelling like I was...",True,1,0,1,Andrew L.,en,"{'neg': 0.218, 'neu': 0.422, 'pos': 0.36, 'compound': 0.8442}",0.8442,0.36,0.218,0.422,positive
994,2016-11-20 22:02:27+00:00,5,"Had dinner here last night and it exceeded my expectations! Roasted carrots with pistachios and yoghurt, grilled artichokes, pasta with proscuitto and peas and roasted branzino. Felt like i was back in firenze!",False,0,0,0,Carol M.,en,"{'neg': 0.0, 'neu': 0.91, 'pos': 0.09, 'compound': 0.4738}",0.4738,0.09,0.0,0.91,positive
993,2016-11-21 15:03:50+00:00,5,"4.5 stars, but i rounded up to 5 because we had a great dining experience overall and the service was fantastic.  

Came here with a group of 5 on a Sunday night (They don't take reservations) and they gave us the communal table in the back (smart on their part because some in our party had been drinking for a few hours), which was private and fantastic.  A party of 3 joined us eventually and they were a pleasure to sit with. The service was spectacular and we very much enjoyed the food.  

We got a mix of cocktails and 2 bottles of wine and shared the following:
Fried olives.  I've never had them before, and thought they were fantastic.  The crispiness of the batter combined with the olive saltiness was a fabulous combination.
Burrata. Who doesn't like Burrata. It was creamy and served with some vegetables on the side (cucumbers, peppers, etc.). I wish it had come with regular tomatoes, but can't really complain since it tasted great.
Carciofi Crudi.  I've never had raw artichoke before and was very intrigued by the dish.  The flavors were great (very citrusy) and there was a nice crunch from the rawness of the artichoke. Could definitely taste the pecorino.
Polipo. Grilled Octopus was perfectly grilled and extremely flavorful. The green olive pesto was on point.
Cacio Pepe.  This was deliciously creamy and had fantastic pepper flavor. Must order.
Leeks.  These were cheesy and truly fantastic.  Another must order.
Risotto.  This was very fluffy and had also cheesy (you can tell we like cheese).
Meatballs.  I didn't actually get to try these but they looked delicious.
Ribeye steak special.  Cooked to a perfect medium rare, buttery and very well seasoned.
Carciofi Alla Griglia. We ordered the grilled artichoke as a side to the steak. It was cooked very well (charred ever so slightly).
Broccoletti.  Again a side to the steak.  I don't really like broccoli rabe, i find it to be quite bitter, but this was drenched in garlic, so that was good.
Chocolate mousse.  Came in a sundae cup and was pretty tasty 

My boyfriend could eat everything except the pasta, the fried olives and the meatballs, so they are definitely gluten free friendly!

It ended up being about $100 per person with tip, which for the amount of food and alcohol we got was pricey but reasonable.",True,4,0,0,Elyka A.,en,"{'neg': 0.034, 'neu': 0.653, 'pos': 0.313, 'compound': 0.9994}",0.9994,0.313,0.034,0.653,positive
992,2016-12-04 19:38:31+00:00,4,"This was a night with some interesting synchronisity. In the four-star film ""No Reservations"" (*not* the Anthony Bourdain show) starring Aaron Eckhart and Catherine Zeta-Jones--a film that I have an oddly clear memory of--there's a scene in which the luxury of truffles are discussed. As a young foodie, I took note. Fast forward maybe a decade and there I was at Via Carota--a restaurant that indeed does not take reservations--during truffle season. Fitting, no? In any case, though it took quite a while for us to get seated (to be expected at 8:30pm on a Friday night), our night here was lovely. Everything was solid at the very least, and the vibe was delightful.

As stated, we came at peak time. We decided that if that wait was under an hour, we'd wait it out. I'd say it was about 45 minutes. Though we were pretty starving by the time we were seated, our time waiting turned out to be quite pleasant. Nestled in one corner of the space are three small tables perfect for imbibing while you wait, and we managed to snag one. Otherwise we would've had to stand (thankfully there's enough space for that here). Because the service here is top-notch, we were checked on quite frequently, despite how busy the restaurant was at the time. 

Drink-wise, your best bet is probably wine. Wine pairs beautifully with Italian food (spoiler alert, I know) and they've got an impressive selection here. We decided to go with cocktails, though, because we late-night plans that demanded a certain level of alertness. As delicious as wine is, it's kind of a sedative. Though the cocktail menu here isn't particularly interesting, they do the classics very well. I had a Boulevardier and a dry martini and both were high-quality and delicious. Clearly made with great spirits. 

Once we did get seated, we were right in the thick of things. Central table amidst the bustle of the very well-ran operation that is Via Carota. Though this is an Italian place through and through, the menu here is a lot more varied than a lot of the Italian spots I've visited up to this point. Namely, there's a massive section dedicated solely to vegetables (grouped by price). In addition to their normal menu, Via Carota also has a number of specials, some of which are proteins meant to be split between two. Our eats, below: 

Brussels sprouts salad: A
This dish currently isn't on the online menu so unfortunately I can't give you too many details. Important note: we thought this was going to be a cooked Brussels spouts preparation, but it turned out to be a good-sized salad. Thankfully, it was still super yummy. It was paired with a soft cheese, walnuts, either apple/pear, and a few other things. Fresh and flavorful.

Polipo (grilled octopus & green olive pesto): B+
Looks can be deceiving. Okay, maybe that's too harsh, but octopus happens to be one of my favorite foods, and my standards are high. This dish wasn't bad, but I'd still say somewhat discouraging. The pesto was yummy (don't expect it to taste like normal pesto, though) but the octopus itself felt kind of boring. 

Funghi (mushrooms & smoked scamorza): A
Mushrooms happen to be another one of my favorite foods, though I'm far less particular with them than I am with octopus. These were stellar. Savory and flavorful. Whatever that cheese was underneath, I bow down to you. A total splurge, but who cares?

Pappardelle w/ wild boar ragu: A-/A
I hardly ever eat pasta, so this was a special treat. Very simple preparation but the boar meat was rich and totally delicious. The pasta preparations here are on the smaller side (which I think is typical for traditional Italian places), so consider that when making your entree/app choices. 

Special Beef Carpaccio/White Truffle dish: A-
Because white truffles are the most decadent of all truffles, this dish--appetizer-sized--was a healthy $32. I'm not sure it was quite worth *that* much, but it was still incredibly delicious. Served with some delicious shaved cheese as well (parmesan maybe?). A very well-rounded bite.",True,1,0,0,Molly T.,en,"{'neg': 0.061, 'neu': 0.722, 'pos': 0.217, 'compound': 0.9992}",0.9992,0.217,0.061,0.722,positive
991,2016-12-19 19:26:08+00:00,5,"We just went there for my 65th birthday with a group of 11 people.If I could give them 10 stars i would!The ambiance is charming old world Italy and the staff is welcoming and friendly.Our waiter was beyond helpful in suggestions and explanations about the food choices.I think we probably ordered almost every salad and appetizer on the menu.Every plate was greeted with a chorus of ooohs and aahhs as we tasted each delicious selection. The plates  of lentils,artichokes,meat and cheese selections and vegetables were each more delicious than the last. We thought we were full until the entrees arrived.Dover sole ,perfectly cooked steak and the culinary masterpiece ,the white truffle pasta! If you try nothing else in this wonderful restaurant you must order this dish. . We were bursting and still ordered another plate of the truffle pasta our taste buds craved.A perfect meal. This will be our  new destination restaurant for family celebrations.Thank you Via Carota!",False,0,0,0,Carol R.,en,"{'neg': 0.0, 'neu': 0.753, 'pos': 0.247, 'compound': 0.9946}",0.9946,0.247,0.0,0.753,positive
990,2016-12-20 01:52:45+00:00,4,Absolutely beautiful flavors and excellent service. Let the waiter recommend you the specialites of the day.,False,0,0,0,Mira L.,en,"{'neg': 0.0, 'neu': 0.556, 'pos': 0.444, 'compound': 0.8858}",0.8858,0.444,0.0,0.556,positive
989,2017-01-07 06:12:06+00:00,2,"dinner for 3 of us last night. the rating is driven by the excellent tasty food (especially the cacio e pepe) and the water/bus service (not the waiter). the overall rating is pushed down by:
- awful 1st seats offered--early dinner at apprx 545pm, were at a long empty table that holds apprx 8. however, the waiter sought to 'optimize' for 10 and thus offered us 2 seats plus a chair at the table end--where waitstaff passed all evening. had to negotiate--again, early, restrnt 1/3 empty, to get 3 real seats at this empty long table.
- waiter asked us to leave after tipping $41 on $167 (apprx 25%)!!!
(3 drinks, 2 apps, 3 pastas, 2 desserts), Having affirmed we were done eating (we were chatting after dessert), the Waiter Asked Us to LEAVE!!! ""sorry, but we have people waiting....otherwise would love to have you stay longer...."" This has never happened to us in eating out many years--high end, low end, etc. Yes, our meal passed 2 hours--but partly b/c the waiter covered several tables with a natural delay between sightings, and with only water glasses, it should be obvious we're not going to chat all night....
- at nearly $70 per person, this is not a cheap place, and such rudeness means we can't recommend this place to others...",False,0,0,0,Ja F.,en,"{'neg': 0.15, 'neu': 0.774, 'pos': 0.076, 'compound': -0.9296}",-0.9296,0.076,0.15,0.774,negative
988,2017-01-10 14:23:28+00:00,5,"My second visit and brought an old friend along. Had a wonderful meal of shared plates: our first plate was a daily special of noodles with carpaccio & olives, followed by shaved fennel with pecorino (a little too heavy on the cheese) and the most perfectly cooked octopus I've ever tasted. And for dessert we had fresh persimmon and a unusual custard with bitter orange & olive oil. Both were superb. The staff was wonderfully attentive and the drinks well presented. So glad that all lived up to my recollection of dinner here a year ago.",False,0,0,0,Terre L.,en,"{'neg': 0.023, 'neu': 0.654, 'pos': 0.323, 'compound': 0.9888}",0.9888,0.323,0.023,0.654,positive
987,2017-01-14 03:47:22+00:00,5,"Ate her last week  and the food is all excellent, really fresh and the service was perfect, attentive to the right degree.  Great wine list, we had the Cannonau, which is hard to find outside Sardinia, and was perfect with the food.

Diana, one of the hostesses, is truly amazing. Tonight, on a really busy Friday night, she took the time to  find a chair for my elderly mother to sit down for a few minutes, as she has gotten quite winded as we were walking to Hudson St and went inside to warm up for a few minutes. Diana was so sweet, brought my mom a glass of water, even though we were not even dining there tonight. Such kindness. We will pay it forward.",False,0,0,0,Rita R.,en,"{'neg': 0.019, 'neu': 0.718, 'pos': 0.263, 'compound': 0.9904}",0.9904,0.263,0.019,0.718,positive
986,2017-01-16 22:13:48+00:00,4,Ok I know this is crazy but the green salad is amazing I don't know what they do but it's so fresh and crisp and distinctive .. also if you don't drink alcohol the bartenders brew their own Ginger Ale that's so good ! No reservations get there early to avoid a wait,False,0,0,0,Roger C.,en,"{'neg': 0.253, 'neu': 0.524, 'pos': 0.223, 'compound': -0.0832}",-0.0832,0.223,0.253,0.524,negative
985,2017-01-19 04:02:53+00:00,2,"After all I read and heard about this place, I wound up being very disappointed. I feel that a big part of the problem was communication with our waiter. The food descriptions and portions were not adequately described, in order to help us make a proper meal. Instead we cobbled together a few things that didn't really add up. I won't bother coming back. I've been to many better Italian restaurants.",False,1,0,0,Myyelp P.,en,"{'neg': 0.107, 'neu': 0.791, 'pos': 0.102, 'compound': -0.3307}",-0.3307,0.102,0.107,0.791,negative
984,2017-01-22 19:55:44+00:00,4,"Very Good and at this point in time, probably one of the best Italian Eats in Greenwich Village .. My date and I started with Insalata Frutta di Mare (Seafood Salad), then moved on to the Cacio Pepe (Pasta with Pecorino Cheese & Pepper Sauce), then Scampi e Polenta, then dessert of Panna cotta. Everything was excellent including quite fine service . Nice atomosphere and reasonable moderate prices.",False,1,0,1,Vincent R.,en,"{'neg': 0.042, 'neu': 0.739, 'pos': 0.219, 'compound': 0.9308}",0.9308,0.219,0.042,0.739,positive
983,2017-02-04 02:49:14+00:00,5,"My favorite restaurant from now on. Every single dish we've tried (and we got A LOT) was spectacular. Rich, full of flavor, and simply prepared plates. Amazing!",False,0,0,0,Natalie K.,en,"{'neg': 0.0, 'neu': 0.636, 'pos': 0.364, 'compound': 0.9117}",0.9117,0.364,0.0,0.636,positive
982,2017-02-04 17:12:41+00:00,5,This place is super good. We tried to find something in the city but then we decided to go south because we got a car and parking in the city is like super expensive so now we are super happy with this place and chewing our blood orange salads that is tasty enough!!,False,0,0,0,Yulia S.,en,"{'neg': 0.084, 'neu': 0.527, 'pos': 0.389, 'compound': 0.9808}",0.9808,0.389,0.084,0.527,positive
981,2017-02-21 22:30:08+00:00,5,"Some friends were in town visiting and one had found Via Carota on Instagram. We were walking the High Line pretty early so we got to the restaurant probably around 5:30-6pm, still pretty early for dinner in Manhattan. We didn't have a reservation, but the wait was ~30minutes for a group of four and we got a bottle of wine while we waited for the table. The ambiance is nice, and we also got lucky being at a larger table. There are some areas that looked a little cramped, but that can be seen in most restaurants around the city.

It is a sharing-style menu, which is great if you're with a group that likes to try different things. We tried a good amount of items on the menu.

To start - burrata, prosciutto, brussels sprouts, grilled artichokes, and the cod.
The burrata wasn't the best I've ever had, but was still delicious. Brussels sprouts came out looking like a salad, which we didn't expect but still enjoyed. The best was the cod - with the chickpeas and tomatoes it was extremely good!

Second round, we got 4 of the 5 pastas. I would rank them 1. Tortelli (MUST GET), 2. Tonnarelli, 3. Gnocchi, 4. Risotto. Beware with the risotto: it is EXTREMELY lemony. It would be better if you go that to share with either a meat or a fish and had it on the side. The tortelli was extremely good, and the table agreed that it was the best thing we ordered.

Definitely would recommend this place! If you go big and also get wine, it will be pricey. Still comparable to the restaurants in the area though. 

They also had rooms it looked like for larger parties.",False,0,0,1,Rain T.,en,"{'neg': 0.089, 'neu': 0.698, 'pos': 0.213, 'compound': 0.9917}",0.9917,0.213,0.089,0.698,positive
980,2017-02-24 00:52:28+00:00,5,"Excellent! Had a religious experience drinking their real fresh squeezed orange juice and eating a bowl of cacio e pepe. Most places serve you ""fresh squeezed"" orange juice out of a jug or use tasteless oranges for juicing. These oranges were perfectly ripe. This place has a strong attention to detail. That is the most admirable quality a restaurant can have.",False,0,0,0,Josh K.,en,"{'neg': 0.065, 'neu': 0.628, 'pos': 0.306, 'compound': 0.9606}",0.9606,0.306,0.065,0.628,positive
979,2017-02-24 19:29:21+00:00,5,"I come straight from Italy and ..The food is absolutely delicious. I did have some issues with condiments especially when it cam to the meats, but the tonnarelli, and the black truffle pasta was really good. They cooked it right enough without making it soggy as pasta is usually made here, and I really appreciated. The number one thing to try in my opinion is the scamorza with mushrooms, I'd go back and have that again no question. 

Had no wine that night, didn't feel like ti but they seemed to have a decent number of picks.

Did not like the tiramisu. Even one extra drop of liquor in it takes away the flavor of the whole dessert.",False,0,0,0,Andreacarola U.,en,"{'neg': 0.101, 'neu': 0.763, 'pos': 0.137, 'compound': 0.7083}",0.7083,0.137,0.101,0.763,positive
978,2017-03-01 05:58:27+00:00,4,"I order the octopus as appetizer and their special pasta for main course. Octopus was just perfect, high quality and very tender. The pasta was just ok, nothing else. A good place though.",False,0,0,0,Michele S.,en,"{'neg': 0.164, 'neu': 0.577, 'pos': 0.259, 'compound': 0.6471}",0.6471,0.259,0.164,0.577,positive
977,2017-03-01 21:49:27+00:00,5,"So this restaurant came recommended to me by Mario Batali himself (well - truth be told - it came via a Tweet his posted to someone else about his favorite non-Mario restaurants in NYC). Thank you Mr. Batali. It came in handy after my son and I watched a play in Times Square. We were seated right away, and promptly given water and menus.

We asked our server for his favorites on the menu and his advice was spot on. He even allowed me to taste my wine before settling on my glass. We loved the two pasta dishes we had, the parpadelle with wild boar ragu and tonnarelli with cacio and pepe. Both so delicious. I wanted to lick the pasta bowl. I also had the grilled sea bream with escarole. Perfectly cooked fish. So tender and well-done. Escarole was a nice addition. Lovely flavor.

Tiramisu was nothing to write home about, but very nicely done dessert. Generous portion.",False,1,0,0,Doreen E.,en,"{'neg': 0.0, 'neu': 0.791, 'pos': 0.209, 'compound': 0.9856}",0.9856,0.209,0.0,0.791,positive
976,2017-03-07 19:02:56+00:00,5,"Incredible Italian dining in the West Village! I was heading to the Comedy Cellar and this was our dinner stop before hand, so we were definitely on the earlier side of the dinner crowd. At 5:30p on a Saturday we were seated right away, but not in the main dining room- there was a back room with a long table that we ended up sitting half and half with another family. A little funny, but the room was definitely more quiet and relaxing.
For apps we started with the Fried olives, Fried Atichoke, and the Insalate Verde. I was semi against ordering a plain salad at a place with as many great app options as this, but it ended up being the right choice. A delicious pile of Bibb lettuce, covered in a really clean dressing kicked off the meal well.
Entrees we ordered the Duck Ragu Parpadelle, the Cuttlefish, and the Octopus-all of which we walk out highly recommending. You can't go wrong, at least with what we ordered!",False,1,1,1,Sam K.,en,"{'neg': 0.043, 'neu': 0.729, 'pos': 0.228, 'compound': 0.9909}",0.9909,0.228,0.043,0.729,positive
975,2017-03-10 04:46:10+00:00,5,My favorite Italian in NYC at the moment. Had another great meal there last week with my brother. I've eaten there many times in the last year and it continues to impress.,False,0,0,0,Jason N.,en,"{'neg': 0.0, 'neu': 0.744, 'pos': 0.256, 'compound': 0.875}",0.875,0.256,0.0,0.744,positive
974,2017-03-16 15:45:33+00:00,4,"4 on a Friday, 8ish, late winter, long wait
3 on a weekday, 730ish, late winter, moderate wait
4 on a Saturday, 6ish, late winter, beat rush by a nose, 20 minute wait

Delicious food in a pleasant setting, worth a little wait.

Food
Dense, punchy flavors from well crafted but not overwrought dishes.  Confident food that doesn't rely on gimmicks.  Most things hint at familiarity but aren't boring copies.  The heavy lifting is done by consistent execution and sturdy composition.  On subsequent meals, our choices were driven by wanting to taste something else on the menu rather than avoiding something we didn't like from the time before.  The size and range of options allow for flexible, accessible dining for eaters from picky to voracious, all seated together.

Atmosphere
Great light, nice decor.  Bustling but not frantic.  There's a pleasant energy and hum when you're seated.  Waiting is uncomfortable longing, even if you manage to get one of the tiny, cramped cocktail tables.

Service
Very nice and thorough, but there is a hint of table turning brusqueness and the food can come out fairly quickly.  I understand it but it's unfortunate.  The wait can be punishing and the door area loads up quickly.  Luckily, there's plenty of bars in the area.

Their no reservations policy and reasonable size make the experience feel fair.",False,0,0,0,tryptophan n.,en,"{'neg': 0.202, 'neu': 0.607, 'pos': 0.191, 'compound': -0.6121}",-0.6121,0.191,0.202,0.607,negative
973,2017-03-20 01:11:07+00:00,4,"If I could give half stars this would be a 4.5.  It is an incredible place. The waiter was really good, took his time going over the menu and answered all our questions with detailed explanations.

As an appetizer we had the carpaccio which was really good (and I don't like carpaccio at all).  As the main plate I had the beuschettas with skirt steak which were off the charts, it included french fries which were some of the best I've ever had.  I also tried the bolognesa gnocchis, and again, were very good.  For dessert had thw affogato which was amazing.

An extremely good restaurant and even Mario Batali was eating there that day.",False,0,0,0,Ricky V.,en,"{'neg': 0.017, 'neu': 0.818, 'pos': 0.165, 'compound': 0.9621}",0.9621,0.165,0.017,0.818,positive
972,2017-03-28 20:48:53+00:00,5,"I've lived in the neighborhood for over a year now, but hadn't heard about this spot until a friend suggested it and I am SO happy she did. We went with a group of 6 and were so impressed with the menu we decided to split multiple dishes and appetizers and actually wound up ordering a second round because we loved everything so much. Here's a quick breakdown of some of what we ordered.

The burrata is great, but isn't it always. Nothing too special compared the other Italian places in the neighborhood.

The insalada verde was recommended by our waiter as simple, yet delicious and he so so right. I believe it was a sherry shallot dressing and it was amazing, we wound up ordering a second.

The grilled artichoke was another waiter recommendation that was sweet, delicious and unique.

We had a branzino special that was not fishy at all and melt-on-your-fork good. So you can trust they know how to cook their fish here.

And now the pasta... the amazing, incredible pasta! We ordered the lemon risotto, ricotta tortelli and wild boar papardelle. All were delicious, but the tortelli was by far our favorite and possibly the best pasta I've ever had in the city. You MUST get this pasta.

Beyond the food, the setting is also great. Unique, yet rustic decor fits the food and the neighborhood. It's also a larger space than most Italian spots in the neighborhood with a sizable dining area, at least 2 private rooms, a bar and even communal seating. Also, not sure if this is a typical celebrity hotspot or I just came on the right now, but both Marisa Tomei and John Slattery were both dining here separately while I was there.

All in all, love this place, can't wait to go and would recommend to everyone.",False,0,0,0,Chelsea P.,en,"{'neg': 0.021, 'neu': 0.682, 'pos': 0.297, 'compound': 0.9991}",0.9991,0.297,0.021,0.682,positive
971,2017-04-05 02:48:31+00:00,4,"Great atmosphere, good vibe and great foods. Just send one person first to get a table!! I went there 5:30 to wait for my colleague to come. Just after my colleague  arrives, there was so many crowds.",False,0,0,0,Hanami S.,en,"{'neg': 0.074, 'neu': 0.673, 'pos': 0.254, 'compound': 0.8513}",0.8513,0.254,0.074,0.673,positive
970,2017-04-09 22:30:41+00:00,4,Very nice restaurant with fresh and good tasting Italian food. Service is also good. All in all nice but a little high priced for the village.,False,0,0,0,Alexander W.,en,"{'neg': 0.0, 'neu': 0.656, 'pos': 0.344, 'compound': 0.8173}",0.8173,0.344,0.0,0.656,positive
969,2017-04-19 23:39:24+00:00,4,"Sort of give this spot a 3.5, but going to give it a 4.  Sat at the bar and had some decent food. We had a nice seasonal salad with peas, which was pretty good. Had the fish, which was ok, enjoyable, but was a tad salty for my liking.  Had the home-made pecorino with parmesan cheese which was the highlight.

Service was great.",False,0,0,0,Rob W.,en,"{'neg': 0.151, 'neu': 0.548, 'pos': 0.301, 'compound': 0.9186}",0.9186,0.301,0.151,0.548,positive
968,2017-04-25 19:01:09+00:00,4,"Honestly, I had high expectations from this place. A friend of mine (who has great taste in restaurants) told me that the Cacio e Pepe was as good as it is in Italy.

That said, while I did think the Cacio was great - as was the Tortelli and the Chicken, I felt like the veggies (asparagus verdi, roasted carrots, grilled artichokes) we ordered had way too much oil, and the insalata verde, while quite fresh, was overdressed, in my opinion. We also obviously got the burrata, which was very tasty!

Thankfully we got here at 5:45 on a Tuesday night - it got PACKED right after we arrived and got seated. Did I mention how loud it gets too? The sound definitely does not get absorbed.

All in all, I loved the space and the pasta dishes (wish they had more), but don't think I would rush back. Would rate 3.5 if I could.",False,0,0,0,Danielle P.,en,"{'neg': 0.0, 'neu': 0.836, 'pos': 0.164, 'compound': 0.9675}",0.9675,0.164,0.0,0.836,positive
967,2017-04-27 14:58:39+00:00,1,"I heard SUCH good things about this place & was so excited to go. The food is amazing (prices are high, but the food is truly great). However, our waitress was so unpleasant and made me feel so uncomfortable. We were rushed & shoved into a table the size of a side-table with 2 chairs & a tiny stool. 

She mocked me & was rude when I was asking for potatoes (""those aren't on our menu"" and proceeded to point to the menu) as well as describing their vegetables. She was appalled I asked for crispy vegetables - ""we have some grilled vegetables - those are the vegetables that say grilled next to it."" 

There are plenty of places in this city with GREAT food. No need to be treated this way. I'd recommend Gemma or Galli if you want an all-around great experience.",False,5,3,3,Josh P.,en,"{'neg': 0.248, 'neu': 0.573, 'pos': 0.18, 'compound': -0.9696}",-0.9696,0.18,0.248,0.573,negative
966,2017-04-27 18:00:36+00:00,5,"An amazing place with great food, great atmosphere and amazing pasta.  Service is also top notch.  I will return.",False,0,0,0,E A.,en,"{'neg': 0.0, 'neu': 0.425, 'pos': 0.575, 'compound': 0.9559}",0.9559,0.575,0.0,0.425,positive
965,2017-04-30 01:25:45+00:00,1,"Quoted ""a little over an hour"" for a wait. It has now been 2 hours. When we asked about their wait system (names on a chalkboard, where ours wiped off probably because someone leaned up against it) we were told, ""well it works for us,"" by the waitress.",False,2,0,0,Zachary D.,en,"{'neg': 0.134, 'neu': 0.825, 'pos': 0.041, 'compound': -0.6908}",-0.6908,0.041,0.134,0.825,negative
964,2017-05-04 03:56:34+00:00,5,Love it. Best food ever. They have outdoor seats which is the best. Good drinks good food what else I can ask. Highly recommend,False,0,0,0,Jasmin D.,en,"{'neg': 0.0, 'neu': 0.445, 'pos': 0.555, 'compound': 0.969}",0.969,0.555,0.0,0.445,positive
963,2017-05-07 01:47:35+00:00,1,The service is abysmal. They told us we would wait 5 minutes and we were the next table. An hour and half later we are still waiting........ no table in site....Incredibly frustrating and we will not be back.,False,1,0,0,Christa M.,en,"{'neg': 0.2, 'neu': 0.8, 'pos': 0.0, 'compound': -0.8176}",-0.8176,0.0,0.2,0.8,negative
962,2017-05-27 13:56:48+00:00,5,"Best service I've had in a long time. The hostess was so friendly and greeted us in such a warm way after we came back (45 minute wait at 7:30 pm on a friday night). Our server for the outside seating area was so energetic and welcoming and explained everything well and checked in on us often even though she was super busy. The food was some of the best italian I've ever had in my life. The cacio e pepe is their signature pasta for a reason. It's so simple, yet incredibly rich and flavorful. This dish is good for sharing because it's HEAVY and I could not finish it all by myself. M ordered pappardelle w/ wild boar ragu which was also heavy on the sauce side, which I loved. The pasta was all cooked just right. Everything was a tad on the salty side since I was drinking a LOT of water after I got home. We didn't get to sample from their extensive wine list since we already drank at a different spot while waiting for a table here, but we will definitely be back!",False,1,1,1,Joyce H.,en,"{'neg': 0.041, 'neu': 0.779, 'pos': 0.181, 'compound': 0.9726}",0.9726,0.181,0.041,0.779,positive
961,2017-06-03 16:13:22+00:00,4,"Amazing dinner and experience. Everything was delicious, specially the artichoke. Great place for vegetarians too. Why a 4 then? Although great, I just found it a bit too pricey, same thing it will put me off from coming back again.",False,0,0,0,Carlos G.,en,"{'neg': 0.074, 'neu': 0.574, 'pos': 0.352, 'compound': 0.9517}",0.9517,0.352,0.074,0.574,positive
960,2017-06-10 22:14:19+00:00,3,"After a nice concert, my wife and I stumbled into this well decorated place. At first the attention was great, the appetizers were delicious but the waiter became less helpful and friendly. We order a pasta and a main course that it wasn't to our liking. The waiter (French guy) never came by to ask if the food was great, never offered if we wanted coffee or dessert but I guess it was late and he probably wanted to go home. The prices were high for the amount of food that they served. I wouldn't go back to this place.",False,0,0,0,Gianni A.,en,"{'neg': 0.025, 'neu': 0.749, 'pos': 0.226, 'compound': 0.9752}",0.9752,0.226,0.025,0.749,positive
959,2017-06-21 03:17:22+00:00,5,"I had walked past Via Carota multiple times before trying it for the first time last weekend. I was a little biased, assuming it would be a generic Italian eatery (mostly because of how oddly large the space is amidst tinier, more intimate restaurants in the neighborhood), but am happy to say I was wrong.

It was justifiably busy on a Friday night, but nothing felt rowdy or uncomfortable. If anything, I felt like I was joining a large dinner party hosted by a friend of a friend. The staff is friendly without being overbearing and you feel you're in the company of the warmest New Yorkers you possibly could be.

If that's not enough to persuade you to try Via Carota, the food most certainly should be. The grilled sea bream is the best fish dish I've had in New York. It's the simplest way you can enjoy fish--olive oil, lemon, and salt--and therefore the most respectful of the ingredient; it brought me back home.

There's something very special about restaurants that can make you feel things and Via Carota is one of them. Its beauty lies in its simplicity and effortlessness, both exhuding poignancy.",False,0,0,1,Naz O.,en,"{'neg': 0.066, 'neu': 0.678, 'pos': 0.255, 'compound': 0.994}",0.994,0.255,0.066,0.678,positive
958,2017-06-22 05:00:56+00:00,5,"Best new Italian in the neighborhood - surprisingly accommodating to locals who show up with no reservation. Outstanding homemade pastas. Great for vegetarians- quite a selection of seasonal veggie dishes. The restaurant has a festive vibe, great for celebrating.",False,0,0,0,Jen M.,en,"{'neg': 0.04, 'neu': 0.505, 'pos': 0.456, 'compound': 0.9753}",0.9753,0.456,0.04,0.505,positive
957,2017-06-27 11:58:54+00:00,2,"Can't figure this place out... have been there probably 10 times now and the food is always incredible. The cacio pepe is my go to. However, the service is consistently lackluster. One particular experience involved a manager giving away our table of 6 to friends of hers that came in after we waited for nearly two hours and drank by the bar. Last night's dinner consisted of unfriendly service from a waitress and quite frankly, an I don't give a $hit about you attitude. We kept having to wave her down for drinks, bread, etc. Our meals came on top of our appetizers which really bums me out at a place like that. No one came to clear our appetizer serving plates or offer to bring new plates. 
The whole night was just a mess with the exception of our friendly water boy and the man who brought us our drinks from the bar. 
So conflicted about this place!",False,4,0,0,Emily S.,en,"{'neg': 0.113, 'neu': 0.795, 'pos': 0.092, 'compound': -0.7644}",-0.7644,0.092,0.113,0.795,negative
956,2017-06-28 11:36:18+00:00,4,"What i love the most is that this classy upscale great quality italian restaurant is open until midnight or so. My friend and I walked in around 10:30. It was still packed at this time and we had to wait about 20 minutes which was fine! 

Absolutely delicious!!!! The only thing that I didn't quite enjoy was this anchovy salad cold dish. It was just way too many vegetables and extra food on the plate. The anchovy dip or dressing was really salty but quite good as it contrasted against the raw carrots and radishes.

The service was unbelievable as well - the waiter suggested a great wine to pair with our pasta.",False,0,0,0,Hannah K.,en,"{'neg': 0.085, 'neu': 0.721, 'pos': 0.194, 'compound': 0.9457}",0.9457,0.194,0.085,0.721,positive
955,2017-06-29 04:29:24+00:00,4,"A lovely restaurant and by that I mean you almost forget NYC and think ""I am eating somewhere in southern Italy."" This is a no reservations spot and it can be loud in there, I wish they'd put in some dampening effects but the food is so good, in a restaurant run by the chefs at Buvette and I Sodi who work ensemble here. This is casual Italian with focus on green market and it's inventive in a quiet and homey fashion. The food is modest, very fresh and packs a lot of surprises for what sometimes feels like comfort food with a twist. We have been a few times, and the corn succotash, served with fresh snap sugar peas and a few heirloom tomatoes is one of the finest appetizers/mini vegetable starters I've had. We tried the watermelon with sheep curd and it was unusual, fresh and outstanding. We started with a pork fritter, the pork wrapped with rice and deep fried. I don't know if this is Italian but it's a surprise and delicious. We tried two pastas --the cacio e pepe and the wild boar ragu--and have not eaten the mains yet as we like the vegetable list and the appetizers so much that we usually just order those. We had very good service. The ragu was the only dish I didn't like that much as the sauce was too dry and it was June,perhaps the wrong month. The first night we got into a discussion of the whites, an Arneis vs a Verdicchio and the waitress, Italian, brought us glasses of each along with another white. And then she poured us each a whole glass and said she'd be back to fill our carafe! Absolutely lovely place. If only it were a bit more muffled. We sat next to two couples who thought they were at a football game and they seemed to be cheering each other on to shout more loudly than they already were. The restaurant is open till 12 weeknights and till 1 on Saturday so this is the perfect place after a movie to just come and eat a little and drink and pretend it's Rome.",False,0,0,0,Anthony T.,en,"{'neg': 0.034, 'neu': 0.765, 'pos': 0.201, 'compound': 0.9975}",0.9975,0.201,0.034,0.765,positive
954,2017-06-29 14:32:17+00:00,3,"Quite frankly one of the most overrated Italian restaurants in New York. Essentially the reason you are paying $17 for a plate of four artichoke hearts is to say that you have been to a sceney West Village restaurant. The pasta is FINE, but not worth waiting an hour for - the cacio e pepe is smothered is grease and not given the generous amount of pepper that it deserves. The papparadelle is fine, but the portion size is laughable.",False,1,0,0,Jeremy E.,en,"{'neg': 0.189, 'neu': 0.796, 'pos': 0.015, 'compound': -0.9339}",-0.9339,0.015,0.189,0.796,negative
953,2017-06-29 21:32:09+00:00,3,"Heard this was related to Buvette and so we went. It was okay. More touristy. Bigger, some items displayed on a cart. The pasta was fine but not stand out. And the bread was soaked in olive oil. It's pretty pricey for what you get. The stand out menu item was the carrots and peaches and cream for dessert. That's only thing I would come back here for.",False,0,0,0,Alyssa H.,en,"{'neg': 0.125, 'neu': 0.818, 'pos': 0.057, 'compound': -0.6369}",-0.6369,0.057,0.125,0.818,negative
952,2017-07-05 12:40:19+00:00,3,"I really wanted to like this place, but the food was lackluster at best.  The fried olive and sausage appetizer was unique, but had an odd smell that took away from the dish.  The grilled artichokes were the best part of the meal.

The cacio e pepe had way too much pepper for my taste, and I didn't really get a good sense of the cheese flavor.  

My wife had the pappardelle, but there was too much wild boar in the sauce.  

You could tell the pasta was homemade, but the sauces don't do them any justice.

The friendly service helped make the meal, but overall it was over-priced for what was offered.",False,2,0,0,Silvio D.,en,"{'neg': 0.097, 'neu': 0.732, 'pos': 0.171, 'compound': 0.9045}",0.9045,0.171,0.097,0.732,positive
951,2017-07-18 02:46:58+00:00,5,"So freakin' solid. You know how in sitcoms or movies everyone has their go to place? This should be that place for everyone. It's so right and always on point. The carrots with yogurt, honey and pistachios are just heavenly and their salad with peas and prosciutto... omg don't even get me started! So crunchy, so ample, so fresh, so delish, and so not sharing! Their tagliatelle was everyone's favorite with again, ample amounts of meat to make a smaller, but hearty dish. 

Also, such a great place to people watch. They have outdoor seating and also large glass windows for you to look out into the streets and souls of nyc. Everything across the board, from people to food, was so good and I can't wait to try everything on the menu.",False,1,2,2,Linda S.,en,"{'neg': 0.012, 'neu': 0.824, 'pos': 0.163, 'compound': 0.9731}",0.9731,0.163,0.012,0.824,positive
950,2017-07-20 17:22:22+00:00,4,"We started off with the Proscuiotto di Parma and for the main dish had the pappardelle with wild boar. DELICIOSO. The ingredients were so fresh! The service on the other hand wasn't the greatest. Our server was a little out of it, took her 10 mins to come greet us, then another 10 to come back and tell us the specials, and another 10 to take our orders.",False,0,0,0,Ana K.,en,"{'neg': 0.044, 'neu': 0.815, 'pos': 0.141, 'compound': 0.8196}",0.8196,0.141,0.044,0.815,positive
949,2017-07-23 00:03:49+00:00,1,"Read so many good things about this place that I really wanted to try it out. Had been once before, for lunch and had an ok time. I was -not- greeted by someone that looked like a very lost manager and the server -whatever she was- was very rude and I had the impression that she just wanted to walk me out. I asked her for how long was the wait but instead she turned her back on me, when I asked again, she said probably about 45 minutes for the bar -which by the way was half empty- hmmm... very disappointing! Especially knowing how important the service it in New York! 
See you never?",False,4,0,0,Una P.,en,"{'neg': 0.183, 'neu': 0.744, 'pos': 0.072, 'compound': -0.9547}",-0.9547,0.072,0.183,0.744,negative
948,2017-07-23 15:47:06+00:00,3,Like flying coach but with good food. Via Carota's vegetable plates were delicious with fresh ingredients even though they were a bit heavy on the olive oil for my taste. The entrees were less uniformly successful. But the restaurant was cramped and inhospitable and it brought out the worse in my fellow New Yorkers.,False,1,0,0,Mr. 1.,en,"{'neg': 0.205, 'neu': 0.509, 'pos': 0.286, 'compound': 0.7493}",0.7493,0.286,0.205,0.509,positive
947,2017-07-25 09:40:04+00:00,2,"Ate brunch there on Sunday.  The service was terrible, I had to ask for milk for my coffee twice and both times the staff were indifferent.  I had the steak and eggs.  It came on a very small plate and the steak was small pieces of meat over soggy tomatoes.  I live in neighborhood.  Will never step foot back in that place.",False,1,0,0,John V.,en,"{'neg': 0.236, 'neu': 0.764, 'pos': 0.0, 'compound': -0.9564}",-0.9564,0.0,0.236,0.764,negative
946,2017-07-26 23:34:14+00:00,5,"Well, this was certainly the highlight of our NYC dining experience this go around!  Service was 5 stars-super friendly and helpful!  The food - Mamma Mia my grandmother would be proud!  We enjoyed the Burrata $17- A-MAZ-ING!!!  The Piselli was to die for and so different$17.  Wine selection truly an experience with selections I've never seen at other establishments.  The cocktails were a mixologist's work of art.  We were full, but the server had our mouth watering over the Panna Cotta, which I'd recommend, so save some room!  The best part about our experience is that we felt like a native dining here- it's a local gem and very low key with something for everyone.  I wouldn't recommend bringing kids, unless you dine early, because this is an adult only crowd.",True,0,0,0,Joe V.,en,"{'neg': 0.046, 'neu': 0.705, 'pos': 0.249, 'compound': 0.9839}",0.9839,0.249,0.046,0.705,positive
945,2017-07-30 14:28:57+00:00,2,Wait wasn't too bad but the service and food was garbage. Just another basic Italian spot in the west village.,False,0,0,0,Ross F.,en,"{'neg': 0.097, 'neu': 0.794, 'pos': 0.109, 'compound': 0.0721}",0.0721,0.109,0.097,0.794,positive
944,2017-07-30 23:03:55+00:00,4,"I am a big rustic italian fan and was excited to try this new entrant into the category.  Had dinner here recently.  Many very good aspects of this new place.   The prosciutto melon was wonderful - fresh and balanced.  The pea salad was crisp and tasty but had a bit too much dressing for me - would order it with dressing on the side in the future.  There were many tempting pastas but we decided on the ragu - while the housemade pasta was right on the ragu was overcooked and tough - i would recommend against this dish because of that - a bit suprising for a place aspiring to top status.   The grilled orata was grilled very well and tasty but again a bit too much olive oil on top.

Would like to try again.  But if it wants to enter true top shelf status - i would hope it corrects some of the oversaucing/dressing and the ragu issue.",False,0,0,0,Stewart H.,en,"{'neg': 0.07, 'neu': 0.677, 'pos': 0.253, 'compound': 0.9832}",0.9832,0.253,0.07,0.677,positive
943,2017-08-04 00:57:08+00:00,5,The Baccala was amazing with chickpea and tomato. I would eat that every day if I could. It was a standout dish. Highly recommended.,True,0,0,0,Joe S.,en,"{'neg': 0.0, 'neu': 0.763, 'pos': 0.237, 'compound': 0.7089}",0.7089,0.237,0.0,0.763,positive
942,2017-08-12 18:43:08+00:00,4,"Long wait, but worth it. Came here with two friends on a Friday night around 6:30p. Communal table (which looked a bit cramped) was available immediately, but we chose to wait for our own table. The wait was about an hour and a half, but we ran across the street to Amelie to catch their amazing happy hour in the meantime. 

The ambiance is classy and somewhat rustic. Portion sizes are somewhat small, but the food is delicious. 

Apps: We started with the burrata which comes with fresh tomatoes (but no bread) and our only gripe was that it was so good, we wish we had more. 

Entrees: Cacio e pepe is a must order! It was simple but perfect and reminded us of authentic dishes served in Italy. Basil pesto pasta was flavorful, and the Sicilian meatballs were soft and filling. Everything we ordered tasted very fresh and homemade.  

Would go back!",False,0,0,0,Anita V.,en,"{'neg': 0.102, 'neu': 0.59, 'pos': 0.308, 'compound': 0.9949}",0.9949,0.308,0.102,0.59,positive
941,2017-08-14 00:25:04+00:00,4,"Service was spot on and so was the fish. But at $60 for a full Branzino fish, I don't expect any different. The server was delightful and took utmost care.

I loved the experience here and would go again for sure. 

The one thing they could fix is maybe make some more space in their outdoor seating. We sta outside since there was no place inside. The tables are too tiny to hold 2 people's food even.",True,1,1,1,Sonal B.,en,"{'neg': 0.089, 'neu': 0.72, 'pos': 0.191, 'compound': 0.8885}",0.8885,0.191,0.089,0.72,positive
940,2017-08-27 00:37:16+00:00,1,"We were denied entry due to alcohol intolerance. I would advise people to not visit this establishment if they have consumed any level of alcohol prior to visiting. As they are not tolerant of casual conversation or lively behavior. 

I have had other kind experiences at said establishment but given current circumstances I do not feel this is a good place to visit for larger groups. To be respectful of everyone, I'd suggest not coming here as a group. Perhaps attend solo or as part of an Alcoholics Anonymous group!",False,3,8,0,Nikita K.,en,"{'neg': 0.049, 'neu': 0.822, 'pos': 0.129, 'compound': 0.8638}",0.8638,0.129,0.049,0.822,positive
939,2017-09-01 12:10:46+00:00,4,"Great! We had a great meal, very sophisticated food but simple and rustic at the same time. We had a fava bean green salad, pasta with crab meat (my fave of our dishes), a fantastic Dover sole, and a fennel salad. Everything was prepared well and we enjoyed the vibe also. Great service!

We arrived just prior to 6pm and easily got a table but it got packed as we ate. I'd arrive early.

Side note - The village I grew up going to my whole life is no longer recognizable, that aspect I'd give one star.",False,0,0,0,Manuel M.,en,"{'neg': 0.023, 'neu': 0.647, 'pos': 0.329, 'compound': 0.9898}",0.9898,0.329,0.023,0.647,positive
938,2017-09-08 18:56:57+00:00,5,Abosultely excellent food. Nice vibe. The menu is fresh and the food we ordered I cannot fault.,False,0,0,0,Brendan O.,en,"{'neg': 0.0, 'neu': 0.485, 'pos': 0.515, 'compound': 0.9146}",0.9146,0.515,0.0,0.485,positive
937,2017-09-14 11:42:52+00:00,1,"Deafening noise, uncomfortably crowded, rickety tables, food good but quite expensive for simple preparations and small portions.",False,1,0,0,Rosanne K.,en,"{'neg': 0.54, 'neu': 0.396, 'pos': 0.064, 'compound': -0.9472}",-0.9472,0.064,0.54,0.396,negative
936,2017-09-15 01:32:21+00:00,5,"Sometimes one wants a plate of pasta and a glass of wine, alone, before returning home. And if one is lucky, a certain ""Kevin M"" will seat him in a secluded corner and give him just the hospitality that he needs. One returns home grateful for excellent food and a perfect welcome.",False,0,0,0,David J.,en,"{'neg': 0.033, 'neu': 0.663, 'pos': 0.303, 'compound': 0.946}",0.946,0.303,0.033,0.663,positive
935,2017-09-17 17:11:37+00:00,5,"Amazing food and drinks. Their cappuccino is the best we have had in NYC, will definitely be coming back!",False,0,0,0,Brandon N.,en,"{'neg': 0.0, 'neu': 0.593, 'pos': 0.407, 'compound': 0.8999}",0.8999,0.407,0.0,0.593,positive
934,2017-09-23 02:06:20+00:00,1,"AVOID. Hostess told us one hour. After 2 hours of waiting we finally gave up. And whenever we requested updates from the hostess during that period, she'd say sarcastically ""if you don't want to wait feel free to leave"". Absurd. Half of the people who were also waiting ultimately gave up as well. The most poorly managed restaurant in NYC right now.",False,0,0,0,Bridget B.,en,"{'neg': 0.198, 'neu': 0.697, 'pos': 0.105, 'compound': -0.847}",-0.847,0.105,0.198,0.697,negative
933,2017-09-23 02:14:29+00:00,1,"Via Carota has always been among my favorite restaurants in the city. I live in the neighborhood and would take my friends and family here whenever they visited. However, after my most recent experience I will NOT be returning. This restaurant doesn't take reservations, despite being incredibly popular. Tonight, my party of 3 was told 1 hour. We waited for 1 hour and 50 minutes at which point when we asked about when we would be seated, we were told that we were free to leave the restaurant. The staff was incredibly RUDE with no regard for those waiting well over the time they were told. After waiting two hours, we left -- despite waiting for what I knew to be delicious food -- due to the extreme rudeness of the staff. While I understand that Via Carota cannot rush people through their meals, it is abundantly clear that their system has failed - and not only should they consider taking reservations on weekend nights, but the staff needs to check their attitude.",False,0,0,0,Elizabeth B.,en,"{'neg': 0.105, 'neu': 0.812, 'pos': 0.083, 'compound': -0.7286}",-0.7286,0.083,0.105,0.812,negative
932,2017-09-25 22:48:38+00:00,5,"Wonderful place. The Negroni drinks are delish and seriously, they have the most beautiful ice cubes I've ever seen. The zucchini fries are wonderful to munch on. Everything we had was just great!",False,0,0,0,Jennie T.,en,"{'neg': 0.037, 'neu': 0.613, 'pos': 0.35, 'compound': 0.9458}",0.9458,0.35,0.037,0.613,positive
931,2017-09-28 21:13:52+00:00,5,"Via Carota is fast becoming a favorite for an informal meal by myself, with my wife, or with friends...

On the basis of five visits, Via Carota does justice to all parts of its not too limited menu.  The meats are generally good.  Here I must make special mention of the rabbit.  Fried to perfection, tender, and the taste and texture of the rabbit shines through.

On the seafood and fish corner, the sea bream would hold its own against some of NY's best in seafood.

Via Carota's biggest strength however is the greens section of the menu.  The tuscan beans, grilled mushrooms or artichokes are all cooked simply and taste as the respective dishes should.  The standout in the greens however is the Insalata Verde, which consists of layer after layer of leafy greens in vinaigrette sauce.  Too big to handle for one person - this in on my must order list if I'm with company.

Food aside, the vibe here is relatively calm.  Given the no reservation policy, it's best to come here in off-hours, or be prepared to wait for a long time.

Pricewise, it's not cheap, but then again it is much cheaper than I Sodi, and to me at least, the food is at least as good, and the setting more comfortable.",False,0,0,0,David H.,en,"{'neg': 0.052, 'neu': 0.793, 'pos': 0.156, 'compound': 0.9688}",0.9688,0.156,0.052,0.793,positive
930,2017-10-07 16:14:05+00:00,4,"Great place on a nice day. The storefront has large windows which allow for the whole place to open up to the street. We had about an hour wait for 2 people when we got there around 6:30. They do not take reservation so it is one of those places you put your name down and go get drinks. (And we finished eating around 10 and there were still people waiting. Go early if you can)

It is a trendy spot with expected west village crowd. It was really nice day and the place was filled with great crowd. I enjoyed everything I ate. Did I think it was the absolute best Italian ever? It was good but not extraordinary. Overall, I would definitely go back if I am in the neighborhood and crave Italian",False,1,1,2,June K.,en,"{'neg': 0.016, 'neu': 0.837, 'pos': 0.147, 'compound': 0.9371}",0.9371,0.147,0.016,0.837,positive
929,2017-10-09 01:24:43+00:00,4,"My friends had eaten here before (as well as at the two other restaurants with the same ownership) and that's why we chose this place for entertaining out-of-towners. The ""no reservation"" policy caused a lot of anxiety since we showed up on a sunny, mild Friday evening at 6:30 pm. Since we were a party of FIVE, we were seated quickly. We scored the large table to the left of the entrance, facing the windows. 

Noise level: Since there were no tables near us (entrance behind us shielded us as well as the windows directly in front), our table would logically be one of the quietest, right? Yet conversation was so difficult, I often had to stand up, walk to my friend, and repeat my remark. Any louder, and you'd have to file an environmental impact statement.

We ordered from the ""specials,"" so I'm not sure of the prices -- and my friends were treating me. We ordered 2 appetizers for the table, 4 pasta courses, 5 entrees, two desserts, bottles of wine, and cappuccino for me  -- so we got to sample as we each consumed our own selections.

An appetizer with raw veggies and an anchovy puree was OK but completely unexceptional. And who puts those throw-away celery tops into the dish? We also received TWO (2) olives, which I thought was kind of skimpy for a party of 5. 

The pasta side orders were tasty. The gnocchi, served in an Alfredo sauce, were quite tiny but firm and, for me, a bit salty.

My friends enjoyed their pork medallions, which had a nice presentation.
My grilled tuna was delicious, served medium rare, and it a good size portion. However, it was served over highly salted baked beans. In the opinion of 5 individuals, these were the SALTIEST, eye-scrunchy baked beans ever. One former G.I. at the table said that C rations are more palatable.  Were the beans marinated in salt?  Holy moly!

The 2 desserts were very small but tasty -- with a nice presentation.
I didn't try the wine but my friends were happy with the 3 bottles of red they selected.

We were there from 6:30pm - 8:45pm. When we arrived and when we left, there was a never-ending stream of customers and a line outside.  We weren't planning to linger - - we were mindful of other patrons waiting to eat - - but it was a jolt when the bill was plopped on our table (unasked for) when the desserts and coffee came.  

This final gesture felt like the ""bum's rush"" and after we had just spent a few hundred dollars, it seemed like an ungracious.kick out the door.  Ouch.

Loud restaurants like this, where you have to pass hand-written notes to carry on a conversation -- or wish you had learned sign language --  are not my favorite environment when I'm trying to chat with friends I haven't seen for awhile.",False,0,0,0,Mae W.,en,"{'neg': 0.06, 'neu': 0.759, 'pos': 0.181, 'compound': 0.9972}",0.9972,0.181,0.06,0.759,positive
928,2017-10-10 15:50:03+00:00,5,"The food, prices, presentation, ambiance and service at this restaurant are a winning combination. Our server was Nina. She was knowledgeable about wines, knew the menu well, attentive but not overbearing, absolutely great. Our food and wine was great, and Via Carota is an unbelievable value. This is one of my favorite restaurants in New York after our first visit, and I cannot wait to go back.
The standout dishes to us were the roasted carrots (no, really) and the pheasant and pancetta risotto.",False,0,0,0,David C.,en,"{'neg': 0.093, 'neu': 0.715, 'pos': 0.191, 'compound': 0.7895}",0.7895,0.191,0.093,0.715,positive
927,2017-10-10 21:59:23+00:00,2,"Went here last week for dinner with two of my other gfs on a Friday night. We got there around 9pm and were told it was about 1.5 hours for a table. We were fine with that and put out names down and came back in an hour. While waiting for a table they asked if we wanted to sit outside and we declined since we wanted an inside table. We noticed a lot of other small tables opening up and some of them had three people sitting at them. We had to go ask the hostess if it was possible if we could sit at those tables since we didn't mind. She told us that one of us had to sit on a stool which we also didn't mind. If we didn't ask who knows how long we would have had to wait since it was already past 10:30pm by then. 

For food, it was okay. I don't remember exactly what we ordered but it was the octopus, which I do recommend, a pasta dish that wasn't that special and a dessert. When we were finishing up the dessert we had a friend come by that was going to join us after we were done with dinner, but since she wanted to sit they said they had to move us to a different table, again that was fine with us but where they moved us to was to a table by the entrance where we couldn't even face each other and had to sit in a straight line. We asked if we could get stools or chairs for the other side and they said it was against policy for that area. 

For the money and wait time, it wasn't worth it. The food was okay and I would have expected more in the service for a highly rated restaurant. I would only suggest this place for couples since they are very limited in seats. And to come very early if you're a large group since there's only 2-3 tables that can accommodate.",False,2,0,0,Tiffany L.,en,"{'neg': 0.09, 'neu': 0.874, 'pos': 0.036, 'compound': -0.9537}",-0.9537,0.036,0.09,0.874,negative
926,2017-10-16 21:12:33+00:00,3,"Food was pretty good. Nice outdoor seating. Probably good place for dates, albeit a little noisy.
recommended: grill artichokes, pappardelle ragu.
skip: brussel sprouts",False,0,0,0,D Z.,en,"{'neg': 0.082, 'neu': 0.515, 'pos': 0.403, 'compound': 0.863}",0.863,0.403,0.082,0.515,positive
925,2017-10-18 18:07:16+00:00,5,"I could eat myself into a coma here.... everything they make is decadent. Small pasta dishes with a punch! Flavorful and filling. Their dessert menu is out of control! Get at least 2 and try them all! 

However. If you're in a rush don't expect to make a reservation. But it's ok. They move quick.",False,2,0,0,Betsy M.,en,"{'neg': 0.175, 'neu': 0.775, 'pos': 0.051, 'compound': -0.8547}",-0.8547,0.051,0.175,0.775,negative
924,2017-10-27 22:01:10+00:00,1,"Names written down at 6:30 for a party of 3. Told the host that the 3rd person would be arriving at 7pm, but we were not allowed to get drinks at the bar while we wait. Bar seating is for dinner only, so they said we could get a drink in the waiting area. We decided to go grab drinks somewhere else and come back. When we came back, and after a long wait the host asked if we wanted the bar which was open or a table. She pointed to a table inside that was on dessert, so we decided to wait. Finally got seated at 9pm, but we were brought OUTSIDE! No mention of what happened to the table inside, and the host did not even ask if this was okay. We sat outside just for me to smell smoke. I can't stand smoke, we just waited 2.5 hours for this! So we complained and got seated inside. Drinks were very pricy, food was alright, but salty and small portions. Decent food if you don't mind salt, but NOT worth the wait or price in my opinion. They don't need reservations because they are always packed, but I believe reservations would help with customer service. Other reviewers claimed they waited 3 hours, just isn't right and doesn't make sense, this place isn't amazing... Other places are just as good, cheaper, with less wait time and friendly service!",False,1,0,0,Sara P.,en,"{'neg': 0.224, 'neu': 0.718, 'pos': 0.058, 'compound': -0.9953}",-0.9953,0.058,0.224,0.718,negative
923,2017-10-29 17:29:16+00:00,4,"What a great place! We scored two seats at the bar around 8pm, which surprised us given the popularity of this restaurant. If you're showing up with more than 2 people then be prepared to wait given their no reservation policy. 

We started off our dinner with the grilled artichokes and Tuscan beans. The grilled artichokes were some of the best I've had, similar to the Maialino artichokes. The Tuscan bean is a hearty dish, served warm with sausage - good Fall dish. For our mains, we ordered the wild boar pappardele and the truffle pasta and shared a side of mushrooms. If I were to return, I would definitely order the mushrooms and grilled artichokes.

One area of improvement: they need to diversify their wines by the glass as the menu is rather limited.",False,0,0,0,Isaac T.,en,"{'neg': 0.081, 'neu': 0.736, 'pos': 0.183, 'compound': 0.9312}",0.9312,0.183,0.081,0.736,positive
922,2017-10-29 17:50:17+00:00,3,"We came here for a quick brunch on a rainy Sunday morning, and perhaps because of the weather, it was easy enough to get a seat by the window for two. Although there is a decent amount of space, the restaurant still has the feel of a cozy West Village restaurant. The design of the chairs are interesting to note, as the menus were rolled up and stored in the lower back support across the chair...not the usual place one would expect to find a menu. Service was a bit indifferent - plates put down and recited as though it were rote, and I didn't get a lot of sense of personality or interest from the waiters. The drink menu at brunch is pretty limited; while the wine selection is decent, neither the cocktail or beer selection are that inspiring.

The food was generally solid, but I wasn't really as impressed by it as I have been at other Italian spots, and overall the food came off on the heavier side. We shared the beans and sausage to start, and while I really enjoyed the rich tomato flavor of the sauce, the sausage was very generic in flavor while being chopped indiscriminately into smaller pieces, while the white beans were okay - but it made the dish very heavy for a starter. My wife went with the clam soup, which was prepared in a nice, light clam broth with white wine and garlic. However, the bread was toasted a bit too much, giving some parts of the broth a charred taste...not a good one for a clear, light broth like this. My tonnarelli, served as cacio e pepe, was quite delicious overall. The pasta was quite springy, and I enjoyed the texture quite a bit. It was a bit lighter on the pepper than I would have liked, though, with the generous amount of cheese sprinkled on top dominating the dish (and coagulating at the bottom of the bowl under all the pasta.

The food here isn't really much of a brunch at all - it's definitely geared towards a regular Italian-style meal - but it's generally solid with a nice ambiance, but it did not stick out as much given the plethora of options to sample from when it comes to Italian food in NYC. I might come back for a dinner meal to see if the experience sticks with me more than brunch did.",False,3,2,1,Asuka N.,en,"{'neg': 0.04, 'neu': 0.772, 'pos': 0.188, 'compound': 0.9967}",0.9967,0.188,0.04,0.772,positive
921,2017-10-31 21:57:12+00:00,5,"Just had a late lunch here today.  We sat at the bar and were waited on by a wonderful bartender/barista/server.  She was very friendly and her suggestions were spot-on!  We shared the amazing insalta verde and the delicious barrata di Puglia antipasti.  The Tonnarelli pasta was recommended so I went for that - it was fantastic!  My partner had the Rigatina (pork belly with cipollini onions) and he said it was great.  The Bloody Mary our server made for him was AWESOME!  With so many disappointing Bloody Marys to be had in this world, this one was top notch!  FANTASTIC LUNCH!!",False,0,0,0,Chris D.,en,"{'neg': 0.103, 'neu': 0.592, 'pos': 0.305, 'compound': 0.9824}",0.9824,0.305,0.103,0.592,positive
920,2017-11-13 16:01:25+00:00,4,"Via Carota is large, extremely crowded Italian restaurant in the West Village. The service, wine and truffle dishes were excellent! The rest of the food was good to excellent. Wait time for 3 people was 1.5 hours. Parties of 2 are more easily and quickly seated. 

We went with friends for a truffle themed dinner. Via Carota has truffle themed-dishes during white truffle season (Sept- Nov). I was so excited to have delicious fragrant truffles in New York. The last time that I had truffles was 4 years ago. 

The night was very very cold. Most of us were underdressed and thankful for the waiting area by the bar (and away from the door). K got there first, then me and my friend. We got seated at a communal table in the back. The seats were perfect for a party of 3. My friend and I were so excited to try the dishes! 

We ordered: Black truffles with beef Carpaccio and cheese, sottobosco (sliced porcini, parmesan, and dried blueberries), stracci pasta with white truffles, wild boar pappardelle, fried rabbit, and funghi. We had a bottle of Sangiovese Bianco La Selva. 

The wine was crisp fruity and went well with most of the dishes. The black truffles were nutty, subtle and went well with the salty hard cheese and savory thinly-pounded-beef. 

The most amazing dish was the buttered thick stracci with the savory fragrant rich nutty white truffle. This was amazing and just as I remembered how delicious truffles tasted like. It was so decadent! And it blew all our taste buds away! My friend wanted two of these dishes! So did I! (But price is a limiting factor). 

The wild board papperdelle was moist and beautiful stewed chunks of meaty wild boar. The pasta was great. But after eating the white truffle dish, this dish could not compare. 

The sottobosco was a great break from the richness of the other dishes. I liked the sweetened blueberries but the dried porcini was raw. It was just sliced thin and topped with macerated olives, parmesan and blueberries. 

The fried rabbit was tender, juicy and served with fried fresh rosemary. It was such a unique way to eat rabbit! I really enjoyed this dish. 

The funghi was amazingly umami flavors of buttered seared chanterelles, hen of the woods, enoki, shitake and other mushrooms. This was so delicious with the seared cheese! 

The meal was so amazing and I really enjoyed the truffle dishes! I can't wait to return!",True,9,6,9,Doreen L.,en,"{'neg': 0.021, 'neu': 0.725, 'pos': 0.254, 'compound': 0.9989}",0.9989,0.254,0.021,0.725,positive
919,2017-11-14 03:58:53+00:00,4,"Great restaurant, food was divine. Long wait but food was worth it. Try one of the specials, can't be bad! Might even run into a few celebs like we did. Also, cute area, great decor, staff was really attentive , even as we waited we were constantly being attended to.",False,0,0,0,Christine D.,en,"{'neg': 0.069, 'neu': 0.501, 'pos': 0.431, 'compound': 0.9841}",0.9841,0.431,0.069,0.501,positive
918,2017-11-14 21:21:11+00:00,5,"Castelvetrano olives are placed in the center of your table and neighboring New Yorkers sit, sipping on bubbly Aperol Spritz or Negroni's and twirling long strands of pasta on their forks... Even though its 1:30pm on a weekday. Why not? After all this is the sort of restaurant that makes you feel like your on vacation. 

Probably my new favorite restaurant in NYC. It checks all the boxes in terms of fabulous food, great atmosphere and lovely service. 

 A friend recommended it for lunch and I arrived on a cool fall day and there was hardly a wait. They do not take reservations and I hear that the wait can be very long for brunch and dinner. 

The menu is perfectly seasonal. The Verza salad reminds you of the cooler temperatures outside with zucca, speck, toasted farro and cabbage. Probably the best salad I've had this fall. I'll be trying to recreate this dish at home. 

Insalata verde was bright, huge and fresh with the most beautiful leafy greens in a light sherry vinaigrette. We were trying to keep it light so ordered the grilled octopus for a main. It was so tender with a green olive pesto. 

I was going to skip dessert but then thought, what the hell, and ordered the hazelnut semifreddo. Holy moly, this was out of this world! 

I cannot wait to return to this charming restaurant. This is the sort of restaurant that makes me wish I lived in NYC... if even for a a few weeks out of the year.",False,14,10,14,Brittany F.,en,"{'neg': 0.092, 'neu': 0.75, 'pos': 0.158, 'compound': 0.9361}",0.9361,0.158,0.092,0.75,positive
917,2017-11-25 17:20:31+00:00,5,"Great Service and Amazing Food. Food was very good. Roast carrots with yogurt and pistachios were excellent. Other dishes were excellent too. Amazing service, ambience, food...everything.",False,1,1,2,Jessica E.,en,"{'neg': 0.0, 'neu': 0.473, 'pos': 0.527, 'compound': 0.9729}",0.9729,0.527,0.0,0.473,positive
916,2017-12-20 00:34:20+00:00,5,"My friend and I went for dinner last night and it was a lovely experience! I got there around 6 to put our name in for a table and it was already packed. We were eventually seated at the bar which was fine because our bartender was really kind and attentive (and made us great cocktails too!). 

We ordered the fried olives, sardine special, wild boar pappardelle and the branzino special. Everything was really fantastic but the stand outs for us were the fried olives and the branzino. The olives were very unique, unlike anything I've had before and the branzino was impossibly delicate and fresh. But the absolute best part of the meal was the olive oil panna cotta with orange marmalade. Just stunning.",False,0,0,0,Ann S.,en,"{'neg': 0.014, 'neu': 0.743, 'pos': 0.243, 'compound': 0.9849}",0.9849,0.243,0.014,0.743,positive
915,2017-12-23 19:09:00+00:00,4,"Try the artichoke dish, truffle pasta and generally speaking all pasta dishes are superb. They also have good chocolate flourless cake and the menus are actually all rolled up in your chair...",False,0,0,0,Johnny G.,en,"{'neg': 0.0, 'neu': 0.811, 'pos': 0.189, 'compound': 0.7906}",0.7906,0.189,0.0,0.811,positive
914,2017-12-25 02:58:16+00:00,5,"Whoa. Hands down best Italian food I have ever had in my life. My mom and I went in for some Italian food at about 10:15 p.m. following a show because a friend recommended it. My god. Everything was so delicious I wanted to cry. 

We started with the salad (insalata verde) and grilled artichoke (carciofi alla griglia). I don't even like artichokes but, dang it, I would eat 6 every single day of my life if this restaurant prepared them. The lettuce on the salad was so fresh it was unreal. The sherry vinaigrette is subtle but so so tasty! 

For our entree, we ordered the chicken and one of the specials they were offering: a DIVINE risotto topped with black truffles. You should know I have never used the word ""divine"" in a Yelp review before and it sounds kinda ridiculous but it's true. It had so much flavor. The chicken was so moist and delicious (dry chicken makes me crazy). 

If you're looking for a cozy, intimate Italian restaurant with the most amazing food you will ever eat, visit this place.",False,2,0,1,Alex M.,en,"{'neg': 0.027, 'neu': 0.657, 'pos': 0.316, 'compound': 0.9977}",0.9977,0.316,0.027,0.657,positive
913,2017-12-27 04:15:21+00:00,5,"Just go. Go and enjoy the fried olives with sausage, the house made pasta pillows with beautiful, smoky ricotta with perfect caramelised shallots in an incredibly decadent brown butter sauce, along with a glass of red wine. Go. Do not hesitate, do not question. This place is sublime.",False,0,0,0,Robyn Z.,en,"{'neg': 0.0, 'neu': 0.773, 'pos': 0.227, 'compound': 0.9121}",0.9121,0.227,0.0,0.773,positive
912,2017-12-28 21:31:27+00:00,4,"Came here with my boyfriend for dinner on a Thursday night and we were surprised at how busy it was. We showed up around 7pm and were told it'd be a 45 minutes wait, but they don't text you so you have to stand around and wait. After about 10-15 minutes the hostess came up and told us if we wanted to sit at the bar and eat they'd sit us now. Neither of us are picky so we decided that was fine. 

I ordered the tagliatelle and he ordered the pappardelle. You can tell by the menu that the food was authentic Italian, and it was no secret when the food came out. The pasta was cooked al dente which was perfect and the sauce was delicious. I could not finish the whole thing, and it was just as good the next morning for breakfast. 

The bartenders were very knowledgeable with the menu and were generous to offer suggestions. 

It's unfortunate that you can not make reservations, when they get very busy and they will not text when your table is ready since it's risky to show up. If we can come back with a short wait I definitely would.",False,2,0,0,Shannon F.,en,"{'neg': 0.103, 'neu': 0.764, 'pos': 0.133, 'compound': 0.8807}",0.8807,0.133,0.103,0.764,positive
911,2017-12-30 06:21:32+00:00,2,Everything is totally overpriced. The food isn't that good. My pasta (with prosciutto and cream sauce) was very bland and I didn't even finish it. It also gave me a stomach ache for the next two hours. The Ragu was just ok. The waiter were very nice. I will not return to Via Carota.,False,1,0,0,Nitzan V.,en,"{'neg': 0.306, 'neu': 0.649, 'pos': 0.045, 'compound': -0.9643}",-0.9643,0.045,0.306,0.649,negative
910,2018-01-02 01:57:59+00:00,4,"Went here with my parents and a friend after a night out at the theater. The restaurant was packed when we arrived, but we were seated shortly thereafter. 

We were pretty hungry so we decided to split a few dishes:

Pappardelle (4 stars): This dish was very tasty and the pasta was cooked perfectly.

Tonnarelli (4 stars): I may have enjoyed this dish even more than the pappardelle--great flavor and pasta was also cooked perfectly.

Carote (4.5 stars): These may have been the most delicious carrots I've ever had. They were so tender and the accompanying yogurt sauce was a highlight.

Ribeye steak (4 stars): This was the special of the night and came at a cost of $60, but was well worth it as it was super flavorful and a huge portion as well.

Overall, this place was perfect for us to grab a late night bite in the Village. The food was tasty and reasonably priced and the service was top notch. Definitely a great Italian option in the area.",False,1,0,0,Ryan R.,en,"{'neg': 0.0, 'neu': 0.573, 'pos': 0.427, 'compound': 0.999}",0.999,0.427,0.0,0.573,positive
909,2018-01-07 10:19:33+00:00,4,"Came here for lunch on New Years Day. Very nice ambience and simple, rustic decoration. Great service and a healthy Italian menu. Prices are reasonable. Will definitely be back.",False,0,0,0,John H.,en,"{'neg': 0.0, 'neu': 0.537, 'pos': 0.463, 'compound': 0.9583}",0.9583,0.463,0.0,0.537,positive
908,2018-01-11 22:32:06+00:00,3,"Came here on a Monday night at 7 and wait was about 20 min though they kept saying they would seat us ""shortly"" and that didn't happen. The service was very good and attentive. The food was mixed which is why I gave three stars. The bread was already covered in olive oil (though tasty) and the burrata appetizer and funghi with a cheese were very tasty. However, I found the pastas too greasy and not flavorful enough. As this is an Italian place, I was expecting pastas to be the highlight so took off two stars. The Cacio Pepe was cooked well and a big portion but the pepper flavor wasn't very strong and it definitely felt too greasy. The black truffle special was the same. Their semifreddo was good.",False,0,0,0,Lisa S.,en,"{'neg': 0.121, 'neu': 0.726, 'pos': 0.153, 'compound': 0.413}",0.413,0.153,0.121,0.726,positive
907,2018-01-15 00:53:45+00:00,5,"Ok, ok, I was stingy with my 4 star review of Via Carota the last time, so wanted to make it right......they must have canned that miserable server who made us feel so uncomfortable on that first visit.

We have been back at least 5 more times (always on a Sunday) and I have to say Via Carota has the best Italian food in the city.

Always fresh, seasonal and plentiful.
The servers have been consistently knowledgable and kind and we would go weekly if the wait wasn't so long!

I hope they will forgive me for giving them 4 stars.

;)",False,1,1,2,Stacey C.,en,"{'neg': 0.216, 'neu': 0.615, 'pos': 0.168, 'compound': -0.8517}",-0.8517,0.168,0.216,0.615,negative
906,2018-01-18 15:58:21+00:00,4,"I was around the corner and thought to go to Via Carota for a warm, welcoming lunch on this snowy, wet day and that is just what I had. A wonderful Ribollita that was perfect and really hit the spot. They had a special of grilled sardines which were good, served on a bed of sauteed greens which were full of flavor and with a touch of spice. I look forward to going back for dinner!",False,0,0,0,Thomas M.,en,"{'neg': 0.0, 'neu': 0.758, 'pos': 0.242, 'compound': 0.9628}",0.9628,0.242,0.0,0.758,positive
905,2018-01-19 16:12:40+00:00,5,"Before I die, make sure my last meal is here. Definitely one of my favorite places in the city. Feels so authentic and I love how often the menu changes. I've never had something here that I did not LOVE. I think about the cacio e pepe often.",False,0,0,0,Kelsey B.,en,"{'neg': 0.136, 'neu': 0.646, 'pos': 0.218, 'compound': 0.5652}",0.5652,0.218,0.136,0.646,positive
904,2018-01-30 15:43:01+00:00,5,"Trippa alla fiorentina: tripe, not my thing but my boyfriend loved it.

Tagliatelle: prosciutto was sooo good. Maybe I was just really hungry but this pasta was amazing!!

Funghi: grilled mushrooms and smoked scamorza literally the most amazing mushroom dish ever. 

This place is always packed and everything was amazing so it makes sense why. Service is impeccable, everyone was smiles even though it was busy and packed. I'd be here a lot more frequently if it wasn't so hard to get a table. Def come out of your way to dine here it's worth it.",True,1,1,1,Jennie C.,en,"{'neg': 0.0, 'neu': 0.715, 'pos': 0.285, 'compound': 0.989}",0.989,0.285,0.0,0.715,positive
903,2018-02-05 22:16:25+00:00,3,Best Negroni. But i was very turned off by the burata.  How dare they call themselves Italian. The burata was ice cold. Burata needs to be room temperature.  My Italian grandfather from Tuscany is Rolling in his grave.  What a waste of money to eat cold burata.,False,0,0,0,Joe C.,en,"{'neg': 0.262, 'neu': 0.693, 'pos': 0.045, 'compound': -0.926}",-0.926,0.045,0.262,0.693,negative
902,2018-02-11 01:18:01+00:00,4,"Funghi, wild boar ragu and the chopped steak. Everything was good. The outside of the Chopped steak reminded me of Galouti Kebab if you have ever had some.",False,1,0,0,Pratik A.,en,"{'neg': 0.0, 'neu': 0.903, 'pos': 0.097, 'compound': 0.4404}",0.4404,0.097,0.0,0.903,positive
901,2018-02-20 00:05:00+00:00,5,"Best Italian in the city, one of my favorite restaurants. Always best to go early and leave your name for a table. Can't go wrong here. Great energy and amazing food and service. Cacio pepe, stuffed olives, pappardelle, calamari and fig bruschetta are stand outs",False,0,0,0,A C.,en,"{'neg': 0.02, 'neu': 0.589, 'pos': 0.392, 'compound': 0.9743}",0.9743,0.392,0.02,0.589,positive
900,2018-02-24 12:09:07+00:00,5,"Celebrated my Brother's birthday here and everything was delicious. We shared the Pasta with Boar ragu, the Pork belly and the chopped steak which were all just incredible. The service was excellent and I loved the decor and their location.",False,1,0,0,Nyc N.,en,"{'neg': 0.0, 'neu': 0.622, 'pos': 0.378, 'compound': 0.9709}",0.9709,0.378,0.0,0.622,positive
899,2018-02-28 23:12:13+00:00,5,"Found this place by chance while walking around the neighborhood and it was fabulous!! Some of the most authentic Italian food I have ever had. Each dish was better than the lasts, and the service from the whole staff was excellent. We will definitely be back the next time we are in NYC.",False,0,0,0,Abby L.,en,"{'neg': 0.0, 'neu': 0.755, 'pos': 0.245, 'compound': 0.9358}",0.9358,0.245,0.0,0.755,positive
898,2018-03-06 01:49:24+00:00,4,"Yummmmm. This place gets packed and doesn't take reservations - be prepared to come early or come by yourself or wait. The problem with the middle choice is that you don't get to try very many of the delicious-looking things on the menu. On the other hand, I got a seat at the bar at 7:30pm with no wait.

Based on previous reviews, I opted for the wild boar ragu papardelle. It was delicious (although I will admit I wanted a smidge more cheese). Pure comfort food, perfectly done. The guy next to me got the fried rabbit, which looked and smelled AMAZING. Definitely going to opt for the rabbit next time I go.",False,0,0,0,Hannah C.,en,"{'neg': 0.087, 'neu': 0.703, 'pos': 0.21, 'compound': 0.9545}",0.9545,0.21,0.087,0.703,positive
897,2018-03-07 17:21:50+00:00,4,"It was late afternoon and i was looking for a place to eat after an appointment in the area-I overheard two women talking and they said they just had had lunch at this great Italian place on Grove Street near Marie's Crisis. Finally, I stopped and asked them what the name of the place was and after they told me, I headed there for lunch. It is a large space with a bar in the center and tables radiating outward from there. The place was empty when I arrived and I was told to sit wherever I liked. I took a seat and looked at the menu. I got a glass of water and Italian bread arrived drizzled with EVOO. I decided on the cacio e pepe since I had not had it in a while and I really like it. It was excellent. The plate was filling but not overwhelming. The Italian bread, as always, was a wonderful complement. It was an excellent meal and Via Carota is a find in this neighborhood just off 7th Avenue on Grove. i would recommend and return.",True,0,0,0,Nick C.,en,"{'neg': 0.029, 'neu': 0.821, 'pos': 0.15, 'compound': 0.9763}",0.9763,0.15,0.029,0.821,positive
896,2018-03-21 12:52:09+00:00,4,"The apps were among the best I have ever had. anything with funghi and polenta has my heart. Not being a meat eater the menu was a little difficult for me, but I expected it. I did have the fish bowl or something like that and it was fine but so small which was weird because friends that had pasta had heaping plates. Nice atmosphere. Expensive wine list. service was okay, not wonderful.",False,0,0,0,Scarlett W.,en,"{'neg': 0.322, 'neu': 0.547, 'pos': 0.131, 'compound': -0.9746}",-0.9746,0.131,0.322,0.547,negative
895,2018-04-02 12:40:43+00:00,4,"Finally made it here after passing by so many times! This is an adorable spot for dinner, and I had a really lovely time here this past weekend. 

My friend and I ordered the negroni and aperol spritz while we waited, and both drinks were tasty. For food, we had the branzino (OMG so good), the pappardelle with wild boar ragu, and the grilled artichoke with aioli. Everything was delicious, although the portions were definitely on the smaller side. I've heard really good things about the octopus so I would try that next time.

The service was on point - our server was super friendly and attentive. My only complaint is that they don't have a reservation system since there was a 1.5 hour wait on Saturday evening. However, Via Carota is well worth the wait! 

Overall, Via Carota has a lovely atmosphere, great drinks + food, and friendly service. I look forward to coming back very soon.",True,5,1,4,Dasle K.,en,"{'neg': 0.046, 'neu': 0.658, 'pos': 0.297, 'compound': 0.9948}",0.9948,0.297,0.046,0.658,positive
894,2018-04-08 02:44:52+00:00,1,Wait situation is a mess and poorly organized. Good food but not worth it for the hassle.,False,0,0,0,Benjamin D.,en,"{'neg': 0.422, 'neu': 0.491, 'pos': 0.087, 'compound': -0.7579}",-0.7579,0.087,0.422,0.491,negative
893,2018-04-08 04:07:23+00:00,5,"The food is worth every penny. Thought out dishes with fresh and varietal ingredients, such as mushrooms and blueberries in one dish. 

Our waiter was great with explaining the dishes and was able to take our order without writing it down which was nice.

Downside is that you have to wait at leasthalf an hour to get a seat at night because they don't take reservations.",False,0,0,0,Tiffany E.,en,"{'neg': 0.07, 'neu': 0.764, 'pos': 0.166, 'compound': 0.8126}",0.8126,0.166,0.07,0.764,positive
892,2018-04-09 15:30:26+00:00,5,"Great place, great staff, great music. Best Italian food in New York 'says an Italian'",False,0,0,0,Federica B.,en,"{'neg': 0.0, 'neu': 0.4, 'pos': 0.6, 'compound': 0.9552}",0.9552,0.6,0.0,0.4,positive
891,2018-04-13 05:15:30+00:00,5,"One word, excellent!

Be sure to arrive here early. I think it gets very busy soon after 6 ( or even before). We were lucky we're party of 3 and was able to get seated right away once everyone was there. For party of 2, the wait was 1 hr 30 mins on a Thursday night around 6:30 PM.

The wait is well worth it, though. After indecisively hugging the menu for awhile, we decided to get 2 appetizers to share - Insalad and the grilled octopus. The salad really impressed me because I don't usualy like to order salad at a great restaurant. But here, it is done just perfectly with great simplicity. It was the perfect dish to start.

The grilled octopus was fantastic, very tender and well seasoned accompanied with the pesto.

The fried rabbit.. tasted like a more tender version of chicken. I personally may not order this because I kept picturing cute little bunnies but you do you!

The pappardelle with wild boar ragu was carb-y, meaty, and very satisfying.

The branzino special - very simple way of preparing the fish, with salt pepper, definitely some lemon to gice that acidic kick. 

Overall I think the food here is done very simple yet elegant and almost to perfection. You could probably order anything on the menu and not be disappointed. I will definitely come back to try their 19 ounce rib eye next time ( I could not stop staring at the table next to us who were feasting on the steak)!!",False,1,0,1,Melanie Z.,en,"{'neg': 0.031, 'neu': 0.652, 'pos': 0.316, 'compound': 0.9984}",0.9984,0.316,0.031,0.652,positive
890,2018-04-16 18:46:43+00:00,5,"This is a no reservation, walk-in only restaurant so be prepared. Wait time is on average about 1.5-2 hours unless you come after 9pm or before 5pm. This isn't your typical spaghetti & meatballs/eggplant parm/ Brooklyn Italian kind of place. This is a LEGIT restaurant as if you're eating in Tuscany. If you want your pizza, huge, red sauce pasta plates and expecting free bread and butter as a starter, then get outtaaaa heaaaaa! Lol

Seriously though. This place is the real deal. Started with the Trippa alla Florentina (braised tripe). It was amazing. The best dish of the night for me. It's crazy soft and melts in your mouth. The tomato sauce is savory and somewhat tart and it's what makes the dish. We had the funghi mushrooms as well which was seasoned and cooked to perfection. My wife had the Pappardelle which was not gamey. Although the boar is lean, it's packed with flavor. Not much sauce though if you're a saucy person. I had the Tagliatelle which wasn't too rich. The prosciutto gives it that savory ness to the dish. Pasta dishes are big enough to share with another person. We ended with the Tiramisu which was pretty good. The cocoa was a little too rich and could've been more moist. The coffee bottom layer is really strong so it may keep you up at night. Not the best I've had but it was average.",False,4,0,1,Jason G.,en,"{'neg': 0.066, 'neu': 0.802, 'pos': 0.132, 'compound': 0.9227}",0.9227,0.132,0.066,0.802,positive
889,2018-04-19 20:46:20+00:00,4,"One of my favorite meals to date with very little exception. A friend told us about this restaurant and was raving about it

We are there last night. They give you 2 hours for your meal. We ordered: Manhattan cocktail, tagliatelle and quinoa salad (excellent, bright and fresh!), steak tartare on toast (the best bite of the night for me), and the branzino (I did not like this fish very much)

The food was all good and definitely different from your average cuisine. They were really trying to be innovative. I enjoyed the bright flavors of the mushroom quinoa salad a lot and the steak tartare was so good I wanted to keep eating it. It was delicious. 

Their plates vary in size from micro tiny to ""way too big in my opinion"" branzino. The branzino was one dish I didn't enjoy much. I should have listened to the server when she told me it was a simple preparation and you really just taste the fish. I trusted Yelp over the server. The server was right. It was bland. The accompanying veggies were great and I filled up in them. The fish dish just wasn't my thing. 

I highly recommend this restaurant to anyone who wants to try something different.",False,2,0,1,Susie P.,en,"{'neg': 0.067, 'neu': 0.736, 'pos': 0.197, 'compound': 0.9859}",0.9859,0.197,0.067,0.736,positive
888,2018-04-28 14:12:07+00:00,5,"Excellent; 
Atmosphere is great modern look , great place to meet up with friends for drinks and a bite 
Sorry no pictures ; food was too good to pick up the phone 
 Family style seating in certain sections - 
  It's like a typical loud Italian dinning room so don't expect to whisper . 

Cocktail Drinks; are awesome perfect they are strong yet balanced 

Servers : they are all attentive and work as a team  so the table are never left unattended.

Food : my favorite was everything 
   Grilled octopus was cooked perfect  
   Wild boar with pasta is a must , the amount given will fill you up  . 
Fried Spicy rice balls were delicious - they are made fresh - you can from the first bite",False,2,0,2,Eddie D.,en,"{'neg': 0.022, 'neu': 0.599, 'pos': 0.378, 'compound': 0.9957}",0.9957,0.378,0.022,0.599,positive
887,2018-05-10 16:35:07+00:00,5,"Love everything about this place. Super veg forward, light and delicate but filling portions. The salad is the perfect starter. Manages to be perfect for a date or a group dinner. Excited to come back for drinks and snack, and sit outside! (It's a big place but there's usually a wait on weekends)",False,0,0,0,Tali E.,en,"{'neg': 0.069, 'neu': 0.634, 'pos': 0.297, 'compound': 0.933}",0.933,0.297,0.069,0.634,positive
886,2018-05-21 03:34:44+00:00,4,This is a neighborhood gem. The food is consistently delicious and fresh. There are many options for people with all different dietary restrictions. The atmosphere is vibrant and also cozy. The staff is welcoming and warm. Can't recommend it enough!,False,0,0,0,Samantha B.,en,"{'neg': 0.036, 'neu': 0.54, 'pos': 0.425, 'compound': 0.9778}",0.9778,0.425,0.036,0.54,positive
885,2018-05-23 19:25:14+00:00,5,"Incredible food... if you can get in. Apparently my friend waltzed in at noon on a Saturday and was seated immediately. However, on a rainy Wednesday at 6pm, I waited 90 min. Granted there was some mix-up with a large graduation party, but still! Was it worth it? I'd say so, with the help of a few comped negronis (thanks to the same french-speaking friend). 

Once seated, the magic began. A beautiful plate of shaved white asparagus and parmesan (5/5), laced with sweet syrupy balsamic vinegar, rustic and simple and perfect. Then our 'nudja arancini (5/5) the size of kiwis arrived, perfectly fried, and gooey savory/funky in the center. You MUST order pasta - both the cacio e pepe (5/5) and the pappardelle (5/5) were the best that they could be. They appear in deceptively smallish-looking dishes, but they are deep bowls and that is a very good thing. They're some of the best bowls of pasta I've had. We ordered Orata alla griglia (4/5) as a lighter option. It was not as flaky as it could be, but fit the bill. A side of vignarola with fresh spring fava, peas, and artichokes (4/5) was a hearty seasonal vegetable dish, but I wish it had more brightness, perhaps more herbs/lemon? 

We finished with a traditional tiramisu (5/5), just boozy enough and nicely balanced so you don't leave feeling like you just split 7 things between 3 people. The negronis probably helped too (there are so many varieties, I loved the one with prosecco).

Service is efficient and quick, while managing to pace your meal nicely and never rushing. At Via Carota, you will be taken care of. 

Next time, I will be sure to order calamari with my first drink at the bar, it looked amazing. With a little luck maybe I'll even be able to get seated within 30 min. Even so, I quickly forgot any annoyances after the amazing food and warm service.",False,2,2,3,Lillian Y.,en,"{'neg': 0.023, 'neu': 0.694, 'pos': 0.283, 'compound': 0.9988}",0.9988,0.283,0.023,0.694,positive
884,2018-05-24 02:04:58+00:00,5,Excellent service with friendly warm servers. Ordered fritto misto for an appetizer which was perfectly fried and served with lemon aoli sauce. The cacio e pepe pasta was perfectly proportioned and the noodles al dente. I wish there was room for dessert !,False,3,1,1,Erika A.,en,"{'neg': 0.0, 'neu': 0.618, 'pos': 0.382, 'compound': 0.9682}",0.9682,0.382,0.0,0.618,positive
883,2018-06-10 22:29:50+00:00,5,"Exquisite food, incredible ambiance!
My Opinion? WORTH A VISIT! 

Via Carota offers a fresh, colorful, and wide-ranging menu in a modern take on a street-side Italian cafe. I very strongly recommend the dish ""Carote,"" cooked carrots in spiced yogurt and pistachios. The grilled octopus dish is also delicious, and is a great to share as an appetizer. Via Carote's dishes' ooze creativity and nuance. The restaurant's bar selection is very solid as well, with a variety of house cocktails and interesting brews on tap. 

In attesting to Via Carote's incredible dishes and fresh design, take a look at the pictures I attached to the review. 

A few side notes:
- No reservations, so arrive early and grab a drink before dinner
- Seating curbside is recommended, but is limited. Each table only fits two 
-A private farmhouse-styled room inside is great for large groups, but can't be reserved in advance. Arrive early to claim it!",False,1,0,0,Jordan B.,en,"{'neg': 0.024, 'neu': 0.76, 'pos': 0.216, 'compound': 0.9788}",0.9788,0.216,0.024,0.76,positive
882,2018-06-22 18:34:05+00:00,4,"Stopped in the restaurant to purchase a gift card for a Birthday. It has been some time since I dined here and almost forgot how cute it is. First of all, I love anything W Village, and this spot epitomizes exactly why. The space is romantic, yet relaxed and full of character. 
The staff is extremely friendly, offering me water as I wait for my gift card and providing a full dining experience..This is a spot I'd recommend to grab a wine with a friend, dine with a date, or share with our-of-towners. Especially in the warmer months, they have a great outdoor dining space as well. 
The food is flavorful and delicious. 
The bar is plentiful. 
Overall a great selection.",False,1,0,0,Melissa T.,en,"{'neg': 0.035, 'neu': 0.587, 'pos': 0.378, 'compound': 0.995}",0.995,0.378,0.035,0.587,positive
881,2018-06-23 02:06:15+00:00,5,"Great find, sat at the bar, great ambiance. Split the favs salad and cachi and pepi which was great....as good as I've had in Roma",False,1,0,0,Krista B.,en,"{'neg': 0.0, 'neu': 0.665, 'pos': 0.335, 'compound': 0.9022}",0.9022,0.335,0.0,0.665,positive
880,2018-06-24 19:37:33+00:00,5,"What a great meal - weeks later and I'm still thinking about my dinner. I don't like escarole but when you're in the capable hands of Via Carota, that doesn't matter. The Escarole and Fava Bean Salad was highly recommended by my waiter and he was oh so right. Then on to the Bucatini Cacio e Pepe. A tap on my shoulder from my neighbor asking, ""oooooh, what's that?"" And I was practically bouncing in my chair when I answered. Wow!",False,1,0,0,Leigh W.,en,"{'neg': 0.031, 'neu': 0.802, 'pos': 0.166, 'compound': 0.9248}",0.9248,0.166,0.031,0.802,positive
879,2018-07-01 04:08:53+00:00,5,"One of the best/authentic Italian food restaurant in nyc. Usually very busy and sometimes had to wait in line for 1 - 2 hours. But this time we went, we got lucky - no waiting time. 

Our orders: 
1. Trippa alla Fiorentina - braised tripes with tomatoes and pecorino: this dish is AWESOME! If you don't mind trying Tripes, this is sth you must try. This is exactly what I had in Italy! Very good and authentic! The tripes is chewy and pairs well with the tomato paste. I usually like tripes in Chinese dishes, and never though Italian has such an amazing tripes dish.  It also has onions and cheese in it. Highly recommend. 
2. Vignarola - veggies: peas, fava, artichokes, pancetta, mint and basil. If you are tired of eating salad but still want some veggies, try this one. Mint and basil definitely made the dish shine and fresh. 
3. Pappardelle - ragu. Cheesy but not heavy! It's incredible pappardelle cooked perfectly and seasoned perfectly. It also has some small chopped meatballs. Highly recommend. 
4. Via Carota Svizzerina - hand chopped grass fed steak. To be honest, it's a little bit salty on the seasoning side. However, it cooked perfectly as medium rare. And it's what we asked for. The steak is so soft and juicy. I cannot ask for more! 

Drinks - Manhattan on the rock and Negroni classic
As a girl, I think Negroni tasted better. 

This is a restaurant (pretty much) only New York locals would know about. But it's still sometimes get crowded. If you don't wanna wait in line, better to make a reservation or come for a dinner before 6ish.",False,0,0,1,Chen J.,en,"{'neg': 0.096, 'neu': 0.66, 'pos': 0.243, 'compound': 0.9953}",0.9953,0.243,0.096,0.66,positive
878,2018-07-05 19:21:19+00:00,4,"I had the pleasure of dining here right after Memorial Day, and luckily was able to splurge on many of the menu items here! Before I kick it off with the food, let me note that they do not take reservations (ugh) and their waiting here is quite cramped and busy, at least at the time we arrived (12:30ish on a Thursday). I highly suggest to order a few dishes and share with the table, much more fun!

APPETIZERS

burrata di puglia, wilted greens & fettunta
Delicious! The burrata was very soft and fresh. 

'nduja arancini, rice & spicy pork fritters
Great texture but almost NO pork to be found. I would skip this

I also had a calamari dish and an asparagus dish, both very good. The calamari had such a light batter, nice crunch and flavor.

MAIN

risotto, meyer lemons & olive oil
Super lemon-y yet fresh. I would get this to share. It is a bit plain, so if you want something more flavorful and fun, I would skip. 

pappardelle, wild boar ragu 
Good, but nothing to write home about. 

We also had a pasta dish with prosciutto that was EXCELLENT.

DRINKS

Negroni
Fresh and well made. Highly recommend.

DESSERT

There is no menu online, so I apologize I have to go off my memory. I had a delightful hazelnut and ice cream dish that tasted like ferrero rocher but way better. It has very chocolatey and may be too much for some people. Share!

OVERALL

This place is cute for lunch or dinner. The service is lovely and the food is good, BUT note that not all dishes are created equal. Try new and more exciting dishes. Save the usual orders for somewhere else. Overall 3.75/5.",False,2,0,0,Fareeda A.,en,"{'neg': 0.032, 'neu': 0.641, 'pos': 0.326, 'compound': 0.9989}",0.9989,0.326,0.032,0.641,positive
877,2018-07-08 23:40:09+00:00,1,"Woman coming to eat lunch alone not welcome. 
Table free inside and outside, and I was offered the bar to eat my lunch. Why? Politely said no, because it made me uncomfortable. Three people sitting at the end of the bar seemed to be drinking only. So why should I eat at the bar when there are tables free?! Tables. Plural. I didn't say it, but it was obvious what was happening. The woman just walked off. A waiter wiped down the table between the bar and door and gave me a crumpled sheet of paper. That was the menu. I looked around and felt like I was at the unwelcome guest table. When there were two other tables and they don't do reservations - those two weren't blocked off. It was just humiliating.
Basically, you're not welcome as a young, lone woman at this restaurant. I was dressed as well or better than many of the other patrons and I was very polite. They just don't want you here, ladies. It doesn't matter about your education, your grooming, your manners, etc. You may have intended to spend more than the patrons at the bar. And maybe your bill would have come to more than the group or pair who got seated ALTOGETHER. It doesn't matter, because you are not welcome here. Don't degrade yourself by giving them your custom when you're met with this behaviour. Just don't go at all.",False,1,0,0,Naoimb S.,en,"{'neg': 0.111, 'neu': 0.794, 'pos': 0.095, 'compound': 0.6105}",0.6105,0.095,0.111,0.794,positive
876,2018-07-10 04:34:38+00:00,4,"This place is almost always busy... but they don't take reservation, first come first serve.
Get the pastas - every one is great.
Tried also the octopus and meatball, and they're ok (ps the meatball goes well with plain pasta!!)
But the pastas are what you will remember",False,0,0,0,James P.,en,"{'neg': 0.117, 'neu': 0.735, 'pos': 0.148, 'compound': 0.2225}",0.2225,0.148,0.117,0.735,positive
875,2018-07-10 17:50:40+00:00,4,"Came in for a late lunch on a Monday with two others.  I see a lot of these posts mention how crowded it was... I can say that Monday at 4pm is a safe bet!  Plenty of tables at an off-peak time!  Service was very friendly and attentive.  Our group went with Meyer Lemon risotto (yummy), Wild Boar ragu pappardelle (yummy), and Stracci with pesto (VERY yummy).  But the star of my lunch was the side of succotash.  It was so farm fresh and had a touch of red pepper flake heat.  I would go back just for another taste of it!  Server told us that this had just been added to the menu recently and I hope it sticks around for a while!  There is a super cute private dining room adjacent to the main dining room too that would serve excellently for a private party.  Cocktails are very Negroni-centric, if you are into gin!  Very clean, comfortable restrooms.  Great restaurant, looking forward to our next visit.",False,0,0,0,Dane K.,en,"{'neg': 0.0, 'neu': 0.722, 'pos': 0.278, 'compound': 0.996}",0.996,0.278,0.0,0.722,positive
874,2018-07-14 14:39:32+00:00,5,"Excellent food , I wish the carrots were warm though ... still , the salads are amazing! The service was on point ! We were greeted promptly and served a drink while we waited.... having easy access to the bottles for your hostess.... genius!",False,0,0,1,Nancy S.,en,"{'neg': 0.0, 'neu': 0.647, 'pos': 0.353, 'compound': 0.9515}",0.9515,0.353,0.0,0.647,positive
873,2018-07-14 23:28:39+00:00,1,"Terrible, terrible, terrible. I had high expectations, and when the greeter was rude, I thought,  ""oh well...i can deal with it.""  Then, the table service was bad.  And to top it off, the food was way too salty.  Yuck all around.",False,4,1,0,Ella H.,en,"{'neg': 0.428, 'neu': 0.541, 'pos': 0.03, 'compound': -0.9788}",-0.9788,0.03,0.428,0.541,negative
872,2018-07-16 17:39:46+00:00,5,"Hands down best restaurant in the West Village. Honestly, GOOD LUCK getting a table (LOL) the wait is LONG but worth it. 

Pro tip: put your name down and whatever the # of minutes they tell you the wait will be, expect it to be about 3/4 of that time. Often people will walk away and go somewhere else and since there is no text/email notification system it works out if you stay close by. 

The cacio e pepe is the best in NYC in my opinion and the ravioli melts in your mouth. Grilled artichoke is a good dish but way too pricey for what it actually is (small portion of simple grilled artichoke). Stick with the veggies and pasta and you will not be disappointed!!",False,0,0,0,Brooke E.,en,"{'neg': 0.119, 'neu': 0.706, 'pos': 0.175, 'compound': 0.8334}",0.8334,0.175,0.119,0.706,positive
871,2018-07-16 21:49:08+00:00,5,"Love this restaurant!!  New to the area, already have taken friends and family, approx 8 Times, and they're all hooked!!",False,0,0,0,Maria F.,en,"{'neg': 0.0, 'neu': 0.668, 'pos': 0.332, 'compound': 0.858}",0.858,0.332,0.0,0.668,positive
870,2018-07-16 22:17:40+00:00,4,"We had a nice casual lunch. Place was pretty packed for a Friday.

Nice space. ""Cozy"". Very good service.

We had one cocktail ($15) and glass of wine ($15). Appetizers were burrata (swell) and salame plate (a bit on the small side).

Entrees were pappardelle and risotto. Both quite tasty. Looked like small servings but quite filling.

Remember to ask for bread.


Damages for 2 with tip was $140.",True,1,0,0,Joseph S.,en,"{'neg': 0.111, 'neu': 0.702, 'pos': 0.187, 'compound': 0.4722}",0.4722,0.187,0.111,0.702,positive
869,2018-07-22 02:07:06+00:00,5,"Amazing restaurant, wonderful vegetarian options!  The octopus, tripe and carrots are all standouts. Lovely service as well, but need to make sure to arrive early and put down name as early as possible as the restaurant is really popular but doesn't take reservations.",False,0,0,0,Catherine C.,en,"{'neg': 0.0, 'neu': 0.697, 'pos': 0.303, 'compound': 0.9335}",0.9335,0.303,0.0,0.697,positive
868,2018-07-22 20:19:19+00:00,5,"Came in on a Saturday night and seeing as they do not take reservations, we had to wait a while and ended up grabbing two seats at the bar. The food was delicious. My friend and I split the pea and prosciutto salad (heavenly, perfectly tossed salad, exceeded expectations) and the pappardelle with boar ragu. The food and atmosphere were wonderful.",False,0,0,0,Addy F.,en,"{'neg': 0.046, 'neu': 0.711, 'pos': 0.243, 'compound': 0.9493}",0.9493,0.243,0.046,0.711,positive
867,2018-07-25 19:59:47+00:00,4,"My friend and I came for dinner at 6:30 on a Friday and waited around 15 minutes for a table. The food is comforting and delicious - I loved almost every dish of this meal and would definitely come back! I'm not a huge olive fan, but we were given three olives in a little dish as a free starter, and they were so wonderfully salty and oily that I actually loved and ate them all. For our meal, my friend and I split a bunch of small plates and each ordered a pasta. The 'nduja arancini were HUGE, cheesy, funky and delicious. I could've eaten the whole plate. We had a special flatbread with fresh mozzarella and tomatoes (which I thought sounded basic, but my friend wanted) that was so good that I was glad we ordered it, as it was definitely elevated for such a simple meal. The octopus was tender and well seasoned; and the olive pesto it's served with was good, but I wish the dish had been served with some other sauce. The paparadelle with wild boar ragu was also great, meaty and with lots of cheese topping the fresh pasta. The one thing I was a little underwhelmed by was the svizzerina - the chopped steak. It was rare (not my style), but still delicious, salty, and a little buttery. I think if it were cooked medium, I would've enjoyed it more; it's' definitely just like a bunless high end burger but we had to try it. Regardless, can't wait to return and try more of the menu!",False,0,0,0,Stephanie H.,en,"{'neg': 0.087, 'neu': 0.561, 'pos': 0.352, 'compound': 0.9987}",0.9987,0.352,0.087,0.561,positive
866,2018-07-26 00:54:25+00:00,1,Agree with the other reviews with regards to the food but the service level was horrific. We were told one hour but ended up waiting 2 1/2 hours for a seat. I totally understand it's just an estimate but that is an absurd difference. To add insult to injury the hostess clearly sat regulars who had not put their name in ahead of us. Just disappointing to receive such treatment that ruined the night before we could even eat.,False,3,1,0,Ben S.,en,"{'neg': 0.255, 'neu': 0.692, 'pos': 0.053, 'compound': -0.9753}",-0.9753,0.053,0.255,0.692,negative
865,2018-07-26 15:52:16+00:00,5,"Literally one of the best Italian restaurants I have ever been to.  It's hard to get a seat and you will likely have to wait but it is well worth the wait.  Also there are places around the restaurant where you can pop in and have a drink if the wait is long.  As for food, the tortelli and cacio e pepe were out of this world and an absolute must try.  The salad had a simple dressing that was unreal.  It also boasts a lengthy wine list for whatever you feel like drinking so we went full Italian and ordered a bottle of Chianti to have with our pasta. The quality and detail in the food were unbeatable so you really cant go wrong with anything off this menu.",False,0,0,0,Chelsea E.,en,"{'neg': 0.133, 'neu': 0.768, 'pos': 0.099, 'compound': -0.792}",-0.792,0.099,0.133,0.768,negative
864,2018-07-30 19:49:42+00:00,3,"Stopped by for dinner on a Sunday night and was sat at a communal table where we ended up sitting right next to another party. Overall, the environment inside the restaurant is a little rustic and cozy, I did like the decor. 

Between the three of us, we had their old fashioned, pilsner, and a glass of their red wine. We also shared the burrata to start, which was very good and fresh.

I had the meyer lemon risotto and found midway through that I was getting a bit tired of the strong lemon flavor. Did not finish my plate. My friends also got the cacio e pepe, which we found to be a bit too salty and pepper-y. The tortelli with the smoked ricotta was the best out of our dishes, had a good depth of flavor, but the portion was a bit small (to be expected for a tortelli dish).

The bill came out to almost $150 between three of us, which seemed a bit high for having one drink each, 1 shared starter, and a small pasta dish each - considering it was not a phenomenal pasta dish. Not sure if I would rush to come back here, but I'm sure there are a lot of other options that could have been better.",False,5,4,1,Alice K.,en,"{'neg': 0.1, 'neu': 0.768, 'pos': 0.132, 'compound': 0.3528}",0.3528,0.132,0.1,0.768,positive
863,2018-08-01 19:00:43+00:00,5,"This is my second review for this restaurant as I cannot rave about it enough. I almost don't want to because the spot is already too busy to begin with! Rita Sodi is a culinary genius the way she has crafted this restaurant from the menu prices, to the simplicity yet elegant plates of food to the authenticity of the overall establishment. There is nowhere else I will wait an hour (no reservations) in the city for a meal. 

The food is exactly what you would get straight out of Tuscany and Florence. Simple pleasures of high quality olive oil and ingredients truly elevate the dishes here. I always skip over meats and cheese bc you really can get those anywhere in the city at great quality so don't waste your plates there. The grilled artichokes and arancini are a must to start followed by any plate of pasta. Do get there early to put your name down and have a great drink at the bar!",False,0,0,0,Brittany N.,en,"{'neg': 0.0, 'neu': 0.84, 'pos': 0.16, 'compound': 0.9805}",0.9805,0.16,0.0,0.84,positive
862,2018-08-03 14:50:08+00:00,5,"""Prosciutto its a kind of tomato right? I'll get that 24 dollar aged tomato on a cantaloupe so good!""
SpiderWoman, saving the world !",False,0,0,0,Spirer W.,en,"{'neg': 0.0, 'neu': 1.0, 'pos': 0.0, 'compound': 0.0}",0.0,0.0,0.0,1.0,neutral
861,2018-08-03 21:22:06+00:00,4,"I love Via Carota and been numerous times over the past couple of years.  I especially love the wild boar papardelle however the last two times I've been I don't think it was as mind blowing as the first time.  This last time a couple days ago, it lacked salt..... which is a big deal as salt is what brings the flavor altogether.  Had to drown it in parmesan to make up for it.  The flavors were there and the texture but the lack of slat made it bland.  Please fix this as its the stand out dish.  What made up for it was the mazing peach dessert.  I think its poached and then grilled and served with maybe a mascarpone cream?? Best peaches of my life, so amazing we ordered a second plate straight after.",False,0,0,0,Mary I.,en,"{'neg': 0.093, 'neu': 0.757, 'pos': 0.15, 'compound': 0.8738}",0.8738,0.15,0.093,0.757,positive
860,2018-08-09 15:53:36+00:00,2,"Overrated. I had high hopes for this place. Service was very good but not particularly warm. Fried zucchini blossoms were tasty but oily. Liver pate was s bit heavy handed but good(not great). Tripe and its sauce were tasty but it was s bit mushy. Should be a bit firmer without being rubbery. Pastas were made well. Pretty thin and light but not the best I've ever had. Clearly hand made though. The pesto was good but the pasta was swimming in sauce. Not necessary. The wild boar ragu was average, not stellar. The panna cotta was above average but had a ton of very grassy olive oil and salt on top of the apricot compote that was on top of the dessert. I'm a fan of some sweet/savory mixtures but it was not good. It was better when i took 80% of the oil off. Not subtle or refined at all. I'm of Italian descent and lived in Italy for a decade. I'm not a food snob but I tend to know when things are authentic. Via Carota unfortunately gets as many things wrong as it does right. So much potential but ultimately a thumbs down. Would not return or recommend.",False,6,0,0,Frank S.,en,"{'neg': 0.104, 'neu': 0.647, 'pos': 0.249, 'compound': 0.9915}",0.9915,0.249,0.104,0.647,positive
859,2018-08-15 04:20:05+00:00,5,"Been here a few times! I love the food here. There is always a wait, but it is worth it. I really like the ambience, and the service here.",False,0,0,2,Snowdrops C.,en,"{'neg': 0.068, 'neu': 0.654, 'pos': 0.278, 'compound': 0.7738}",0.7738,0.278,0.068,0.654,positive
858,2018-08-18 22:55:43+00:00,5,"Wow.  Everything was better than expected.  Don't miss the roasted multi colored carrots with yogurt sauce and pistachio, pesto green beans and mixed salad Verde with the flattened half chicken, buttery and perfectly tender.  Go to this place.",False,0,0,0,Milo M.,en,"{'neg': 0.0, 'neu': 0.655, 'pos': 0.345, 'compound': 0.9541}",0.9541,0.345,0.0,0.655,positive
857,2018-09-01 05:04:03+00:00,5,"Pleasantly surprised with the food quality and service.   Seemingly simple dishes such as burrata with tomatoes, polipo, and grill artichokes, but the flavor was excellent.   The peach desssert was also very nice.",False,0,0,0,Andrew L.,en,"{'neg': 0.0, 'neu': 0.688, 'pos': 0.312, 'compound': 0.9134}",0.9134,0.312,0.0,0.688,positive
856,2018-09-04 23:25:01+00:00,2,"Honestly incredibly disappointed. I'm a regular at many Italian restaurants in the city and came back here to give it a second shot after a initial disappointing visit. After being turned away from I Sodi (amazing) for bringing our child (too small for a high chair), we were early enough to get a seat here (no reservations). 

We felt like being rushed out the door from the start of dinner. Wine was exorbitantly over priced and horribly mediocre. Pappardelle was over cooked and wild boar dry, the heaping mound of broccolinni was generous with zero flavor, and calamari ""special"" was tastier at the boardwalk at seaside heights. Given the wealth of beautiful Italian meals available downtown, I left wanting so much more for $80ish per person. I know Rita Sodi is capable of so much more, what a tremendously expensive and flavorless let down.",False,7,0,1,Justin w.,en,"{'neg': 0.231, 'neu': 0.667, 'pos': 0.103, 'compound': -0.9818}",-0.9818,0.103,0.231,0.667,negative
855,2018-09-07 00:02:42+00:00,5,"All the food was great, real highlight was the service though. Lily, our server, was especially fantastic.",False,0,0,0,Ben S.,en,"{'neg': 0.0, 'neu': 0.574, 'pos': 0.426, 'compound': 0.8858}",0.8858,0.426,0.0,0.574,positive
854,2018-09-07 14:29:30+00:00,5,"This is hands down one of my favorite places to get food! The service is amazing and the food is even better. I think people should beware of the wait time for a table, which may be up to an hour or two on certain nights. My favorite dishes include: grilled artichokes,  truffle appetizer if they have it, and of course the cacio e pepe.",False,0,0,0,Manasa G.,en,"{'neg': 0.046, 'neu': 0.752, 'pos': 0.203, 'compound': 0.8932}",0.8932,0.203,0.046,0.752,positive
853,2018-09-15 17:06:39+00:00,5,omg. those meatballs. with the shaved parmesan. full on erection while i ate them. and the tomato salad. omg!!!!!!!!!!,False,0,0,0,Kelly D.,en,"{'neg': 0.0, 'neu': 1.0, 'pos': 0.0, 'compound': 0.0}",0.0,0.0,0.0,1.0,neutral
852,2018-09-15 23:58:59+00:00,1,"The hostess was horrible at estimated time for dinning. First we agreed to wait 1 hour and 15 minutes. Cake back, exactly when we were told. And were told to wait another 30-40 minutes. Very frustrating. They need a better system. I am nurse and need to work the next morning very early.",False,3,0,0,Rachel B.,en,"{'neg': 0.257, 'neu': 0.667, 'pos': 0.076, 'compound': -0.9324}",-0.9324,0.076,0.257,0.667,negative
851,2018-09-16 19:43:03+00:00,5,This is the best restaurant in nyc. Anything you get on the menu will be very authentic and amazing. The steak special is always f**king amazing and any pasta will bring you to the brink of an orgasm,False,1,1,1,James R.,en,"{'neg': 0.0, 'neu': 0.693, 'pos': 0.307, 'compound': 0.9435}",0.9435,0.307,0.0,0.693,positive
850,2018-09-23 23:02:32+00:00,4,Delicious casual Italian food! We had a great server at the bar! Very crowded during dinner.,False,0,0,0,Chen C.,en,"{'neg': 0.0, 'neu': 0.471, 'pos': 0.529, 'compound': 0.938}",0.938,0.529,0.0,0.471,positive
849,2018-10-01 13:43:41+00:00,5,"Small cozy Italian place in West Village. You need to wait a little bit to be seated, but it's worth it. We had grilled sardines, bucatini and papardelle pastas - everything was delicious! Despite they are busy, service was excellent, the waiter was informative, he gave to taste wine but I even didn't ask, food was delivered quick, our table was kept clean all the time. The chocolate mousse dessert in the end was amazing! Want to be back and try fried zucchini!",False,0,0,0,Oxana O.,en,"{'neg': 0.043, 'neu': 0.654, 'pos': 0.303, 'compound': 0.9864}",0.9864,0.303,0.043,0.654,positive
848,2018-10-18 21:47:27+00:00,5,Amazing Italian place! Been twice and have great pasta both times. Recently I got a special of sheets of pasta with shaved truffle on top - surprisingly light. Burrata was solid as well. Ambiance is great. No reservations so plan to put your name in and grab a drink somewhere.,False,0,0,0,Sam R.,en,"{'neg': 0.036, 'neu': 0.598, 'pos': 0.367, 'compound': 0.9612}",0.9612,0.367,0.036,0.598,positive
847,2018-10-23 17:36:09+00:00,4,Good Italian spot. I enjoyed the food there and we got a variety of small plates to share. My favorites were the chopped steak and Olive Oil Panna Cotta.,False,2,0,1,Jennifer L.,en,"{'neg': 0.108, 'neu': 0.591, 'pos': 0.301, 'compound': 0.7351}",0.7351,0.301,0.108,0.591,positive
846,2018-10-25 14:12:02+00:00,4,"This was one of the best meals I've had in nyc or anywhere for that matter. It hit the spot. If you can get over the long ass wait times, you're good. We probably waited 2 hours on a random Tuesday. Made for some hangry people in our crew...myself included. But, once we sat the waiter was so nice and kept us in check. The wine carafes were good and kept us at bay. The food is fantastic. Highly recommend the octopus. It was the highlight for me. Otherwise, order all the things and crush it.",True,1,1,1,Josh M.,en,"{'neg': 0.08, 'neu': 0.698, 'pos': 0.222, 'compound': 0.9566}",0.9566,0.222,0.08,0.698,positive
845,2018-10-26 06:19:16+00:00,5,Hostess sat our party of 5 on a Saturday night in 20 minutes. You have to know how to weerrrkk it. Food was divine. The cacio e pepe was insanely delicious. I just wish the portion was much larger. Can't wait to dive back in to that dish!,False,0,0,0,Vartan A.,en,"{'neg': 0.0, 'neu': 0.672, 'pos': 0.328, 'compound': 0.9641}",0.9641,0.328,0.0,0.672,positive
844,2018-10-26 16:11:20+00:00,1,"I generally go to this place once every 3 months and usually it's a relatively enjoyable experience. However, this past Wednesday, I experienced something quite troubling. I went in for lunch and the place was more crowded than usual. An employee there asked if they could help me and I asked for a seat for 1 person. At this time, there was a still one seat at the bar. But he told me that I would have to check with someone named Ash about the wait. I remained next to the host counter, waiting for the host. Eventually, someone stops by the host counter (I'm not sure if this was Ash or not), and proceeds to ignore me even though it's obvious I'm trying to ask for a seat. Several seconds later, a white male in a suit walks in and the host immediately asks them how they can help. The man asks for a seat for one. The host immediately walks over to the empty stool at the bar and requests its neighbors to make more room for the new patron. He seats the male. He then returns and eventually asks me what I need. I ask for a seat and he proceeds to look around the bar. He tells me that there is a stool all the way at the corner of the bar with limited counter space (because there is a tall, wired, fruit rack on the counter in front of the seat). He says I can either choose this seat or I would have to wait a long while for a seat. I chose to leave. Needless to say, I won't be returning to this place anymore.",False,4,0,0,Jen A.,en,"{'neg': 0.114, 'neu': 0.86, 'pos': 0.026, 'compound': -0.9769}",-0.9769,0.026,0.114,0.86,negative
843,2018-11-11 00:36:16+00:00,5,"Checked out this place with a friend for an early dinner/ late lunch and was impressed! The restaurant gave off cozy, rustic vibes definitely a good spot to catch up with a few friends or bring a date, not so great for big parties. The wait wasn't too bad since we came in the middle of the day and started off with some cocktails. The one I ordered had a sweet yet minty taste to it and was certainly strong enough that I don't remember the name. We were immediately seated shortly after and ordered a bunch of dishes to share, some of my favorites include the carciofi crudi (raw artichokes), the grilled artichokes and the finocchi! We had two other pasta dishes as well, don't recall the name but the food was on point! We were so full by the end but the moment the waiter described the dessert menu, we were sold on the chocolate-hazelnut mousse. Overall, would definitely recommend! The restaurant had a vast selection of dishes even for a vegetarian like myself and provided great service.",False,2,1,1,Anisha L.,en,"{'neg': 0.052, 'neu': 0.743, 'pos': 0.205, 'compound': 0.9708}",0.9708,0.205,0.052,0.743,positive
842,2018-11-13 15:22:11+00:00,5,"Via Carota has recently received a lot of hype, but I came trying to keep my expectations modest. I was very pleased and enjoyed every part of my meal. Although perhaps not perfect, everything I had was scrumptious. The dishes were unique while still coming across as familiar, unpretentious, and far from over-worked.

Stand-out: cacio e pepe. One of the best iterations I've ever had. The noodles are delightfully irregular with almost ramen-like kinks. It is aggressively peppery, salty, oily, cheesy... in a perfect way. I also loved the charred leeks which were silky like a roasted eggplant and tangy like balsamic, cut by salty nibbles of cheese. The fried rabbit was good but a bit tougher than I'd hoped, but the garlic bread along with it was astounding. This was all accompanied by one of the better wines I've had in a while.

The atmosphere is cozy, convivial. Service was nothing exceptional, but we lingered and never felt rushed. And although more pricy than some places, it's not absurd. The wines are relatively moderately priced, and the vegetable dishes are more robust than you may expect from a small plate.

Overall: go! It won't be flawless, but it will be a very memorable, very delicious meal. One note: if you opt for an early dinner, you can avoid the wait. By 6pm, there was already a line.",False,2,0,1,Tom F.,en,"{'neg': 0.166, 'neu': 0.571, 'pos': 0.263, 'compound': 0.9876}",0.9876,0.263,0.166,0.571,positive
841,2018-11-15 21:54:54+00:00,5,"This is now one of my favorite restaurants in NYC! A friend told me about Via Carota and it was the best recommendation. Definitely worth the wait, which can be anywhere from 30 min to 3 hours from what we were hearing the hostess say when we visited on a Sunday night. I would definitely recommend putting your name in then walking around the neighborhood or grabbing a drink nearby while you wait.

It's very bustling and cozy inside, and the food is amazing! We had the tonnarelli cacio pepe and tortelli smoked ricotta - both were some of the best pasta I have ever had!",False,0,0,0,Brigette B.,en,"{'neg': 0.053, 'neu': 0.684, 'pos': 0.262, 'compound': 0.9789}",0.9789,0.262,0.053,0.684,positive
840,2018-11-25 03:01:21+00:00,5,"Easily the best meal that we had over the Thanksgiving holiday weekend in NYC. We started with the insalata verde and the radicchio treviso. For our entrees, we shared the tagliatelle and the svizzerina. Dessert and coffee were delicious. Service was spot on. The food was out of this world. And lovely ambience. A wonderfully courteous and accommodating host. This is a place that I want to visit every day.",True,1,1,0,Jack H.,en,"{'neg': 0.0, 'neu': 0.642, 'pos': 0.358, 'compound': 0.9865}",0.9865,0.358,0.0,0.642,positive
839,2018-11-26 02:36:57+00:00,5,It's my favorite restaurant in nyc for an all around non pretentious great meal with great service,False,0,0,0,Avi D.,en,"{'neg': 0.171, 'neu': 0.445, 'pos': 0.384, 'compound': 0.7351}",0.7351,0.384,0.171,0.445,positive
838,2018-11-29 03:44:21+00:00,3,"I don't understand the hype. The food is definitely good but they treat people as if they're just a number. The hostess was so rude, I've never been treated like that anywhere. We waited for 2 hours and it was not worth it.",False,0,1,0,Maria C.,en,"{'neg': 0.272, 'neu': 0.575, 'pos': 0.153, 'compound': -0.8954}",-0.8954,0.153,0.272,0.575,negative
837,2018-12-01 17:17:56+00:00,5,Via Carota is the standard against which other New York restaurants should be measured.,False,0,0,0,Alec N.,en,"{'neg': 0.0, 'neu': 1.0, 'pos': 0.0, 'compound': 0.0}",0.0,0.0,0.0,1.0,neutral
836,2018-12-04 23:05:22+00:00,5,"Superb. Truly. And I hate to say so..... because this absolute gem will only be overrun by all you other YELPers!

Drinks are fabulous. Food is outstanding. (The fried olives!!!) Service is also always attentive and warm.

Obviously it's annoying that they don't take reservations and the place is a total zoo. But c'est la  vie.",False,0,0,0,Anthony L.,en,"{'neg': 0.081, 'neu': 0.697, 'pos': 0.222, 'compound': 0.8057}",0.8057,0.222,0.081,0.697,positive
835,2018-12-08 02:41:48+00:00,3,"Friendly service and great olives, but the rest of the food was just ok. Nothing was especially memorable.",False,0,0,0,Diane Z.,en,"{'neg': 0.259, 'neu': 0.555, 'pos': 0.187, 'compound': -0.6059}",-0.6059,0.187,0.259,0.555,negative
834,2018-12-22 23:00:04+00:00,5,"Lets the pictures tell you how good the food were. My first time here and I already love them since I walked in, and we were told an hour to wait for a table. We didn't hesitant to wait and they offered to get some drink before table ready. We ordered 2 Martinezes and I love how they served while we were standing and waiting for the table.",False,0,0,0,Proud S. K.,en,"{'neg': 0.087, 'neu': 0.715, 'pos': 0.198, 'compound': 0.829}",0.829,0.198,0.087,0.715,positive
833,2018-12-23 22:32:30+00:00,5,Probably the best piniocacota in town. The service was great! Such a pleasant experience.,False,0,0,0,Saba R.,en,"{'neg': 0.0, 'neu': 0.443, 'pos': 0.557, 'compound': 0.9273}",0.9273,0.557,0.0,0.443,positive
832,2018-12-27 17:15:03+00:00,4,"Yesterday, we came at 5pm (after the worthwhile Any Warhol show at the Whitney), expecting to be seated immediately.  I guess I didn't factor in the amount of tourists in town, and the number of locals who were off from work.  We could have had two bar seats ( no support for the back), and decided to wait for a table.  At 5:20, they combined two tables that were for two people, and we were offered seating at the communal table, not in the main room.  I kind of felt like being seated at the kids table.  Please note that I'm giving this 4 stars, and would give it 4.5 stars for the food- if I could.  The verde menu is really fantastic- reminds me of Lupa, but better.  We shared the fish for two,baked in salt to keep in moist, filleted.  it was wonderful.  So people need to decide if they can tolerate the wait.  I think we would return, at 5pm or so, not during a holiday period.  But maybe, I should just book a reservation at I Sodi.  I'm a foodie, so I will probably come back again.",False,0,0,0,Warren N.,en,"{'neg': 0.059, 'neu': 0.819, 'pos': 0.122, 'compound': 0.8613}",0.8613,0.122,0.059,0.819,positive
831,2018-12-28 14:03:15+00:00,3,"Highly overpriced.
Food was tasty, but portions were small for the price and in some cases laking a good presentation. For example, the risotto, even though it was delicious, was served on a medium flat plate, seemed like overflowing and just not pretty.
BUT, my main complaint is for the ""steak"" (chopped they call it?) is just a big burger!! Good quality meat but really? Charging that much for burger and two garlic cloves on top should be criminal...
Not to mention we waited more than two hour for a table... DON'T believe the hype",False,0,0,0,Aleja B.,en,"{'neg': 0.124, 'neu': 0.653, 'pos': 0.223, 'compound': 0.9349}",0.9349,0.223,0.124,0.653,positive
830,2018-12-29 19:33:43+00:00,5,Everything was perfect. Great service! Our waitress was amazing. She was very patient with us and explained the dishes perfectly. The food excellent. Portion sizes were just right and the desserts rocked. The ambiance of the restaurant is very nice as well.,False,0,0,0,Bruce M.,en,"{'neg': 0.0, 'neu': 0.581, 'pos': 0.419, 'compound': 0.9782}",0.9782,0.419,0.0,0.581,positive
829,2019-01-01 17:29:30+00:00,5,Amazing food. This is my go to italian from now on. The tribe was delicious but showstopper is the caccio pepe. Amazing pasta,False,0,0,1,Engin Dani G.,en,"{'neg': 0.0, 'neu': 0.633, 'pos': 0.367, 'compound': 0.9118}",0.9118,0.367,0.0,0.633,positive
828,2019-01-02 18:44:13+00:00,5,"Loved it here. Worth the wait- put your name in two hours early and go for a drink somewhere close. We loved our server.

We all shared everything- cacio e pepe (SO GOOD), truffle pasta special (my fave), wild boar ragout (yup, yup, so good).",False,0,0,0,Azile Y.,en,"{'neg': 0.062, 'neu': 0.67, 'pos': 0.268, 'compound': 0.886}",0.886,0.268,0.062,0.67,positive
827,2019-01-03 19:53:23+00:00,1,Went there last week and had to wait over an hour. I don't mind waiting for a good restaurant. The staff was very snobby. First of all they act like they are doing you a favor by putting you on the wait list. No place to stand while waiting and they won't let you go to their bar. They use bar as part as seating in restaurant. We finally sit down to eat and the waiter mumbles the specials. We asked them for some guidance with the menu. He responded everything is good in a snooty way. The food cones and there is hair in the meatballs and the meatballs were average at best. We tell the waiter about the hair and he claims it not a hair and takes the meatballs off the bill. Needles to say I won't go back. So overrated!,False,1,0,1,Taylor N.,en,"{'neg': 0.221, 'neu': 0.694, 'pos': 0.085, 'compound': -0.9824}",-0.9824,0.085,0.221,0.694,negative
826,2019-01-04 19:20:04+00:00,4,"Via Carota is a great place to grab drinks on a date, maybe grab some snacks. Definitely a higher price point but well worth it if you enjoy really good wine/cocktails and food. We put our name down and waited about an hour or so to be seated, some people were being told that there was a 2 hour wait so I'm glad we got there when we did. 

I found it best to just put our name in and walk around the corner to Toby's for coffee and chill out. 

We sat at the bar, staff was pleasant, my bartender definitely forgot to put our food order in because people who sat after us were getting their food before us but it's all good we weren't in a rush. I'll be back.",False,0,0,0,R F.,en,"{'neg': 0.029, 'neu': 0.712, 'pos': 0.259, 'compound': 0.9898}",0.9898,0.259,0.029,0.712,positive
825,2019-01-06 03:24:08+00:00,4,"Got seated very quickly for a 5-party table by sheer luck. Otherwise was told that we had to wait over 2hrs. 

Appetizers are very good and filling, but little pricey. 

Everyone ordered some form of pasta. While they were decent, didn't think that great. Little too creamy or cheesy for my liking 

Good spot for a date",False,0,0,0,Luke L.,en,"{'neg': 0.164, 'neu': 0.674, 'pos': 0.161, 'compound': -0.2971}",-0.2971,0.161,0.164,0.674,negative
824,2019-01-07 03:22:45+00:00,5,"One of my favorite Italians in the city.
Additionally, the chef deserves an honorable mention for their self respect: no ""Truffle"" oil in the menu.",False,0,1,0,Dick V.,en,"{'neg': 0.067, 'neu': 0.64, 'pos': 0.293, 'compound': 0.8126}",0.8126,0.293,0.067,0.64,positive
823,2019-01-08 01:26:40+00:00,5,"The saying ""if you got it, flaunt it"" doesn't even begin to cover this restaurant. Via Carota is one of my absolute top favorites in the city for unlimited reasons. I love every little thing about this place from the no-straw policy in their delicious house-made ginger soda to the small horse-head coat racks in their restrooms. 

My foodie-boyfriend and I came here after a roommate showed me a instavid posted by a blogger of VC's pasta. We have tried to venture here at least once a week since then. Social media is tricky because people often confuse what's trendy with what actually makes a great restaurant, but VC is able to combine both. I have always been thoroughly impressed not only with the food but with the demand of the armies they have waiting at the door most, if not all, nights.

Speaking of the wait, they don't take reservations, and they don't need to, which makes me want them even more -- however that does make it harder to celebrate special occasions with larger parties of people. Those that do agree to wait have their names written in chalk on the wall podiums, which is the only thing I find questionable about this entire place (so daring! so edgy!). Still, every time I've waited they've been near perfect with estimations. Either go late at night or be prepared to wait several hours between roughly 5-11pm. Go get drinks somewhere else in the meanwhile. 

I won't go into specific dishes because their menu changes often (a very good sign of a fresh-eyed chef) but some that I get each time are the Cacio e Pepe (best in the city), the burrata, truffle bruschetta when they have it - and the smoked ricotta. My boyfriend and I literally close our eyes and stfu every time from the first bites to the check. The vegetable plates in the middle of their menu are also delicious and so super filling, as well as their fish dishes for their mains. 

Though this review is lengthy I think Via Carota deserves ALL the praise- phenomenal ambiance and staff. They may have a lot of tourists, but this is one of the most (and best) New York restaurants in the city.",False,3,0,2,Piper P.,en,"{'neg': 0.059, 'neu': 0.772, 'pos': 0.169, 'compound': 0.9944}",0.9944,0.169,0.059,0.772,positive
822,2019-01-13 04:43:23+00:00,5,The food is some of the best Italian in the city. The cacio e pepe is my favorite. Except for the lack of reservations and the consistent wait I love it here,False,1,0,0,Marisa S.,en,"{'neg': 0.135, 'neu': 0.594, 'pos': 0.271, 'compound': 0.7717}",0.7717,0.271,0.135,0.594,positive
821,2019-01-13 17:19:35+00:00,3,"I have been wanting to try this restaurant for a while 
Last night (Saturday January 11) I went at about 4;00.
It was busy as usual 
The very cordial host quickly (at my request )sat me at the bar as I was a party of 1.
Upon sitting at the bus the bartender quickly took my order 
So far so good
I ordered barratta/a pasta entree 
I was 1/2 way through my appetizer and my pasta arrived 
This is annoying when ur paying a premium price 
As I was eating my app/entree at the same time the staff changed.
New people sat next to me
The new bartender did told them about the specials of the evening (something never told to me) and they were offered additional bread (which I was also never offered)
As a person who works in the hospitality industry I must say I was disappointed.",False,0,0,0,Andre M.,en,"{'neg': 0.067, 'neu': 0.887, 'pos': 0.046, 'compound': -0.6404}",-0.6404,0.046,0.067,0.887,negative
820,2019-01-13 18:59:03+00:00,4,"A must try!!
I've been there twice : the first time for drinks and they have grate mixology and a good selection of Italians liquor , digestive ( not that easy to find) ; the second time was for brunch /lunch , we got appetizers ( big green salad with vinaigrette  and burrata with spinach and toasted bread) they were both good  & as main course We got Potatoes tortelli with ragù ( close to my grandma style ) and caccio e Pepe pasta ( delicious ) , Chianti wine and espresso . 
I definitely enjoyed the pasta, go for it! The service was attentive .
P.s. I am Italian .",False,0,0,0,Cris S.,en,"{'neg': 0.022, 'neu': 0.759, 'pos': 0.219, 'compound': 0.9746}",0.9746,0.219,0.022,0.759,positive
819,2019-01-17 23:11:05+00:00,3,"Amazing food, but low rating due wait staff. Ouch! I felt like I was bothering them. That said, the food and drink was fantastic. They don't take reservations so show up early. We had a few pastas, salads, dessert, cocktails and the sodas. We were very satisfied. If they could get their service people on the same page, this would be an extraordinary place!",False,1,0,0,Sehra K.,en,"{'neg': 0.133, 'neu': 0.676, 'pos': 0.191, 'compound': 0.6832}",0.6832,0.191,0.133,0.676,positive
818,2019-01-19 08:37:51+00:00,5,"Overall it was a fantastic Italian meal! Great service, ambience and food quality! 

We had:
- broccolini (simply sautéed with garlic, soft and savory)! 
- octopus. Great chewy texture and roasted taste. 
- cacio pepe (pasta). Super rich and great umami! 
- meatballs! The secret ingredients (raisins and pine nuts) are the culprits for giving it such a divine taste! 
- adffogato for dessert since we are pretty full from the above!  

Love it and would come back anytime!",False,5,1,1,Shaun L.,en,"{'neg': 0.048, 'neu': 0.587, 'pos': 0.365, 'compound': 0.9872}",0.9872,0.365,0.048,0.587,positive
817,2019-01-19 18:50:55+00:00,4,"Via Carota is a cool but cozy Italian restaurant with tons of personality. I never like going to restaurants that have crazy long waits but this one is well worth it. I'd say that pretty much everything we tried was delicious in a soulful Italian sort of way. Homemade pastas, fresh bread, it was a party in my mouth. I only wish the service could have delivered on the level that everything else did. It would have been spectacular. I have to knock off a star for that.",False,13,5,10,Danielle F.,en,"{'neg': 0.106, 'neu': 0.571, 'pos': 0.323, 'compound': 0.9823}",0.9823,0.323,0.106,0.571,positive
816,2019-01-21 17:57:03+00:00,1,"I had one of the worst experiences here that I have ever had in NYC. In this city if you are not good to your customers word will get out so you need to hire a good team who knows how to treat guests. We went for dinner, knowing that the restaurant does not take reservations. But the attitude and nastiness of the hostess and the male server with the short sandy blonde hair were really disgusting. They rudely shuffled people out of the way while waiting for a table, and the server told us to move out of the way so someone could sit at the bar for dinner. He could have at least said it with a smile and an ""excuse me but..."". Really disappointing. Will never go back and will also make sure to warn all business associates not to go there.",False,0,0,0,Maria V.,en,"{'neg': 0.298, 'neu': 0.652, 'pos': 0.049, 'compound': -0.9958}",-0.9958,0.049,0.298,0.652,negative
815,2019-01-21 23:29:59+00:00,5,"Just another rave review of Via Carota here...

Since they don't take reservations the wait was over two hours for a group of 5 however we knew this going in so we checked in then went around the corner to a bar for some pre dinner drinks and chats and came back around the time they told us to and were welcomed back with warm respect. They're method of keeping track of tables is a DIY chalk written pole and wall and somehow they keep track of it all. 

The food was to DIE for. I have severe peanut and treenut allergies and they made me feel safe and were happy to accommodate and I had a delicious tomato and garlic pasta. I can't forget to mention how good the bread is -it's warm and delicious and comes with olive oil splattered across and I asked for a second serving...whoops! 

All in all 5 stars and I will be back without a doubt.",False,0,0,0,MJ M.,en,"{'neg': 0.058, 'neu': 0.741, 'pos': 0.201, 'compound': 0.9782}",0.9782,0.201,0.058,0.741,positive
814,2019-01-23 03:24:36+00:00,3,"I don't get the hype - it seems like everyone in the food critic and restaurant world loves this restaurant but after eating here, I'm not quite sure why. I could see this being a lovely neighborhood restaurant, but when a restaurant has a 1 hour wait on a Sunday evening at 5pm and does not take reservations, I no longer consider it a cozy neighborhood restaurant. Plus the prices are quite high, expect to spend at least $40+ per person without alcohol. 

My chief complaint is that the food was too oily. The insalata verde was beautiful and stacked high with lots of greens, but had too much dressing / oil for my taste. The grilled artichokes were also sitting in a pool of olive oil, and I didn't find them to be anything special (even with the added aioli) - they still tasted just like any old artichoke and unfortunately I dislike the taste of artichoke. The funghi (mushrooms) was definitely the standout dish, mushrooms were delicious and meaty and the smoked cheese reminded me of halloumi and was quite yummy - but again the dish was too oily and I couldn't take more than a bite. The supposed pièce de résistance - the cacio e pepe - was fine but I guess I'm the wrong audience for it as I'm just not a fan of the cheesy / creamy flavor and it didn't seem all that special to me (and generally found it too rich / heavy). 

Honestly my favorite thing this meal was probably the complimentary olives at the beginning. Even the bread came drizzled with a bunch of oil on top.",True,0,0,0,Jenny W.,en,"{'neg': 0.088, 'neu': 0.685, 'pos': 0.227, 'compound': 0.9947}",0.9947,0.227,0.088,0.685,positive
813,2019-01-25 00:48:17+00:00,5,Best Italian in NYC! Bold statement I know! You must try this place ASAP!  Everything is outstanding only thing I didn't love was the long wait :),False,0,0,0,Molly S.,en,"{'neg': 0.265, 'neu': 0.405, 'pos': 0.33, 'compound': 0.4419}",0.4419,0.33,0.265,0.405,positive
812,2019-01-28 12:48:18+00:00,5,"Holy cow!  The veggies, the veggies the veggies.  The other stuff is great too but the veggies rule.  Amazing to vegetarians and non-v's alike",False,0,0,0,Jef B.,en,"{'neg': 0.0, 'neu': 0.732, 'pos': 0.268, 'compound': 0.8419}",0.8419,0.268,0.0,0.732,positive
811,2019-02-01 12:11:27+00:00,4,"I came here not only because this place was featured in The New Yorker, but I also heard amazing reviews about it from others. I heard the wait usually is quite long but when I got there around 10-11PM on a rainy night, there was only a five-minute wait. I ordered the Polpette (Sicilian meatballs with pine nuts and raisins), Caccio e Pepe (pasta), and the Risotto. I loved the meatballs and the pasta was cooked very well. However, I did not like the risotto because it was just too dense for me. I love the atmosphere of the place, and I believe this is a great Italian place for a date. Everyone who worked there was super helpful and knowledgable.",True,3,3,2,Cherry J.,en,"{'neg': 0.154, 'neu': 0.612, 'pos': 0.234, 'compound': 0.9454}",0.9454,0.234,0.154,0.612,positive
810,2019-02-04 01:23:29+00:00,5,"This place is ridiculously good. Been here a few times and it's always a 5 star experience. The green salad is the best salad in New York IMO, as well as some of the best pasta. A mark of a truly exceptional restaurant is when I trust that anything I order on the menu will be tasty and this place delivers just that. The menu and wine list changes regularly and keeps me coming back for more.",False,0,0,0,Liz H.,en,"{'neg': 0.027, 'neu': 0.689, 'pos': 0.284, 'compound': 0.9756}",0.9756,0.284,0.027,0.689,positive
809,2019-02-07 13:00:29+00:00,1,"Apparently they don't take reservations.  My 7+ month pregnant wife showed up at 5:15 to secure a table for my 35th birthday.  My wife claims that there were plenty of open tables at the time.  They denied her and claimed that the tables are already spoken for.  What happened to ""NO RESERVATIONS??""  The hostess proceeded to be rude to my wife and did not even look her in the eyes when answering her questions.  I showed up about 10 mins later and the restaurant still had some open seating...  I will never give a place like this my business... they have no humility and that hostess should be fired.",False,1,0,0,Mike E.,en,"{'neg': 0.167, 'neu': 0.813, 'pos': 0.02, 'compound': -0.9565}",-0.9565,0.02,0.167,0.813,negative
808,2019-02-07 18:54:38+00:00,5,"You miss dining in Tuscany? 
After a few visits to this place, I can safely recommend to visiting friends. I would warn them about what not to order (but since they change their menus, maybe my advice would be outdated by their visit)

Pro:
Friendly, informative, knowledgeable and patient staff
Simple, elegant, rustic and cozy decor
Mostly well prepared dishes  (ie. Excellent boar ragu, tiramisu and olive oil panna cotta)
Excellent wine selection


Con:
-Long wait
-No reservation 
-Some bland dishes and their unjustifiable price (vegetable bagna cauda +pork belly...Perhaps it's simply a matter of preference, but it's not something i would order again)
-I wish they were generous with their wine by glass portion....",False,2,0,0,Fumi S.,en,"{'neg': 0.098, 'neu': 0.66, 'pos': 0.242, 'compound': 0.9489}",0.9489,0.242,0.098,0.66,positive
807,2019-02-08 17:24:16+00:00,2,"This place is interesting, but slipping.  The decor is very nice and the food is above average, albeit a bit on the expensive side too.  The problem is the arrogant, bad attitude from the waitstaff.  They almost roll their eyes when you walk in and barely offer any warmth whatsoever.  This has been the treatment we have received each of the last three times we have been here (we live very close so it's convenient).  If someone would just swap out the majority of the front of house staff, this place would be a gem...but the culture of service there is cold and arrogant.  Too bad.",False,1,0,0,Saul C.,en,"{'neg': 0.322, 'neu': 0.614, 'pos': 0.064, 'compound': -0.993}",-0.993,0.064,0.322,0.614,negative
806,2019-02-09 21:52:51+00:00,4,"Not sure if I agree with the circle jerk around it being the best Italian place in Manhattan, but it was a pretty decent dining experience with above average food.

What people consider ""character"" about this restaurant just feels a bit worn down to me. The ghetto menu with creases and stains, the uncomfortable chair, and the unnecessarily dark ambiance wasn't what I would consider charming.

The food itself was actually well cooked, but nothing that stood out so much as revolutionary enough to call it the best in the city. Meatballs were flavorful and aromatic, and tonnarelli cacio e pepe was wonderfully creamy and delicious. The last dish we order was so unmemorable that I can't even recall what I ate.

Service is pretty good too. I'd probably come back in the future, but no way would I wait an hour or two in the future for this place or go out of my way.",False,3,0,1,Kevin C.,en,"{'neg': 0.184, 'neu': 0.577, 'pos': 0.238, 'compound': 0.9516}",0.9516,0.238,0.184,0.577,positive
805,2019-02-11 18:38:00+00:00,5,"If you go during lunch hours, often there's no wait at all! - Via Carota doesn't take reservations as others have noted. It's a lovely West Village restaurant with a relaxed, slightly rustic but elegant, ambiance, attentive staff, and just a wonderful menu selection with something for all taste preferences. My go-tos are the wild boar ragu or sea bream, and the carrots on the side (or ramps if they're in season!) I definitely suggest Via Carota to anyone that loves good Italian food.",False,1,0,0,Victoria S.,en,"{'neg': 0.035, 'neu': 0.618, 'pos': 0.348, 'compound': 0.9902}",0.9902,0.348,0.035,0.618,positive
804,2019-02-18 01:58:37+00:00,1,"I'd love to share a review of the food at Via Carota but after waiting for over 90 minutes, we left.  I wouldn't have minded the long wait if the staff could have shared an estimate of how long the wait might be. They have a weird system of writing on the walls with chalk to keep track. I kid you not. If you're an odd numbered party be forewarned Via Carota is not your friend. They are aggressive about the bar service while you wait.",False,0,0,0,K K.,en,"{'neg': 0.351, 'neu': 0.561, 'pos': 0.088, 'compound': -0.99}",-0.99,0.088,0.351,0.561,negative
803,2019-02-18 17:52:56+00:00,5,"Ohhhh myyyyyy, what can I say about Via Carota? There's a lot... but I'll keep it brief since I don't want to give away all of its magic ;)

I went here on a work outing and it was probably one of my favorite meals ever. First of all - the heavily vegetable based meal was perfect for me, since I've been trying to eat more plant-based in 2019. If they're serving the cardoons as an appetizer, GET THEM. Their crispy fried goodness was absolutely amazing and I could've eaten them all night long. 

While all of the entrees we ate were good, you MUST get an order of the cacio e pepe. If you don't, you're just not doing Via Carota right. Some of the best cacio e pepe you'll find in NYC. 

Finally, when you're ordering dessert, just order the first thing that strikes you're fancy you won't go wrong. Their chocolate hazelnut cake was divine and so was the olive oil panna cotta. 

Overall such a fresh yet filling meal. Also, Lindsey was the man, he helped us select our entire meal and all of his selections were on point!",False,2,0,0,Jesse N.,en,"{'neg': 0.05, 'neu': 0.732, 'pos': 0.218, 'compound': 0.9921}",0.9921,0.218,0.05,0.732,positive
802,2019-02-24 00:53:58+00:00,1,"Terribly rude hostess (curly haired blonde). We only wanted a drink, and the hostess seemed upset that we were only drinking. Asked us to stand near the bar, but not bother the bartender, and then continued to shuffle us around saying we were in the way.",False,0,0,0,Jordan E.,en,"{'neg': 0.149, 'neu': 0.802, 'pos': 0.05, 'compound': -0.6182}",-0.6182,0.05,0.149,0.802,negative
801,2019-03-03 23:09:22+00:00,5,"Worth the hype.

Get there early - they have a nice little seating area and bar inside for those waiting. The cacio e Pepe was incredible - be sure to get the semifreddo for dessert.

You may also see a celebrity (by the initials of JG) like we did",False,0,0,0,Emily N.,en,"{'neg': 0.0, 'neu': 0.808, 'pos': 0.192, 'compound': 0.8176}",0.8176,0.192,0.0,0.808,positive
800,2019-03-04 02:01:00+00:00,5,They have amazing food. But they don't take reservations. On a rainy Sunday night it was a 2 hour wait and you couldn't  even get the bartender to get you a drink. But we were saved by Patrick! He came forward and welcomed us. Took our drink order and found a small corner bar table for us to wait at. So glad he came to the rescue. The food was delicious.,False,0,0,0,Marci G.,en,"{'neg': 0.161, 'neu': 0.557, 'pos': 0.282, 'compound': 0.9352}",0.9352,0.282,0.161,0.557,positive
799,2019-03-04 02:09:55+00:00,5,"Very hot new restaurant, no reservations and 2 hour wait on rainy night.  Limited space for cocktails while you wait (matre d sends you away to wait somewhere else?). We were about to leave when one of their waiters offered is a menu and took our order for wine.  Worth the wait, everything we had was wonderful and Patrick is worth his weight in gold.  The food was really great, and Patrick made the experience great.  Restaurant come and go.  Those that are hot should be more like Patrick.  He understands how to treat customers.  Owners should be proud of this guy.",False,0,0,0,Sunny D.,en,"{'neg': 0.158, 'neu': 0.648, 'pos': 0.194, 'compound': 0.7703}",0.7703,0.194,0.158,0.648,positive
798,2019-03-04 05:49:00+00:00,4,"Well this place is good but it's not amazing like its reputation (for pasta) that precedes it. 

The atmosphere is cool though. I liked it, the lighting was nice. 

The best thing we had was an appetizer which was a seafood salad (insalata di mare). It was very light and bright and tasted fresh and great.

We ordered 3 pastas as our main meal. The pappardelle (wild boar ragu) was the best one we had and I enjoyed that one very much so. The second pasta we ordered was the cacio e pepe (maybe called tonnareli on the menu) and it was your typical cacio. I am never a huge fan of it since it's always too peppery, but I was told to order it (house specialty) here and I was disappointed - was same old same old cacio. Would not recommend it unless you are the number 1 pepper lover in NYC. The third pasta we had was prosciutto & parmigiano (called the tagliatelle on the menu). This was decent. I enjoyed it enough.

All in all, this place is solid but I don't think it is really much better than other italian places I have tried. Nothing game changing in terms of their pastas. Maybe next time I will order a carne or pesce and see how those are!",True,0,0,1,Franklin M.,en,"{'neg': 0.08, 'neu': 0.684, 'pos': 0.236, 'compound': 0.9925}",0.9925,0.236,0.08,0.684,positive
797,2019-03-07 01:35:51+00:00,3,Usually great! Today not. Service was inattentive and basic. My baccaloa was super bland and barely there. The host was not very friendly either. I have to say all other experiences here have been always top,False,0,0,0,Thomas C.,en,"{'neg': 0.167, 'neu': 0.623, 'pos': 0.21, 'compound': 0.2629}",0.2629,0.21,0.167,0.623,positive
796,2019-03-09 19:56:00+00:00,4,"Their seating system really frustrates me and they don't take reservations. I arrived at 7pm on Saturday and they told me to come back at 11pm which I did. I was shocked to find that it was still packed at 11pm. After midnight we were seated at the BAR for dinner.. By then I was starving. You would imagine what expectations I had. 

- Seafood salad: Super fresh and delicious. The seafood was nice and tender. 

- Funghi: Not my favorite despite being a mushroom lover. It was a bit too heavy with the scamorza cheese. I also found it to be seasoned unevenly... 

- Baccala Fish: Very interesting and quite nice. I've never had mashed salted cod before. It was tasty. The texture had a good balance between creamy fish and crispy polenta. 

- Coniglio fritto (Fried rabbit): WOW!! It was perfectly fried. Crispy on the outside and tender inside. The texture of the rabbit was very much like chicken but slightly more chewy. Get this. 

- Tiramisu and espresso: Great coffee. Not the best tiramisu. It had too much espresso making it runny..

Overall I thought dinner was delicious. Service needs improvement. Our bartender/waiter did poorly in refilling our wine glasses. I don't think I would return due to the ridiculous wait times. It simply wasn't worth it.",False,17,10,11,Melanie R.,en,"{'neg': 0.145, 'neu': 0.64, 'pos': 0.216, 'compound': 0.9541}",0.9541,0.216,0.145,0.64,positive
795,2019-03-15 16:23:12+00:00,4,"This place is very delicious, but extremely hard to get in to. I'll start with the food. We started with grilled artichokes which were delicious and grilled with yummy spices. For our pastas we got the Cacio e Pepe, which is a must and the Tortelli. The Cacio e Pepe was probably the best Cacio e Pepe I have ever had. Extremely creamy and the noodles are soft and twirl. The tortelli was a little dissapointing as it was very oniony, the ricotta inside was really good but overall, I would not order this again. The restaurant is cute and has very nice vibes. The ambiance is great. Tables are tight together, but nothing not normal for NYC. Now, the wait is a little ridiculous. We got there at 5pm on the dot on a Sunday. We were told we would be seated by 610. I think the matridee messed up because they sat someone that was after us before us, and we didn't sit until around 620/625. We were excited to finally sit, because we have heard many marvelous things about this place but overall I do think that it is slightly over hyped. I would 100% go back, but I am not down to wait a long time again. People that were walking in at 545 and after were told at least 3 hours.",False,0,0,0,Cayla S.,en,"{'neg': 0.088, 'neu': 0.71, 'pos': 0.202, 'compound': 0.9901}",0.9901,0.202,0.088,0.71,positive
794,2019-03-16 00:37:20+00:00,5,Got there early on a Friday night and was seated instantly. Everything we ate was perfect and truly special. The service was also top notch. We'll remember our night at Via Carota forever.,False,0,0,0,Rebecca R.,en,"{'neg': 0.0, 'neu': 0.716, 'pos': 0.284, 'compound': 0.8779}",0.8779,0.284,0.0,0.716,positive
793,2019-03-16 09:26:20+00:00,5,"I had the best meal I've had in years here. Cacio pepe was on par with (if not better) than the same dish I got in Italy. Pasta was perfectly done and the pepper really shone through. Everything I got was incredible down to the way the bread that came with the burrata was toasted and seasoned. Portion sizes were also perfect. Larger than most similar restaurants, but enough that you can still walk after your meal ;)

 Wait was long (2 hours) on a Friday night, but it was WORTH IT. Go get a drink, come back, and have a religious experience eating here.",False,2,0,1,Marui L.,en,"{'neg': 0.099, 'neu': 0.787, 'pos': 0.114, 'compound': -0.3073}",-0.3073,0.114,0.099,0.787,negative
792,2019-03-16 17:45:49+00:00,5,Love this place although it's gotten way too popular. Waits can be up to 3 hours! But once you eat here you'll know why. Food is delicious and the atmosphere is rustic and comfortable.,False,0,0,0,Teresa Y.,en,"{'neg': 0.0, 'neu': 0.521, 'pos': 0.479, 'compound': 0.9831}",0.9831,0.479,0.0,0.521,positive
791,2019-03-18 00:06:15+00:00,1,"My husband and I was really looking forward to this place, as recommended by a colleague, as well as mentioned by Andy Cohen. I went inside and tried to look for a host, and bumped into one of the servers. I ask where I sign up, and he obviously didn't pay attention to my inquiry. I was wearing a jacket and a hat, a casual attire, as we just came from seeing Dear Evan Hansen matinee. He told me to go to the alley entrance and knock on the door. I thought this was how you put your name on the list to dine. I realized afterwards that it was the SERVICE ENTRANCE GATE. The [white male] server apparently automatically assumed that I was help, without asking. Prejudice exist, people. Anywhere you go.",False,1,1,0,Rodell R.,en,"{'neg': 0.0, 'neu': 0.883, 'pos': 0.117, 'compound': 0.9}",0.9,0.117,0.0,0.883,positive
790,2019-03-21 20:00:21+00:00,5,"Incredible. Profound. Mindblowing. Via Carota is the real deal, and every bit worth the wait!

There are two tips to dining at Via Carota. One, come as early as you can. We put our names in at 5:00pm on a Friday and were seated in an hour. Twenty minutes later, the line was out the door, and people were being quoted times after 9:00pm. Two, have a gameplan for what will likely be a very, very long wait. Bring good company and scope out some of the great bars and restaurants in the area.

The food is straightforward: it's all really, really good. There wasn't a single thing we ordered that we weren't obsessed with. The artichokes (carciofi alla griglia) were delightfully rich. The octopus (polipo) was accompanied by a uniquely delicious olive pesto that even won over my fiancee, who's very much not a seafood person. The highlight is obviously the cacio pepe, a cheesy, flavor-dense dish that's fully worth the decade it'll cut off your life expectancy. Really, you can't dine here and not get the cacio pepe.

For dessert, we went with the semifreddo, which was fluffy and airy, but still packed a ton of flavor. Everything on the dessert menu sounds great, though.

Credits to the restaurant for what we found to be pretty generous portion sizes. They recommend two per person, but we were quite full on three between the two of us. If you're dining in a large party, each dish could probably optimally be split up to four ways.

If there's any room for improvement, it's the drink selection. My whiskey sour was nice, but not particularly memorable or worthwhile. In an otherwise standout experience, it's the one weak link. Still, that shouldn't keep you from checking out one of the city's best restaurants. It'll definitely be a night to remember!",False,2,0,1,Amol U.,en,"{'neg': 0.037, 'neu': 0.761, 'pos': 0.202, 'compound': 0.9955}",0.9955,0.202,0.037,0.761,positive
789,2019-03-25 13:09:38+00:00,4,"I knew Via Carota was crazy busy from the other reviews here, but I had a perfect plan, especially after an afternoon lecture was canceled. I arrived at about 4:30 and snagged the last seat at the bar. The extra effort was worth it. I really enjoyed my meal. 

Upon arriving, some lightly spiced olives are delivered with a small dish for the pits. I can't remember another place that thought about the pit. That is somewhat endemic of the whole meal. Finocchio is a mound of shaved fennel with shaved pecorino silently interspersed. Hidden underneath are smashed olives. What appears to be a bland pile of white reveals sparks of flavor throughout. Who knew fried Rabbit could be so amazing. I love rabbit, but never thought about it fried. The meat remained tender and moist and the crunch was a plus. The rosemary flavor also added just the right amount of variety. I thought the Olive Oil Panna Cotta was perfect just rich and creamy enough to set off the afternoon. 

By the time I left, the restaurant's evening was getting full. People were already lining up and for good reason. This is a great place for food.",True,0,0,0,Jeff D.,en,"{'neg': 0.057, 'neu': 0.725, 'pos': 0.218, 'compound': 0.9924}",0.9924,0.218,0.057,0.725,positive
788,2019-03-26 19:44:14+00:00,4,"Good service, excellent food. Everything tasted great. We had a lamb pasta special and the tagliatelle and prosciutto. Ordered a Negroni and was great, along with the burrata. Finished with the panna cotta, and my goodness very good as well. Would definitely come back.",False,0,0,0,Sam W.,en,"{'neg': 0.0, 'neu': 0.534, 'pos': 0.466, 'compound': 0.9813}",0.9813,0.466,0.0,0.534,positive
787,2019-03-27 16:03:35+00:00,4,"Pros:
- The cacio pepe was delicious: loved the texture of the noodles and the flavor was incredible (unpopular opinion: I think I have had better though, but this dish at Via Carota was still really really great incredible)
- The meal overall was very delicious
- The staff and service was really friendly and helpful, super patient and gave great suggestions, super apologetic about the extra 2 hour wait on top of our already 2 hour wait and was very polite and accommodating 

Cons:
- the restaurant does not take reservations and the wait time is ridiculous... my party of 3 arrived at 5:30, was told that our wait would be 2 hours and to return at 7:30... we never received a text so we arrived at 8:15 and was told we were next... waited until 9 and we followed up and was told our table was paying... was not seated until 9:30... waited a total of 4 hours
- I honestly wish I remembered the name of the raw beef dish and truffle but I was very disappointed with the truffle. There was no flavor at all. 

OVERALL:
I don't think I would come again. I really had a great time and excellent meal but definitely not worth a 4 hour wait. I think because I waited 4 hours and the fact that the place was so crowded, I really anticipated something exceptional but it was only great. It was honestly pretty anticlimactic and I think the wait time really killed my experience here because I was just expecting so much more. With that being said though, this place is worth visiting... but definitely try going during off peak hours.",False,2,0,1,Tiffany W.,en,"{'neg': 0.129, 'neu': 0.584, 'pos': 0.287, 'compound': 0.9968}",0.9968,0.287,0.129,0.584,positive
786,2019-03-28 01:16:13+00:00,4,"First and foremost, Via Carota doesn't take reservations. Two friends and I stopped by around 5pm on a Friday and ultimately got seated around 8pm. The Via Carota wait is amongst the longest I've ever seen in New York. Be sure to make arrangements accordingly and don't expect to just walk into dinner. Via Carota was really good, and I think it generally lived up to the hype. I think there's so many Italian restaurants in NY that are wayyyy overhyped for what they are, but I'll spare you that rant.

We started our meal with some aperol spritz because as New Yorkers, the minute the temperature outside is over 55 degrees after a long winter, we jump on the opportunity. The chianti wine we later ordered was also quite good.

As far as the food goes, I think everything is very sharable, which is what we ultimately did. We ordered a variety of things from the menu, but the dishes I liked the most were the carrots (I have seriously never had carrots so good and generally don't even like steamed carrots), the insalata verde (VERY good despite it basically just being just romaine lettuce), and the pappardelle. My friend LOVED the cacio e pepe and said it was probably the best he's ever tried.

The service was to my liking - they didn't stop by enough to disrupt the flow of our conversation, but were attentive enough so that we didn't feel ignored. Also shoutout to the staff for moving so quickly when it decide to torrential downpour outside!",False,6,2,2,Peggy W.,en,"{'neg': 0.06, 'neu': 0.751, 'pos': 0.188, 'compound': 0.9919}",0.9919,0.188,0.06,0.751,positive
785,2019-03-29 01:08:23+00:00,5,"We had the burrata, cauliflower gratin, fried rabbit and tagliatelle. It was one of the best meals I have had in a very long time. The service was impeccable and everyone gave us excellent remcommendations. We did wait about 2 hours for a table, but they sat us within minutes of the time they told us to come back at. Will certainly be back soon",False,0,0,0,Annie S.,en,"{'neg': 0.077, 'neu': 0.79, 'pos': 0.133, 'compound': 0.4411}",0.4411,0.133,0.077,0.79,positive
784,2019-03-30 20:46:06+00:00,5,"We went to Via Carota for a birthday dinner on a Friday night. We were able to be seated at 5 pm outside, but the wait for inside was 90+ minutes. The service was excellent. We had the brussel sprouts salad, cacio pepe, lemon risotto, and bruschetta with anchovies/butter/fried capers. The meal was delicious. Great ambience, wonderful service and delicious food.",False,0,0,0,Brittany C.,en,"{'neg': 0.05, 'neu': 0.563, 'pos': 0.387, 'compound': 0.99}",0.99,0.387,0.05,0.563,positive
783,2019-04-01 22:31:02+00:00,3,"I really want to love this place.

There's no question that the food is incredible. Vegetables are given their proper due here- the mushrooms with scamorza are a thing of wonder. Artichokes grilled to perfection with the most delicate of aiolis. Food is not an issue, here. It's truly wonderful and each dish perfectly executed.
 
However, the service is just bizarrely bot-like and impersonal. 
Perhaps it was a case of the Mondays, though it happened to be a sunny and gorgeous spring day. The country farmhouse style interior and the zippy Italian pop background music was discordant with the attitude of every single person donning an off-white or white (Captain?) waistcoat. There is a lofty coldness that doesn't lend itself well to a bustling restaurant that celebrates delicious food. As the place filled up with a lunch crowd, I watched the staff expecting they'd warm a bit. Sadly, as I left an hour after being seated, the chill was still perceptible. 

Is this what happens to places that get incredibly popular and busy? Is it the location? Whatever the reason, I would love to visit Via Carota again but will have trepidation because of that less than stellar atmosphere. Total shame, as it could be so perfect.",False,6,0,1,Jessica V.,en,"{'neg': 0.078, 'neu': 0.755, 'pos': 0.167, 'compound': 0.9485}",0.9485,0.167,0.078,0.755,positive
782,2019-04-11 18:08:38+00:00,4,"Get here early and put your name down. I think all the hype is worth it but the lack of reservations and wait can be a pain. Via Carota is cozy and delicious and inviting. We had the pancetta pasta, fried olives, and pork braised in milk and it was all delicious. We sat at the bar and thought service was fantastic. Dessert was great, especially the cake. My only complaint is that the tiramisu had too much mascarpone. I'd definitely come back again.",True,1,0,0,Stef S.,en,"{'neg': 0.113, 'neu': 0.533, 'pos': 0.354, 'compound': 0.9904}",0.9904,0.354,0.113,0.533,positive
781,2019-04-13 10:59:48+00:00,3,"We came in around 1130am for a quick bite on a beautiful Friday.  The Scafata, the Polpette and the Pappardelle with wild boar ragu were all delicious.  And the space too, lives up to the hype.  But bringing it all down was the lack of warmth from the entire wait staff.  Our food was dropped off and we were never asked how our food was.    Dour is the best way to describe it.   It's unfortunate because you feel it in the room and it really takes away from the entire experience.",False,0,0,0,Mark R.,en,"{'neg': 0.105, 'neu': 0.747, 'pos': 0.148, 'compound': 0.6908}",0.6908,0.148,0.105,0.747,positive
780,2019-04-13 12:02:51+00:00,5,Hands down top restaurant in NYC. My boyfriend and I are regulars and we love to bring our family and friends here. Staff is amazing and food is superb. 3 Michelin stars!! The owners also have Buvette which is their French restaurant down the street. Amazing as well!,False,0,0,1,Janice V.,en,"{'neg': 0.0, 'neu': 0.621, 'pos': 0.379, 'compound': 0.9744}",0.9744,0.379,0.0,0.621,positive
779,2019-04-13 16:39:08+00:00,5,"Great find! Loved the Cannelini E Spinachi, Mixed greens with sherry vinaigrette dressing and an amazing egg dish with artichokes and Parmesan. And topped it off with a nice glass of white wine.",False,0,0,0,S H.,en,"{'neg': 0.0, 'neu': 0.645, 'pos': 0.355, 'compound': 0.9422}",0.9422,0.355,0.0,0.645,positive
778,2019-04-14 16:15:06+00:00,4,"Would be five stars except for the process of actually getting a table. Waited nearly 3 hours on a Thursday after arriving at 545 - though lesson learned, don't go in or believe the host/hostess that you might be able to sneak in earlier. Go with their anticipated wait time and add 30 min, then find a nice sport nearby to hangout in. 

Aside from the the food does live up to the hype. Get the Cacio, artichokes and/or whatever has been recommended for you. Just be prepared for a wait... and then soak up the experience afterwards.",True,5,0,1,Pearce D.,en,"{'neg': 0.035, 'neu': 0.899, 'pos': 0.066, 'compound': 0.2732}",0.2732,0.066,0.035,0.899,positive
777,2019-04-21 14:33:05+00:00,5,"Amazing food!!! What can i say!!! The pork belly was out of this world!! My bartenders super friendly and professional!! The pork belly made me hungrier and then I ordered the cacio e pepe for desert!!!! Yes i like pasta for my desert! Lol.. best food in west village.... I can go on and on, i highly recommend it.",False,1,0,0,Lance J.,en,"{'neg': 0.0, 'neu': 0.647, 'pos': 0.353, 'compound': 0.9778}",0.9778,0.353,0.0,0.647,positive
776,2019-04-21 22:27:31+00:00,5,"We tried to get into Via Carota last fall with no luck.  Came back today and we are glad we did.  I don't write many reviews but the food was fantastic, much better than many places with bigger names.  We shared wonderful grilled artichoke, fungi, and burata, as well as 2 fabulous pastas.  The place has a real friendly NY buzz but it is not to loud and the waiters were very helpful.  Can't praise this place enough",False,0,0,0,Peter L.,en,"{'neg': 0.08, 'neu': 0.561, 'pos': 0.358, 'compound': 0.9869}",0.9869,0.358,0.08,0.561,positive
775,2019-04-23 20:04:21+00:00,4,Obsessed with this place. Had a few average meals lately but overall it has been so amazing and tasty,False,0,0,0,Alexi A.,en,"{'neg': 0.101, 'neu': 0.424, 'pos': 0.475, 'compound': 0.9541}",0.9541,0.475,0.101,0.424,positive
774,2019-04-28 04:06:51+00:00,1,"so overrated! Staff are miserable, they don't take reservations and they recently removed the additional seating inside to be replaced with a console with a a few deserts on display. WHY? Food is ok though the last time I went there was a long blond hair in my salad. Not very appetizing and TBH if this place was in Italy it would be so basic. Really. 
Noet to staff: try smiling once in a while and also to owner/ owners why dont you ever promote the nice men there that bus the tables?They work so hard!",False,0,0,0,Antigone S.,en,"{'neg': 0.276, 'neu': 0.675, 'pos': 0.049, 'compound': -0.9832}",-0.9832,0.049,0.276,0.675,negative
773,2019-05-02 04:56:02+00:00,2,"Fritto Misto Calamari & Shrimp
Calamari excellent ~ get a side of sea salt you will need it.  Shrimp were overcooked, and tasted frozen.  Scafata was under seasoned basically bland. Not enough mint or anything to give it lift.  Reggiano or Pecorino a splash of lemon or some wilted or roasted tomato.  Great ingredients but no Flavor.  Could not eat it all.  Salad with Prosciutto and peas was excellent.  Fried Rabbit was Dry.
What a shame.

(This was months ago, forgot to post) 
Shaved artichoke salad was soaked in orange juice and really too sweet, hardly any artichoke, and too much pecorino. buried alive.",False,3,0,0,Chef Earth E.,en,"{'neg': 0.173, 'neu': 0.689, 'pos': 0.138, 'compound': -0.7672}",-0.7672,0.138,0.173,0.689,negative
772,2019-05-04 23:16:26+00:00,5,This place was recommended by an Italian colleague as their favorite and it definitely lived up to the expectations!! Great service and excellent menu. The wait is a little long but that was expected as it is a very popular restaurant and they don't take any reservations. The menu is seasonal and its vegetarian friendly as well! We got the cece e Pepe pasta  and the mushroom verde which was bursting with flavor! Also ordered the olive oil panna cota. A must try! Will definitely recommend this place to our friends!,False,0,0,0,Arun K.,en,"{'neg': 0.044, 'neu': 0.651, 'pos': 0.304, 'compound': 0.9826}",0.9826,0.304,0.044,0.651,positive
771,2019-05-05 14:38:34+00:00,5,Just love this restaurant.  All dishes are spectacular.  From the appetizers to entrees I have now visited twice when in NYC.  TIP:  If you are open to it sitting outside is easiest.  Waiting for a table can be hours.,False,0,0,0,Eli B.,en,"{'neg': 0.0, 'neu': 0.833, 'pos': 0.167, 'compound': 0.7906}",0.7906,0.167,0.0,0.833,positive
770,2019-05-09 11:22:28+00:00,5,"Well congratulations to these two fab women for their James Beard award. Happy to see them (once again) recognized. Only problem is that it is has become very difficult to get a table! It has become increasingly busy in the last year as VC has been listed in more and more guide books. Now it is often an hour wait. Worth it? Yep....best place in the city in our book. Here's a small tip for older people like us who don't mind eating early - Go at about 4:30 on the weekend. There is a lull when the lunch crowd finishes and the evening crowd hasn't lined up. At 5, the shift changes and they will tell you whatever specials there might be. Also always be willing to sit at the bar. That goes for Buvette as well.....And while I am at it, at Buvette, always ask if the secret burger is on the menu!",False,0,0,0,Kris H.,en,"{'neg': 0.074, 'neu': 0.803, 'pos': 0.122, 'compound': 0.8069}",0.8069,0.122,0.074,0.803,positive
769,2019-05-09 16:28:04+00:00,1,"This is a restaurant that is on cruise control enjoying the good review it got from Michelin. They have clearly stopped making any effort to actually deliver good food. It was grossly overpriced and the food was - well, disgusting. My stepmother is Italian and found this horrifying. 

The process for getting  table is difficult. We waited the three hours to get a table and have never been more disappointed for doing so (wish we had just gone for Mexican across the road). 

My husband ordered the anchovies appetizer - which consisted of 4 small pieces of bread, each with 1 anchovy and a huge piece of butter. He had to scrape all the butter off (combined as a blob on the plate, it looked like about 6 ounces of butter). It was disgusting. My appetizer consisted of a plate of overcooked pasta (that tasted worse than box pasta), which I could not see under the drowning of brown sauce which had a couple of walnuts swimming in it. Again - disgusting.

Our entrees were not any better. The wine list is mediocre quality and extremely high priced. The table was tiny, the chairs hard, small and uncomfortable, and the a/c wasn't on, so it was sweaty and humid indoors.  

The dessert (tiramisu) was good. It actually tasted like someone cared when they prepared it.",False,5,2,1,Erika T.,en,"{'neg': 0.263, 'neu': 0.624, 'pos': 0.113, 'compound': -0.9951}",-0.9951,0.113,0.263,0.624,negative
768,2019-05-10 04:56:13+00:00,2,"This used to be one of our regular go to places but ever since Eater put it on the radar things have gone downhill. Tonight we waited well over an hour when three guys stroll in off the street and get seated. Exasperated, we express to the manager our feelings and she insists they have to use a four top for three people even though they just walked in. She sort of understands our frustration and offers to buy us a drink (because we suggested that's what a good manager should do). Nice? Not really. It would have been and should have been but instead of letting us order a drink she pours us some rose bubbly and charges us for the glasses of wine we order. Total lack of empathy or care for their customers. Avoid. There is an abundance of great food in West Village without being treated poorly. To be clear, the bartender was a pleasure. Managment is the issue.",False,1,0,0,Hme G.,en,"{'neg': 0.101, 'neu': 0.714, 'pos': 0.185, 'compound': 0.9578}",0.9578,0.185,0.101,0.714,positive
767,2019-05-12 18:51:35+00:00,5,"As good as advertised. The cacio e pepe is maybe the most delicious pasta dish I've ever had. Dishes are on the small side, but everything was excellent.",False,1,0,0,Max B.,en,"{'neg': 0.068, 'neu': 0.628, 'pos': 0.304, 'compound': 0.864}",0.864,0.304,0.068,0.628,positive
766,2019-05-13 05:22:02+00:00,4,"Okay. Full disclosure I came here after reading the insanely glowing review in the NYT about a salad. And that is all I ordered. So I can't speak to the pasta or anything else. That was a very fresh and very simple salad with solid dressing. If I hadn't been thinking about the review and had eaten it, I would've enjoyed it fine and never thought about it again. It's not a revelation. It's a fresh, satisfying and enormous salad. 

The staff was incredibly friendly and attentive. The wait was quite long and it's a bit chaotic (I seriously don't understand why every restaurant doesn't have some texting wait list -- it really is quite easy and makes everyone's lives a little easier. Maybe it breaks the spell of seeming like a restaurant out of another era? After standing around for 30 minutes for a table for one, I would've been perfectly fine with them using basic technology to make the process a bit less stressful.)

Overall a solid place, great staff, beautiful decor and a perfectly adequate salad!",False,6,0,1,Father Teressa T.,en,"{'neg': 0.125, 'neu': 0.628, 'pos': 0.247, 'compound': 0.9797}",0.9797,0.247,0.125,0.628,positive
765,2019-05-15 01:00:57+00:00,5,a casual and very enjoyable spot for great italian plates. the cacio pepe and chopped steak were extraordinary. will eventually try everything...and hoping they offer the peach dessert again.,False,0,0,0,John L.,en,"{'neg': 0.0, 'neu': 0.669, 'pos': 0.331, 'compound': 0.8977}",0.8977,0.331,0.0,0.669,positive
764,2019-05-17 02:27:59+00:00,1,"I attempted to eat there tonight at 6p and had a remarkably rude experience. After waiting for some time in the line to get on the list for a table, a woman walked up to the front of the line pretending to be merely asking a question about how long to wait for a single seat.  The host proceeded to seat her at the bar without even asking me - or any of the 10 people in line behind me - whether anyone who was waiting in the line was waiting for a single seat.  When he came back from seating her, I explained to him that this woman had not actually been next; rather, she had simply barged to the front to see how long the wait was, and he had responded by seating her as if she were the next solo person in line.  He responded TOTALLY snottily, asking me with sarcasm whether I was solo.  I was not -- I was actually in line for two seats, and we would've totally taken the bar.  The host then rolled his eyes at me (!?), and proceeded to put me on the chalkboard list, for a two-and-a-half-hour wait.  When I asked whether he would take my phone number (he was taking everyone else's phone number), he said, oh, just come back by at 8:30 or so.  Total.Jerk.  Seriously, it was like early-90s UES.  Have fun with that a-hole approach, Via Carota.  Yuck.",False,1,0,1,Cathleen P.,en,"{'neg': 0.12, 'neu': 0.847, 'pos': 0.033, 'compound': -0.978}",-0.978,0.033,0.12,0.847,negative
763,2019-05-19 13:21:44+00:00,5,"Nothing short of amazing! The food is very flavorful, presentation is perfect and service is always on point! My husband and I truly enjoy this special place. Every time we try something new on the menu we become more convinced that the chef is truly a genius. Our top favorites that we always stick to are the tiramisu, the Zablione I believe it's called and we always get the Roero Arneis a light and sweet white wine.",False,0,0,0,Ashley H.,en,"{'neg': 0.032, 'neu': 0.64, 'pos': 0.329, 'compound': 0.9814}",0.9814,0.329,0.032,0.64,positive
762,2019-05-20 03:41:44+00:00,3,"Via Carota: an Italian restaurant which seems to be popular recently.
------------------------------
What we order:
Tonnarelli cacio pepe
Tortelli smoked ricotta (recommend)
Funghi grilled mushrooms  
Egg with Artichokes(off the menu)",False,1,0,0,Mengjia Y.,en,"{'neg': 0.0, 'neu': 0.912, 'pos': 0.088, 'compound': 0.4215}",0.4215,0.088,0.0,0.912,positive
761,2019-05-25 23:05:18+00:00,4,"Recommended for lunch only, in order to avoid a horrendous wait and receive much (MUCH) better service. That said, with Jodi Williams at the helm (Buvette), she never disappoints. For a simple and ever satisfying lunch, order the Cacio e Pepe and Insalata Verde, paired with a glass of wine. Perfetto!",False,1,0,0,Deirdre L.,en,"{'neg': 0.2, 'neu': 0.641, 'pos': 0.158, 'compound': -0.6816}",-0.6816,0.158,0.2,0.641,negative
760,2019-05-26 11:36:54+00:00,4,"Via Carota likes to play hard to get. They don't let you reserve so you have to wait for two hours just to get a table. The true devotees will brave the line. I am not one for games. So, I usually give up if the wait is that long. The food is quite good but not a revelation. I like the tripe. Though, there are about 500 grandmothers across Southern Europe who can make the same dish but better for about a fifth of the price. If the prices were lower and the wait was shorter, I'd give it 5 stars for good neighborhood non red sauce Italian.",False,1,0,0,Cannelle T.,en,"{'neg': 0.149, 'neu': 0.697, 'pos': 0.154, 'compound': -0.1227}",-0.1227,0.154,0.149,0.697,negative
759,2019-05-27 14:28:32+00:00,5,Awesome lunch! Great food! Will return! And great service too! Our server was super attentive and came to us with several reccomendations and tastes of the dessert wines.,False,0,0,0,Carlos G.,en,"{'neg': 0.0, 'neu': 0.511, 'pos': 0.489, 'compound': 0.9749}",0.9749,0.489,0.0,0.511,positive
758,2019-05-27 18:32:11+00:00,3,"So this should be a 4 star review but just couldn't get there. The place is very inviting, cool space and wonderful menu and great bar, not to mention excellent staff all around. However, given the reputation of the chefs and the prices, a couple flaws can't be ignored even for this first time, me only lunch experience.  

They offer fantastic authentic Italian style veggies, salad, pastas and entrees and appear to use top tier quality produce and provision. But the execution is off. 

Started with artichokes, peas and escarole scafata - lighted sautéed with garlic.  Truly good stuff except nearly no seasoning.  Only a couple pinches of coarse salt would have done the trick in otherwise excellent veggie choice.  The pasta I ordered is where the experience went off the rails - way off.  House made Tagliatelle with peas, prosciutto and parmigiana.  Sounded great. But what came was right off one of the tourist places on Mulberry street.  Sticky, thick and pasty pasta globbed with butter and a crazy large amount of nutmeg.  The prosciutto was world class brilliant albeit a bit salty, cut perfectly to put into a pat dish and not too thin.  The peas (like those in the scafata) perfect tiny fresh.  But that nutmeg was crazy - about a tablespoon. So much so it turned everything brown and you could see it as a major element in the dish.  Nutmeg is intense and a little goes a very long way and when done properly it adds a nice accent to pasta like this. But this was just terrible aside from the sticky pasty glob of a mess. A kitchen should be ashamed to serve it. 

Had a beautiful floral Rosato from Apulia. The wine selection in general is very nice.  For dessert a panna cotta - one of the best ever with some strawberries on top with a tiny drizzle of evoo and sea salt. Wow nice.  Except too much vanilla - added a brown cast to the wonderful dessert. 

$110 for this single dinner lunch / 2 glasses of wine and espresso.  Sorry at that pride level the flaws are unacceptable.  

Looking forward to trying again. And I'll repeat the pasta order because I'm not shy at sending things back.  Today I was trying desperately to find that pasta pleasing in some way and couldn't. 

Should be 4 stars. But today for me no.",False,2,0,1,Pete M.,en,"{'neg': 0.151, 'neu': 0.63, 'pos': 0.219, 'compound': 0.9895}",0.9895,0.219,0.151,0.63,positive
757,2019-05-28 19:55:55+00:00,3,"The cacio e pepe was amazing, the famous green salad was delicious, the special pesto pasta was lovely, but the table system here is awful. They don't take reservations and waits can be 3 hours. They don't even text. I really wanted to try this place so we put our name down and explored west village for 3 hours. Would never do this again as it is never worth it. This food better be reaching levels of nirvana and rolling in three Michelin stars for that kinda wait. I'm a 'hangry' type person so I'm not sure why I put myself through this torture. You can find similar quality at places without the insane wait. Would not be back unless guaranteed a table in less than half an hour.",False,0,0,0,Viv D.,en,"{'neg': 0.179, 'neu': 0.696, 'pos': 0.125, 'compound': -0.9261}",-0.9261,0.125,0.179,0.696,negative
756,2019-05-29 21:54:44+00:00,5,"One of my favorite restaurants in New York. The wait can be pretty long, but it's well worth it. My favorite dishes are the carrots and the smoked ravioli, but I don't think I've had a bad dish yet.",False,0,0,0,Annabel B.,en,"{'neg': 0.225, 'neu': 0.534, 'pos': 0.241, 'compound': -0.2732}",-0.2732,0.241,0.225,0.534,negative
755,2019-06-01 01:51:17+00:00,4,"The overall ambience and flavors were quite good. I'd give the cacio e Pepe 6 stars, the famous insalate verde 5 stars, the carrots 4 stars, and the branzino 3 stars. The wait was unreal, but luckily we had put our names down before 5pm so were able to eat at 7.",False,0,0,0,Fandi T.,en,"{'neg': 0.042, 'neu': 0.834, 'pos': 0.124, 'compound': 0.6538}",0.6538,0.124,0.042,0.834,positive
754,2019-06-03 16:05:56+00:00,3,"Uhhhh-ohhhh...guess who just jumped across the pond and visited the Big Apple?  THis DivLA (An LA Diva...get with it!)  And yes, I know that middle America isn't a pond, but guess what sweety...there's a pond somewhere in there, so there's you're technicality, ya lil technicality babeee. 

Anyyyyywayyyyy...a quick visit to NY and I had to hit this place up.  Why?  Queen #1, Elisabeth Moss said it was her fave, and a cursory glance of some of these photos revealed Queen #2 JANE FONDA goes here??!?!  Or, at the very least...Queen #3, a lady who looks like Jane Fonda.  OH GAWD, IF ONLY!!!!!

Now, look, I'm all about sass...LITERALLY sass is my life.  But our sweety lil hostess may have had the most sass I've experienced...and you know what?  I liked it.  Because, see...Via Carota EMBRACES IT SWEETY.  You go, put your name down, she gives you a lil bit of sass then does the ultimate sass-ccentuation (sassy accentuation)...writes your lil name on a...black pole?  Coulda been a wall...but Imma say it was a pole, because it's more fun.  

How many?  Oh, 2?  What's your name, because Imma write it on this damn pole and then forget about it.  Buhbye!!!

I'm onto you Via Carota.  And guess what?  I like it.  If I could communicate my disgust for people by just picking up a piece of chalk and writing down there name wherever I damn well please?  Well guess what?! I WOULD!  

So I get my drink on, come back at the guestimated pole time, and end up being seated...pretty immediately?!?!  See!  Sass poles work!

We're seated and have a lovely little waitress who is...just fine.  Nothing scary, nothing remarkable, and guess what?  Sometimes that's just the best.  She mentions her favorites and we roll with some of them.  

Also, can I just say, I'm a G-D adult and I still don't know what a negroni is...ANNNNDDDD....I'm still Dory-fish enough to NOT REMEMBER that they taste gross.  Nothing against you Via Carota, but what the HELL is a negroni and why does it taste like that.   
Tangent...over.  I'm sure I'll order another negroni in an hour.  

FOOD! 

We started with the anchovy bread.  Now look, our little sweety neutral waitress said it comes with a good deal of butter, but I did NOT realize ""a good deal"" = ALL DA BUTTER.  Like, ALLLLLL DA BUTTER.  Was it delicious?  Hell yes it was.  Did it have more butter on it than I've ate ever before?  Hell yes it did.  Did I feel like I was just biting into a stick of butter.  Yep.  Would I suggest it?  Yes.  Would I also suggest that if you don't feel like eating a block of butter, you probably shouldn't get this.  BE WARNED HUNNY!!  But also be warned that it's sasslicious butta style!!!!!!!!

Next up, Artichokes.  Now, Imma let you in on a not so DivLA fact about myself.  When I was a lil baby child, I would eat artichokes, and they would consist of being boiled and then dipping those lil leaves into mayo.  Is that potentially gross?  Probably, but then again, SO IS EATING A BLOCK OF BUTTER!  But this artichoke, was un...real.  The only choking I'm doing on this lil arti...is from choking up crying thinking I'm not going to be able to eat it again anytime soon.  I don't know what you did to it, but I'm grabbing that lil chalk on writing on the wall that it is A MUST!!!!!!

Then, we got the carrots.  Why?  I honestly think I just lost my mind from that weird ass negroni.  Sorry if I rock some of your lil rabbit boats here, but carrots are one of the least exciting foods out there.  Think about it.  You know when you're dining on that delish T-gives meal and you have a plate of turkey, mashed potatoes, stuffing, and then you're like...WHY THE HELL DID I EVEN WASTE SPACE ON MY PLATE FOR THESE?!?!  Useless.  Sorry to say it but the carrots were a low point.  And it's not Via Carota's fault...carrots have no sass...no time to write it on a pole.  

Wrapping up our meal...some pasta sweetyyyyyyy.  

Boar Ragu.  Look, if you've ever been eating a dish and thought, I JUST CAN'T GET ENOUGH BOAR...this is the dish for you.  It's got more boar than the tinder date at the table next to me...heyyoooohhhhunnyyyy!  Also, here is a secret dating tip for all of you...PUT YOUR PHONE DOWN AND TALK TO ONE ANOTHER...IT MAKES FOR BETTER DATES!  At the very least if you talk to one another, one of you will offend the other and it'll get exciting for the rest of the restaurant.   

Finally...the Cacio Pepe.  Just get it...I guess.  It's fresh, it's fun, there's not too much boar, not too much butter, it's just...good.  

Overall...I'm not entirely sure why my Queens like this place. I'm confused, and I blame my third  negroni of the day.  For what it's worth, there's no middle ground with this place.  It's either delish or...boring.   

I give this one ""Book Club"" and one ""Handmaids Tale.""  Aka, a boring, and a WRITE IT ON THE DAMN POLE SENSATIONAL!",False,1,14,0,Julian D.,en,"{'neg': 0.148, 'neu': 0.729, 'pos': 0.123, 'compound': -0.9861}",-0.9861,0.123,0.148,0.729,negative
753,2019-06-06 03:09:52+00:00,5,"My favorite place in NYC. The green salad, cacio pepe and branzino are my go-to's! Amazing.",False,0,0,0,A K.,en,"{'neg': 0.0, 'neu': 0.664, 'pos': 0.336, 'compound': 0.7959}",0.7959,0.336,0.0,0.664,positive
752,2019-06-07 12:20:54+00:00,3,"I don't get the hype. My fried olive appetizer was delicious, but the chopped steak, pasta, and meatballs were all just okay. Service was nice, but quite slow.",False,0,0,0,Anna S.,en,"{'neg': 0.216, 'neu': 0.588, 'pos': 0.197, 'compound': -0.1875}",-0.1875,0.197,0.216,0.588,negative
751,2019-06-09 20:12:19+00:00,5,"Via Carota is my favorite Italian restaurant in ny. The food is consistently delicious and leaves me craving more. Yes they don't take reservations but I actually prefer that over needing to make reservations weeks prior to when I actually am going to eat. 
I don't think you can go wrong with anything on the menu, but I highly recommend starting with the insalata verde which is just the green salad with a copious amount of crisp lettuces like Boston lettuce, little gem, frisée, endive in the most delicious shallot and mustard vinaigrette. The piselli salad with robiola cheese is equally as amazing. Then, get the arancini with 'nduja and the fritto misto if they have! 
My favorite pastas are definitely the tagliatelle with prosciutto and the cacio e Pepe. The meatballs are also delicious and they're sort of Mediterranean inspired with raisins. 
Basically, order everything and then go to sleep in a happy food coma.",False,4,0,1,Erin L.,en,"{'neg': 0.021, 'neu': 0.69, 'pos': 0.289, 'compound': 0.9957}",0.9957,0.289,0.021,0.69,positive
750,2019-06-10 21:52:59+00:00,4,"Its a nice place.  Very popular.  Been on my list to try.  Food is good, but you can get the same quality Italian at other restaurants where you dont need to wait an hour for a table.  Service could be better.  Also, watch out for the expensive deserts.  $17 for baked peaches!  Unlikely to go back until they start taking reservations.",False,0,0,0,dante l.,en,"{'neg': 0.095, 'neu': 0.719, 'pos': 0.186, 'compound': 0.5722}",0.5722,0.186,0.095,0.719,positive
749,2019-06-11 03:05:40+00:00,5,Yes the food is great and the vibe is great but I really just want to leave a comment on the people that work there. I really enjoyed their company. They were thoughtful and respectful and it's obvious they really love what they do and that's what makes a place special.,False,0,0,0,Giana R.,en,"{'neg': 0.019, 'neu': 0.535, 'pos': 0.447, 'compound': 0.9843}",0.9843,0.447,0.019,0.535,positive
748,2019-06-14 22:22:12+00:00,3,"I had heard so much about the green salad, that's the primary reason I wanted to go to Via Carota.  It may have been an ""off day"" but I was disappointed with the blandness of it.  The friend I was with told me that she had had it once before and it had been delicious.  Not this time, we agreed, unfortunately.  I ordered the tagliatelle with prosciutto, peas, and parmesan.  It was sumptuous but very, very rich. One friend ordered the chicken - (pollo alla griglia
grilled free range chicken in salmoriglio). Not bad, but not much different from a grocery store rotisserie chicken.  Another friend ordered the cache pepe and liked it.  Service was fine.  I do resent paying extra for bread when I'm spending so much for a meal, though.",False,1,0,0,June F.,en,"{'neg': 0.094, 'neu': 0.643, 'pos': 0.262, 'compound': 0.987}",0.987,0.262,0.094,0.643,positive
747,2019-06-16 21:53:58+00:00,5,"This restaurant was a wonderful place to have a lunch date! We started with an appetizer of burrata over freshly cooked spinach - simply amazing! My boyfriend had the steak, and I had the pasta with peas and prosciutto. Cocktails were also wonderful. Great, friendly service. Cannot wait to come back for dinner!!",False,1,0,0,Mackenzie H.,en,"{'neg': 0.0, 'neu': 0.649, 'pos': 0.351, 'compound': 0.9757}",0.9757,0.351,0.0,0.649,positive
746,2019-06-19 14:01:48+00:00,1,"One of the worst meals I have ever had at an Italian restaurant, anywhere.  No one should serve a bad Vitello Tonnato.  Just leave it off the menu.  The veal here is tough, not tender.  Even worse, is the tonnato sauce.  It looks too reminiscent of a white squirt and tastes of nothing.  The pasta was an overcooked, over-cheesed lead bomb.  The owner or owners have giving up on this place and it shows in the cooking.  Death spiral to follow.",False,0,0,0,Tony D.,en,"{'neg': 0.337, 'neu': 0.593, 'pos': 0.069, 'compound': -0.9864}",-0.9864,0.069,0.337,0.593,negative
745,2019-06-21 01:14:27+00:00,1,"Stay away from this place.  They don't take reservations understood.  Put your name in and they text you but never tell you wait time.  We were told we were next 4 top table to be seated so we were hopeful.  1:15 minutes later we were texted that our table was ready.  Ended up waiting another 30 minutes and then we were sat at community table with 8 other people! I wanted to leave but had no solid options at such a late hour.  Food average at best, wine list below average.  They are packed so other diners must see something I don't see but basic problem is being lied to.  Don't we have enough of that going on in the world.",False,2,1,1,Kevin P.,en,"{'neg': 0.131, 'neu': 0.717, 'pos': 0.151, 'compound': 0.5996}",0.5996,0.151,0.131,0.717,positive
744,2019-06-23 16:39:17+00:00,1,This place is entirely over hyped and over priced. Wild boar rage was completely dry and over salted and the waiters were unhelpful and terse,False,1,0,0,Mark P.,en,"{'neg': 0.255, 'neu': 0.745, 'pos': 0.0, 'compound': -0.8357}",-0.8357,0.0,0.255,0.745,negative
743,2019-06-23 21:54:27+00:00,5,I went to this place over the weekend and the food was phenomenal. The service was great too. It was a cute little place and everything was so fresh. Definitely real Italian food. Overall this place was amazing.,False,0,0,0,Molly L.,en,"{'neg': 0.0, 'neu': 0.62, 'pos': 0.38, 'compound': 0.9638}",0.9638,0.38,0.0,0.62,positive
742,2019-06-24 00:58:02+00:00,2,"I don't understand the hype of this place. I live in the West Village and have tried almost all the reputable restaurants nearby. This one is just ok-good, but definitely not worth the usually long wait and price. I think people go there for people watching. It's more of a scene than a good dining experience. I would recommend going to Babbo if you want solid Italian food in the neighborhood, with a similar price point. Mario Batali no longer manages or profits from Babbo so you can dine in good conscience.",False,0,0,0,A. T.,en,"{'neg': 0.146, 'neu': 0.66, 'pos': 0.194, 'compound': 0.5108}",0.5108,0.194,0.146,0.66,positive
741,2019-06-24 01:39:06+00:00,4,A four hour wait for a table!  Better be good.... and it was.  No reservation system (well none taken by phone).  Stand in line and give your name and come back 4 hours later.  It was Saturday after all.  Everything was delicious.  We had the green salad.  Delicioso.  We had the pasta and the fish.  Delicious.  Bread was delicious too.  Very professional and friendly service.  Great atmosphere and location.  Put your name in and take a really long walk!  We come back every visit to NYC.,False,0,0,0,Michael L.,en,"{'neg': 0.093, 'neu': 0.625, 'pos': 0.281, 'compound': 0.9798}",0.9798,0.281,0.093,0.625,positive
740,2019-06-25 16:52:55+00:00,5,"Via Carota falls into 2 categories of New York restaurants--its a place you will have to wait a LONG time for a table and its a place you have probably been wanting to try for a while. That being said, I was so excited when I was finally able to convince a group of friends to endure the wait with me. We went on a Thursday, we put our name in around 6:15 and were seated a prompt 3 hours later (as predicted). This is another one of those restaurants that requires patience, if you know what you are getting into you will have a great time. If you are expecting to sit down immediately, prepare to be upset. 

Once we were finally seated, the service was great. Our waitress was well informed with the menu and prompt with our orders. She helped us select a wine and had the patience to deal with our more than tipsy group (I blame the wait). 

The food: we ordered the burrata to start. My only complaint with this was that they gave us 2 tiny slices of bread with our cheese, we were a group of 5. I recommend ordering extra, but I think they should assess the number of people dining and customize orders accordingly. We then got the Funghi, this was absolutely delicious--a huge crowd pleaser. We followed with three pastas: the Tonnarelli, Pappardelle and the Tagliatelle. I love each of these pastas and truly cannot pick a favorite.

All in all I HIGHLY recommend this restaurants. My advice is to get there super early, put your name in and track down a bar (we went to the Village Tavern to watch the NBA draft). I also recommend this restaurant if you have visitors coming but forgot to make reservations. You can just lie and say this was the plan all along.",False,1,0,0,Sarah H.,en,"{'neg': 0.056, 'neu': 0.796, 'pos': 0.147, 'compound': 0.9839}",0.9839,0.147,0.056,0.796,positive
739,2019-06-25 19:29:15+00:00,4,"Only an hour wait for lunch on the summer solstice -- what augury of the meal to come! Of course the famous green salad was as good as everyone says -- but also about twice as big as expected, which was a pleasant surprise because I was sharing it with my date. In addition I ordered the tonnarelli cacio e pepe (sublime) and she the pasta special of the day, a very simple and elegant spaghetti with a vaguely 'maritime' sauce treatment, though it was vegetarian. We also split an artichoke and fava bean dish that was delightful, though somewhat small. In fact, the pasta dishes seemed remarkably small too, but proved so filling as to be impossible for us to finish the very last bite. Perhaps that was the salad's doing! I will also say that my negroni rosa was a tad sweet, though by no means bad, and the service at the bar was prompt and courteous. It's also not *that* expensive. Believe the hype!",False,3,0,0,John M.,en,"{'neg': 0.102, 'neu': 0.656, 'pos': 0.242, 'compound': 0.9879}",0.9879,0.242,0.102,0.656,positive
738,2019-06-27 00:12:22+00:00,1,"I just got a rejection from the guy saying I could get a table with a waiting time of 3.5 hours with a rude and angry face with no explanation whereas he was accepting people around for a waiting time of 30 min. It was Wednesday 26 at 7.30pm. His attitude is rude and unacceptable . I know the restaurant is famous but it's not worth taking people's attitude while we are supposed to be here and enjoy the food. If you value your time more, then don't come here. The queue is messy and not well organised. We do not know who came there before us, nothing was clearly explained",False,0,0,0,Chingman G.,en,"{'neg': 0.301, 'neu': 0.632, 'pos': 0.067, 'compound': -0.9865}",-0.9865,0.067,0.301,0.632,negative
737,2019-06-27 16:11:10+00:00,1,too much queue and not well organized when you arrive. the timeline for waiting is not clear at all.,False,0,0,0,Jules L.,en,"{'neg': 0.19, 'neu': 0.81, 'pos': 0.0, 'compound': -0.4585}",-0.4585,0.0,0.19,0.81,negative
736,2019-06-27 18:20:34+00:00,2,"This restaurant that was lauded in the New Yorker as one of the best was a major disappointment.  The host was surly and unhelpful.  Since this restaurant does not take reservations, the wait was nigh on to more than two hours!  When the food finally arrived, it was greasy and over salted.  The dish represented as lamb ribs was nothing but over cooked fat with almost no meat.  Bread was charged at an additional $2 for three slices.
The Village has many fine restaurants - this is not one of them.",False,2,0,0,Adele B.,en,"{'neg': 0.168, 'neu': 0.807, 'pos': 0.026, 'compound': -0.9253}",-0.9253,0.026,0.168,0.807,negative
735,2019-06-27 21:03:14+00:00,4,"The interior is classic like a nice italian trattoria . I  was forwarned and went at 5:15 on a monday. But when they put our name on the list was warned if the rest of my party wasn't there before 5:30 it could still be a wait . And so true there was a line by 5:30 . But we were NOT warned that even though he showed up , we could only get a table outside or wait 45 minutes . We sat outside.  ( we will NOT go again in summer ) if ever again, since I dont normally eat that early and have a job.  lol 
My friend enjoyed his heirloom tomatoe salad but wasn't special to me. The Cacio Pepe lived up to hype . Delicious . He liked his chicken . While I like the fried rabbit ( oh the fried bread with it was TOO good ) I would choose something else because while it was crispy & perfectly fried no real extra flavor . Better to get a rabbit ragout or something.",False,0,0,0,Lynn F.,en,"{'neg': 0.094, 'neu': 0.626, 'pos': 0.279, 'compound': 0.9926}",0.9926,0.279,0.094,0.626,positive
734,2019-06-30 15:24:43+00:00,5,"Returned for weekend brunch and had a great meal. Got seated within 20 mins outside (and menu is the same as dinner). Had an amazing salad with prosciutto and peas, a beautifully cooked fish, and of course the cacio e pepe. I'll be back again and again.",True,3,0,0,Gab G.,en,"{'neg': 0.0, 'neu': 0.779, 'pos': 0.221, 'compound': 0.9118}",0.9118,0.221,0.0,0.779,positive
733,2019-06-30 22:55:20+00:00,5,I love this awesome Italian restaurant. I discovered it walking around on Pride day. My server Paul was excellent and really made our dining experience great!! He is so kind and great to look at. He has a sexy Italian accent and knew the menu inside out. A real class act!!,False,0,0,0,Mack M.,en,"{'neg': 0.0, 'neu': 0.553, 'pos': 0.447, 'compound': 0.9867}",0.9867,0.447,0.0,0.553,positive
732,2019-07-04 15:55:10+00:00,4,"It's rustic and charming and even has a communal table, where we sat today.  Kind of a 'secret' brunch spot. The menu at noon on a Sunday is the same as any other time - but there are always (I'm told) two egg dishes available off-menu. It worked for us very well at both our Sunday brunch time visits. 

Picture a little dish of oil drizzled olives on a wooden table and Tuscan style bread to die for with that beautiful chewy crust and meltingly soft interior. It's $2 for the bread but so worth it and they'll bring all you want. Have a steaming Americano pressed just for you.

Food is exquisite. Look at the photos. Taste and quality are every bit as high quality as the presentation.

Service fell short of perfect but still very good. 

There's a good number of sidewalk tables as well as a private room. 

Recommended!",True,8,1,3,Gloria Z.,en,"{'neg': 0.068, 'neu': 0.715, 'pos': 0.216, 'compound': 0.974}",0.974,0.216,0.068,0.715,positive
731,2019-07-04 16:37:25+00:00,5,"This place was very delicious. My friend took me to a late lunch--good thing I didn't eat before because we ordered various dishes, it was so delicious. I watched a waiter bring out the tallest salad to a couple. This reminded me of one place that brought me the smallest salad on earth for $12: about 10 leaves in a dinky spot.

Now for what I ate: leek, rabbit, cacio e pepe, cannoli.

The large leek was juicy and a good sharing appetizer. You pick up the flesh by swirling it around your fork and then enjoy such delicious flavors and textures from its inside. 

Rabbit: Normally am super hesitant about eating rabbit for fear of it being too gamey or chewy. I don't know how old this rabbit was, but it took me a very short time to chew and enjoy. It was fried to perfection, super juicy, had a good bite (not hard, not dry, not chewy, just perfect, no game-y taste/aroma.) You could really mistake this for some exotic chicken or the juiciest chicken-pork animal. It was that good.

Cacio e pepe: This should be shared or else you will fall asleep immediately. I liked it, but did find it a tad salty--not so crazy salty, but just enough when paired with its insanely rich and thick sauce, you do need to drink water. This is what you call comfort food. It was delicious, but if they could tweak the saltiness, I'd be happier and eat more of it despite carbs not being nice to my waistline, but my tongue would say, just dance with me.

Cannoli: almost a healthier tasting version of cannoli compared to a place a like Ferrara's. This isn't as sweet as theirs, it's a lot smaller with a perfect shell (I mean perfect!) and it's beautifully piped and topped. Obviously this is piped fresh--who wants a soggy shell? I do like my sweets and appreciated that they held back on adding more sugar, but maybe a touch more sugar would be more...divine?

Overall I cannot wait to come back. My friend raved about this place and now I know why.",False,2,0,0,Q E.,en,"{'neg': 0.127, 'neu': 0.619, 'pos': 0.254, 'compound': 0.9962}",0.9962,0.254,0.127,0.619,positive
730,2019-07-04 21:49:20+00:00,3,"I have a couple of friends who consider this their ""favorite restaurant"" and I don't get it. I have celiac and they are not the most gluten free friendly. And whatever I had which supposedly was gluten free tasted good but not amazing. It's a good option if you're not GF, if you are, there are many other places that accommodate and serve similar food.",False,1,0,0,Nujood A.,en,"{'neg': 0.057, 'neu': 0.707, 'pos': 0.236, 'compound': 0.8736}",0.8736,0.236,0.057,0.707,positive
729,2019-07-06 04:18:27+00:00,1,"This Italian restaurant has dropped its quality so much that I cannot believe!!! I came for brunch a couple of time and as Italian I was so happy to find some real Italian specialties. But every time I came after there was something less... tonight they served me the TONNARELLI CACIO E PEPE WITH BUTTER!!!! It's terrible!!!!
Cacio e pepe is a very simple and authentic recipe that cannot be substituted with BUTTER AND BLACK PEPPER!!!! Pasta was dripping of oil ( look pictures) and was disgusting! Also I got the fried zucchini and they tasted oily and absolutely heavy, like they didn't change the frying oil for a long time. I'm happy to pay for real food but this really disappointing!!! I ate at the bar and I also asked the bartender if some changes have happened in the kitchen to have such a poor quality ... so really bad!",False,5,1,0,Ninah F.,en,"{'neg': 0.224, 'neu': 0.704, 'pos': 0.072, 'compound': -0.9878}",-0.9878,0.072,0.224,0.704,negative
728,2019-07-08 01:04:17+00:00,5,"Omg. So amazing! We got a table for lunch on a weekday with about a 15 minute wait. We had arancini to start which were so delicious. I then had the Cacio e Pepe which was the best one that I've ever had. It had just the right amount of cheese to pepper ratio and the right amount of creaminess. I finished the meal with the tiramisu, wow! I though I'd had great tiramisu in the past, but this one is to die for. The two hour commute from Connecticut was worth it for this restaurant. The service was excellent as well.",False,0,0,0,Lisa S.,en,"{'neg': 0.064, 'neu': 0.719, 'pos': 0.217, 'compound': 0.9525}",0.9525,0.217,0.064,0.719,positive
727,2019-07-09 04:14:50+00:00,5,"If I could eat Via Carota's glorious acciughe e burro every day until it killed me, I'd die happy. Pastas, chopped meat, and negronis are also excellent. Service is warm and knowledgeable. Atmosphere is effortlessly classic. Don't fear the wait -- put your name down early and enjoy an aperitif at Bar Pisellino across the street!",False,0,0,0,Alex T.,en,"{'neg': 0.111, 'neu': 0.594, 'pos': 0.295, 'compound': 0.9185}",0.9185,0.295,0.111,0.594,positive
726,2019-07-09 22:48:05+00:00,5,"Amazing pasta! Authentic and fresh! The place looks a little rustic in its decoration, which looks for me. My only complain would be about the staff that talks to you as they are in a rush.
It will be a mandatory stop for me next time I get back to NYC.",False,1,0,0,Mariana B.,en,"{'neg': 0.08, 'neu': 0.701, 'pos': 0.219, 'compound': 0.8439}",0.8439,0.219,0.08,0.701,positive
725,2019-07-10 17:36:34+00:00,5,"I had to go here after Samin Nosrat said that the Insalata Verde was the best green salad in the world, and she was right! 

Food 5/5 
My bf and I came right off of a bus from DC to NY and we were HUNGRY. -The Burrata de puglia was creamy and fresh, and the spring greens complimented the rich cheese well. 
-The insalata verde was deliciously fresh, and the vinaigrette wasn't too overpoweringly acidic. You really could drink it with a spoon. 
-The Fritto misto was light and well seasoned. The batter was light and not greasy.
-The polipo (grilled octopus) was tender and went well with the briny olive pesto. 
-The tagliatelle was very rich, and the hint of nutmeg cut through the sauce well. It was just a tad salty. 
-For dessert, the Zabaone with moscato marinated berries were good, but I couldn't really taste the moscato. If I went back I would order something else. The custard was smooth and rich and strongly vanilla. 

Service: 5/5
We sat at the bar and our bartender was amazing! He helped us find a wine that went well with every dish we ate, and brought out our food in a way that made sense, so we weren't overwhelmed with dishes. 

Price point: $$$ ($31-$60)

Dress code: Dressy casual",False,2,0,1,Suzanne N.,en,"{'neg': 0.019, 'neu': 0.762, 'pos': 0.219, 'compound': 0.9924}",0.9924,0.219,0.019,0.762,positive
724,2019-07-12 07:04:10+00:00,3,"Saw so many great reviews about this place and made it a must visit spot for dinner. I read there were long waits being there are no reservations but we figured we would take our chances. We got there at 7pm and was told it would be 3-4 hours!!! They took my phone number just in case, but we decided to eat elsewhere. I got a text at 11:15 pm that my table was finally ready. A couple days later I decided to try to go for lunch and got seated in 15 minutes. We were so excited to try their famous pasta and chopped steak. Everything about this resturant seemed overrated and over priced. The steak was more like a good hamburger and the pasta was only ok. Not worth waiting for this spot and better off elsewhere. Very disappointed.",False,0,0,0,Kaitlyn J.,en,"{'neg': 0.146, 'neu': 0.7, 'pos': 0.154, 'compound': -0.5178}",-0.5178,0.154,0.146,0.7,negative
723,2019-07-18 21:30:45+00:00,3,I didn't like the food here too much.  Had the meatballs which were the best thing I ate.  Cacio pepe which I thought was too peppery.  Also tried the chopped steak which was too raw for me.  Also tried the liver and the prosciutto and peas salad.  Both were just ok,False,0,0,0,Ann K.,en,"{'neg': 0.126, 'neu': 0.799, 'pos': 0.075, 'compound': -0.4423}",-0.4423,0.075,0.126,0.799,negative
722,2019-07-20 02:08:54+00:00,2,"When a restaurant makes you wait 4.5 hours for a table, it shows its absolute lack of respect for its customers. At that point, it should take reservations. Instead, they have extremely arrogant and unkind people keeping a wait list without ever smiling or displaying any sympathy. And the food? After a wait like that, it should've been a meal to die for. It was simply OK. The fad will wear off, and one day the space will be occupied by a Baby Gap.",False,0,0,0,Jorge S.,en,"{'neg': 0.292, 'neu': 0.613, 'pos': 0.094, 'compound': -0.9718}",-0.9718,0.094,0.292,0.613,negative
721,2019-07-24 01:46:56+00:00,5,"One of our favorite Italian restaurants in New York! After reading the New York Times review on Via Carota and a whole write up on their Insalata Verde (salad), we had to pay a visit to this critically acclaimed restaurant. 

Getting seated: We came for lunch at around 11:30am on a Friday and while it was packed, our party of two was able to be seated immediately. 

What we ordered: We ordered the insalata verde, the Vitello tonnato and their famous Cacio e Pepe. All were absolutely delectable!

The insalata verde came as a layers of lettuce, endives, frisbee and watercress that were dressed with a sherry vinaigrette. The New York Times said it was the best salad in the world and while that is a huge statement, we have to say that the salad was amazing. The dressing was light yet filled with so much flavor. It was tangy from the vinaigrette, sweet from the honey, and had an extra kick from the dijon mustard and the generous amounts of mustard seeds. The perfect way to start our meal!

Vitello Tonnato: This dish was absolutely incredible. My mouth still waters when thinking about it. Its not listed on the menu but is usually listed as a special, so make sure to specifically ask for it. The Vitello Tonnato is a dish that came with thin slices of chilled veal, toped with a creamy white sauce made out of tuna and capers. The tuna was so fresh that you could barely taste the fishy-ness in the sauce. I think the saltiness of the tuna actually enhanced the flavor and complimented the veal perfectly.

Cacio e Pepe Tonnnareli: We ended our meal with the Cacio e Pepe, and it was amazing. Cacio e Pepe is such a simple dish but when done right, it makes a world of a difference. The cheese they used was impeccable and they had the right balanced of creaminess, thickness, and amount of pepper. 

We loved our experience in Via Carota. It was one of our first Italian restaurants we visited in New York, and after visiting 5 other Italian restaurants, Via Carota would have to be one of our top!",False,2,0,1,Olivia M.,en,"{'neg': 0.003, 'neu': 0.847, 'pos': 0.15, 'compound': 0.9956}",0.9956,0.15,0.003,0.847,positive
720,2019-07-25 00:18:00+00:00,5,"Came for Saturday lunch, ordered burrata, the famous insalata verde, and cacio e pepe.

Bottomline - Amazing texture and flavor for everything we ordered. Much better than some of $$$$ restaurants in midtown.

[Burrata] Simple but solid. The cherry tomatoes were really sweet.

[Insalata verde] Every leaf glowed in their bouncy fresh perfection. The sherry dressing was absolutely delicious, yes, but it was the freshness of the salad leaves themselves that really impressed me. Flawless and crunchy.

[Cacio e pepe] Pasta was cooked to hit the sweet spot - chewy but not undercooked. It was on the peppery side, but just enough to balance out the cheesiness of the dish.",False,0,0,0,J. M.,en,"{'neg': 0.045, 'neu': 0.596, 'pos': 0.359, 'compound': 0.9949}",0.9949,0.359,0.045,0.596,positive
719,2019-07-28 03:58:02+00:00,2,"READ BEFORE GOING!!!

Lets start off with the hospitality...the front hostess was very rude and short and when walking in trying to communicate when a table would be available. I understand this place is a first come no reservation place, but when I arrived it was 3 and half hour wait with reservations already in place. So I was confused about that because it should be on their website in bold letters ""First come make your reservations"". So I wound up coming back 3 and half hour later for a 10:30 reservation. As you could imagine it was a subpar Italian restaurant with people who work there looking like they are mad at the world. I tried to take my girlfriend to a romantic place and our waitress was unaccommodating/rude. 
To the food:
Arancini- weird taste very unusual for a traditional rice ball
Seafood salad- fishy and distasteful
Prosciutto and melon- very good juicy melon

Risotto- so lemony it felt like it was taking the enamel off my teeth 
Cacio e pepe- I love pepper don't get me wrong but this was just way too much. 


Overall somebody recommended this place to me and from the start it was downhill. The hospitality put a bad taste in my mouth of them not caring if people waited or enjoyed their food. 

Not worth the wait and not worth trying. Plenty of other fantastic Italian restaurants in the city with no wait and pleasant staff.",False,0,0,0,Anthony C.,en,"{'neg': 0.165, 'neu': 0.655, 'pos': 0.18, 'compound': 0.8276}",0.8276,0.18,0.165,0.655,positive
718,2019-08-02 16:47:08+00:00,4,"Really good spot , just wish they took reservations !!! Small portion sizes but fills you up. Overall would recommend, just make sure your coming in 3 hours before you intend to eat because that's usually how long the wait is (even on weekdays).",False,1,0,0,Carolina P.,en,"{'neg': 0.249, 'neu': 0.582, 'pos': 0.169, 'compound': -0.8329}",-0.8329,0.169,0.249,0.582,negative
717,2019-08-04 14:43:43+00:00,5,"Ok this is definitely a food experience to remember, and one of my favorite Italian dinner in New York City. Everyone was right (reviewers, food critics, etc.) with regards to waiting line and deliciousness.

I came here in a Thursday evening around 6. I was in line to put down my name, and at 6:30 pm I was told my table for 2 was available between 7:30-8 pm. They do not take phone number; they just add names on a column with chalk. It's an honor system and it works! The person who manage that list is my hero. I went get drinks around the corner and come back at 7:35. At 7:45 we were seated inside in a lovely two people table. 

The menu is tackle in your chair, and it's monthly. There are delicious options for appetizers, 5 types of pasta, 5 fish and 5 meats, plus plenty of veggie sides. The server also has some special for the day that we gladly jumped on. We shared a vitello tonnato, and get a pasta with tomatoes and blue crabs and a soup with seafood and shells (zuppa con le vongole.) The vitello tonnato was to die for. Perfect in its thin slices of smoked viel, and top sauce of tuna and capers. We were awed by it. My pasta with blue crabs was amazing, so reach of blue crabs and fresh tomatoes, and the zuppa was apparently really good as well. 

We finished dinner with roasted peaches with amaretto and mascarpone cream. Top notch. 

This gem restaurant will make you feel you are in Tuscany or Italy in general for a couple of hours for sure. I can't wait to find another excuse to go there, and it was not too expensive either (compared to crazy nyc fancy restaurant prices!)",False,4,0,1,Martina C.,en,"{'neg': 0.043, 'neu': 0.76, 'pos': 0.196, 'compound': 0.9939}",0.9939,0.196,0.043,0.76,positive
716,2019-08-05 01:57:23+00:00,5,"I don't know where to start. We were at this place at 11 PM and the place was packed and had to wait for 30 min to get seated. Worth the wait! They made excellent drinks  from the bar. Ordered the old fashioned and it was well balanced.
Their salad Insalate verde was outstanding. We just wanted to order everything from the menu and settled on the lobster pasta, Vongole (clams) and the steak. The lobster pasta was so tasty and one of the best pasta I ever had in NY.  Their service was outstanding and had good choice of deserts. The cannoli was yummy! The only feedback is they do not take reservations so you have to wait.",True,0,0,0,Shawn S.,en,"{'neg': 0.067, 'neu': 0.69, 'pos': 0.243, 'compound': 0.9831}",0.9831,0.243,0.067,0.69,positive
715,2019-08-05 17:04:25+00:00,5,Fabulous Italian restaurant!! Very authentic!! I like the small dishes and thus ability to try multiple items!! Service was fantastic! Great ambiance and cute area of the city!,False,1,0,1,Adam F.,en,"{'neg': 0.09, 'neu': 0.451, 'pos': 0.459, 'compound': 0.9464}",0.9464,0.459,0.09,0.451,positive
714,2019-08-05 19:55:38+00:00,5,"Visiting Via Carota was a highlight of my recent stay in New York. I wasn't aware of the Samin Nosrat and New York Times endorsements, but a friend who's vegetarian said that they had an abundance of high quality and substantial non-meat options, and this was enough encouragement for me. 

We arrived for lunch at noon sharp, and this was a good move. We were seated relatively quickly, but the place got progressively more mobbed throughout our meal (they don't take reservations). The space has a cozy yet refined aesthetic, like entering the dining area of one of those plush townhouses that fill this upmarket West Village neighborhood.

The Insalata Mista was ample enough for 3 to share, and deliciously balanced with acidity and oil. The funghi option, including grilled mushrooms and smoked scamorza cheese was off the charts delicious (so much umami, so much luxurious richness from the cheese)! My photos don't do it justice--it's a homely looking dish, but unbelievably good. The tonnareli with cacio pepe (cheese, black pepper, housemade pasta) was also glorious, if a bit on the modest side when split 3 ways.

I would happily visit here again in a heart beat. Service was excellent and efficient, and they offer some nice mocktails, like a housemade ginger and lime soda.",False,5,1,3,Abigail S.,en,"{'neg': 0.0, 'neu': 0.708, 'pos': 0.292, 'compound': 0.9978}",0.9978,0.292,0.0,0.708,positive
713,2019-08-06 03:32:53+00:00,4,If I could lick a bowl in a restaurant without any shame I'd do it for the Cacio e Pepe.  This dish was the best item we ordered here and we almost fought over it at the end.  Another favorite of mine were the grilled peaches with mascarpone cheese and honey. So simple but so satisfying! Can't wait to come back here to try the other dishes.,False,4,0,4,Tanima M.,en,"{'neg': 0.02, 'neu': 0.754, 'pos': 0.226, 'compound': 0.9485}",0.9485,0.226,0.02,0.754,positive
712,2019-08-06 16:18:28+00:00,4,"Came here on a Wed night in late June for a ""dinner club"" with two girlfriends.  We try to go to a different and exciting spot every month and there's obviously been a lot of buzz about this place.  Since we knew they don't take reservations and we expected a wait, my friend got there just before 6pm to put our name down - they estimated a 1.5 hour wait.  They do take your number and text you when your table's almost ready, so we got a drink at a bar nearby.  Think we got in in less than 1.5 hours, but the estimate was close.  We sat at a communal table in a small back room, but we weren't squeezed and there was enough separation for the two distinct parties at the table.

For the food - we shared everything: arancini, burrata, prosciutto and melon, grilled artichokes, octopus although I didn't eat it, and three pastas, the cacio e pepe, pappardelle with wild boar ragu, and the tortelli.  We expected to have to take some to go since we ordered quite a bit, but... we pretty much ate it all! Everything was pretty good, but hands down the cacio e pepe was an absolute standout for me.  It's to die for.  The noodles are a perfect chewy consistency with the right amount of bite. I still think about it. If you've never had cacio e pepe before or if you've never liked it - come here and just get it.  I'd come back for this dish alone. The tortelli was also another favorite, but note it's another creamier dish. We probably could've done without the prosciutto and melon (a bit boring I guess), and the pappardelle was not that memorable. I wish we got the green salad instead but I didn't know the hype at the time. For dessert we had a simple dish of grilled peaches and cream. It was delicious and perfect for summer. We actually saw the table next to us ordered a second one after they tried it!

Overall, 4 stars because I loved that cacio pepe so much and want everyone to try it.  Minus 1 star for the wait and no reservations, and the rest of the food being good but not necessarily as memorable.",False,0,0,1,Sheena L.,en,"{'neg': 0.107, 'neu': 0.751, 'pos': 0.142, 'compound': 0.9354}",0.9354,0.142,0.107,0.751,positive
711,2019-08-08 23:44:21+00:00,3,"Food was tasty and served fast. Service was nice and friendly but felt a bit inattentive and short of perfect. 

Perhaps it was because I was seated at the bar and talked to different bartenders on a busy weekday afternoon, but they didn't tell me their seasonal special menus which were explained to the customer arrived after me. It was not a big deal but would've been great if they told me when I asked them their recommendations.

Also, I was told they didn't have the Polipo (grilled octopus entree) which I wanted to try at the time, however, I saw that dish was served to another customer.
The Svizzerina (chopped steak) which I finalized with was a bit oily for my taste but still juicy and flavorful.

I hope it was just because I came at the wrong time. I would like to come back and try different dishes some other time.",False,0,0,0,Karin S.,en,"{'neg': 0.024, 'neu': 0.731, 'pos': 0.245, 'compound': 0.9918}",0.9918,0.245,0.024,0.731,positive
710,2019-08-11 15:45:46+00:00,2,Unfortunately there has been a real decline in the quality of food at Via Carota. One out of 3 dishes that we recently ordered was overcooked and essentially inedible. We also had a pasta dish (which we had enjoyed a few months ago) that now has clear notes of iron and acidity. Are the tomatoes in the sauce fresh? Probably not. Overall we were very disappointed and will not be returning.,False,0,0,0,Api R.,en,"{'neg': 0.216, 'neu': 0.673, 'pos': 0.111, 'compound': -0.908}",-0.908,0.111,0.216,0.673,negative
709,2019-08-12 03:10:10+00:00,5,"Walked in here on a whim and wow was I glad we did. Firstly, such kind staff that made the experience so enjoyable. On top of that, the food was delicious. My favorite being this bruschetta with goat cheese, figs, pancetta, herbs and honey. AMAZING. We also got the Bolognese which was super flavorful. Definitely one of the best restaurants in the area.",False,0,0,0,Lina P.,en,"{'neg': 0.0, 'neu': 0.514, 'pos': 0.486, 'compound': 0.9937}",0.9937,0.486,0.0,0.514,positive
708,2019-08-14 14:42:47+00:00,4,"After hearing about this place for the past 2 years, and everyone hyping this so called ""best salad ever,"" I finally committed to trying this spot. My friend put our name down and we waited 4 hours. Yes, you read correctly, 4 hours. But we knew this coming in, which is what you quickly learn after the first, second, and third time of trying to get in. The appetizers were phenomenal, but it went a bit downhill from there. We tried the zucchini friti which were seriously so addicting that we finished them all. We had the grilled artichokes with aioli which were divine. And lastly, we had the salad that everyone and their mother has bowed down to. The salad was good, don't get me wrong. But this salad isn't the best one I've ever had by any means. It's just a green salad with several types of lettuce and a good garlicky dressing. Good, but not the kind of salad I'd cut off a limb for. 

However, the pastas were quite disappointing, which I didn't expect for how hyped this place is. I got the Cacio e Pepe, which was absolutely delicious UNTIL I noticed while I was on my last couple of noodles, the pool of oil underneath it. It's not like I'm an italian whose Nonna has made Cacio e Pepe since I was in the womb by any means, but I'm pretty sure Cacio e Pepe is supposed to be primarily cheese, pepper, and a shit ton of butter. So that was a bit sad, but I'd probably order it again if I could get past the pool of oil. My friend had the boar ragu which I really didn't like. The meat was so incredibly dry and the sauce didn't do anything for me. They should take this off the menu IMO. We also had the tortelli, which were good but not great. Overall, this meal was GOOD, not great. This is the kind of meal I'd wait an hour, hour an half for. But I don't think the food is 4 hour wait worthy. Next time I go I will go heavier on the appetizers and skip the pastas. I do recommend you try it for yourself and see.",False,1,0,1,P K.,en,"{'neg': 0.12, 'neu': 0.718, 'pos': 0.161, 'compound': 0.954}",0.954,0.161,0.12,0.718,positive
707,2019-08-17 15:49:13+00:00,5,"My boyfriend and I came here for lunch after I saw Via Carota recommended by The Infatuation. Just wow. Service was top notch and attentive. The food, even better. My boyfriend ordered the fried rabbit and I had the cacio e pepe. Both were absolutely delicious! We both kept digging into each other's food. The cacio e pepe was just the right amount of cheesy-ness and peppery-ness. It was my first time tasting rabbit and Via Carota managed to make the fried rabbit taste like perfectly fried chicken. For dessert, we ordered tiramisu which was a solid 9/10 (I am a tiramisu fanatic). We can't wait to come back and try other dishes!",False,1,0,0,Teresa L.,en,"{'neg': 0.0, 'neu': 0.728, 'pos': 0.272, 'compound': 0.9877}",0.9877,0.272,0.0,0.728,positive
706,2019-08-18 18:55:04+00:00,5,"Hearty tasty satisfying and unpretentious. Every neighborhood in America deserves a Via Carota, seasonal ingredients, plenty of veggies, clean flavors, filling and home cooked in the best way imaginable. Everything from the chairs to the plates and the menu design makes feel all warm and fuzzy... like I want to be friends with whomever designed it so more of that goodness can rub off on me. So how was the food? Order everything on the special menu and you won't regret it.",False,0,0,0,Hypex O.,en,"{'neg': 0.0, 'neu': 0.64, 'pos': 0.36, 'compound': 0.9905}",0.9905,0.36,0.0,0.64,positive
705,2019-08-18 19:25:11+00:00,5,"Came here on a Saturday afternoon and waited about 15 min - I normally don't like waiting for a restaurant but with their no reservation policy, I'd gladly wait again for their cacio e pepe and tiramisu. 

Tonnarelli cacio e Pepe - closest I've had to the cacio e pepe at Padella. At $23, the price is a bit steep for a plate of pasta and cheese but it's well worth it - the emulsified cheese sauce clings perfectly onto the noodles. I would like a chewy and thicker noodle (like pici) but the tonnarellI will do. 

Tiramisu - wasn't on the menu but we asked our waitress for it. A lot of tiramisu have soggy and gritty ladyfingers but this one doesn't have that issue. The mascarpone layer was also one of the smoother one I've had. If you're looking for a treat, the tiramisu is well worth it.",False,2,0,0,Sophie L.,en,"{'neg': 0.114, 'neu': 0.748, 'pos': 0.138, 'compound': 0.4272}",0.4272,0.138,0.114,0.748,positive
704,2019-08-20 00:57:16+00:00,4,"First thing to know is that you cannot book a table here. It is so hype that they can't make this work. 
We tried to go to this place 3 or 4 times in the past year and it was always ultra packed with 1 or 2hours before getting a table. This time, we went at 5pm on a Monday and they had free spots. 

We ordered 2 appetizers (Burrata and Bruschetta), had a Ragu and Salad as our main dishes. And we ended with a Tiramisu and Semi Freddo chocolate mousse. 

Around $150 for 2 including tip. 

The food was tasty and well presented. Service was kind of slow but great. Probably why you have to wait a lot to get a table there. But it is a good thing when you are seated, they don't rush you. 

Overall, a great restaurant with above average food. Not sure why the hype about this place. Plenty of similar restaurants in NYC. Not worth 2h wait IMO. Come early for quick seating!",False,1,0,0,Nicolas I.,en,"{'neg': 0.106, 'neu': 0.774, 'pos': 0.121, 'compound': 0.5932}",0.5932,0.121,0.106,0.774,positive
703,2019-08-20 02:42:52+00:00,5,"Via Carota is the spot. Consistent over the top service, food and people watching. The can't miss items: Insalata Verde, Cacio Pepe and the funghi. The menu changes somewhat seasonally but the mains never leave the one pager (thank god). If you're visiting in the winter, make sure you try red wine risotto - looks simple on paper but is loaded with flavor. If you're stopping by in the summer - the fava e scarloe is just wow. Always listen carefully to the specials but don't get caught up on the branzino- they literally always have it. If you're lucky to go more than once, other items to taste: the prosciutto (so under rated, order extra bread + olives) the meatballs, & the roast chicken. Honestly everything is good. 10/10 every single time.",False,3,0,0,Laura G.,en,"{'neg': 0.013, 'neu': 0.813, 'pos': 0.174, 'compound': 0.9698}",0.9698,0.174,0.013,0.813,positive
702,2019-08-22 00:03:34+00:00,3,"I am a fan, but not a four star fan. 

Positive: DELICIOUS! Outside seating, full of charm
Negative: Long wait, you have to pay for vinegar, but its ""all the way from Modena"" ;) 

So charming, so West Village. Via Carota is one of three very similar spots within a 1 block radius. The staff here will let you know of a 2-3 hour wait without batting an eye lash.

The food is quite delicious, although portions are indeed small.One dish will not be enough. 

Bread is not included, but $2 with olive oil and another $1.50 for a splash of vinegar ""all the way from Modena"". I still don't see how a splash of vinegar costs $1.50, but whatever. 

I recommend their citrus salad and a cocktail. Their tea selection is limited and bagged tea, so you can skip that. 

Come here to sit outside and enjoy the sunny weather with a light dish.",False,1,0,0,Marie D.,en,"{'neg': 0.164, 'neu': 0.578, 'pos': 0.258, 'compound': 0.9733}",0.9733,0.258,0.164,0.578,positive
701,2019-08-25 18:45:50+00:00,1,"Rude Service, 3 hour wait (even with empty tables) for mediocre food. In a city filled better restaurants  which are amazing, much more lively and have better tasting food... this restaurant will be a loser inside of two months. If i'm waiting three hours to sit in this restaurant I better be getting a massage and the cook better tap dance in front of me while cooking. Huge waste of time, huge let down.",False,2,1,0,J C.,en,"{'neg': 0.215, 'neu': 0.552, 'pos': 0.233, 'compound': -0.0534}",-0.0534,0.233,0.215,0.552,negative
700,2019-08-28 01:09:18+00:00,5,"One of the best meals I've had in recent memory.  I dined here in December with a few coworkers and virtually everything we ordered was excellent.  Here are some of the highlights...

Olive all 'Ascolana
Burrata di Puglia
Zucchini Fritti
Carciofi alla Griglia
Polipo
Carciofi alla Griglia

The only downside is that Via Carota doesn't take reservations, and has a huge buzz so you can expect to wait if you're planning on stopping in on a Friday or Saturday night.  We came by on a Thursday and were seated, but at a family style table with other parties (which actually made things terribly fun).",False,2,1,1,Serge L.,en,"{'neg': 0.09, 'neu': 0.818, 'pos': 0.092, 'compound': 0.0644}",0.0644,0.092,0.09,0.818,positive
699,2019-08-29 15:44:06+00:00,2,"Incredibly disappointed and worst service I have ever experienced. I had sent an email earlier in the week notifying the restaurant that I was coming to celebrate an anniversary and whether they can hold a table for me. Although they don't take reservations, they assured me that the busy hours are 630 to 930 and if i came before or after then i would have no issue. I came to put my name down at 550 pm and they told me my table would be ready at 8:30! 2 and half hour wait. I went to a nearby bar until then only to return and find out that the table wouldn't be ready until 9. The host had an array of excuses blaming the wait on the weather and that a few tables weren't getting up. I'm sorry but every restaurant deals with table turnover and time management so this is nothing new. Especially if you don't take reservations you should construct an effective system to get customers in and out. When i further explained the situation to our waitress, she mentioned she'd be able to take some items off our bill which I thought was appropriate. However, in the end, she gave us an extra dessert that we didn't even ask for. Would have made much more sense to just comp the dessert we ordered! The food was very solid but I've been to a thousand Italian restaurants in that area and this is certainly not worth waiting 3 hours for, or even 1 hour for that matter. I'd go to L'Artusi, Frankies 570, Don Angie, or Barbuto before i come here if I want Italian.",False,1,0,0,Diner S.,en,"{'neg': 0.069, 'neu': 0.858, 'pos': 0.072, 'compound': -0.323}",-0.323,0.072,0.069,0.858,negative
698,2019-09-01 22:40:12+00:00,5,"So good! The Cacio e Pepe is one of their most popular dishes and I can see why! The zucchini fries are amazing without being too heavy either, perfectly salted. And their olives are the best I think I've ever had. Just be prepared for a 3 hour wait!",False,0,0,1,Kayla F.,en,"{'neg': 0.055, 'neu': 0.6, 'pos': 0.345, 'compound': 0.9575}",0.9575,0.345,0.055,0.6,positive
697,2019-09-03 01:44:46+00:00,5,"From the atmosphere to the food, this was an amazing dining experience. The pasta was incredible, the selection of wines and negronis was pretty good and the service was great. In addition to some of the pasta we got the broccoletti, a pork special that was shareable among three people and panna cotta, biscottis and tiramisu for dessert. None of us could name a part of the meal that we weren't happy with.",False,0,0,0,Stef J.,en,"{'neg': 0.035, 'neu': 0.767, 'pos': 0.197, 'compound': 0.9287}",0.9287,0.197,0.035,0.767,positive
696,2019-09-03 13:54:43+00:00,2,"If I were reviewing Via Carota solely based on their food, I would give it more stars.  Unfortunately, the dining experience isn't limited to the food quality, but service is just as important - a lesson Via Carota needs to remember.  We came here for my mother's birthday and waited about 1.5 hours.  After we were finally seated, everything seemed pleasant and we started our meal with the arancini balls and their signature salad which was absolutely delicious.  When we went on to the main dish of salt-baked branzino and svizzerina (which I definitely recommend), my father and I decided to have a glass of red wine each. The waiter brought the wine, poured a bit into my father's glass to taste and upon approval poured his glass.  He poured the remainder of the bottle into my glass, but it wasn't enough so he returned with a new bottle.  Now, at a restaurant such as Via Carota where the prices reflect a certain standard and quality, you would think that if a new bottle of wine is opened it should be tasted first to make sure it's not corked. Instead, the waiter directly poured this new wine over my half-filled glass.  It was clear to me the waiter had no training or understanding as to how to serve wine - something waiters at a restaurant with Via Carota's prices and reputation should definitely have.  Despite this, we continued with our meal and ordered some dessert and coffee.  While we were having coffee, instead of offering us an after dinner drink (they're known for their great grappa list), the waiter comes and leaves the check on our table without asking us if we'd like anything else.  It was clear he couldn't wait to get us out so that his shift would be over, but again this kind of poor quality service is enough to ruin your entire dining experience.  As if this weren't bad enough, after I asked for the grappa menu and ordered 2 glasses, he poured two very uneven pours into our glasses.  When I was about to ask about it, before I could speak he looked to me and said ""you know, these are really generous pours I shouldn't even be giving you that much"" and walked away.  I was shocked at how defensive and nasty his attitude was - so much so that we couldn't wait to leave.  This was such a disappointing experience, since the food really is quite good and Via Carota could be such a lovely place if they trained their staff better. With its prices and reputation, you expect a certain standard of service but this was nonexistent and such a shame. Very disappointed.",False,1,0,0,Lisa T.,en,"{'neg': 0.102, 'neu': 0.732, 'pos': 0.165, 'compound': 0.9844}",0.9844,0.165,0.102,0.732,positive
695,2019-09-04 11:11:54+00:00,3,"It was very busy when I arrived which made me excited. The wait time during lunch was over an hour but luckily, I got seated within a few mins. 

Pomodoro mozzarella salad - fresh and light. Can't go wrong with tomatoes and mozzarella 

Cacio e Pepe - it was okay. One of my favorite pastas because it's so simple yet delicious, however, I was a bit disappointed in this dish. It was quite oily and I was missing the black pepper flavor. 

Spaghetti alle vongole - same issue. It was a little too oily for my liking and the white sauce was more watery than what I'm used to. 

It's a cute restaurant. Urban, hipster plant decor and they have outdoor seating. Probably won't come back unless someone else wanted to go.",False,1,0,0,Annie L.,en,"{'neg': 0.14, 'neu': 0.639, 'pos': 0.221, 'compound': 0.9381}",0.9381,0.221,0.14,0.639,positive
694,2019-09-06 18:17:03+00:00,5,"The only bad to thing to say, is the wait. Otherwise - a home run every time !!! Love this place. Food, design, service, wine - they get right every time!!!
Love the burger and their salads are amazing.
Can't wait to go back...",False,1,0,0,Guy B.,en,"{'neg': 0.196, 'neu': 0.582, 'pos': 0.222, 'compound': 0.3753}",0.3753,0.222,0.196,0.582,positive
693,2019-09-08 15:57:28+00:00,5,"So many delicious vegetarian options. If you don't eat animals, make a meal out of all the side dishes and you won't be disappointed.",False,0,0,0,Per Erik B.,en,"{'neg': 0.0, 'neu': 0.651, 'pos': 0.349, 'compound': 0.9222}",0.9222,0.349,0.0,0.651,positive
692,2019-09-08 19:12:15+00:00,1,"This place doesn't honor its waitlist. We submitted our name at 6pm and were told a table should be ready at 7:30pm-8pm, and they would text us. We wandered back at 7:40pm and although the hostess recognized us, we were told that due to ""some large parties"" our table would not be ready until 9:30pm-10pm. This was the same time told to the people in front of us when we returned who were just putting their name in. Despite this change, nobody ever contacted us. We had canceled our back-up reservation at Bobo (which is just up the street) at 8pm because we trusted the hostess to be honest. Fortunately, we ended up getting into Bobo anyway, and had a good meal.",False,0,0,0,Kevin 2.,en,"{'neg': 0.02, 'neu': 0.852, 'pos': 0.128, 'compound': 0.9242}",0.9242,0.128,0.02,0.852,positive
691,2019-09-09 23:41:31+00:00,1,"I would steer clear. First, they won't take reservations. So we put our name on the waitlist for a table for two. Then another couple walked in after us. Their name was put on the waitlist ahead of ours and then they were seated immediately. Totally unacceptable. 
It doesn't matter what the food tastes like when the staff is so rude. We won't be back!",False,1,0,0,Jack S.,en,"{'neg': 0.225, 'neu': 0.713, 'pos': 0.063, 'compound': -0.9529}",-0.9529,0.063,0.225,0.713,negative
690,2019-09-13 03:49:43+00:00,5,"Fantastic restaurant and great service! We came here for lunch, they were quite busy, but we managed to get a table. We ordered cacio e pepe, seafood salad and their daily special, egg and artichoke, plus zabaione for dessert. Everything was excellent! Would love to come back here.",False,0,0,0,Z E.,en,"{'neg': 0.0, 'neu': 0.674, 'pos': 0.326, 'compound': 0.9676}",0.9676,0.326,0.0,0.674,positive
689,2019-09-16 02:38:28+00:00,5,"The experience at Via Carota is exactly what Italian dining should be. With my first bite of the cacio e pepe, I was transported back to rhe streets of Italy. It's the perfect ratio of pepper and cheese with perfectly thick and chewy pasta. They're known for the cacio e pepe but the specials and other menu items sounded amazing as well. The ambiance is lovely with a rustic chic atmosphere and the service is great. If you can make it for lunch on a weekday, you can avoid the long wait. I grabbed a seat at the bar around 1pm and the bartenders were friendly and engaging. I saw them churning out just as many cappucinos as they were plates of pasta so I had to order an affogato even though I was stuffed. It was creamy, smooth, and the perfect end to my meal. P.S. mini biscotti come with the coffee drinks and affogato.",False,0,0,0,Monica C.,en,"{'neg': 0.11, 'neu': 0.664, 'pos': 0.226, 'compound': 0.9718}",0.9718,0.226,0.11,0.664,positive
688,2019-09-17 01:29:57+00:00,4,"The mushroom dish is every mushroom lover's dream. It's super delicious. That's probably the one dish I'd highly recommend. It has scamorza cheese at the bottom. I also suggest ordering plenty of appetizers. They are more creative than the mains. 

I'm giving this place a 4 star instead of a 5 because:
- wait time is long and they don't take reservations 
- pasta was way too salty
- leafy green salad was good but not worth $18
- portion for entrees is very small",False,1,0,1,Mia S.,en,"{'neg': 0.169, 'neu': 0.669, 'pos': 0.163, 'compound': -0.5492}",-0.5492,0.163,0.169,0.669,negative
687,2019-09-18 12:14:11+00:00,4,"Via carota is an amazing place to eat Italian food with a fusion with the taste and the style of Nyc. I loved the location, the environment and the food ... there's also a nice counter for delicious cocktails. The only negative note I need to express, is that some waiters aren't very kind or friendly, and I found always a long queue to get inside... whatever I'll recommend that places for the freshness and the quality of their food, which was always really tasty",False,0,0,0,Eve R.,en,"{'neg': 0.138, 'neu': 0.597, 'pos': 0.264, 'compound': 0.9389}",0.9389,0.264,0.138,0.597,positive
686,2019-09-18 15:14:37+00:00,5,"Stumbled in as I saw an open seat at the bar and needed a wine and the bathroom.... 100 bucks later I walked out wondering where I just was and why it was so good......

Upon research, it all started to make sense.....

The setting was like a warm, festive garden ballet, with one graceful worker playing off the other with barely a gesture or nod... The bartender was right on top of it and offered a wealth of perfect, unforced information..... A bubbly Trebbiano started the dance, and perfectly complimented the robustly seasoned insalata di mare...... As I started to put my slightly stoned pieces together, I recalled reading about the place but assumed it was a vegan joint...until I noticed the chopped steak offering lurking and looming in the bottom corner of the menu.... I could tell by the smile from the 'tender that I had ordered something good... He matched it up wonderfully with a Frescobaldi Super-Tuscan, and it was truly a moment upon the first bite..... OMG, that was a Proustian experience of flavor explosion like no other.... The sear on the meat, with the spread garlic/rosemary confit and that perfectly pink salty, bovine center was something I'll remember for a long time.......wow...... I'm speechless...

After a delicate delicious cannoli desert and a splash of an obscure Amaro, I literally skipped home loving life, NYC, and my spontaneous adventure down Carrot Street with my new best friend Svizzerina..... Bravo!",False,0,0,0,Dominick B.,en,"{'neg': 0.069, 'neu': 0.666, 'pos': 0.265, 'compound': 0.9954}",0.9954,0.265,0.069,0.666,positive
685,2019-09-21 19:21:11+00:00,5,"Via Carota is absolutely lovely, this sublime mix of simple, delicious food and a vibrant, intimate, open feel. The waitstaff is approachable and helpful. Like actually helpful. Vegetables really shine, multiple need to be on your table. 

Most of all, Via  Carota is a place for all occasions- late Sunday night supper, big blowout celebration, special date night. The menu flexes to your need, chicken livers and a light fennel salad, grilled radicchio with goat cheese, tagliatelle with prosciutto and parm. Truly delicious.",False,0,0,0,Edward J.,en,"{'neg': 0.0, 'neu': 0.622, 'pos': 0.378, 'compound': 0.993}",0.993,0.378,0.0,0.622,positive
684,2019-09-21 20:45:12+00:00,4,"What a charming place. Delish but quite the wait. A friend arrived at 5:45pm and there was already a line out the door to put their name down for rezzies. We heard the average wait was 3hrs even for a party of 2! But we rolled with it. There's a tiny seating/waiting area where you can order drinks but it seemed like a lot of people just went elsewhere while they waited. I arrived around 6pm and we stayed put, ordering wine while we waited and chatting with other patrons (particularly one gentleman who had arrived solo at 5pm ahead of his first date, and was eventually seated at 8pm! His date came at 7:30pm sooo #perseverance). Anyway, my friend and I were lucky - 2 spots opened up at the bar at 7pm, and to be honest, we didn't mind at all. I would gladly do bar seating next time as well. 

Sadly, I'm celiac so I did not try the pasta (although the cacio + pepe looked great). But we ordered a few veggie appetizers to share and they were simple but so good! We ordered (and I double checked that everything was gluten free):
1) Insalata verde: leafy greens in sherry vinaigrette
2) Pomodori grigliati: heirloom tomatoes & Mozzarella di Puglia
3) Carciofi alla griglia: grilled artichokes with aioli

I intended to order a main but didn't end up needing to! Even with splitting the above, I was so full! Next time I would do the same - apps + wine. My friend ordered the wild boar ragu, which she said wasn't spectacular - but she still finished it. We ordered the panna cotta for dessert and I would pass on that next time. The bartender recommended it but panna cotta in the US just doesn't compare to Italia! Anyway, will def be back.",False,0,0,0,Kanan M.,en,"{'neg': 0.069, 'neu': 0.786, 'pos': 0.145, 'compound': 0.9772}",0.9772,0.145,0.069,0.786,positive
683,2019-09-24 15:51:18+00:00,5,"THIS PLACE!!! OMG worth the wait! Worth every single minute of the two hours that we waited!! I loved this place it so amazing and the pasta...wowzer!! I would suggest getting there as soon as you can and putting your name down, grab a drink around the area and just wait to enjoy one of the best meals of your life.",False,0,0,0,Jackie D.,en,"{'neg': 0.087, 'neu': 0.642, 'pos': 0.271, 'compound': 0.9364}",0.9364,0.271,0.087,0.642,positive
682,2019-09-25 00:54:17+00:00,4,"Overall, a solid West Village Italian spot. I came here to try the cacio e pepe and it was great, but not the best I've had. I also enjoyed the bread with olive oil (delicious bread!), insalata verde (fresh greens with a tasty sherry vinaigrette), and broccoletti (ok, but not great broccoli rabe). Prices were on the higher side ($16-$21 for these basic salads, pastas, and vegetables).

Note: The restaurant does not take reservations and is very popular. I have found the wait to be hours on weekend nights, and opted to go elsewhere (don't think it's worth the wait). When I came on a Sunday for brunch, my party of 2 was able to get accommodated right away.",False,2,0,2,Amanda Y.,en,"{'neg': 0.079, 'neu': 0.706, 'pos': 0.215, 'compound': 0.9693}",0.9693,0.215,0.079,0.706,positive
681,2019-09-25 15:11:49+00:00,3,"No food is worth a 2 hour wait...this is New York City and I can go somewhere equal or better that will take a reservation. I won't be going back to Via Carota. We dined here last night, Tuesday, Sept 24, 2019 and when we checked in at 6:45 the host told our party of 3 this would be a 1 hour wait. We had a drink in AOC's garden and came back after an hour. Although there were two tables of 3 ahead of us there were magically two tables of 3 ahead of us that had been seated and there were still 2 more tables of 3 ahead of ours. We were ultimately seated at 8:40 and it just felt like we were lied to. Just give me an accurate time or get a reservation system. This food was fine but this place feels like a Saturday night live episode with all the creepy wannabe influencers eating their green salad. Again, no food is worth a 2 hour wait. This is New York and there are too many good options to deal with Via Carota's BS.",False,2,0,0,Lauren P.,en,"{'neg': 0.079, 'neu': 0.834, 'pos': 0.087, 'compound': 0.1154}",0.1154,0.087,0.079,0.834,positive
680,2019-09-26 08:08:14+00:00,4,"I'm no Italian food expert but this place was great in my humble opinion. Ordered the tomato, onion and cilantro salad that was excellent. I had some sort of pasta with butter and pepper with the meatballs. Both were excellent. I would definitely recommend this place. Very clean and quaint place.",False,0,0,0,Phillip K.,en,"{'neg': 0.022, 'neu': 0.583, 'pos': 0.395, 'compound': 0.9847}",0.9847,0.395,0.022,0.583,positive
679,2019-09-27 20:11:51+00:00,5,my favorite place for pasta   Love the people who work here   very chill and delicious food  I have been back 3 time,False,0,0,0,debbie m.,en,"{'neg': 0.0, 'neu': 0.54, 'pos': 0.46, 'compound': 0.9474}",0.9474,0.46,0.0,0.54,positive
678,2019-09-28 20:51:13+00:00,5,"I came here for dinner with my boyfriend. It gets very crowded and it's first come first serve, so no reservations. They write your name on a wall and cross off as they seat.
This restaurant has so much charm. The food here was amazing. Everything was served on small plates. I'd definitely order two-four dishes, depending on how hungry, and family style it with a date.",False,0,0,1,Laura S.,en,"{'neg': 0.091, 'neu': 0.783, 'pos': 0.126, 'compound': 0.3843}",0.3843,0.126,0.091,0.783,positive
677,2019-09-29 04:49:52+00:00,5,"Okay....

Well it's prettyyy pretty good.

Very very flavorful food and I can see why it's so popular. The place itself looks great. Obviously there is the wait. But really the food is terrific.

The items that I found truly remarkable:
-Pappardelle with wild boar ragu: this is just ridiculous. Get it. Don't even think about it.
-Mushrooms: delicious. It soaks in fat with cheese, and believe me it is very very flavorful.
-Fried rabbit: perfectly fried. The rabbit is moist and delicious.

The green salad is very good with a really nice seasoning however it's not amazing like certain people are saying (and I love salads).
The cacio e pepe is very good but it's nowhere nearly as good as the pappardelle.",False,1,0,1,Antoine C.,en,"{'neg': 0.076, 'neu': 0.497, 'pos': 0.428, 'compound': 0.9975}",0.9975,0.428,0.076,0.497,positive
676,2019-09-29 23:30:58+00:00,4,"After all of the hype and talk about Via Carota, I was a bit underwhelmed.  I went around 4:45pm on a Sat evening looking to eat dinner with a group of 4 expecting to wait after reading reviews and was pleasantly surprised that we would be seated by 8pm. Pretty crazy there's over a 3 hr wait and wouldn't say it is worth the hassle of waiting around if you want to eat immediately.

My group split a bottle of chianti, which was good and reasonably priced. We ordered the brussel sprouts salad and arancini to start. Both of these were worth writing home about. The brussels were shaved with raisins and slices apples in an awesome vinagrette. The arancini had a slight kick to them with some chopped hot peppers inside. 

After seeing so many pictures of pasta on yelp and instagram, the part my group was a bit disappointed with were the pastas. They were clearly fresh but didn't think they were out of this world. There's just as good homeade pasta available in NYC so I wouldn't rush here for it. We tried the seasonal pesto, tagliatelle with prosciutto and cacio e pepe. All of the pastas were very rich and heavy. The tagliatelle was an interesting flavor profile with nutmeg, which was mentioned on the menu and it was a bit overpowering to not call out. Glad the waiter warned us!! One friend got the steamed clams in a white wine garlic sauce; she enjoyed them but wasn't blown away either. 

Kind of odd they charge $2 for bread, but whatever. 

Service was really great and the ambiance was spot on. 

Overall, it's a good Italian option in the west village, but by no means the best I've ever had or worth over a 3 hr wait.",False,6,2,6,Alexandra T.,en,"{'neg': 0.083, 'neu': 0.745, 'pos': 0.172, 'compound': 0.9839}",0.9839,0.172,0.083,0.745,positive
675,2019-10-02 02:19:13+00:00,4,"Tuesday at 5:30pm - my friend and I snagged one of the last tables here. I had previously tried to visit on a Saturday at 5pm and was given a 5 hour wait time.

We ordered the salad, Cacio e Pepe and the boar ragu. The salad was fine but I had higher expectations due to the reviews. I feel I could have made a similar salad and probably would opt for a different variant of greens if I was to order next time. It took us nearly 25 minutes to get our pasta after the salad... we did not receive any explanation of when it would come and why it took so long.

When we finally got the pastas - I thought the Cacio e Pepe was good. I had the version at Fiaschetteria Pistoia down the street a few weeks back and I would say this one is lighter and easier to eat more of but I love the decadence of the Fiaschetteria Pistoia version and I think I prefer it slightly to the one I had a Via Carota. The ragu was nice but not to the level of the Cacio e Pepe. I would try another pasta next time.

All in all, solid pasta establishment but not worth a wait in my opinion. I can't understand why people would wait hours to dine here when you can walk into places like Fiaschetteria Pistoia which are similarly good. This is one of those places where I'd go back if someone else wanted to go but maybe not on my own and especially not if there was a wait.",False,0,0,0,Alexandra C.,en,"{'neg': 0.102, 'neu': 0.798, 'pos': 0.1, 'compound': -0.3617}",-0.3617,0.1,0.102,0.798,negative
674,2019-10-02 22:34:15+00:00,5,Omg! The wait was so worth it! From the bean soup to the Vinaigrette salad to the pesto pasta and broccoli  and the grilled artichoke with lemon and Chili's were beyond delicious! Service was fantastic. I  wish my 2 seater table was bigger because all the plates didn't fit! Lol!,False,0,0,0,kk b.,en,"{'neg': 0.12, 'neu': 0.626, 'pos': 0.254, 'compound': 0.8961}",0.8961,0.254,0.12,0.626,positive
673,2019-10-07 20:29:37+00:00,5,"It feels really silly to get excited about an Italian restaurant. But writing this now I'm already reliving this meal thinking about when I can make an excuse to get someone to eat here with me again. So without hope or agenda, I say to you Via Carota: To me, you are perfect. And my wasted heart will love you until I can figure out how to make that salad dressing. 

I came here for lunch on a Friday a whim with a friend. We had 0 wait time and sat outside. Our waitress was attentive but not overbearing and had great recommendations from the menu. The lunch menu is the same as the dinner menu, a great alternative if you're looking to avoid the long dinner wait. We did try to stay away from some of the obviously popular dishes for things that we both thought sounded interesting (don't worry we got THE salad.) Honestly you can order anything here and I'm pretty sure it'd be fantastic. We ordered the pear crostone, insalata verde, lemon risotto, and tagliatelle. It was all fantastic. We honestly had to restrain ourselves from ordering more.

TLDR: go with friends and share so you can order more things (I'm serious), prepare to congratulate yourself for the great decision you made by eating at this restaurant.",False,0,2,1,Shelby R.,en,"{'neg': 0.102, 'neu': 0.604, 'pos': 0.294, 'compound': 0.9959}",0.9959,0.294,0.102,0.604,positive
672,2019-10-08 21:09:39+00:00,5,"This is everything you want for your senses!! The radicchio salad was my highlight as well as the aesthetics. My husband really enjoyed the rabbit and our dining neighbor raved about the greens salad and Barbera wine. Our bearded bartender was very tolerant of our questions. He was charming and helped us pair wine with our food. He heard us tell our neighbor we were on our anniversary trip and he inquired if it was that day. When we said yes, he added a candle to the tiramisu we ordered. I can see why this is voted one of the best restaurants in NYC",False,0,0,0,Kate C.,en,"{'neg': 0.0, 'neu': 0.795, 'pos': 0.205, 'compound': 0.9728}",0.9728,0.205,0.0,0.795,positive
671,2019-10-13 15:18:59+00:00,4,"I'm not from NYC so I don't know if this is still a hot spot, but I had read such good things about it. I came for lunch to avoid any long lines at dinner. I had to sit at the bar which was a bummer, but not the worst thing. I got the papardelle and WOW the portion was generous and they gave a huge helping of ragu and parm! What's not to love?!?!",False,0,0,0,Alison Z.,en,"{'neg': 0.199, 'neu': 0.516, 'pos': 0.285, 'compound': 0.8889}",0.8889,0.285,0.199,0.516,positive
670,2019-10-13 17:15:58+00:00,5,Stellar food & exceptional service. The carrots are roasted & served in a mouthwatering yogurt. The salad defines freshness. Shaved Brussels sprouts have the most delectable dressing. Fresh squeezed juices. Every bite is healthy and gives you energy and happiness.,False,0,0,1,Julie C.,en,"{'neg': 0.0, 'neu': 0.544, 'pos': 0.456, 'compound': 0.9817}",0.9817,0.456,0.0,0.544,positive
669,2019-10-17 13:43:21+00:00,1,"Via Carota seating policy makes it too difficult to visit. I will not be back. Knowing their policy of no reservations and needing to arrive early to put your name down I arrived at 5:30 pm, hoping to get a table for 5 around 7. I was unable to put my name down because there was not a wait list for a party of 5.  So I waited and at 6:30 the hostess said there were two tables available that could sit 5, but even though 3 of my party was present we could not be seated until all 5 arrived.  At 6:40 the hostess sat a party of 3 at the last available table for 5--I was told the chef told the hostess to sit the party of 3.  Oh!. New Policy? Foolishly I had tipped the hostess earlier to better enable us to get a table.  Dumb me. 25 minutes later (7:10) a communal table became available and we asked to sit only to be told that we would have leave by 8:30 since a large group was coming in for the table.  We were seated at the communal table and then 15 minutes later we were escorted to another table--even though I requested to stay longer. This is the second visit where I have waited nearly 2 hours for a table and badly treated and misled by the hostess. On the prior occasion I waited nearly 2 hours and the hostess told me the people at the communal table (he pointed to it) was paying their check and soon as it was set up we could be seated. Just before we were to be seated the hostess sat another party and squeezed our party of 6 around another table that seated 5. The hostess said he was told to that----foolishly I had tipped the him before and was very upset by how he lied to me.  Each visit I followed the policy of the restaurant and each time I was patient only to be misled (if not lied toby the hostess). Both experiences left me with a very bad impression of the restaurant---all I wanted is to be treated like every other guest and Via Carota failed both times.",False,0,0,0,Joseph C.,en,"{'neg': 0.101, 'neu': 0.815, 'pos': 0.084, 'compound': -0.8596}",-0.8596,0.084,0.101,0.815,negative
668,2019-10-23 21:48:01+00:00,5,"Great experience! The no reservations is a bit stressful but we lucked out on a table for 6 on a Tuesday. Waitress gave excellent reccomendations. Cacio e Peppe was my favorite but ricotta pasta and boar pappardelle were still excellent. Must get the salad with hazelnuts & honey - stand out dish. I didnt get why reviews raved about the verde salad, wasnt as good. Tiramisu was rich but tasty!",False,0,0,0,Aimee H.,en,"{'neg': 0.073, 'neu': 0.557, 'pos': 0.369, 'compound': 0.9868}",0.9868,0.369,0.073,0.557,positive
667,2019-10-23 22:28:44+00:00,5,"Phenomenal food and great service. We decided to visit for lunch because of the non reservation policy, we showed up at 11:45am and got a table right away. We had the Nduja arancini, grilled mushrooms with scamorza and a couple pasta dishes (tonnarelli and tortelli), all incredibly simple and perfectly executed with high quality ingredients.
Service was friendly and attentive.Best dining decision during our trip to NYC, definitely lives to the hype.",False,0,0,0,Anthony H.,en,"{'neg': 0.0, 'neu': 0.812, 'pos': 0.188, 'compound': 0.9457}",0.9457,0.188,0.0,0.812,positive
666,2019-10-24 16:57:49+00:00,5,"I inhaled the pappardelle with wild boar ragu for dinner last night. The ragu was delicious but I would have preferred the meat to have more gristle on it and was trying to figure out if wild boar meat was naturally leaner than pork, which would make sense since they probably get more exercise. Anyhow, I also had the affogato for dessert, which came with almond biscotti. A lovely presentation for both. Bar seating wait is significantly shorter than for a table. But be prepared to wait since they don't take reservations.",False,0,0,0,Julianne H.,en,"{'neg': 0.09, 'neu': 0.798, 'pos': 0.112, 'compound': 0.3291}",0.3291,0.112,0.09,0.798,positive
665,2019-10-24 18:38:16+00:00,4,"The star here is the pasta.  It is hard to go wrong with any of the pasta dishes.  They are filling and are entre size dishes.  Appetizers are good too.  We had the squash and parma ham which was just like one would have in Italy.  The restaurant is a bit noisy which would be my only complaint.  Service is very good particularly the sommelier who steered us to a good, appropriate wine.  The restaurant does not take reservations, so there will likely be a wait for a table if you arrive at prime time.",False,0,0,0,Tony R.,en,"{'neg': 0.123, 'neu': 0.771, 'pos': 0.105, 'compound': -0.2263}",-0.2263,0.105,0.123,0.771,negative
664,2019-10-26 05:11:05+00:00,5,"Can I give this place 10 stars?!?  Def one of the absolute best meals my husband and I have ever had in the world!  There is a funny story behind this, but I will get to the food.  

We ordered THE BEST LAMB WE HAVE EVER HAD IN OUR ENTIRE LIVES!  It was lamb ribs with a pesto sauce on it! How in the world did the chef season it so well, cook it absolutely perfect on the inside, but the outside was crispy?!  Omg!  I thought I made the best lamb, Bc it is always mediocre when we go out, but now I'm embarrassed to even make lamb.  We visited the restaurant in August and I literally have not made lamb for my husband and I since. 

Best cacio de pepe ever!  I thought the best was in Rome... nope!  Not even close!  I mean!  Amazing!

We also ordered the whole fish!  When I was done, it didn't even look like a fish existed.  I mean it was lemony, garlicky, crispy, but soft!  God!  So amazing!   We also ordered more sides that were perfect!  

The desserts!  Omg!!  This chef is one of the best chefs ever.  Food was perfect!  Can't wait to visit again! 

I will not tell the story here, but at the chef's other restaurant.  Lol",False,0,0,1,Tam J.,en,"{'neg': 0.041, 'neu': 0.661, 'pos': 0.298, 'compound': 0.9977}",0.9977,0.298,0.041,0.661,positive
663,2019-10-26 05:40:06+00:00,4,"Party of 2 on a Friday afternoon (around 3pm) and the wait was about 1 hour! Wow. I was shook by how packed it was at that time (were people eating lunch? Dinner? What's going on), but figured that meant this restaurant lived up to its hype.

We got yummy cocktails while we waited and once we were seated, our server took our order quickly. Everything we ordered was delicious. 
To start: acciughe e burro (yum!!! Give me all the butter)
THE SALAD: when our server said it was ""world famous,"" we couldn't not get it. I don't know about it being the best salad ever, but I was a fan.
Entrees: Via carota svizzerina (HOLY MOLY THIS IS AMAZING. Wow) and the pappardelle (good but not a standout)

Overall, we enjoyed a wonderful meal here and I look forward to finding an excuse to come back to try everything else (although I'll have to prepare myself for a wait and $$$). Lovely rustic space and comfortable vibe.",False,0,0,0,Joanna M.,en,"{'neg': 0.037, 'neu': 0.653, 'pos': 0.31, 'compound': 0.9968}",0.9968,0.31,0.037,0.653,positive
662,2019-10-26 20:07:56+00:00,2,"I don't understand the long waits for Via Carota. The food is just okay. Insalata Verde is good but not amazing. The greens are very fresh and crispy and the dressing was tasty but does not warrant all the fame it receives. It's just a good simple salad. 

Cacio Pepe was extremely salty. It was also sitting in a pool of oil. I love salty food and butter but found this to be inedible. Wild boar ragu was okay. The sauce was too sweet for me. I ended up mixing the two pastas together to balance out the salty and the sweet. It wasn't tasty this way but at least it was edible. 

Clams in white wine was overcooked and rubbery. The sauce had no flavor and wasn't seasoned. It tasted like it was just boiled in white wine. I would not go back.

We sat at the bar and the server was excellent. I give the service A+.",False,2,1,0,HungryGoos E.,en,"{'neg': 0.234, 'neu': 0.515, 'pos': 0.252, 'compound': 0.3482}",0.3482,0.252,0.234,0.515,positive
661,2019-10-28 13:17:13+00:00,1,"I was really excited to come here for dinner but the staff there was so rude. I came on Friday night, they told me come back in an hour. I came back to check the status and I approached one of the staff to find out. That staff member went to the another and said ""This girl is confused"" and then the staff member who originally took my name came up to me was very snarky and very dismissive and then  just walked away from me. I've never seen anyone push away customers. I normally wouldn't ever review someone negatively like this, I'd just talk to someone but FYI if you call them they tell you to email them to get in touch and then guess what? They don't respond to your emails. I've been emailing them for weeks. I don't care how good their food is, if this is how they treat people that are  willing to spend time and money they don't deserve it.",False,1,0,0,Danielle H.,en,"{'neg': 0.111, 'neu': 0.824, 'pos': 0.065, 'compound': -0.9096}",-0.9096,0.065,0.111,0.824,negative
660,2019-10-29 22:31:33+00:00,5,"The food is AMAZING!!!!!! 
The service is AMAZING!!!! 
I love this place!! Also, be sure to save room for the olive oil cake. It sounds weird, but tastes AMAZING!!!",False,0,0,0,Alex M.,en,"{'neg': 0.075, 'neu': 0.578, 'pos': 0.347, 'compound': 0.8961}",0.8961,0.347,0.075,0.578,positive
659,2019-11-04 01:03:01+00:00,5,"I was never interested in going to Via Carota because I figured that it was over hyped and not worth it. I mean a 4 hour wait, that's excessive, even for me! 

I ended up going on a Friday because friends from out of town wanted to. We put our name down at 5:30pm and were told we'd be eating around 9:30pm. 

I lost track of time but eventually we were seated. We ordered the artichoke, prosciutto, and mushrooms to start. All were fantastic. Quality vegetables prepared perfectly. For entrees I split the cacio e pepe and ragu. I adored both, but the cacio e pepe perhaps more. 

If you are okay with putting your name down insanely early and eating insanely late then it's worth it.",False,1,1,1,Olivia R.,en,"{'neg': 0.094, 'neu': 0.765, 'pos': 0.14, 'compound': 0.8829}",0.8829,0.14,0.094,0.765,positive
658,2019-11-05 03:47:15+00:00,5,"Finally made my way to this little gem in the West Village. Showed up for lunch around 1:00pm and was quoted a 30 minute wait time. The place was packed with a long waiting list as they do not take reservations.  Everything we ordered was delicious and well executed.  Enjoyed everything we ordered- the fried olive appetizer, grilled artichokes,  cacio e pepe and fried rabbit. The meal was nicely complimented by a bottle of rose recommended by our waiter. Service was excellent! Must visit!",False,0,0,0,Jennifer L.,en,"{'neg': 0.081, 'neu': 0.685, 'pos': 0.233, 'compound': 0.9411}",0.9411,0.233,0.081,0.685,positive
657,2019-11-05 15:55:50+00:00,5,"This is a Cozy and Inviting Tuscan restaurant. We were initially told the wait could be up to 3 hours but we were seated in less than 30 minutes. The menu is vast with plenty of options for everyone in your party. It makes your typical Monday night dinner feel like an event. We enjoyed all of our food. The menu changes monthly and be sure to listen for the daily specials. Make sure that you pick something from each category and share everything. I would definitely recommend, but get your pocketbook out because it is expensive. Personally, I don't mind paying for good food but be sure you are ok with it too.",False,0,0,0,Brittany G.,en,"{'neg': 0.108, 'neu': 0.634, 'pos': 0.257, 'compound': 0.9604}",0.9604,0.257,0.108,0.634,positive
656,2019-11-08 02:01:21+00:00,5,"Incredibly ridiculous wait but was well worth it. Probably one of my favorite Italian spots in the city. But I'll probably dine alone at the bar next time to skip the insane wait time. 

Favorite of the night: 
- Crostone con Pere (pear + Gorgonzola crostini)
- Fried Sardines (special of the night)
- Cavoletti (cold Brussel sprout salad)
- Tonnnarelli (Cacio e Pepe)

Delicious but could live without:
- Ndjua Arancini (rice + pork fritter)
- Carciofi alla Griglia (artichoke)
- Pappardelle (wild boar ragu)

For dessert, skip the tiramisu and order the Zabaione (whipped custard with berries)",False,1,0,1,Y S.,en,"{'neg': 0.13, 'neu': 0.673, 'pos': 0.196, 'compound': 0.8933}",0.8933,0.196,0.13,0.673,positive
655,2019-11-09 00:44:34+00:00,5,"Was looking for the best Cacio e pepe while in NYC... well we found it along with the insalata verde! Great ambiance and decor! Service is top notch, they're very attentive compared to other NYC spots! If you're out looking for good Italian with a modern,  head to Via Carota.",False,0,0,0,Humberto B.,en,"{'neg': 0.0, 'neu': 0.628, 'pos': 0.372, 'compound': 0.9758}",0.9758,0.372,0.0,0.628,positive
654,2019-11-09 20:52:26+00:00,5,"Excellent pasta dishes, great drinks, lovely service.  Truly a gem in New York City.  A lot of places get hype but this is a must try for a celebratory meal.  Cacio e Pepe (hi Katerina) was the best I have ever tasted.  Important to know that on weekends you can get the lunch menu--it is not dumbed down to an Americanized brunch.",False,0,0,0,Kim G.,en,"{'neg': 0.0, 'neu': 0.712, 'pos': 0.288, 'compound': 0.9572}",0.9572,0.288,0.0,0.712,positive
653,2019-11-09 23:20:02+00:00,3,"Wasn't bad, I had the ragu pasta, octopus, ""steak"" port fritter arancini and the mushrooms. Good was average but definitely not worth the 2 hour wait ( we heard of the 4 hours wait when we were here). Food was oily and also portions were small. The steak was just burger patties, which wasn't great",False,0,0,0,Lana G.,en,"{'neg': 0.316, 'neu': 0.574, 'pos': 0.109, 'compound': -0.9528}",-0.9528,0.109,0.316,0.574,negative
652,2019-11-12 04:35:46+00:00,5,"Worth it. Went here for a friend's birthday on a Monday night around 6:30 and our party of five was seated within 15 minutes. We sat in the back room at a long table with another group of people which was a lot quieter and more secluded than the main dining room. While the food was superb, we were enamored with our server, Matt, who was so personable, intuitive, and extremely knowledgeable when it came to the menu. He also was able to make helpful suggestions per everyone's dietary restrictions/needs, which just made the entire experience that much better. We felt very well taken care of and would come here again in a heartbeat!",False,0,0,0,Jeremy T.,en,"{'neg': 0.039, 'neu': 0.791, 'pos': 0.17, 'compound': 0.9408}",0.9408,0.17,0.039,0.791,positive
651,2019-11-12 15:45:45+00:00,5,"Amazing experience at Via Carota! We ordered the cacio de pepe and the chicken and both were out of this world. We loved the pasta so much we ordered a second round. 

Not sure if we just got VERY lucky but we were seated immediately upon arrival. It was around 9:30 PM on a Monday night so maybe going late during the week is the trick? Either way, I would probably wait next time because if was scrumptious. Highly recommend.",False,0,0,1,Manuela N.,en,"{'neg': 0.077, 'neu': 0.718, 'pos': 0.205, 'compound': 0.9367}",0.9367,0.205,0.077,0.718,positive
650,2019-11-15 20:34:34+00:00,5,"I have tried going to Via Carota before and have been faced with a 3-4 hour wait each time; I've never waited around long enough for my table to ready. So, I decided to get takeout from Via Carota so I could enjoy the food without the wait! I tried the chicken, artichokes, broccoli rabe, and mushrooms/cheese. I have to say the artichokes were the star of the show - absolutely delicious flavor, great texture, perfect vegetable dish. The chicken was also fantastic - juicy and lemony. The mushrooms were really good, very oily (a lot of the food was decadently oily), and the cheese at the bottom was of course amazing. The broccoli rabe was my least favorite, but I always find broccoli rabe to have a bitter taste (they tried to mask this with tons of garlic, which was semi successful). I do want to dine in at Via Carota because I think that the experience/ambiance is half the price - the takeout was pretty expensive for what it was. However, I'm glad I had a chance to taste it after hearing about the food for so long!",False,0,0,0,Tori W.,en,"{'neg': 0.078, 'neu': 0.719, 'pos': 0.203, 'compound': 0.9747}",0.9747,0.203,0.078,0.719,positive
649,2019-11-16 22:59:15+00:00,5,"Long wait but SO worth it! Food, service and ambiance were excellent.  Nice strong drinks!",False,0,0,0,Prespa P.,en,"{'neg': 0.163, 'neu': 0.282, 'pos': 0.554, 'compound': 0.9379}",0.9379,0.554,0.163,0.282,positive
648,2019-11-17 01:55:39+00:00,3,"To be honest - I am confused as to why Via Carota has so many 5 star reviews. It was okay. The staff working the front definitely has an attitude of ""exclusivity,"" which has been referenced in other reviews.

Honestly, the wait time is disproportionate to the quality of the food. The arancini was good, the salad was good, the pastas were fine. Our server was so so so sweet.

Really I just don't get the hype. From a girl who is born and raised into a Sicilian family, I just don't think it's worth the wait.",False,1,0,0,Jessica P.,en,"{'neg': 0.184, 'neu': 0.652, 'pos': 0.164, 'compound': -0.3447}",-0.3447,0.164,0.184,0.652,negative
647,2019-11-18 05:12:38+00:00,3,"Overall experience was underwhelming. I feel as though this place is overrated. There are way better Italian spots around. Misi in Brooklyn to name one.
The wait time is ridiculous, I found the host to be a little rude. I came in and was waiting to put my name down and the host walks up to the front and walks right past me and take the name down of a couple behind me (who came in after me). Food was good but nothing spectacular.  If you are seated by the windows your food will be cold in less than 10 minutes and you'll want to keep your jacket on while you eat.  The bathroom was also very poorly kept.",False,0,0,0,Clarina K.,en,"{'neg': 0.188, 'neu': 0.773, 'pos': 0.04, 'compound': -0.9716}",-0.9716,0.04,0.188,0.773,negative
646,2019-11-18 14:26:22+00:00,2,When I walked in there was nobody in the cue. Eventually a group came in after me and the hostess went to talk with this group before me which is incredibly rude. Everyone else on the staff were gracious and kind. The atmosphere was nice as well as the food but I left with a poor impression of the place because of that hostess...,False,0,0,0,T C.,en,"{'neg': 0.11, 'neu': 0.745, 'pos': 0.145, 'compound': -0.1272}",-0.1272,0.145,0.11,0.745,negative
645,2019-11-19 23:36:00+00:00,2,"Went for lunch, The food  was great but 65$. for plate of pasta and 2 glasses of wine? No bread? And that's without tip.
Ny is so yuppified, the yuppies destroyed the village.",False,0,0,0,Carly B.,en,"{'neg': 0.191, 'neu': 0.743, 'pos': 0.065, 'compound': -0.7105}",-0.7105,0.065,0.191,0.743,negative
644,2019-11-21 19:01:36+00:00,3,"Came here for an early lunch. I got there at 11 and it was empty except for one table, yet they were hesitant to seat me because my friend had not yet arrived. Not sure what that was about.

Had the insalata verde, which was good. Also had the braised lentils and kale -- not as good. Too salty, no texture, and got bored of it after eating half. Would maybe come back to try some other dishes, but overall, overpriced and nothing special.",False,1,0,0,Venus C.,en,"{'neg': 0.219, 'neu': 0.721, 'pos': 0.06, 'compound': -0.9425}",-0.9425,0.06,0.219,0.721,negative
643,2019-11-22 05:57:46+00:00,5,"Via Carota has wonderful pasta, of course, but what I like about this Italian place is its large menu of vegetables.  There are more vegetable options (15) than pasta options (5)!  Radicchio is generally a pretty bitter vegetable, but I like how Via Carota prepares it so that it's not bitter at all.  Serving sizes are on the smaller side, so make sure you spend enough to feel like the menu is over-priced.",True,1,0,0,Ally W.,en,"{'neg': 0.083, 'neu': 0.693, 'pos': 0.224, 'compound': 0.9129}",0.9129,0.224,0.083,0.693,positive
642,2019-11-27 20:08:49+00:00,5,"I have been wanting to try this restaurant for a while. After a few attempts to go during the busiest dining hours, my friend and I went early to put our name down for a table. To our surprise, we arrived and there were tables free, but our entire party was not there yet. We waited at the side of the restaurant, ordered a bottle of wine and waited. We were seated as soon as our full party had arrived. 
First of all, the specials sounded amazing. We ordered one of the starters from the special, the ensalata verde, nudja arancini which taste similar to croquettes. All 3 were very delicious. 
For the main course, we ordered the radicchio, polpette, tonnarelli and the papardelle. 
Everything was amazing. It was exactly the quality that I expected and the flavors were on point. 
Our server 

I would definitely return for another delicious meal. was very friendly, explained the specials after we had a few questions and was very attentive.",False,0,0,1,Janice L.,en,"{'neg': 0.0, 'neu': 0.692, 'pos': 0.308, 'compound': 0.9971}",0.9971,0.308,0.0,0.692,positive
641,2019-11-28 02:16:59+00:00,5,"After breakfast at Buvette my friend insisted that I try Via Carota for dinner. It was packed, but I was able to grab a seat for one at the bar with no problem. 

I started with a delicious glass of Chianti and went with the Cacio e Pepe for my main course as it seemed to be all the rage on Yelp. I'm happy to say that it lived up to the hype! It was easily the best Cacio e Pepe I've ever had and it was a perfect portion. The pasta was cooked perfectly and it was creamy and flavorful. 

I would absolutely come back to try one of their other dishes!",True,1,0,0,Jessica P.,en,"{'neg': 0.076, 'neu': 0.625, 'pos': 0.299, 'compound': 0.9907}",0.9907,0.299,0.076,0.625,positive
640,2019-12-07 04:16:29+00:00,4,5 stars for their cacio e pepe. Everything else was mostly average. Service was superb though. That's all.,False,0,0,0,Tracy X.,en,"{'neg': 0.142, 'neu': 0.664, 'pos': 0.194, 'compound': 0.2732}",0.2732,0.194,0.142,0.664,positive
639,2019-12-08 06:03:57+00:00,5,Some of the best Italian food I have ever eaten. They have a great menu  and daily special. Each item they brought out was mouthwatering. A very large wine menu. After reading most of the reviews regarding the wait time. They make each dish to order. They don't rush you out. It's a small restaurant. They have a few seats in the back (first come first serve with no reservation) But yes the wait is long but it's worth it. About the review about the bathroom. The bathroom was spotless. They have great soaps and lotions. Maybe you just had some jerk who came in the bathroom before you and left a mess. Whatever the case maybe this is a top notch true authentic Italian restaurant. We will be back!,False,0,0,0,Eric S.,en,"{'neg': 0.152, 'neu': 0.669, 'pos': 0.18, 'compound': 0.5411}",0.5411,0.18,0.152,0.669,positive
638,2019-12-12 00:41:35+00:00,3,"I arrived with great expectations after reading a dazzling review of Via Carota's insalata verde in the New York Times. Although the salad stuns in its height, I found it to be unremarkable -- very leafy (even more than I would want in a salad) and a tad bitter. 
We also ordered the pappardelle  with lamb ragu which was delicious but tiny, especially for the price! The decor is charming but overall I felt that the restaurant falls short of its hype.",False,2,0,1,Melissa G.,en,"{'neg': 0.081, 'neu': 0.743, 'pos': 0.177, 'compound': 0.8305}",0.8305,0.177,0.081,0.743,positive
637,2019-12-15 19:10:20+00:00,5,"There is a reason why we come come at least twice a month. Whether brunch or dinner, you will never be dissatisfied.  The most wonderful staff, coziest environment,  freshest ingredients & most delicious dishes. This is perhaps one of the best spot in the city. So do yourself a favor & treat yourself with a good meal. No reservations taken, and a wait is always guaranteed.  So show up early & you will not regret it.",False,0,0,0,Mauricio R.,en,"{'neg': 0.058, 'neu': 0.599, 'pos': 0.343, 'compound': 0.9842}",0.9842,0.343,0.058,0.599,positive
636,2019-12-21 21:31:08+00:00,4,"Via Carota comes with a certain reputation. Long waits, fantastic food, worth it. Today was no exception. We checked in and was told it was gonna be an hour and a half wait, which when you're hungry is a lifetime, so aim for ""off hours on off days"" if you hate waiting as much as i do. HACK: If there's seats in the ""waiting area"" you can dine there as well (full menu) and skip the wait - winning! Which is what we did. We ordered the burrata, the funghi and the insalate verde to start. Burrata was creamy served over greens, not the best you've had but good. The salad is refreshing but a little overhyped - its a green salad, let's calm down. It is huge so keep it around for your mains as well - its a nice ""palet cleanser"" since the pastas are quite heavy. The funghi was delicious if you're into mushrooms. The cacio e pepe is a must. Creamy and filled with flavor. It is heavy and you're gonna wanna take a nap after but very yummy. I'd recommend going hard on the appetizers since they seem more exciting than the mains. The service was good - lots of different waitresses which confuses me, maybe bc we weren't seated in the real part of the restaurant? But they were all super nice. Ambience is wonderful there, probably my favorite part about this place, you can tell people are enjoying themselves here with a solid meal and a stiff negroni. It's pricey but worth it. Would definitely come back!",False,0,0,0,Nina B.,en,"{'neg': 0.09, 'neu': 0.647, 'pos': 0.263, 'compound': 0.9962}",0.9962,0.263,0.09,0.647,positive
635,2019-12-24 00:06:38+00:00,5,"This place was like a piece of Italy right in NYC. We sat at the large shared table in the back room. The walls were lined with bottles of wine and olive oil. So cute and homey. We went for lunch and only had to wait a half hour to be seated (which seemed a lot easier than going for dinner when it is EXTREMELY crowded).

The service was wonderful! They hung all of our coats up for us and even brought my brother and I little stools to put our bags and backpack on so they weren't sitting on the floor. 

The food was absolutely incredible and reminded my whole family of the meals we ate while in Rome. Very authentic Italian food, and so delicious. We started by sharing the insalata verde which was extremely fresh with a house made dressing, and a nice generous serving that could easily be shared amongst my four family members. Cacio e Pepe was creamy and wonderful, the tagliatelle was also creamy and extra savory topped with prosciutto.  

Excellent overall experience that I would recommend to anyone in the area and I will definitely be back for more next time I'm in NYC!",False,0,0,0,Meghan C.,en,"{'neg': 0.014, 'neu': 0.734, 'pos': 0.252, 'compound': 0.9954}",0.9954,0.252,0.014,0.734,positive
634,2019-12-25 21:49:10+00:00,4,"Overall 3.5 

Bagna Cauda - heard it's a very authentic Italian dish, interesting  and the anchovy broth was not overpowering. 

Insalata Verde - refreshing pretty good but just leafs.. 

Radicchio Treviso - too greazy

Verzo (cabbage / farro / speck) - delicious refreshing salad, love the mixture. 

Olive Oil Cake - dry",True,1,0,1,Emi B.,en,"{'neg': 0.084, 'neu': 0.583, 'pos': 0.333, 'compound': 0.9531}",0.9531,0.333,0.084,0.583,positive
633,2019-12-27 18:47:42+00:00,1,"I never write bad reviews. This is my first one. And my experience at this place last night was awful. Our waiter, Nicolas M. could not have been more rude. It was a late dinner with my girlfriend on her birthday and  we were given nasty looks and smart responses from the waiter for asking questions about the menu. I had asked for a complimentary bread which never came. And I was charged for it? Then after he brought out a dish that we didn't order he gave me some snide remark when I requested to have what we asked for. After I wound up saying to cancel the dish, the check was slammed on the table . Didn't say thank you, have a nice nice night,  not a word. Is that how you treat your customers? As if we were an inconvenience, while we politely asked questions and requested that were given the dishes we ordered. I'm truly disgusted, and I'll never come back to this place again. Dear ownership, I recommend that you teach your server to change his tone. This was the rudest dining experience I've had in New York BY FAR.",False,0,0,0,John S.,en,"{'neg': 0.142, 'neu': 0.742, 'pos': 0.116, 'compound': -0.8273}",-0.8273,0.116,0.142,0.742,negative
632,2019-12-29 20:41:57+00:00,2,"I was here last night late, walk in.  4th time, but not as impressed with food as earlier times.  
Disappointed in a $42 truffle pasta (small portion) homemade (I thought too ""eggy"") but I asked if there'd be lots of truffles, the Very nice waiter assured me there would be.  To be fair I was thinking it would be a pasta with freshly shaved  truffle.  What came out was like a dish from a steamer oven, no real flavor except the eggy pasta.  Lots of slices of black truffle, but No taste,  I would assume from a jar?   Or shaved earlier + allowed to cook out any flavor?
Anyway, friends who we were with Adore this place + live in the nabe.  So while I mentioned it, I didn't speak up to the waiter.  
Maybe an off evening, holiday time.  Via Carota you were my Brag restaurant.  Do a better truffle pasta, Please!",True,0,0,0,Leslie S.,en,"{'neg': 0.091, 'neu': 0.716, 'pos': 0.193, 'compound': 0.959}",0.959,0.193,0.091,0.716,positive
631,2020-01-01 07:31:26+00:00,5,The perfect negroni! And the Cacio E Pepe is all it is cracked up to be! I agree with other reviewers who have said that the insalata is maybe overhyped...but not that pasta. This is a charming location for a romantic dinner...but also a good place for a business lunch when you want to impress the client in a low-key way. Highly recommend!,False,0,0,0,Kelley O.,en,"{'neg': 0.0, 'neu': 0.64, 'pos': 0.36, 'compound': 0.9798}",0.9798,0.36,0.0,0.64,positive
630,2020-01-03 01:09:01+00:00,3,"I would give this restaurant a 5 star for the food, but the service was terrible. 
The host was great, the bus service was excellent, but our server disappeared for our entire meal. We had to ask other staff for things forgotten. I would have loved to been asked for another glass. I finished my 1st glass after the appetizer and salad, and my glass sat empty during my entree. 
This restaurant was highly recommended and I felt so disappointed when I left.",False,0,0,0,Kathy R.,en,"{'neg': 0.19, 'neu': 0.633, 'pos': 0.177, 'compound': -0.1052}",-0.1052,0.177,0.19,0.633,negative
629,2020-01-03 02:55:22+00:00,1,"Frustratingly disappointing. Came in at 9p to put my name in. Woman who came in behind me was very pretty. The guy at the door looked past me to her and took her name. I didn't make a fuss, simply asked to put my name in, and he told me they weren't taking anymore names, but I should come back at 10p to see if they have openings. Came back at 9:45 and there were 5 names ahead of me behind the pretty woman. Just appalling behavior. Go somewhere else and get great food and better service.",False,1,0,0,Ryan F.,en,"{'neg': 0.075, 'neu': 0.777, 'pos': 0.149, 'compound': 0.8817}",0.8817,0.149,0.075,0.777,positive
628,2020-01-11 23:46:41+00:00,5,"Food really is worth it! Cacio e Pepe was the best I've ever had. Wild boar paparadelle also great. The rabbit was interesting, but could skip it. People are crazy about the salad - great fresh greens.

I'm terms of the wait-  I showed up on a Friday at 5:10, they said a party of 4 could be seated shortly... so I came back at 5:40 and the wait was quoted at 2.5-3 hrs. They will take your number if you have a party of 3 or more and text you when your table is ready.",False,0,0,0,Melissa B.,en,"{'neg': 0.104, 'neu': 0.626, 'pos': 0.269, 'compound': 0.9554}",0.9554,0.269,0.104,0.626,positive
627,2020-01-13 15:36:33+00:00,4,"I would give this place a 3.5 if yelp allowed. While the food was enjoyable, I found it it be a bit overrated and overhyped. They do not take reservations and I was confused at their waitlist policy. We arrived on a Saturday at 4pm and while they were open, they said they were not putting people on the waitlist for dinner now and to come back at 4:30pm. A bunch of people were standing there waiting for 4:30pm to put their names down and they kept asking people to move and leave and didn't allow lines to form. It created a bit of chaos and discomfort. Surely, there must be a better system for their waitlist. We were pretty dedicated to eating here so waited for the 4:30pm list opportunity and were seated around 5pm at the bar. Our bartender/server was not very helpful with selections. We ultimately decided on the octopus, pappardelle and fried duck. The pappardelle was good but was missing the wow flavor. Could have used a spice or something and the meat was just okay. The fried duck was also good but tasted like a standard fried chicken that you would get with waffles. The octopus was the best part. It was very flavorful and cooked very well. It came at the end of our meal. I would have maybe liked to start with that. We may have enjoyed the experience more if we had lower expectations for it and if the waitlist system was better. It was a nice meal but nothing I would be eager to go back for.",False,0,0,0,Tanya M.,en,"{'neg': 0.081, 'neu': 0.725, 'pos': 0.194, 'compound': 0.9904}",0.9904,0.194,0.081,0.725,positive
626,2020-01-14 15:38:05+00:00,5,"I fully expected to be underwhelmed and disappointed by Via Carota because of all the hype around it and I was absolutely NOT. We came on a Thursday night and my boyfriend arrived at 5:15pm. We were told there would be a 45 min-1 hour wait. For parties of 2 you just have to wait in the area or come back around your allotted time (they won't text you). We ran some errands in the area and checked back in after around 45 minutes and were seated immediately! By 6p when we checked in they were telling parties of 2 that the would be seated around 9:30p--so definitely get here early! 

We ordered a bottle of wine and I was happy to see that while they had some high end bottles, they also had a lot of affordable bottles in the $50-$60 range. The overall price is on the higher end, but you get what you pay for because everything tasted so fresh and flavorful--definitely worth the price tag. We started with the Arancini and the Insalata Verde...do not skip either of these! The Arancini had such a unique flavor and a little spice and the salad balanced their richness out perfectly. For pasta we ordered the Tagliatelle w procuitto and the Wild Boar Ragu. I would definitely order both again. They are also well known for their Cacio e Pepe. For dessert we ordered the Olive Oil cake and the fresh berries and homemade whipped cream--although the whipped cream was delicious, I would skip dessert. If anything, order an additional pasta instead!! By the time dessert came around we were both stuffed--so 2 appetizers and 2 pastas is a reasonable amount for 2 people. 

I'm almost disappointed Via Carota was so worth the hype because of so hard it is so get into, but I can't wait to go back!!",False,3,1,2,Sarah A.,en,"{'neg': 0.073, 'neu': 0.755, 'pos': 0.172, 'compound': 0.9906}",0.9906,0.172,0.073,0.755,positive
625,2020-01-15 01:56:28+00:00,4,"Amazing service, cleanliness and quality food.  

Drinks are off the hook, location and bar pIsselino being right across the street make the huge difference as far as locale and convenience.

Recommend as a no reservations spot when eating in the west village on the fly",False,0,0,0,Ben Y.,en,"{'neg': 0.043, 'neu': 0.787, 'pos': 0.169, 'compound': 0.7506}",0.7506,0.169,0.043,0.787,positive
624,2020-01-16 20:16:16+00:00,4,"My boyfriend and I came here around 4:30 on Wednesday because we kept trying to go and there would be hours long waits. They do not answer the phone so you can't even call to ask how long it'll be, you just have to show up. No reservations of course. Anyway because we got there so early on a weekday we were able to be seated around 5

The highlight of the night was actually our first dish- the Cavoletti. I'm not crazy about Brussels sprouts so I wouldn't have ordered it, but my boyfriend wanted to try it and thank goodness he did! It wasn't like balled up Brussels sprouts, it was like a salad. It was so good and you HAVE to order it.

I got cacio e pepe because people reviewed it well but was a little disappointed in how oily it was. It was in a pool of oil...

The other highlight of the night was the Polpette meatballs... so good. There are pine nuts and raisins in it which I thought would be weird but it tasted awesome! Must-have.

We also had something that wasn't on the menu-- fried root vegetables. I would advise against it, I didn't realize it'd be so deep fried and greasy. We also got the arancini which was tasty and my boyfriend had the tagliatelle with prosciutto which he enjoyed.

We had chocolate mouse for dessert and it was sooo good. Highly recommend.

In all-- 4/5 stars because it's kinda crazy to even get a seat. But if you go, you must get the cavoletti, it was our favorite of the night",False,0,0,0,Julia A.,en,"{'neg': 0.11, 'neu': 0.707, 'pos': 0.183, 'compound': 0.9789}",0.9789,0.183,0.11,0.707,positive
623,2020-01-17 00:19:02+00:00,5,Sooooo worth it! Sit at the bar and get one of the wonderful bartenders to guide you! Oh and arrive at 4 pm. A wonderful bite of Europe and ambience to go with it!,False,0,0,0,Kaia S.,en,"{'neg': 0.0, 'neu': 0.74, 'pos': 0.26, 'compound': 0.88}",0.88,0.26,0.0,0.74,positive
622,2020-01-18 17:57:53+00:00,3,"Started with arancini which was OK. Then Brussel Sprouts which was more like a salad but good. Pasta was excellent. Fried rabbit a one time try but not great. Service was very good. With so many great Italian restaurants in the Village, not sure why people will wait hours for this place but for the hype. One other downside. It was cold outside and our table was right near the door and it was freezing the whole time as the people waiting kept opening the door and there was not adequate heat. Our food even got cold before we could eat it. They could do better.",False,0,0,0,Walter B.,en,"{'neg': 0.237, 'neu': 0.632, 'pos': 0.131, 'compound': -0.9312}",-0.9312,0.131,0.237,0.632,negative
621,2020-01-18 21:10:53+00:00,5,"Amazing place!!! I like it ... I love everything here!

Staff, atmosphere, interior... How delicious it is... not possible to put into words!  You need to eat it!

You are cool ... Via Carota",False,0,0,0,Yael G.,en,"{'neg': 0.0, 'neu': 0.563, 'pos': 0.437, 'compound': 0.9718}",0.9718,0.437,0.0,0.563,positive
620,2020-01-20 00:19:09+00:00,4,"The food here was very good but my friend and I agreed that it wasn't worth the 1.5+ hour wait. Via Carota doesn't take reservations and even on a Tuesday evening the waitlist was packed out the door. The hosts were nice and stayed calm even through the rush. There are many fun bars around the restaurant so I'd definitely recommend you check one or more of them out while you wait, since the drinks at the restaurant are way overpriced and there's no standing room by the door.

FOOD:
Complimentary olives (5/5) - These olives were just exquisite. I don't even like olives that much but these blew me away.

Octopus (5/5) - I can't eat octopus but my friend did and said it was the best he's ever had. He really liked the charring on the leg and the tender meat. 

Insalata Verde (4/5) - Ah, the famous green salad. I'll agree with many of my fellow Yelpers that this salad is definitely not worth $18, since it really is just leaves. However, I will say I thoroughly enjoyed every bite of the salad. The butter lettuce leaves tasted almost buttery combined with the sherry vinaigrette and each bite was so refreshing. If you like salad, definitely give this one a try.

Fried Rabbit (4.5/5) - This was probably my favorite dish of the night. The rabbit meat was tender and the fried shell had a delicious seasoning on it. I wish there was more rabbit, since they just gave us 3 pieces and a piece of fried bread. I also wish there was a sauce of some sort, or just anything to pair with the fried meat and give it more moisture and flavor. 

Wild boar ragu (4/5) - The pasta was incredible and the sauce was perfectly seasoned. I just wish the boat was a little more tender. I also think there was actually too much sauce and not enough pasta.",True,4,0,2,Elaine M.,en,"{'neg': 0.072, 'neu': 0.654, 'pos': 0.274, 'compound': 0.9983}",0.9983,0.274,0.072,0.654,positive
619,2020-01-20 02:51:59+00:00,1,"My wife and I with our oldest daughter knew  there is  a no reservation policy at Via Carota. When we arrived tonight at 5:30PM the host told  us we would be seated  in about an hour and  a half at 7:00 PM.  We agreed and provided a cell phone number as requested.  We went down the street to a fashionable wine bar, L'Accolade,  302 Bleecker Street and spent  the time over drinks and snacks. Just before 7:00 PM we went back to Via Carota and the  host told us that wait   would be another hour and half without any explanation.  We have dined at some of the  best restaurants in New York City, the  U.S.and around the world and never have we  been treated so callously.  We left and went to Boucherie, a French restaurant just down the street and had wonderful dinner in lovely. atmosphere, Hope this  review is helpful if you are treated in the  same off handed manner at Via Carota.",False,1,0,0,Allen W.,en,"{'neg': 0.032, 'neu': 0.844, 'pos': 0.125, 'compound': 0.9468}",0.9468,0.125,0.032,0.844,positive
618,2020-01-20 04:44:46+00:00,1,"Disappointing. The waitstaff clearly needs to have a team meeting about customer service, respect and kindness. If the managers care to read reviews they need to have a very serious talk with the blonde ish tall waitress. 
Although I was cool with waiting for 5 hours bc many many people were waiting. Giving each other looks like this was some cool kids lunch table. 

That was not the problem. The issue was the waitress. She belittled my friend bc there was a miscommunication with the order he gave her. He wanted the wild bore Ragu and she brought some other pasta dish. Instead of customer is always right mentality and holding herself with grace bc this is ""via fucking Carota"" she got SNIPPY! Made it extremely uncomfortable and blamed it on my friend.... she then made sarcastic comments to our table for the rest of the dinner. Case in point we we were mocked after waiting 5 hours for this so called best restaurant in the WV. Give me a break. 

All the rage is to wait for this mediocre restaurant just to say to your other hip friends you've been. Trust save your money go to buvette.",False,0,0,0,Margaret E.,en,"{'neg': 0.145, 'neu': 0.674, 'pos': 0.18, 'compound': 0.7635}",0.7635,0.18,0.145,0.674,positive
617,2020-01-22 16:02:45+00:00,5,"Believe the hype. Went here on a rainy Friday morning. They open at 10 am and we arrived at 10:15 and were the first ones in the restaurant. Very quaint thoughtfully designed interior. Every dish we had was spectacular. The mushrooms with scamorza were incredible! If, and when, I come back I will just order vegetable sides as the meat dishes and pasta were good, but not the star. Impressive wine and cocktail list. The cynar spritz was a perfect morning cocktail! Lol For dessert we had the semifreddo as well as the zabaglione...both were excellent but the zabaglione was simple yet divine! By the time we left around 11:30am, the place was packed. They don't take reservations so forget about trying for dinner.",False,0,0,0,Chris A.,en,"{'neg': 0.055, 'neu': 0.763, 'pos': 0.182, 'compound': 0.9649}",0.9649,0.182,0.055,0.763,positive
616,2020-01-24 03:32:14+00:00,5,"I guess it's a good thing that there are no bookings, otherwise this place will be always has booked.
From starters to pastas, deserts and negronis, everything is superb.",False,1,1,1,Ana T.,en,"{'neg': 0.066, 'neu': 0.723, 'pos': 0.211, 'compound': 0.7003}",0.7003,0.211,0.066,0.723,positive
615,2020-01-25 04:42:56+00:00,1,"I do not understand the hype around this place. Small portions, mediocre pasta, longest wait times in the city. There are far better authentic italian places in the city and with waits that are half the time. so confused why people wait so long to get in here. save your money and go elsewhere.",False,2,0,0,Emily D.,en,"{'neg': 0.321, 'neu': 0.598, 'pos': 0.081, 'compound': -0.9641}",-0.9641,0.081,0.321,0.598,negative
614,2020-01-26 16:11:56+00:00,5,"I was worried this would be another overhyped restaurant and that I'd later regret the fact that I waited 1.5 hours for pasta. My concerns were immediately put to rest as soon as the appetizer hit the table. First of all, the bagna cauda was unreal. I hadn't had bagna cauda since I visited my godmom in Italy and honestly she would kill me if I told her I found a comparable version in Manhattan about 350 feet away from a Five Guys. The cacio e pepe? I have no words. I read another review prior to coming to this restaurant that said if you don't order the cacio e pepe you should be prepared to live with the fact that you could have done better but didn't. I thought that was dramatic, but now I'm realizing it was perfectly accurate. We also got the fried rabbit and the pork sausage and olive appetizer, which were delicious, but just barely outshined by the bagna cauda and cacio e pepe. I'm prepared to keep coming back, and as a result, I'm sure I'll get to know the bars around the area pretty well -- my boyfriend and I put our names on the waitlist at 4:30 and we were seated around 6:15. Definitely get there early, because around 6 they stopped taking anymore names until 9 pm. But Via Carota made me believe in the saying that good things come to those who wait, and trust me, you won't regret it.",False,1,0,1,Selena P.,en,"{'neg': 0.111, 'neu': 0.733, 'pos': 0.156, 'compound': 0.9032}",0.9032,0.156,0.111,0.733,positive
613,2020-01-27 00:18:35+00:00,5,"This place is worth the hype.

Came here on Monday (MLK day, so a holiday). Waited in line to put our name on the list at 4:35pm (list opens at 4:30pm). Were told it would be a 1.5-2hr wait (we were expecting this), so we left and went to bar hop around the area until it was time for our seating. Came back and were promptly seated at the bar.

Started off with complimentary olives (I usually hate plain olives but these were delicious). Split a bottle of Chianti with my friend (great price point ~$40). Ordered the insalata verde - wasn't expecting much but it was surprisingly delicious & refreshing. Ordered the skate dish (on the waiter's recommendation) and cacio e pepe. Was blown away by the skate - my favorite dish of the night. Cacio e pepe was probably my favorite I've had in NYC, it's what Via Carota is known for and it shows. 

For dessert we ordered berries & marscapone. It was good, nothing out of the ordinary - and ended the night with espresso martinis. Best espresso martinis I've ever had, hand down. 

If you're looking for a quintessential, cozy West Village establishment with food you'll be thinking about for days after you dine - this place is for you",False,1,0,0,Abby M.,en,"{'neg': 0.019, 'neu': 0.784, 'pos': 0.198, 'compound': 0.9937}",0.9937,0.198,0.019,0.784,positive
612,2020-02-05 15:45:11+00:00,3,"I came here with a couple of friends in the early evening on a weekday.  We were able to be seated right away.  This restaurant does not take reservations and is first come first serve.  There are many bars in the area if you want to put your name down and then come back.  We had a couple of plates of pasta, the chicken, and the olive oil cake.  I thought it was just ok and very been much more impressed with pasta by other restaurants. I would come again if someone really wanted to go but it's not somewhere I would go out of my way for and I would not wait in a long line to sit down.",True,2,0,0,Rach S.,en,"{'neg': 0.024, 'neu': 0.857, 'pos': 0.118, 'compound': 0.8885}",0.8885,0.118,0.024,0.857,positive
611,2020-02-10 17:59:30+00:00,4,"Arrived at 11:40AM on a Monday and was seated immediately. Pleasant lunch here with attentive staff. All the food was delicious delicious and rich - only constructive feedback to the restaurant would be to use less oil. Everything was a little heavy on the oil. Between my friend and I, the leeks were our favorite!",False,0,0,0,Rachel N.,en,"{'neg': 0.0, 'neu': 0.579, 'pos': 0.421, 'compound': 0.9888}",0.9888,0.421,0.0,0.579,positive
610,2020-02-14 05:34:02+00:00,5,"One of the best meals I've ever had in NYC. Only downside is the wait. Need to put your name down, grab drinks and come back. Only take walk ins. That said, it is so so so worth it. Ambiance is super charming, rustic italian vibe. Back to the food:

Artichoke: 10/10 perfectly grilled paired with grilled onion drizzled in lemon, olive oil and herbs. As good as a vegetable gets. 

Burrata: 10/10 paired with a sautéed kale and crisp grilled cracker. Burrata itself, so creamy. As good as burrata gets.

Svizzerina (steak): 9.5/10 amazing salted char on the outside, cooked RARE on the inside. This is almost like a tartare in the middle, perfectly charred outside. This is one of the more unique ways ive ever experienced steak. Special dish for those appreciative. 

Branzino (special): 8.5/10 full branzino, scaled and straight forward...letting the quality of the fish do the talking with lemon, herbs and their incredible olive oil. Flavor was great, just wish it had a bit of a char, similar to the artichoke. Was also a bit cold..to note, we'd eaten the steak first than moved on to the branzino. Id go for the skate or sea bream next time. $59 dish. 

Cacio pepe: for those that are fans of the traditional dish, 10/10 as good as cacio pepe can get. Cheese was so fresh, spiced with fresh black pepper and ofcourse..olive oil. That said, id try a different pasta next time. For me this was a 9/10. Cacio pepe typically wouldnt be a go-to for me but I hads to!

This was my first time here and certainly will not be my last! This is one of those special, neighborhood NYC/West Village restaurants that you'd dream to be a regular at. Its as good as it gets. This will sit towards the very top of my as far as recommendations when friends, clients, etc are in town. Thank you for the incredible experience!",False,0,1,0,Sam H.,en,"{'neg': 0.01, 'neu': 0.801, 'pos': 0.188, 'compound': 0.9953}",0.9953,0.188,0.01,0.801,positive
609,2020-02-14 16:15:30+00:00,1,"RUN, DON'T WALK!

The food was good, but it did not knock my socks off in any way, there are equally/better restaurants in the city. Not worth such a long wait (3hs), and even worse, not worth being TREATED LIKE GARBAGE by the host.

So, we put our name down 7 pm on Thurs night, 2 ppl. The list of illegible names at the door looks like a system out of rural Italy, doesn't even say how many ppl in the party! After the 2 hs wait, I came back 9pm and host says to talk to him when my fiance gets there. 3 min later, both there, he says oh it's going to be 45 more min. Ok, STRIKE 1, they send us to their bar (Bar Pisellino), probably a strategy to sell more drinks there lol

We come back, wait a few more min and they sit us at a COMMUNAL table! Without even asking if we were ok, like they do in normal places. We were there for a celebration and I'm sitting next to a group of girls, which none of their fault, but seemed we were all part of the same conversation! Ok, STRIKE 2. Not so ok, because it was unbearable. 

We ask to be moved and host says they have 2 spots at the bar (much better than communal table!). Getting to the bar and 2 guy sit in the only two spots we were supposed to sit! STRIKE 3. What??!

Host: ""Oh, we have a table that will open up, I'm putting you there""
Why didn't you tell us? It was going to be a bit of a wait bc they are paying. Eff that, we want to sit now, so he puts at two other spots at the bar that open up 5 min later. Back to square 1 :\

Such a rude host, he never ever even apologized for the ""confusion"" (his LOUSY COMMUNICATION SKILLS and ARROGANCE). That guy should never work in hospitality. Opposite of hospitable.

I'm fine waiting for a table, but being bounced table to table, like they are giving away food or something? We stayed only bc we didn't want to hassle finding another place. After all the wait I had to try it to write an honest review.

To the food: I was really hungry by the time we got food. Maybe that's why people find the food delicious. Of course, ANYTHING TASTES GREAT WHEN YOU ARE STARVING. Had green salad, carchiofi alla romana (surprisingly cold?), funghi (fave), baccala (ok), meatballs (ok) and sabaion (meh).

They didn't offer to comp anything, or send us an app/side/dessert on the house, IDK, something! I don't care about the monetary value, a sign that you care! Many places do that, and they apologize profusely.

Thanks to Taylor, our sever at the bar, for making it up. He was super nice and apologized when he didn't have to, it had nothing to do with him. Hope he gets promoted or something.",False,6,2,0,Daniela G.,en,"{'neg': 0.186, 'neu': 0.675, 'pos': 0.139, 'compound': -0.9906}",-0.9906,0.139,0.186,0.675,negative
608,2020-02-16 23:16:53+00:00,4,"We arrived around 4:15 and were told to wait until 4:30pm until they started taking names for dinner.  We were offered several bar seats, but choose to wait for a table. It ended up being around 6:30pm. Everything was well executed but the star is clearly  was cacio de pepe. Everything else was good, but not great. Still a place that is worth a trip.",False,1,0,0,Marc C.,en,"{'neg': 0.143, 'neu': 0.699, 'pos': 0.158, 'compound': 0.041}",0.041,0.158,0.143,0.699,neutral
607,2020-02-17 03:57:08+00:00,1,Don't get me wrong. Pasta was amazing. But the service was incredibly rude. Servers ended up making me and my friend box our food to leave even though we waited for our reservation. We felt incredibly dismissed and undermined. The pasta sadly couldn't overpower the distaste I now have for this restaurant.,False,2,0,0,Tara K.,en,"{'neg': 0.251, 'neu': 0.628, 'pos': 0.121, 'compound': -0.9023}",-0.9023,0.121,0.251,0.628,negative
606,2020-02-17 21:03:54+00:00,5,"A long wait but worth it! The Cacio e Pepe is one of the best I've ever had and I lived in Italy. The grilled artichokes, arancini, crostini with pear and gorgonzola and radicchio salad with hazelnut and robiola were all inspired and amazing. Definitely recommend! Service was great too!",False,0,0,0,H S.,en,"{'neg': 0.07, 'neu': 0.512, 'pos': 0.418, 'compound': 0.9831}",0.9831,0.418,0.07,0.512,positive
605,2020-02-18 00:28:02+00:00,5,"Ordered the sea bream and cacio e Pepe. So so delicious!! We got put on the list at 9:45 on a Thursday and had to wait an hour, but that was well worth it for the delicious dinner we experienced. We sat at the bar and were so treated by friendly and helpful service. The atmosphere was lively but not too loud. Will definitely be back!",False,0,0,0,Katy U.,en,"{'neg': 0.022, 'neu': 0.548, 'pos': 0.43, 'compound': 0.9935}",0.9935,0.43,0.022,0.548,positive
604,2020-02-18 17:34:44+00:00,5,"Best meal so far of 2020 for me.

Went for my birthday and this place has been in on my hit list for awhile.

Sat by the bar and had some delicious glasses of natural wine to start.
Then had the fried olive with sausage bite, which was amazing, along with the anchovy toast, which was even more amazing. 
Their green salad was definitely needed with all of the heavy dishes, not to mention that it was perfectly coated in the dressing.
Cacio e pepe was incredible and so was the tagliatelle with prosciutto and parm. If I had to choose between the two, I'd go with the latter.

The best bite of the night was the octopus. I thought I had amazing octopuses at other michelin joints, but this one steals the show by far. I'd come back, sit at the bar, have a glass with anchovy toast and the octopus and call it a night.

Definitely need to come back asap..",False,1,0,0,Sung K.,en,"{'neg': 0.025, 'neu': 0.827, 'pos': 0.148, 'compound': 0.9565}",0.9565,0.148,0.025,0.827,positive
603,2020-02-19 21:25:19+00:00,5,"I have been waiting to come here for a while! My friend and I were out and about on a Friday and got here about 30 minutes after they opened and I'm so happy we did. We were sat outside right away. 

We ordered the big green salad, and I got some sort of pasta. I feel like you can't go wrong with any sort of carb item here. It was all truly excellent! I'll be back again for sure.",False,0,0,1,Natalie A.,en,"{'neg': 0.0, 'neu': 0.749, 'pos': 0.251, 'compound': 0.9701}",0.9701,0.251,0.0,0.749,positive
602,2020-02-23 20:41:39+00:00,4,"Enjoyable pasta dishes and many vegetables dishes are featured at Via Carota.

Via Carota is one of those cult favorite restaurants that people always recommend. As a lover of Rita Sodi's other restaurant, I Sodi, I had high hopes. While overall the food is definitely enjoyable, I wasn't wowed by any of the dishes. The pappardelle with wild boar ragu and the tonnarelli cacio e pepe were both good and would satisfy any pasta craving, but I prefer any of the pastas at I Sodi over both of these. The funghi was also tasty, but soaked in olive oil, making the dish feel less than healthy. The special ricotta bruschetta with truffle was not as exciting as it sounds- the ricotta was rich and flavorful but the bread was neither toasted nor warm and the truffle was almost tasteless. 

Stopped in around 10:30AM on Sunday in a party of four and was seated immediately- by 11:30 there was a wait so aim to come on the early side for brunch.",False,0,0,2,Serina W.,en,"{'neg': 0.089, 'neu': 0.671, 'pos': 0.24, 'compound': 0.9828}",0.9828,0.24,0.089,0.671,positive
601,2020-03-05 23:43:22+00:00,4,"This is particularly a tough one, when reviewing a hard to get into place almost with a perfect rating. Nevertheless, here we go. 
The restaurant doesn't accept reservations. You need to physically arrive there, wait in line, and then  get on the list. We arrived at 4:50 pm on Sunday, and we were seated at 6:10, group of 4 (different lists for the groups of 2 and 3+). When we were signing up at 4:50, groups of 2 were getting assigned timing of about 2 hours wait. By the time we came back at 6, there was already about 3.5 hours wait for the groups of 2. Yeah, a popular place. 
My first little gripe is with the wine list - looking for the reds, the average price is pushing $90, and the selection is truly mediocre. 
Okay, food. Literally everything we tried was good, but lacking perfection one way or the other. There was practically not a single dish which made me say ""oh my god, this is so good"". Arancini were not bad, but I really didn't care for the red sauce in the middle. Burrata was presented in a very sloppy way, on a bed of some unknown sautéed greens. Fried mushrooms was probably a better dish, flavorful. White beans and sausage were lacking sausage and presented in some red sauce? 
Entree didn't fare much better. Our pork shank special was good (I had better versions, though), but my wife's pappardelle with lamb ragout was lacking flavor. 
Pannacotta was perfectly executed, but again, was lacking the flavor. 
Service was good, with some little flops, such as wine drips on my pants. 
To conclude: 
This might be an issue of Sunday - I had been to the restaurants where the Chef was off on a given day, and all the food was close, but no cigars. I don't know if I will be back. If you want to try what is considered one of the best Italian restaurants in New York, maybe skip the Sunday for your visit.",True,1,0,0,Anatoli L.,en,"{'neg': 0.074, 'neu': 0.756, 'pos': 0.17, 'compound': 0.9924}",0.9924,0.17,0.074,0.756,positive
600,2020-03-06 16:42:05+00:00,5,"Such an amazing place. The only downside is that you have to wait forever for a table because they don't take reservations no matter the circumstance -_-

but the food.... sent from the heavens.... and the dessert... tastier than hell",False,1,1,0,Brittany I.,en,"{'neg': 0.21, 'neu': 0.688, 'pos': 0.102, 'compound': -0.8023}",-0.8023,0.102,0.21,0.688,negative
599,2020-03-07 00:19:09+00:00,5,Went at 4:30 because I heard of the long waits and sat at the bar so i didn't have to wait! Ordered a drink and then food a little later so it worked out perfectly. Definitely recommend doing that! The food however was more than worth the wait! Incredible!,False,1,0,1,Kacey L.,en,"{'neg': 0.082, 'neu': 0.62, 'pos': 0.299, 'compound': 0.9062}",0.9062,0.299,0.082,0.62,positive
598,2020-03-11 07:58:59+00:00,4,"Very good and authentic Italian food, the only real problem I have is it can get very uncomfortable to dine here , but for the price it's worth the visit for sure",False,0,0,0,John S.,en,"{'neg': 0.134, 'neu': 0.669, 'pos': 0.198, 'compound': 0.34}",0.34,0.198,0.134,0.669,positive
597,2020-03-21 06:59:52+00:00,5,"This place is amazing! 

The salad was unreal and simple. 

Pastas are to die for. 


This is the real deal.

Nuff said.",False,0,0,0,Ilya C.,en,"{'neg': 0.15, 'neu': 0.714, 'pos': 0.136, 'compound': -0.1007}",-0.1007,0.136,0.15,0.714,negative
596,2020-04-09 21:27:33+00:00,5,"Via Carota doesn't take reservations but we showed up 11am on Saturday and although the place was packed, we only waited 5 minutes before getting seated. However, heads up, when the place is packed they don't text or call you so you have to stay alert and linger around. 

This place has the best cacio e pepe in the city and this is the one non-optional item to get if you come here. Called ""Tonarelli"", it's their flagship product and is extremely cheesy and rich. The noodles are sprinkled with pepper and parmesan and the perfect amount of chewy. There's a reason most tables will have this ordered but the papardelle, nduja arancini, and acchuighe e burro are other great options if you're feeling like a rebel and don't want to stick to the greatest hit.",False,4,3,4,Emmanuel B.,en,"{'neg': 0.062, 'neu': 0.716, 'pos': 0.223, 'compound': 0.983}",0.983,0.223,0.062,0.716,positive
595,2020-05-25 17:46:15+00:00,5,"I read a former food critic review stating that Via Carota is the most perfect restaurant in New York. Obviously, my friends and I had to test it out... and they are right. (at least for the most part... it's the perfect West Village restaurant.) 

Here's what you need to know about Via Carota:
1. The food is done well with the highest quality ingredients. Everything is just so perfectly put together and balanced, no matter what you're getting. And yes, the cacio e pepe is one of the most perfect bites of pasta.
2. The bar is lovely and the coffee is exactly what you need to kick off a perfect evening.
3. The vibe takes you to a special place and time in NYC. It almost feels like you're in Europe with the balance of New York magic.
4. Aesop products in the bathroom. Yes, this is nerdy. Whatever, I have perfectly moisturized hands to hold my fork to twirl my pasta.
5. Great service.
6. Yes, the wait is long and they don't take reservations. I recommend strolling around the area or visiting their sister location to get a negroni before your meal.

Via Carota captures this old school NYC magic that makes it the perfect West Village restaurant. Everything about it signals a good time -- a wonderful vibe, delicious food, and the promise of good company.",True,4,0,1,Kathryn T.,en,"{'neg': 0.056, 'neu': 0.674, 'pos': 0.269, 'compound': 0.9963}",0.9963,0.269,0.056,0.674,positive
594,2020-07-01 03:22:29+00:00,5,"we dined here with 3.5 million reasons to hate this place. after trying every day for a week to get seated, rain cancellations, an exhaustingly heavy dinner from the night before (from which we still haven't recovered), we had some pretty high standards. but in spite of everything, via carota managed to swiftly knock our socks all the way off. let's start with the fried zucchini. i said: bruh, i would eat these by the pound, ardently and remorselessly. even the salad captured a melodic complexity and managed to stand alone as a dish. the pastas cured me of my lactose intolerance and aromatically refreshed the evening. we finished with that thicccc tiramisu, but i won't write its poetry here.",False,0,1,1,Lily C.,en,"{'neg': 0.106, 'neu': 0.855, 'pos': 0.039, 'compound': -0.8608}",-0.8608,0.039,0.106,0.855,negative
593,2020-07-08 14:13:34+00:00,2,"We ordered two main dishes from Via Carota for take away. When we got home, we were dumbfounded by how small the portions were. My family is Italian so I am used to eating pasta as an appetizer before a main dish but the portion sizes we received were RIDICULOUS when you consider the price of each dish and that the main ingredients are water & flour!!!!
Cacio Pepe $23
Pappardelle al Cinghiale $24
Tasted good but definitely not worth it. Also, EVERY time I walk by to try to eat at the restaurant (they do not accept reservations) they have an attitude.
Meh, Meh, Meh.",False,0,1,0,C L.,en,"{'neg': 0.255, 'neu': 0.689, 'pos': 0.056, 'compound': -0.9802}",-0.9802,0.056,0.255,0.689,negative
592,2020-07-12 18:29:07+00:00,1,"Really poor service & pretentious staff. Food is fine. Go to Malatesta, Malaparte, L'Artusi or any of the other great Italian restaurants in the West Village for a superior experience. The bar they own across the street, Pisellino, had an equally pompous host. 0/10 would not recommend.",False,0,0,0,Crissy G.,en,"{'neg': 0.228, 'neu': 0.646, 'pos': 0.126, 'compound': -0.7325}",-0.7325,0.126,0.228,0.646,negative
591,2020-07-17 01:48:43+00:00,5,Worth the wait. Recommend grabbing a hit chocolate across the street if it's chilly out.,False,0,0,0,Nicole B.,en,"{'neg': 0.181, 'neu': 0.585, 'pos': 0.234, 'compound': 0.0}",0.0,0.234,0.181,0.585,neutral
590,2020-07-19 02:58:00+00:00,4,"Headed to west village to try outdoor dining at a favorite restaurant. Fully booked we decided to try Via Carota. Although we arrived at 6:00 and they don't begin taking reservations until 5:00, they too, were fully booked. The host seemed genuinely disappointed to tell us this - and in the same caring, disappointed tone told at least 5 parties after us. The good news is they provide take out. We ordered the salad with green beans and prosciutto and then the octopus main dish. The salad was big enough for two and delicious. I barely had room to try to octopus. We will definitely be coming here again. Can't wait to try other dishes.",False,1,0,1,Joan W.,en,"{'neg': 0.073, 'neu': 0.748, 'pos': 0.178, 'compound': 0.9228}",0.9228,0.178,0.073,0.748,positive
589,2020-07-28 02:30:30+00:00,1,"I came here earlier tonight to do something nice for my girl friends birthday. The host told me it could be as long as 2 hours. We waited over 2 hours and nothing. The host told me I had not been waiting 2 hours. I showed her the text I received over two hours before and she shrugged and told me ""it's a long wait."" They did absolutely nothing. Not even an apology. The host just told me I was wrong. I hate it when places with good food act pretentious like I'm lucky to be there. Maybe if I didn't come from work and I was in a suit like all the other yuppies it would have been quicker? Stop with all the belittling shit and be accountable.",False,1,0,0,Jerry P.,en,"{'neg': 0.195, 'neu': 0.692, 'pos': 0.113, 'compound': -0.9343}",-0.9343,0.113,0.195,0.692,negative
588,2020-08-03 19:20:27+00:00,5,"I have been wanting to eat at this restaurant for years, but every time I have tried to get into this no-reservations hot spot, the wait has been well over two hours (or the restaurant has been booked for the night). When I heard they were offering take-out during this time, I was excited to make the trip downtown to try their food. We ordered the piseli salad with peas, prosciutto, and robiolo; and the grilled octopus with green pea pesto. The salad was absolutely delicious - the combination of flavors and high-quality ingredients were perfect. Each of the dishes was a hearty portion and felt like a home-cooked, high-end Italian cuisine treat. We definitely plan to go back to try many of their other dishes.",True,1,0,0,Lianna T.,en,"{'neg': 0.031, 'neu': 0.754, 'pos': 0.215, 'compound': 0.9834}",0.9834,0.215,0.031,0.754,positive
587,2020-08-09 02:18:22+00:00,4,"TL;DR version: Go now! The wait isn't too bad since the city isn't overrun with tourists. The food and service is excellent! 

----

Pre-global pandemic, my BF and I once arrived here around 9pm naively thinking we might be able to snag a late night table. When we checked with the host, she let us know it would be best if we came back around midnight to see about availability. Ha! I miss the old NYC!

The city is especially amazing for residents right now. Restaurant waits are rare so if you've been wanting to try Via Carota now is the time!

BF and I met a friend here for a summer Friday lunch where we could all enjoy a bottle of wine and not have to worry about returning to work. We arrived around 2:15 pm and our wait for a table was about 5 minutes.

It was an overcast day and our server informed us that they were expecting rain. If that happened, they offered to move the umbrella but that was about as much as they could do since no indoor dining right now. She also kindly reminded us that any time we needed to interact with the staff, that we please put on our face masks before doing so. I appreciated the respect for my safety as well as theirs!

We ordered burrata di puglia (cherry tomatoes were so sweet!), scafata (I love fava beans - they are very labor intensive to prepare), funghi (mushrooms reminded me of enoki), and tagliatelle (excellent noodle texture). I can't wait to return to try more dishes!",False,1,1,1,Gina B.,en,"{'neg': 0.044, 'neu': 0.792, 'pos': 0.164, 'compound': 0.9886}",0.9886,0.164,0.044,0.792,positive
586,2020-08-22 22:22:45+00:00,5,"Great ambience, good social distancing, great service. Cacio e pepe was amazing - would go back!",False,0,0,0,Darshna V.,en,"{'neg': 0.0, 'neu': 0.397, 'pos': 0.603, 'compound': 0.945}",0.945,0.603,0.0,0.397,positive
585,2020-08-26 15:46:35+00:00,4,"Popped in for lunch yesterday (no wait at 12:30 on a Tuesday) and it was great! Covid measures are in place and we felt very safe with everyone wearing masks (don't forget to mask up when you want to speak to your server). The food was phenomenal, standouts were the mushroom and cheese appetizer and the fried rabbit. We can't wait to go back.",False,1,0,0,Lori S.,en,"{'neg': 0.091, 'neu': 0.767, 'pos': 0.142, 'compound': 0.412}",0.412,0.142,0.091,0.767,positive
584,2020-08-29 00:52:54+00:00,3,"COVID Take-our order review.
Disclaimer, precovid I had been to the restaurant several times and really enjoyed my experience and the food. However, my take out order was not only disappointing but it was late and the bag was soaking wet / ripped. By far the most expensive takeout we have gotten to date but we wanted to support the restaurant during these tough times. My boyfriend and I got our favorite salad ""Insalata Verde"" and the wild boar ragu parpadelle. The salad was huge and delicious which was great because it's our favorite. We ordered extra dressing but one of them was completely broken open which soaked and ultimately broke our takeout bag. The pasta was... lack luster. First, the portion size was insanely small... the bowl was barely enough for one person. We were so hungry at this point that we actually laughed at how small the bowl was. The sauce was soooo salty, we honestly couldn't believe it because we live this restaurant so much.
Overall very disappointing. The salad and complimentary biscotti were great but overall not worth it. 

This was $47 for the food alone. After caviar (app) fees and tip for our delivery it was$64.52.

It's worth noting that the menu is also super limited right now.",False,1,1,0,Samantha M.,en,"{'neg': 0.159, 'neu': 0.627, 'pos': 0.214, 'compound': 0.9595}",0.9595,0.214,0.159,0.627,positive
583,2020-09-05 20:50:24+00:00,3,"Lovely to see a ""popular"" place pushing Cynar and Gran Classico. 

I hope they don't become a thing. Nothing like running into a fellow Cynarite and share a sophisticated nod while acknowledging all the new negroni drinkers. 

Food was ok. Overpriced.",False,0,0,0,S A.,en,"{'neg': 0.24, 'neu': 0.531, 'pos': 0.229, 'compound': -0.3839}",-0.3839,0.229,0.24,0.531,negative
582,2020-09-10 23:00:58+00:00,3,The food is amazing but the service is snide and usually blatantly rude.  I used to frequent this restaurant and it got too hard to justify the experience.  Especially as a local it was shocking to never get credit or recognition for support.  Every time I come here I regret it as I'm reminded how negative and off putting the actual experience is. Once whole dining there a friend noticed it and vowed to never return.  While 40% of the time the servers or hosts are lovely it's that 60% that no matter how good the food may be still leaves a bad taste in my mouth.,False,0,0,0,Avi A.,en,"{'neg': 0.321, 'neu': 0.55, 'pos': 0.129, 'compound': -0.9907}",-0.9907,0.129,0.321,0.55,negative
581,2020-09-24 18:48:01+00:00,1,"Stopped by Via Carota randomly around 2:00pm and decided to grab a late lunch. Heard great things about them but boy... am I disappointed.

I wandered around waiting the street, waiting for someone to acknowledge me, and was told to stand by one of the doors and the hostess will seat me shortly. I waited for about 10 minutes and I was seated by some parked motorcycles. I asked if I can be seated in the area where they have barriers separating the tables and traffic and was told that table was reserved. Ummm... excuse me? You guys do not accept reservations... Needless to say, that table was empty the entire time I ate. Not a great start.

The food was disappointing. It felt like the kitchen lost their salt and didn't bother looking for it. Got the fried calamari, and it was extremely bland. Nice and light breading, but it tasted like oil and lemons because there's no other detectable flavor. My local pizzeria manages to do better than this.

Also tried the meatballs, and ohh boyyy. It seemed like it is made from 100% meat and was so dense - if I lobbed it at someone it would kill them. Breadcrumbs are not a filler in meatballs, it helps them achieve a nice and light texture and it was sorely lacking, especially if you are going to make it Sicilian style with pine-nuts and raisins. To be fair the ground meat does taste like it's high quality - imagine if Subways made their meatballs with Wholefood ingredients but forgot to add salt or any other seasoning, and is dense enough to have it's own gravitational force, you will have the Via Carota meatballs.

Rounded off the meal with their much lauded cacio e pepe and I nearly fell off my chair at the first bite, not in a good way. I was already expecting it to be bland and by then I was ready to rummage through my purse to see if there is a random salt pack in there or if I can sneak off to a nearby bodega to get some, but what shocked me the most was the texture of the pasta. Definitely not al dente, when you bite into the pasta it has a springy texture and consistency more like egg noodles than spaghetti. Between the weird texture and lack of salt, it's nice to see that they have black pepper in their kitchen.

Maybe Jody Williams should actually check on the food, she was sitting in the main dining room doing what looked like paperwork.

I ate about 3-5 bites of each dish and couldn't do it anymore. Waitstaff didn't even wonder what's wrong and just packed everything up. The final insult was when I was paying my check and was looking to add the tip - it turns out my waitress already added a 20% tip for herself. Umm what. Last I checked, there is no auto-gratuity for this restaurant. Honestly I would have tipped about 40% to make up for the fact that I was a solo diner during Covid-19 but that's not the point. The point is you never decide what a diner should tip for them.

Between the poor service by the hostess, bad food and impropriety by the waitress - I will not return. I spent about $120 having a random solo lunch in hopes that it will help the restaurant during Covid-19, now I'm thinking if they do shut down, it wouldn't be the worst thing in the world. Maybe it will allow for restaurants that have salt to open. My Negroni was epic though!",False,2,0,0,Mindy Y.,en,"{'neg': 0.126, 'neu': 0.755, 'pos': 0.119, 'compound': -0.9186}",-0.9186,0.119,0.126,0.755,negative
580,2020-09-26 03:18:25+00:00,1,"We waited 40 mins for a table with a reservation and another 40+ for food. We had dry calamari, served with no sauce, and very bland pasta. Nothing about this experience was positive. I paid for a bottle of wine and waited forever for my glass to be filled each time because the server was nowhere to be found. I paid $100 to wait over an hour for some of the most bland food I've had in a while. We waited 40 mins for a table because the party ahead of us ""wouldn't leave,"" but the host had no problem harassing us to leave right after our food arrived around 10:30 because the staff wanted to go home. This was the worst dining experience I can remember and I would never recommend this place to anyone.",False,0,1,0,Hope R.,en,"{'neg': 0.254, 'neu': 0.72, 'pos': 0.026, 'compound': -0.9899}",-0.9899,0.026,0.254,0.72,negative
579,2020-09-29 09:23:54+00:00,4,"Maybe 4 stars is just a product of my sky high expectations.  Been a couple of times now. Everything was good, but didn't change my perception of italian food.  

They cacio y pepe was the highlight for sure. Rigatoni and pappardelle were good, but under sauced. Insalata verde is always a go to.  Desserts are always mouthwatering. 

Each time I've gone, the meal took. about 2.5 hours due to the deliberate service. Could be a pro or con depending on what youre looking for.",False,0,0,0,Zach P.,en,"{'neg': 0.0, 'neu': 0.77, 'pos': 0.23, 'compound': 0.9746}",0.9746,0.23,0.0,0.77,positive
578,2020-10-01 17:04:21+00:00,3,"I've been wanting to try this place for a long time but the long wait times pre-Covid prevented me from doing so. Luckily, I only waited about 20 minutes for brunch a few weekends ago to be seated outdoors.

Neither the service nor the food lived up to the hype. The host appeared annoyed when I requested to be seated at a different table (that was already open and available). The waitress was very nice and helpful for most of the meal but that changed as soon as my card swiped.

As for food, the cacio e pepe was not al dente and the sauce was too heavy. We couldn't eat much of it. Their arancini and brussel sprout salad were excellent though.",False,1,0,0,J L.,en,"{'neg': 0.122, 'neu': 0.729, 'pos': 0.149, 'compound': 0.6245}",0.6245,0.149,0.122,0.729,positive
577,2020-10-11 17:20:12+00:00,5,"Really love the food here especially the caico e Pepe, it really lives up to the hype! Sometimes difficult to get a table but worth the wait.",False,0,0,0,Bella S.,en,"{'neg': 0.203, 'neu': 0.641, 'pos': 0.156, 'compound': -0.3706}",-0.3706,0.156,0.203,0.641,negative
576,2020-10-19 05:13:07+00:00,2,Food is good but you should hire people that at least act like they want to work there. Very poor attitude and customer service. There's better options to spend money,False,0,0,0,Jeremy C.,en,"{'neg': 0.258, 'neu': 0.516, 'pos': 0.226, 'compound': -0.6712}",-0.6712,0.226,0.258,0.516,negative
575,2020-10-19 19:44:23+00:00,5,"Worthy of the hype! They have very thoughtful COVID-19 procedures and an outdoor dining setup. We loved everything we ate including the arancini, Tuscan beans and sausage (favorite dish of the meal), famous green salad, carrots in yogurt, and buttery cacio e pepe. We couldn't resist dessert either - the affogato and raspberry crostata were the perfect finish.",True,0,0,0,Sol C.,en,"{'neg': 0.0, 'neu': 0.792, 'pos': 0.208, 'compound': 0.9285}",0.9285,0.208,0.0,0.792,positive
574,2020-10-20 03:01:17+00:00,4,"An article by Samin Nosrat in the New York Times said the salad is the best in the world. I laugh & wonder how much Samin was paid to write that. First things first don't waste your money on the salad it's. Just. Greens. 

A true testament to the chef & integrity of a restaurant is how well they can cook a chicken. The chicken was prepared the same exact way my Dominican/Italian mother prepared hers. Succulent, fresh, and delicious. 

The Cacio e Pepe: absolutely delicious worth 25$ even though I could make it at home for 10 ;) it's delicious and excellent. 

My glass of wine was exceptionally small

I can't give Via Carota five stars because the ambience is lacking- there isn't any special that stood out from the local Italian places in each neighborhood.",False,1,0,0,Michael G.,en,"{'neg': 0.037, 'neu': 0.622, 'pos': 0.341, 'compound': 0.9953}",0.9953,0.341,0.037,0.622,positive
573,2020-10-22 14:50:27+00:00,5,An overall wonderful experience. I kept telling my friend that I want to come back every week. Simply have nothing but good things to say about the food and drink they offer. So enjoyable.,False,0,0,0,Laurel B.,en,"{'neg': 0.078, 'neu': 0.675, 'pos': 0.247, 'compound': 0.6985}",0.6985,0.247,0.078,0.675,positive
572,2020-10-24 15:53:26+00:00,3,I've been twice. Extremely overpriced and portions are 1/2 size. Good food.  Service was okay.  When asked for the check waiter stated total price with offering a written listing of items.  Just stated the total.  Later asked if I wanted a receipt and of course 10% sir charge.  Additionally I wasn't to restaurant the day before inquiring about reservations.  The manager or owner was just inside restaurant with no mask on sitting at a table.,False,4,0,0,Kevin F.,en,"{'neg': 0.143, 'neu': 0.821, 'pos': 0.036, 'compound': -0.8622}",-0.8622,0.036,0.143,0.821,negative
571,2020-10-29 02:32:48+00:00,5,"My boyfriend & I finally got to Via Carota after hearing such great things from a bunch of our friends. It's usually a longgggg wait, but when we arrived to put our name down, an outdoor table surprisingly canceled their reservation and we were lucky enough to fill it! We sat outdoors and all staff wore masks and distanced the tables. 

Since we heard this is one of the best Italian spots in Manhattan, we went all out and ordered the following: Cynar Spritzs, Prosciutto di Parma, Insalata Verde, Tonnarelli Cacio Pepe, Pappardelle Wild Boar Ragu, and Olive Oil Panna Cotta. The meal was out of this world; no disappointments whatsoever! The star dish of the night was the Pappardelle (was even better than the Cacio Pepe). The rest of the menu looks amazing, so we definitely plan to come back soon. 

All in all, the service, ambiance and food/drink are stellar, so I agree with the hype!",False,2,0,1,Laurel F.,en,"{'neg': 0.049, 'neu': 0.762, 'pos': 0.19, 'compound': 0.982}",0.982,0.19,0.049,0.762,positive
570,2020-11-06 23:16:33+00:00,3,"Via Carota has decided to impose the covid task. I am in full support of helping local restaurants and all I want is to see these places stay in business. Sadly, this tax is not necessarily distributed to the employees, it goes straight to the owners. I'd love for them to disclose how they are distributing the added tax. 25% was also the tip requested today. How can you say no to that? Then again, as a local resident of over 20 years it's hard to want to continue to eat out, as expenses grow higher for all of us. I hate to think this, but I wonder if some local, still very busy establishments, with long wait lines are taking advantage of the devoted NY'ers also struggling to pay their bills.",False,5,0,0,Carin C.,en,"{'neg': 0.169, 'neu': 0.727, 'pos': 0.105, 'compound': -0.9136}",-0.9136,0.105,0.169,0.727,negative
569,2020-11-08 00:06:54+00:00,5,"This is an easy 5 star, and I don't see how anyone can give it anything less.
Came here with a group of 4 and it was one of the better meals we have had. Most things were ""special.""
The truffle butter pasta, truffle bruschetta with mushrooms, the caccio a pepe were all incredible and must orders.
The cod was good but not a must.
The deserts were all very good except for the chocolate mouse which had hazelnuts inside which through me off. I myself am not a a tiramisu guy but the others lovedddd it.
This is a must go and order as much as you can :)",False,2,1,1,Ezra B.,en,"{'neg': 0.0, 'neu': 0.874, 'pos': 0.126, 'compound': 0.9136}",0.9136,0.126,0.0,0.874,positive
568,2020-11-10 00:03:38+00:00,3,"I had visited here few times before the pandemic and honestly the food quality hasn't been up to the level before. The arancini was over fried without much taste. Service wise, I understand it was hard to accommodate the situation but the waitress was rushing us ordering/eating/getting the check... wasn't a great experience for me this time and a bit disappointed.",False,0,0,0,Enze Y.,en,"{'neg': 0.184, 'neu': 0.757, 'pos': 0.059, 'compound': -0.8908}",-0.8908,0.059,0.184,0.757,negative
567,2020-11-11 19:09:09+00:00,5,"In my opinion best Italian restaurant in NYC. Everything is fantastic you really cannot go wrong. My personal favorites are the cacio e pepe, roasted artichokes, insalata verde and many others! Very hard to get a table but absolutely worth the wait. Excellent set up for outdoor dining the service is always a 10/10!",False,1,0,0,Lauren S.,en,"{'neg': 0.095, 'neu': 0.647, 'pos': 0.258, 'compound': 0.8686}",0.8686,0.258,0.095,0.647,positive
566,2020-11-14 02:13:56+00:00,1,"The maitre d was incredibly rude. He could had easily just told us there was no availability, but instead opted to look at us like we were nothing for having the audacity to ask him a question. No food is worth that attitude.",False,1,0,0,Robbie H.,en,"{'neg': 0.267, 'neu': 0.603, 'pos': 0.13, 'compound': -0.8673}",-0.8673,0.13,0.267,0.603,negative
565,2020-11-15 20:16:19+00:00,5,"Got takeout from here for a date night. Everything was fantastic!! The grilled artichokes were my favorite but you can't pass up the arancini, sausage/olive croquettes, the cacio e Pepe",False,0,0,0,Jason H.,en,"{'neg': 0.0, 'neu': 0.842, 'pos': 0.158, 'compound': 0.5972}",0.5972,0.158,0.0,0.842,positive
564,2020-11-16 23:21:18+00:00,1,"The day after dining here, we found a tiny line below the menus on their website stating that a 10% NYC covid recovery charge will be added to the bill.  We wish this was disclosed to us before the waiter took our drink orders.  The waiter also did not give us a physical bill, only verbally confirmed our entire order before handing us the credit card reader.  

As your customers, we are already supporting your business by coming and paying for your food, paying tips to your waitstaff so you don't have to pay them a real salary, and as taxpayers we contributed to the relief package benefiting small businesses like yours.  If those aren't enough and you feel the need to charge the entire 10% surcharge passed by the city, at least be upfront about it and communicate this to your customers.  But if I had known I would not choose to support your business by dining here.",False,3,0,0,R L.,en,"{'neg': 0.049, 'neu': 0.887, 'pos': 0.065, 'compound': -0.0872}",-0.0872,0.065,0.049,0.887,negative
563,2020-11-17 07:07:25+00:00,1,"Was so happy to visit Via Carota for dinner the other evening. The food was delicious, unfortunately there was a lot about everything else that was left to be desired, covid nonwithstanding. 

Due to inclement weather, we were able to get a table very quickly. The team was nice from the get-go. 

Unfortunately, the wind started to blow very strongly, blowing leaves and dirt from the metal roof structure erected for their outdoor dining extension - directly onto our food and into our drinks & water. Water glasses coated in dirt. Stingy pours of wine, diluted by dirt.

Despite multiple attempts to ask politely if we could move tables due to the leaves & dirt, we were left to fend for ourselves. Every 5 minutes or so (max!), we had to build our own tent of coats and napkins, held up against whatever direction the wind happened to be blowing. No single person from the staff ever got back to us on moving the table or asked whether we were okay (we saw them moving others, seating new guests). Our water glasses were coated, inside and out, with dirt. Our food, each dish ""garnished"" with 5 leaves or more from the dirty rooftop.

All in all, the food was good (until the leaves and dirt descended). The service was friendly, but far from attentive. If you're charging 20% service, 10% covid fund fee, could you at least look after your guests?",False,3,0,1,Daniela W.,en,"{'neg': 0.09, 'neu': 0.823, 'pos': 0.087, 'compound': 0.6862}",0.6862,0.087,0.09,0.823,positive
562,2020-11-19 14:58:59+00:00,5,"Out of the many restaurants I've tried in New York over the past few months, this has stood out to me by far. 

The pasta is so fresh and delicious, and you definitely need to get the cacio pepe. Negroni and calamari were delicious as well. 

Beware that if you don't have a reservation, you will be waiting a very long time. We came on a Wednesday night and had to wait 3 hours for a table, but if you're not starving and have time to walk around, it's with it. 

Coming here on the weekends is even harder, I'm not sure I would even try that without a reservation.",False,0,0,0,Liza H.,en,"{'neg': 0.065, 'neu': 0.787, 'pos': 0.148, 'compound': 0.8729}",0.8729,0.148,0.065,0.787,positive
561,2020-11-20 03:50:27+00:00,2,"2 stars because we didn't even get a chance to sit at a table. Not that it was busy as we were IN A LINE at 5pm to even be spoken to. The manager didn't acknowledge the people waiting at the front door only a server did as he was playing around with the iPad not even bothering to look up. Only be told by a server to wait on the side with a plethora of others. If you're busy say something. If you can't sit people at your first sitting, say something. It was freezing and we heard good things about the pasta but to see a completely empty restaurant with oblivious observations; we went to Lupa instead where we were acknowledged upon arrival and graciously seated. We want to support restaurants during this time but only those who value their guests. The front door is the first impression and this was certainly our last.",False,0,1,0,Mike P.,en,"{'neg': 0.045, 'neu': 0.816, 'pos': 0.139, 'compound': 0.9386}",0.9386,0.139,0.045,0.816,positive
560,2020-11-22 03:19:05+00:00,5,"This place is simply amazing. The quality of their ingredients is top notch and the service is impecable. We started with grilled artichokes and mushrooms with scamorza. The veggies were cooked to perfection and the natural flavors shined through. For main dish, we shared ragu di cinghiale and Cacio Pepe. They were both amazing. The ragu was very rich, flavorful and tender. The Cacio Pepe waz executed perfectly, not too dry, not too saucy. For dessert, we tried a Zabaione. Omg! It's been years since I had Zabaione and this was to die for. Definitely a must.",False,1,0,0,Alessio S.,en,"{'neg': 0.031, 'neu': 0.635, 'pos': 0.334, 'compound': 0.9904}",0.9904,0.334,0.031,0.635,positive
559,2020-11-23 14:53:30+00:00,4,"I've been dying to try Via Carota for ages, ever since the NY Times published an article calling their green salad the best green salad in the world. Yes, I know that says something about my tastes and the things that bring me excitement and joy ... and yes, that includes green salads. 

However, you know when you build up something so much in your head that when you finally come across the real thing, you're a wee bit disappointed? (Much like that time I saw James Franco, back when he was doing his MFA at Columbia. Let's just say homeboy was looking a little rough.) 

The green salad came in this enormous pouf of butter lettuce, endive, watercress, smothered in this dressing. First bite was, well, underwhelming. Maybe the dressing needed a little more acidity or zing; I did see on the NYT article that they drizzle rather than dress the leaves. Agree with my friend that the salad got a lot better the more I ate it. 

The star of the meal was definitely the pappardelle with wild boar ragu. The pasta was the perfect level of al dente. Eat a bowl of this and you'll definitely feel nice and cozy under the heat lamps. Perfect fall/winter dish. 

Tbh, I don't really remember much of the desserts (except the crostata was just a tad dry, would've been great with classic vanilla ice cream), because I was trying hard to savor the taste of the pasta.",True,13,7,8,Joy G.,en,"{'neg': 0.061, 'neu': 0.751, 'pos': 0.189, 'compound': 0.9874}",0.9874,0.189,0.061,0.751,positive
558,2020-11-23 15:53:53+00:00,4,"Overall, this spot seems to serve solid meals whatever you choose. It is on the pricier side for the portion size - the two of us got 4 dishes which was a very full lunch ($100+), but we were able to finish everything, but that's the main reason I knocked it down a star.

'nduja arancini: 3.5/5 The ideal crispy/chewy texture, but the spicy pork was a little off for me. It was a bit of a thick paste that was supposed to contrast with the richness, but wasn't tasty to me. 

Castelfranco: 3/5 We got this salad instead of the Insalata Verde, and the flavors were all put so well together. I was surprised by the thick mayo-like consistency of the dressing, and for my personal taste, I like my salad to be lightly dressed.

Coniglio fritto: 5/5 This fried rabbit tasted like the highest elevation of fried chicken. It was so tender and juicy, and the breading was nicely seasoned. It also came with fried bread with roasted garlic that nicely complemented the rabbit. This was the highlight of the meal for me.

Pappardelle: 3/5 Wild Boar Ragu's tomato sauce had a much darker flavor, perhaps due to the wild boar meat? It was good and the pasta had a nice consistency, but wouldn't get again.",True,0,0,0,Austin K.,en,"{'neg': 0.026, 'neu': 0.749, 'pos': 0.225, 'compound': 0.9948}",0.9948,0.225,0.026,0.749,positive
557,2020-11-26 23:03:41+00:00,3,"The Italian food here hits the spot as standard West Village Italian fare but the food itself doesn't really stand out compared to the top tier like L'Artusi or Don Angies. Don't get me wrong the place is good, but West Village just has too much good Italian food.

Of the dishes, the cacio pepe was definitely the highlight, being pretty well made and tasty. The boar ragu on the other hand was a bit salty and mediocre. 

The salad was a good start, but was still just a salad at the end of the day.",True,1,1,2,Tyler T.,en,"{'neg': 0.09, 'neu': 0.572, 'pos': 0.338, 'compound': 0.9875}",0.9875,0.338,0.09,0.572,positive
556,2020-12-02 02:28:53+00:00,5,Via Carota was everything I heard it would be. We walked up and got in for outdoor dining on election night - I couldn't believe we got a table. I want to go back to try the entire menu. The fried olives were insane... they are the size of golf balls! Service was professional and wonderful.,False,0,1,0,Sara G.,en,"{'neg': 0.0, 'neu': 0.903, 'pos': 0.097, 'compound': 0.6476}",0.6476,0.097,0.0,0.903,positive
555,2020-12-04 04:08:33+00:00,5,"After discovering what cacio e pepe from my trip in Roma, I needed to find the RIGHT place nearest to me & my search led me to here! And that's what I got! The portion looks larger in the pics, but don't be fooled this buttery, creamy, cheesy, starchy, peppery chewy fresh exquisitely simple yet intricate pasta dish that is a belly-full! It also is served with a hefty topping of shredded cheese...

I enjoyed every bite. Of course as you munch down into the bowl, the noodles get slathered into the pooling of peppery butter. Wowies, a star dish. Couldn't fit any apps or dessert honestly.

Ordered a hot toddy, not knowing what it was but ""HOT"" since I was freezing cold after long distance walking without offering socially-distanced indoor dining huhuu... but it was strong! Lemony! And hot! I had to unconventionally ask for more honey (don't judge me! I shoulda got a latte instead hehe) Anyways, this didn't affect my rating at all, just not my preference of drink..

Also side note... they have 2 types of seating areas: one underneath the heater or without! Good luck & enjoy!!",False,11,1,9,Kathleen C.,en,"{'neg': 0.149, 'neu': 0.733, 'pos': 0.118, 'compound': -0.7918}",-0.7918,0.118,0.149,0.733,negative
554,2020-12-23 01:39:36+00:00,5,"We ordered takeout through Caviar tonight. We dined there in person before the pandemic and the takeout version did not disappoint. The food traveled well -- we live in Midtown and it arrived thoughtfully and elegantly packaged with bonus biscotti. We had the Cacio E Pepe, Green Salad, Wild Boar Ragu and the Tiramisu. In a year with a lot of takeout orders, this food was among the best. We look forward to doing it again!",False,0,0,0,Liz D.,en,"{'neg': 0.0, 'neu': 0.789, 'pos': 0.211, 'compound': 0.9513}",0.9513,0.211,0.0,0.789,positive
553,2021-01-01 19:40:24+00:00,3,"Ordered pickup for NYE; placed the order a day in advance and chose 6:30.  After arriving at 6:25 I was told food would be ready in ""10 minutes"".  AN HOUR later, my food was ready.  Stood outside in the cold waiting, with zero updates from the staff after the first ""10 minute"" wait time - all while my husband waited with a screaming child in our car.  I get you are trying to recoup as much business as possible in these trying times but, come on - be transparent with your customers (I wasn't the only one waiting forever outside in line for late orders) - food was good but certainly not worth the hassle and blatant disregard for their clients.",False,0,0,0,Andrea V.,en,"{'neg': 0.084, 'neu': 0.833, 'pos': 0.083, 'compound': 0.2025}",0.2025,0.083,0.084,0.833,positive
552,2021-01-09 14:15:45+00:00,5,"Of course the food at our favorite spot is the best but our server Angela is worth a mention. She is always funny, polite and a familiar face we love seeing!  We always look forward to seeing Angela. Superb as always!!",False,0,0,0,Jojo G.,en,"{'neg': 0.0, 'neu': 0.52, 'pos': 0.48, 'compound': 0.9855}",0.9855,0.48,0.0,0.52,positive
551,2021-01-09 21:47:44+00:00,1,"Horrible service. Asked for a reservation for a heated seat, waited an hour for the table. When we arrived we were sat in a non-heated section and a heated seat was available. Asked if we could be moved and was told that seat was already spoken for and that there are no other seats. Spoke to the manager who said they place people on a rolling basis, no designation for heated or not heated, so we should have been able to seat at that open table. He did not offer any fix for this problem even though we told him we have been waiting, only chose here because it was heated. 

Completely rude, horrible service and a huge waste of time and money. Can't believe we get service like this in NYC.",False,2,0,0,Julie L.,en,"{'neg': 0.202, 'neu': 0.766, 'pos': 0.031, 'compound': -0.9836}",-0.9836,0.031,0.202,0.766,negative
550,2021-01-10 16:18:45+00:00,4,"I've always loved Via Carota so this feedback is only based on my last experience which was 1) during Covid period when only outdoor seating is permitted, and 2) during the cold cold January winter month. We were probably given the worst table at the restaurant during our visit which was just at the entrance beside some tree which meant the pavement floor wasn't even and my chair was half on the pavement and half on the planted gravel area. The table was unsheltered from the cold wind and there were no heaters provided. So while I watched other guests seated in the covered veranda area under nice heated radiators enjoying their meals (there was a table available which I thought was for us but the server told us that the table was reserved) we had to rush through ours since we were freezing our butts off and our food was getting cold almost as soon as they arrived. Within 5 mins, our pasta was clumped up which really ruined the experience for a friend whom I brought to this place for the first time. I understand that it is not the restaurant's fault at all and on hindsight, I only blame myself for having accepted that table that was offered to us. But perhaps as a feedback, the restaurant should not offer tables that are unsheltered from any wind and cold that would affect both their overall food quality and diner's experience. I would definitely go back to Via Carota but probably not during the winter time and pandemic when only outdoor seating is available.",False,0,0,0,Eudora H.,en,"{'neg': 0.108, 'neu': 0.823, 'pos': 0.069, 'compound': -0.8807}",-0.8807,0.069,0.108,0.823,negative
549,2021-01-19 01:26:01+00:00,5,"Maria took great care of us, made nice recommendations, and just had a really pleasant vibe. Thanks so much for the great service and a nice evening!

I'm also so glad this restaurant has you wear a mask whenever staff is present at the table! I've been other places where they don't care and it's a much less pleasant experience",False,0,0,0,Katherine G.,en,"{'neg': 0.0, 'neu': 0.558, 'pos': 0.442, 'compound': 0.9894}",0.9894,0.442,0.0,0.558,positive
548,2021-01-27 21:43:07+00:00,3,Outdoor dining was set up fairly nicely and the servers were polite and attentive. Cocktails were nice and strong. We were a party of 2 and they kept serving the dishes one at a time. One of the pasta dishes were served and when the server came by I told her that we would wait for the other dishes to be served to have together. She went on to say that she was going to bring them out after we had finished the pasta. Why on earth would we want to eat one dish at a time. Each plate was also too oily. Not anywhere close to any good Italian I've had in the past. We also had a reservation for 830 and outdoor dining closes at 10 and they didn't seat us until close to 9 on top of this so overall not a great experience.,False,0,0,0,Amy C.,en,"{'neg': 0.043, 'neu': 0.791, 'pos': 0.166, 'compound': 0.958}",0.958,0.166,0.043,0.791,positive
547,2021-01-31 01:53:19+00:00,5,"We came for Saturday brunch! The outdoor seats were fairly spaced apart and they had heaters at the top of the outdoor tent are. I enjoyed their oat milk latte to start. 

While the handmade pasta was good, my favorite dish was the cavoletti- shredded Brussel sprout salad with pecorino, apple and walnut. The grilled mushroom was also really good! I think we agreed the starters were the highlights.",False,2,0,0,Jenny Z.,en,"{'neg': 0.0, 'neu': 0.786, 'pos': 0.214, 'compound': 0.9391}",0.9391,0.214,0.0,0.786,positive
546,2021-02-13 06:38:06+00:00,1,"Be aware this restaurant charges 10% COVID recovery fee, not to mention $2 for usually free bread which is hard and cold and only 3 small pieces. Main dishes portion are so small definitely overpriced. And their ""famous"" $20 salad is just a pile of green leafs. They'll show you the bill on a screen with things you ordered but only total price and then you insert your credit card, a default 20% tip showed up.
Worst of all while all tables are eating and talking, a homeless maskless guy walk table by table asking for money and say rude things if you ignore him. The restaurant staff are all inside no one even bother to come out to stop the guy.
Have been dining out so many restaurants all over Manhattan since December 2020 and this is the only one we said we will never come back. I wish I could give zero star.",False,0,0,0,Joanne W.,en,"{'neg': 0.263, 'neu': 0.697, 'pos': 0.04, 'compound': -0.9928}",-0.9928,0.04,0.263,0.697,negative
545,2021-02-20 19:09:02+00:00,5,"God damn that was GOOD!
The butter anchovy crostini ... there are no words ...it's a slice of bread...four anchovies...half a stick of butter...and worth every calorie. 
Also the rabbit...very delicious...and the bread it comes with is a showstopper.
For dessert, you're never too full for an espresso martini...and who needs a dessert when they have this deliciousness?! Not this girl.
Full disclosure: I tried my friend's wild boar ragu tagliatelle and was way underwhelmed. Oh well...nobody is perfect.",False,0,0,0,L F.,en,"{'neg': 0.111, 'neu': 0.754, 'pos': 0.134, 'compound': 0.254}",0.254,0.134,0.111,0.754,positive
544,2021-02-21 19:49:54+00:00,3,"Extremely disappointed with my experience at Via Carota this evening. My group and I arrived a little after 6:30 and were accommodated with a smaller table since we did not have a reservation. We waited approximately 15 minutes before our server came over to inform us the menu was to be found online and we had to keep masks on when the servers were around. We ordered our drinks and food which all came out in a timely manner. The food was mediocre but the service was terrible. I have worked in the food industry for many years and never experienced anything like it. The waitress never came over after we were brought our food (by another wait staff) and we had to ask for the bill after sitting for 30 min once the meal was done. We eventually had to ask another server for the check plus the bread that was never brought to our table. The disappointing part is we are a crew who does a few rounds of drinks and dessert. When we expressed our displeasure to our waitress she had offered a cold apology and then we watched her walk into the restaurant to yell at what appeared to be the manager. With so many delicious Italian fare places nearby in the west village with bigger portions and better service at the same price point (carbone, bar pitti, don Angie) you're better off taking your business elsewhere. Unfortunately, not worth the hype",False,0,0,0,Liliana N.,en,"{'neg': 0.12, 'neu': 0.81, 'pos': 0.07, 'compound': -0.9143}",-0.9143,0.07,0.12,0.81,negative
543,2021-03-06 11:43:56+00:00,5,"Via Carota is just astonishing. Sooooo good and well priced. Everything that I have tried was really great and I would come back to have it again! Not to mention, the service was great and the staff was very helpful. Via Carota is definitely one of my go to's when I come to this area.",False,0,0,0,Jacquelyn E.,en,"{'neg': 0.0, 'neu': 0.686, 'pos': 0.314, 'compound': 0.9685}",0.9685,0.314,0.0,0.686,positive
542,2021-03-06 20:57:43+00:00,2,"Around 3 stars for food it's not bad, but definitely minus 1 star for the awful outdoor setup and price.  If you want to eat here make sure you reserve a table in advance and bring 3-4 people.  Only 1/3rd of the tables have heat lamps and they are all 4-tops.

For how much money this place makes I'm 100% sure they could have done a better job with their outdoor seating.  Otherwise enjoy scarfing your $20-30 a plate food down as fast as possible before it freezes over due to cold weather.",False,0,0,0,Matthew C.,en,"{'neg': 0.147, 'neu': 0.693, 'pos': 0.16, 'compound': -0.1424}",-0.1424,0.16,0.147,0.693,negative
541,2021-03-06 22:48:29+00:00,2,"Food is not bad but it's not worth the hype. We had the mushroom appetizer, cacio e pepe, arancini and fried sardine. Everything was well made but portion is small. 

Also we weren't impressed with the outdoor setup. This is definitely one of the pricey restaurants in the neighborhood and they only had very few heat lamps. They definitely could've spent a bit more to make their customers more comfortable while dining in the frigid weather.  Yet we weren't allowed to book in advance with 2 people or sit in those 4 seaters, so it's just sitting on those cold steel chairs while trying to wolf down the food before it gets cold. We probably waited for the seating longer than the time took us to finish the food, just overall wasn't a pleasant dining experience. :(",False,0,0,0,Pauline C.,en,"{'neg': 0.191, 'neu': 0.698, 'pos': 0.112, 'compound': -0.9376}",-0.9376,0.112,0.191,0.698,negative
540,2021-03-09 00:48:28+00:00,3,"It's been hard to get a reservation here for the past few months. We finally were able to on a Monday night. This place has been on my list of restaurants to go to for a while now. I had very high expectations, but they just weren't met.

For Covid precautions- staff were wearing double masks, menu was online, and you must wear your mask when speaking to your server/waiter. 

We started off with the pere e gorgonzola bruschetta. This came on a long piece of bread sliced into 4 pieces. I really enjoyed the gorgonzola, walnut and honey combination. However, I couldn't really taste the pear. Maybe the slices of pear should've been thicker to get the actual flavor. It seemed like the pear was just put on for decoration rather than flavor. We also ordered bread and olive oil. The bread was cold and tough to chew. I then got the cacio e pepe for my entree. The bowl seemed small but it definitely filled me up. This dish was very greasy for me, and there were chunks of cheese in the sauce, which didn't have the smooth consistency I'm used to with cacio e pepe. I also ordered the broccoletti, which was broccoli rabe with garlic. You could really taste the fresh garlic in this dish, but wasn't too overpowering. I didn't find anything to be spectacular and memorable with the food here. 

The service was great. They would come by frequently to ask us if we wanted to order anything else and would fill up our water often.",False,0,0,0,Sona D.,en,"{'neg': 0.11, 'neu': 0.811, 'pos': 0.079, 'compound': -0.898}",-0.898,0.079,0.11,0.811,negative
539,2021-03-15 14:33:43+00:00,5,"A friend was in town and we were surprisingly able to snag a same day reservation on a weekend (granted it was a 4:15pm reservation). Everything was amazing from the appetizers to the dessert. 

We ordered the burrata & prosciutto, bruschetta with pear and gorgonzola, brussel sprouts for our appetizers. For our entrees we ordered the cacio e pepe, pappardelle boar ragu, and fried rabbit. And for dessert we got the hazelnut semifreddo and tiramisu. 

The pasta was cooked absolutely perfectly (can't go wrong with any of their pastas) and the fried rabbit (which I'm typically not a fan of) was crispy, non gamey, and very delicious. I would 10/10 come back. 

Only caveat is that during Covid they are not seating tables larger than 4 people. 2 of our friends who wanted to join had to either wait for another table or go elsewhere.",False,4,1,0,Stephanie C.,en,"{'neg': 0.033, 'neu': 0.764, 'pos': 0.202, 'compound': 0.9826}",0.9826,0.202,0.033,0.764,positive
538,2021-03-18 12:15:18+00:00,1,"Impossible to make a reservation. They say it is a walk-in but the only tables for walk in are the bad ones on the side walk. Resy is supposed to help with a 14-days in advance reservation (really, 14 days? Is this a Michelin restaurant?)...but guess what? Not even that work as I tried to book for May and nothing is available. Very bad customer experience my dear via Carota!",False,0,0,0,Alfredo M.,en,"{'neg': 0.179, 'neu': 0.737, 'pos': 0.084, 'compound': -0.8975}",-0.8975,0.084,0.179,0.737,negative
537,2021-03-30 20:44:23+00:00,4,"To be clear: this place gets a five star for the food.

Great salads, pasta, and so much more. Eager to come again.

So why the four star rating? Believe it or not - out waiter was great, but the hostess was extremely rude and stand-off-ish. I was actually pretty surprised, as it's usually the other way around, but it almost led us to want to go to another restaurant and not wait for our table.

Nonetheless, glad we ate here. 

I know we all have off days, but seems like the culture of the hostesses at this place and how they treat customers can get a little fixing, here.",False,1,0,0,Ana M.,en,"{'neg': 0.067, 'neu': 0.697, 'pos': 0.236, 'compound': 0.9556}",0.9556,0.236,0.067,0.697,positive
536,2021-04-02 22:27:48+00:00,2,The food is good and service as well if you get a seat.  They are horrible with reservations.  Horrible,False,0,0,0,joel s.,en,"{'neg': 0.424, 'neu': 0.424, 'pos': 0.152, 'compound': -0.9186}",-0.9186,0.152,0.424,0.424,negative
535,2021-04-03 21:24:20+00:00,5,"One of my favorite restaurants. We don't come here enough because there is always a wait, but everything we've ever tried has been exceptional. They have a knack for elevating really simple ingredients/dishes. Veggies and salads are usually an afterthought (for me at least), but here, they're standout. I don't even like rabbit, but trying the fried rabbit here was the first time I did. It's a great place to be adventurous with your ordering.

Ordered from here once during the pandemic, but we don't live close, so it wasn't the same. Can't wait to come back soon and dine in person!",False,0,0,0,T M.,en,"{'neg': 0.085, 'neu': 0.816, 'pos': 0.099, 'compound': 0.3771}",0.3771,0.099,0.085,0.816,positive
534,2021-04-05 21:37:03+00:00,5,"Absolutely stunning food and vibes. Went over the weekend and was surprised that there was no wait. We ordered their cacio e pepe and pappardelle, both were outstanding. I definitely think the cacio e pepe was my favorite. Creamy, perfectly al dente, and the pepper created a distinctive flavor. 

The salad was very refreshing and the ideal dish to balance out the heavy carbs we inhaled afterward. 

Super friendly service, loved the outdoor seating. I am returning to try more dishes very very soon.",True,2,0,1,Victoria G.,en,"{'neg': 0.052, 'neu': 0.614, 'pos': 0.334, 'compound': 0.9839}",0.9839,0.334,0.052,0.614,positive
533,2021-04-06 03:26:36+00:00,4,"The food (and the Negronis) is great, but there's a 70% chance that the hostess/host will give you some attitude for just daring to want to put your name down. Good god. They make it seem like they're doing you a huge favor by telling you how long the wait is, and they would in a really hostile way tell you that you can't get seated at a four person table unless the entire party is here (I get it, but also it was Easter Sunday at 11am and half of your restaurant is empty, and I was the only moron standing around waiting)

I live in the area and come here probably once a month or so, but tbh if I see that it's one of the meaner hostesses I walk away. You can order most of this stuff on Caviar anyway

Some favorite dishes:
- Fried olives & sausage
- Cacio et pepe
- Pork belly
- Steak",True,2,0,1,Michelle N.,en,"{'neg': 0.151, 'neu': 0.674, 'pos': 0.175, 'compound': -0.1001}",-0.1001,0.175,0.151,0.674,negative
532,2021-04-07 15:25:35+00:00,5,"My favorite Italian place in NY, it's always a joy to explore this menu! Was there for dinner with a friend and we both loved everything we ate!",False,0,0,0,Irivette S.,en,"{'neg': 0.0, 'neu': 0.603, 'pos': 0.397, 'compound': 0.938}",0.938,0.397,0.0,0.603,positive
531,2021-04-09 18:10:35+00:00,5,"Our favorite local spot these days, even for delivery. Most of the dishes are great, but our favorites are the insalate verde and polpette. The drinks are really amazing too - we have been doing the martini italiano on delivery, and it's so well made. We can't wait until we're back to eating in-person at the bar on a nice Friday afternoon!",False,0,0,0,Navin G.,en,"{'neg': 0.0, 'neu': 0.678, 'pos': 0.322, 'compound': 0.978}",0.978,0.322,0.0,0.678,positive
530,2021-04-19 12:09:09+00:00,1,"Totally overpriced ...the food is at best terrible ...the servicethe waiters are mean and arrogantQuite frankly nothing tasted good nothing..,,",False,0,0,0,Vera B.,en,"{'neg': 0.369, 'neu': 0.5, 'pos': 0.131, 'compound': -0.8224}",-0.8224,0.131,0.369,0.5,negative
529,2021-04-24 20:12:18+00:00,5,"This place is pricey, but the Cacio E Pepe was 100% worth it. This was the best pasta that I've had outside of Italy. I've never had a good cacio e Pepe and if you ever want to try a simple yet flavorful dish, I would recommend trying this once in your life. 

Everything about this dish is what I crave. I could eat this everyday and for every meal. It wasn't too heavy on the dairy, yet evenly distributed. The pasta was handmade and perfectly al dente. 
The octopus was crispy on the outside and super soft and chewy. 
The artichokes I could pass on, but it was full of flavor and tartiness. I just wouldn't say there was anything special to it. 

It has a reputation and I'm glad that I experienced what they had to offer first hand.",True,1,0,1,Meg L.,en,"{'neg': 0.071, 'neu': 0.656, 'pos': 0.273, 'compound': 0.9904}",0.9904,0.273,0.071,0.656,positive
528,2021-04-26 14:35:46+00:00,3,"This is the second time we had take out delivered in a week, so clearly the food is worth repeating.  The first time we ordered the proscuitto and burrata with some bread (which there was an additional fee for) as well as the tiramisu.  Everything was delicious although very pricey.  
Last night, we ordered the fritto misto which was out of this world.  Cooked to perfection, amble serving size, absolutely delicious.  The canellini beans and spinach were delicious and the olive oil it came in was superb, but for $19, it amounted to about half a cup of beans and a few spinach leaves.  I couldn't believe they would serve such a small portion.  Sadly, the broccoli rab was so terrible we threw out the entire thing.  For $19, we got a bland bunch of tough stems that was truly terrible.  This is such a basic dish and so easy to do well...can't understand how this could be served.  On the up side, the tagliatelli was fantastic!  Worth every penny although it was actually ice cold when it arrived.  To finish the meal, we once again ended with the tiramisu which was prepared to perfection and not too sweet.  Unfortunately, we will not be ordering again.  For the price. it's just not worth it.",False,0,0,0,Gina B.,en,"{'neg': 0.157, 'neu': 0.658, 'pos': 0.184, 'compound': 0.1314}",0.1314,0.184,0.157,0.658,positive
527,2021-04-29 14:57:02+00:00,2,"Arrived at 8 for our reservation and were seated at 8:32. Then there was another 10 minute wait for a waiter, with attitude, to arrive and take a drink order, and another 10 minute wait for him to bring the bottle, which had been sitting on the bar. We didn't see him again, not even to refill wine glasses, which we certainly can and did do, until we ordered dessert and another bottle of wine, seemingly to his chagrin. The food was good. Nothing spectacular given the hype. Other similar restaurants, Rezdora, Lilia etc. have better food, infinitely better service and make for a much better experience.",False,0,0,0,Kay H.,en,"{'neg': 0.12, 'neu': 0.766, 'pos': 0.114, 'compound': -0.4019}",-0.4019,0.114,0.12,0.766,negative
526,2021-05-01 12:28:09+00:00,3,"Meh. Not worth it. Definitely riding their name and local reputation to success more than their quality. Fritto was too salty, the verdure left something to be desired, and the pasta  wasn't especially great. The bussers were really friendly and polite, but the server and hostess  seemed to be going through the motions, not really caring or engaging. Kinda like they knew others would be coming whether we came back or not (and they would not be wrong, there was a line down the street during off hours). Arrogant vibe and WAY overpriced! I just expect more.",False,0,0,0,Matt M.,en,"{'neg': 0.215, 'neu': 0.634, 'pos': 0.151, 'compound': -0.8739}",-0.8739,0.151,0.215,0.634,negative
525,2021-05-03 14:51:52+00:00,5,"This place is a New York favorite and everyone knows it. After covid they opened up a massive outdoor dining area that's especially stunning in the summertime. They are no longer walk in only so you can reserve via Resy, just be sure to plan in advance.

I personally think their funghi is one of the best starters. The creamy texture and the layer of cheese is exquisite. The tagliatelle is of course a staple, but I think pairing it with the pappardelle is the way to go. The tomato based sauce and the wild boar rage are a nice balance to the creamy cheesy sauce with the tagliatelle. We got the steak (which kind of looks like a burger) to end off our meal. It's extremely decadent and just melts in your mouth.

We weren't feeling like drinking so we ordered sparkling lemonades (off menu) on a whim. Such a delicious summer drink, I highly recommend.",True,0,0,0,Shivina K.,en,"{'neg': 0.045, 'neu': 0.756, 'pos': 0.199, 'compound': 0.9822}",0.9822,0.199,0.045,0.756,positive
524,2021-05-05 17:25:12+00:00,2,"Great food esp the pasta but here's the issue. We felt a little like we got hustled.  Owner, please take note that it is not  a good take away as a customer.  
Chilly night and got colder as we sat. Asked waitress to turn on the heater - which are above each table on the street side.  Her response was ""oh!  I'm not sure, I will check."" She never  came back with an answer so we tracked her down asked again and she said her GM told her they couldn't to get the door to the boiler room to open. We knew it was a blow-off answer but we let it go. I asked the GM myself and she didn't seem to have a problem and offered the heater on or instead, ""why don't we turn down the plastic side flap to block the wind"". The flap seemed to help a bit without the heater but not enough. We let it all go as we didn't want to make a big deal about it.  Lastly, the bill contained a $35 dollar Covid surcharge.  We paid via a charge card device as the waitress hovered looking down at the device adding pressure for a good tip. The device offered tip suggestions starting at 20%. We typically would have tipped more but felt vary patronized at this point.  There was no way to tip pre covid charge or pretax on that device so they got away with another hustle. I won't be returning.",False,0,0,0,Joe A.,en,"{'neg': 0.09, 'neu': 0.865, 'pos': 0.046, 'compound': -0.8866}",-0.8866,0.046,0.09,0.865,negative
523,2021-05-06 11:04:04+00:00,5,I enjoy my food at this place I wanted to try it for so long and the service is good real Italian food,False,0,0,0,Omar O.,en,"{'neg': 0.209, 'neu': 0.591, 'pos': 0.2, 'compound': -0.3108}",-0.3108,0.2,0.209,0.591,negative
522,2021-05-15 17:51:25+00:00,4,"Food is fabulous but taking a star off for how snobby the hostess here is. I've been going here on Sunday's for a while and the experience almost becomes unpleasant because of how folks are treated by the hostess. 
But the cacio e Pepe, Ragu pappardelle, arancini and carrots do a solid job of compensating!",False,0,0,0,Ash M.,en,"{'neg': 0.169, 'neu': 0.764, 'pos': 0.067, 'compound': -0.8528}",-0.8528,0.067,0.169,0.764,negative
521,2021-05-26 23:04:04+00:00,1,"Food is spot on when you can get a seat or a delivery. But getting a seat is impossible so don't waste your time. Someone looked at me with a straight face and said three hour wait. Like are you kidding me just say booked for the night and get rid of attitude. You serve pets not fckin dreams. 

And ordering from there is a crapshoot as well. 

Save your money and time and go to Italy and eat all of this everyday at every restaurant for 1/4 of the price.",False,1,1,0,John N.,en,"{'neg': 0.133, 'neu': 0.706, 'pos': 0.161, 'compound': 0.0203}",0.0203,0.161,0.133,0.706,neutral
520,2021-05-27 21:11:50+00:00,5,Yummy fresh preps. A little pricey for the portion size but its totally worth it even for vegetarians. I chose Asparagi verdi and stracci pesto as my entree and main and it was yum enough to polish both the portions!,False,0,0,0,Seymal G.,en,"{'neg': 0.052, 'neu': 0.748, 'pos': 0.2, 'compound': 0.7736}",0.7736,0.2,0.052,0.748,positive
519,2021-05-30 17:51:50+00:00,1,"I don't understand why this restaurant has such a good reputation. To be fair, the food is good, but not that good, especially when considering the price. Our bill was around $72 for 2 small pastas and bread. Honestly, I think Italian restaurants like II Corallo Trattoria, where my partner and I can eat for around $35, tastes almost as good. I think Via Carota is one of those places that you expect to be amazing because other people and media outlets hype it up, but let me tell you, there is no substance backing these claims. I don't get it. 

There were two things that made me particularly annoyed and made me feel like the restaurant was cutting corners. First, what kind of Italian restaurant charges for bread? I don't think I've been to another Italian restaurant in nyc that does that, and I've been to a lot. We decided to get it because we thought it would be special and amazing since they charge for it. It was completely average and underwhelming bread. It's only $2, but seriously, if you're going to charge for bread, make it taste better than restaurants that don't charge you a penny for it. 

Second, in the bathroom, they have aesop soap containers filled with non aesop soap. For anyone who doesn't know, aesop is a very expensive soap brand with nice smelling soaps. I always get excited when I see these in bathrooms because it is satisfying to wash your hands and the smell is incredible. Turns out it was completely generic soap. They filled an Aesop soap container with the most generic and cheap soap you could possibly buy. Where else are they cutting corners? 

There are plenty of amazing italian restaurants in nyc that don't cut corners and where you get better bang for your buck. Out of the 50 or so that I've been to, this one is the worst when taking into account value. Don't recommend.",False,6,0,0,Haley W.,en,"{'neg': 0.135, 'neu': 0.688, 'pos': 0.177, 'compound': 0.9071}",0.9071,0.177,0.135,0.688,positive
518,2021-05-31 02:10:26+00:00,2,We ordered 4 different dishes for 3. And we receive 4 small plates (like an appetizer) for a price of $100. Total rip off ! Waiter was not friendly and temperature was very cold (as they opened all doors). Don't go there !!!,False,1,0,0,Raphael T.,en,"{'neg': 0.245, 'neu': 0.755, 'pos': 0.0, 'compound': -0.9132}",-0.9132,0.0,0.245,0.755,negative
517,2021-05-31 23:00:16+00:00,5,"A friend and I came here, unabashedly, for a second dinner because we're far too indecisive but holy moly was it delicious. It was early April with only outdoor seating and was absolutely freezing and even THEN it was totally worth it. 

We ordered the cacio e Pepe and fried rabbit. My god. Chefs kiss. The cacio was perfectly creamy and the fried rabbit really came through. It came with a piece of fried bread that and taught me fried bread is something I never realized was missing from my life. The wine was good, the service was attentive, and the food was memorable. I can't wait to come back.",False,0,0,0,Sydney G.,en,"{'neg': 0.026, 'neu': 0.66, 'pos': 0.314, 'compound': 0.9926}",0.9926,0.314,0.026,0.66,positive
516,2021-06-03 16:03:01+00:00,4,"I was finally able to stop in here with some friends on a Saturday night. We weren't able to make a reservation, so we came around 4:30pm to put our names on the waitlist. We were prepared for a long wait, but to our surprise, they said they could seat us outside around 7pm. They will send you a text and you have 15 mins to get to the restaurant to claim your table. 

Once seated, we looked over the menu and got some drinks to start. They have a lot of Italian wines, beers, and cocktails, so something for all palates. As a starter, we ordered the carrots and burrata/prosciutto. I ordered the Boar Ragu for my main. The food was good. The carrots were especially good  and were served with a nice yogurt sauce. My ragu was delicious, but my only knock is that it was an extremely small portion for the price of $27. 

Ambience was nice. We sat street-side, but didn't feel bothered by cars or people passing by. They had socially distanced indoor seating as well. Our server was good too. She came over to check on us and made sure were enjoying everything. 

Overall, I'm glad I was able to stop in. Like I mentioned, my knock is that the food is a bit overpriced for what you get. That being said, I'd still come back as the food was good and the vibe was fun.",True,1,0,0,Marelle C.,en,"{'neg': 0.082, 'neu': 0.703, 'pos': 0.215, 'compound': 0.9907}",0.9907,0.215,0.082,0.703,positive
515,2021-06-14 03:02:06+00:00,4,"I tried Via Carota for the first time a few weeks ago, and overall, I had an enjoyable experience. It was a rainy spring Friday, but the outdoor seating comfortably protected me and my date from the elements. Service was solidly friendly and welcoming throughout the visit, and like many restaurants these days, you can access the menu via a QR code.

I shared the artichokes with anchovies and mint and the fava beans with escarole while choosing the stracci with pesto Genovese as my main dish.  The portions were moderately sized, which helped me avoid feeling stuffed, and the food was flavorful yet perfect for a light late lunch. Dessert was an affogato, and it's hard to go wrong with coffee and ice cream! I would definitely return again given the great first impression this restaurant made.",True,7,4,5,Keith H.,en,"{'neg': 0.077, 'neu': 0.627, 'pos': 0.296, 'compound': 0.992}",0.992,0.296,0.077,0.627,positive
514,2021-06-15 02:04:01+00:00,3,"I want to start saying that the food was amazing! But I don't know if makes up for how bad we where treated by the women host of the restaurant! We made our reservation many days ago and we were looking forward it, as soon as we get in I needed to use the restroom and when I was trying to ask for it the hostess screamed to me and my boyfriend to get outside several times without letting me ask for the restroom or even asking if we had a reservation which she thought we didn't!",False,5,0,0,Camila B.,en,"{'neg': 0.106, 'neu': 0.86, 'pos': 0.035, 'compound': -0.8827}",-0.8827,0.035,0.106,0.86,negative
513,2021-06-16 17:20:23+00:00,5,Via Carota never disappoints. Everything on the menu is amazing and has remained one of the best spots in New York for years. A must visit for the west village,False,0,0,0,Brian R.,en,"{'neg': 0.0, 'neu': 0.719, 'pos': 0.281, 'compound': 0.8802}",0.8802,0.281,0.0,0.719,positive
512,2021-06-27 12:32:51+00:00,5,Acciughe E Burro. Wow. Do yourself a favor and order this along with the Olive All'ascolana.,False,0,0,0,Dustin E.,en,"{'neg': 0.0, 'neu': 0.649, 'pos': 0.351, 'compound': 0.7579}",0.7579,0.351,0.0,0.649,positive
511,2021-06-27 15:45:23+00:00,5,"Absolutely loved this meal. We went in the pouring rain and were worried about our outdoor table, but the set up was perfectly sheltered and even had heaters still working in May. We ordered nduja arancini, carciofi alla griglia, tonnarelli, pappardelle and semifreddo. The pasta was of course amazing but the arancini and artichokes held their own--highly recommend trying one of the many veggie dishes on the menu. The semifreddo was good but had whole hazelnuts throughout, so just something to be aware of for people who don't like whole nuts. Can't wait to come back and try more veggies (and more pasta of course)!",False,0,0,0,Ava B.,en,"{'neg': 0.033, 'neu': 0.754, 'pos': 0.213, 'compound': 0.9772}",0.9772,0.213,0.033,0.754,positive
510,2021-06-27 16:48:00+00:00,5,"This restaurant is phenomenal. Phenomenal pasta, pretty good wine and wine list, great atmosphere and great service. Worth the wait and the splurge.",True,0,0,0,Lauren A.,en,"{'neg': 0.166, 'neu': 0.415, 'pos': 0.42, 'compound': 0.8689}",0.8689,0.42,0.166,0.415,positive
509,2021-06-27 23:32:57+00:00,4,Came here while visiting NYC from SF. Loved the appetizer salad and the rainbow carrots. Only reason this place didn't get 5 stars was because the cacio pepe pasta was a little too salty.,False,1,0,0,Saundarya M.,en,"{'neg': 0.122, 'neu': 0.777, 'pos': 0.101, 'compound': -0.2075}",-0.2075,0.101,0.122,0.777,negative
508,2021-06-28 00:53:24+00:00,5,"Visited for our June date night. No wait for indoor dining - which requires full vaccination. We are, but they don't ask for proof. That was disappointing,  but fingers crossed. (We are not yet dining indoors without full vaccination requirement due to unvaccinated children). 

Anyway, we started with the artichokes, the green salad, and the arancini. All delicious, but the artichokes and salad were the standouts. (Artichokes were life changing, salad was really delicious- surprisingly so.)

Alongside these, we had a whiskey sour and the Italian beer option. (Yum to both!)

For pasta, we did the Cacio e Pepe and the wild boar ragu. Good combo. First was very good-such fresh noodles. Boar was great, too, but I'd try another compliment next time. No dessert-too stuffed!

Service and atmosphere was great. Wonderful experience.",True,2,0,0,Benjamin C.,en,"{'neg': 0.074, 'neu': 0.634, 'pos': 0.293, 'compound': 0.9941}",0.9941,0.293,0.074,0.634,positive
507,2021-06-28 21:54:31+00:00,4,"This restaurant gets four stars because of the people that work here. First off, thank you to the person that gave us a reservation because it was our 35th wedding anniversary.  Very kind.  Secondly, thank you to the maitre'd who still seated us even though we were 30 minutes late because of the parade traffic.  Thirdly, thank you to our server...a sweet young lady who got us settled, ordered,  and served in just 45 minutes so we could watch the sunset at Little Island.
Food-wise, we shared a great bottle of champagne with our zucchini fritti and the tagliatelle.  Everything was delicious but the pasta was just a tad overcooked.  
All in all, a very good experience.  We would definitely recommend this restaurant.  (and, next time, we are getting the insalada verde...everyone around us had it and said it was amazing)",False,2,0,1,Colleen L.,en,"{'neg': 0.04, 'neu': 0.77, 'pos': 0.19, 'compound': 0.9592}",0.9592,0.19,0.04,0.77,positive
506,2021-07-04 04:47:49+00:00,4,"Knocked off the star due to the service. 

THE HOST WILL LIE TO YOU ABOUT THE WAIT TIME FOR A TABLE depending on how he judges you.

This is the first time I spoke with the tall slender man. HE TOLD ME THERE WERE 59 PEOPLE ON THE WAITING LIST TO GET A TABLE. Talk about LOL!!! This isn't a club. 

If they tell you it's a long wait ignore them and tell them to add you to the waitlist. I was told a 5 hour wait and I got a table in 9 minutes. 

And even if it was true it's mathematically impossible for him to text all 59 people and give them 10 minutes to respond before I got a table.

Anyways food is good as always. Try the spice carrot appetizer! 

Also- they are charging for bead and olive oil now. They didn't use to do that.",False,1,0,0,Elizabeth W.,en,"{'neg': 0.124, 'neu': 0.817, 'pos': 0.058, 'compound': -0.9075}",-0.9075,0.058,0.124,0.817,negative
505,2021-07-04 17:23:28+00:00,5,"The best meal I had in two weeks in the city. Fresh pasta was the BEST! The Cacio E Pepe was truly next level with such amazing flavors. The salads were also great, especially the little gem. Grilled Octopus was cooked perfectly and not at all chewy. The Fried Rabbit was insane--it blew my mind how good it was. I will be returning as soon as I can.",False,0,0,1,Joseph S.,en,"{'neg': 0.0, 'neu': 0.609, 'pos': 0.391, 'compound': 0.9893}",0.9893,0.391,0.0,0.609,positive
504,2021-07-10 02:41:49+00:00,1,"Fair if you like small trendy portions. As a resident for over 30 years, i have to say despite popular reviews, food is nice. Service, however, a little less to be desired. A host/manager, Andre, has no customer service delicateness that most of us in service are accustomed to.  Aaaaaaaaaand won't go back or patronize sister restaurants like Isodi, Buvette, or Bar Pisellino.
But please experience for yourself. Otherwise I suggest more traditional, IMHO, less monopolized Italian food like Malatesta or Babbo for even more upscale.",False,2,0,0,Maurice R.,en,"{'neg': 0.083, 'neu': 0.758, 'pos': 0.159, 'compound': 0.7177}",0.7177,0.159,0.083,0.758,positive
503,2021-07-11 23:52:35+00:00,3,"Don't understand the excitement about the Cacio e Pepe. It's a mistake. A big buttery mistake that isn't even edible.

Service was very good. Nice wine selection. Other dishes were good, not great. I was expecting a lot better.",False,1,0,0,Milan S.,en,"{'neg': 0.318, 'neu': 0.462, 'pos': 0.22, 'compound': -0.8204}",-0.8204,0.22,0.318,0.462,negative
502,2021-07-13 17:15:13+00:00,4,"Via Carota has always been considered a New York staple that is classic and cool and maybe not so effortless. The food is good and while the menu rarely changes, except for a few specials that are typically delicious, you really cannot order wrong. While some rave about this being the best of the best for NY Italian. The inability to get seated (or having to wait 2+ hours) is slightly deterring.",False,1,0,0,Olivia F.,en,"{'neg': 0.067, 'neu': 0.677, 'pos': 0.256, 'compound': 0.9602}",0.9602,0.256,0.067,0.677,positive
501,2021-07-16 07:55:12+00:00,1,"Where do I begin. The owners of this former gem seem to have lost their values. $25 for overly salty cacio e pepe even with wine. The point is. Even Olive Garden doesn't charge you for bread. While
It may be advertised on the menu, $2 for bread and olive oil. I have never seen a restaurant in NYC or even Oklahoma City charge for bread unless it's a dish itself, even don angie offers you 3 pieces of complimentary garlic bread upon request, but maybe that's why they have a Michelin star. The server was incredibly aggressive In taking our order and we just felt that they wanted ""our"" table back even though they had multiple openings and we were spending well. We were asked 7 times
If we were done. It was a perfect way to not make us feel valued. The $2 bread seems desperate. Just don't offer it. When you pay with the handheld card reader outdoors the minimum suggested gratuity is 20%. This place is a joke.",False,1,1,0,Ashton B.,en,"{'neg': 0.108, 'neu': 0.81, 'pos': 0.082, 'compound': -0.6897}",-0.6897,0.082,0.108,0.81,negative
500,2021-07-20 00:10:34+00:00,1,"I don't understand the hype. First of all the no reservations system is a horrible experience and the restaurant staff is rude and unbothered.

The food is solid but there's no reason for the hype. There's better Italian restaurants with better pasta nearby without rude service and long waits.

Also, if you're sitting outside be prepared for your meal to be interrupted by the many homeless people that live nearby.",False,3,2,0,Mark N.,en,"{'neg': 0.306, 'neu': 0.578, 'pos': 0.115, 'compound': -0.9714}",-0.9714,0.115,0.306,0.578,negative
499,2021-07-21 03:43:11+00:00,5,"Wow - this surprised me. Exceeded my expectations food-wise - friends and I shared cacio pepe, papardelle pasta, grilled artichokes, and insalada verde salad. Each dish was excellent. Drinks were also great - I had the negroni rosa , very refreshing. Dessert was also tasty. The manager, Andre was very accommodating after moving to a separate table later on. I would definitely make a trip from BK again. Thanks guys for a great night.",False,0,0,0,Elaine B.,en,"{'neg': 0.0, 'neu': 0.609, 'pos': 0.391, 'compound': 0.9879}",0.9879,0.391,0.0,0.609,positive
498,2021-07-22 15:26:54+00:00,3,"Totally over rated and over priced. Staff is lovely and the food is good but not worth the hype or the wait or the cost. As a lifetime New Yorker I can promise you this is NOT one of the best restaurants in NY. If you want phenomenal homemade Italian, fresh, real and fairly priced go to Frank on 2nd  Ave & 5th st or Max in Tribeca. Now those are some of the best restaurants in NY. This place is tourist hype.",False,1,0,0,Sally F.,en,"{'neg': 0.064, 'neu': 0.686, 'pos': 0.25, 'compound': 0.965}",0.965,0.25,0.064,0.686,positive
497,2021-07-24 21:30:43+00:00,4,"Wild boar Ragu- excellent
Tagliatelle - the tables favorite 
Stracci Pesto - good but not great
Grilled mushrooms - excellent
Grilled artichoke- very good
Broccoletti - meh",False,2,0,0,DJ D.,en,"{'neg': 0.221, 'neu': 0.4, 'pos': 0.38, 'compound': 0.6557}",0.6557,0.38,0.221,0.4,positive
496,2021-07-25 18:52:10+00:00,4,"As with most popular West Village restaurants, it is almost impossible to get reservations here. My friend and I decided to take a chance on a Saturday evening, the plan was to put our names on the waitlist and go get a drink elsewhere. The host told us that they were booked for the night, but he offered to take down our name and let us know if any spots opened up. Within 30 minutes of putting down our name we got a text saying they had a table for us, giving all these details just to say that don't drive yourself crazy over reservations. So many people came after us and still got a table on a Saturday night. 

Now for the food we tried the zucchini fries (it was amazingggg!!), burrata (good), cacio Pepe and pesto pasta (good), olive oil cake (passable, go to L'artusi instead). The wine pours were really stingy. The whole experience was 3.5 stars really, but our server was amazing and that's why rounding it to 4. It's worth the hype, but not if you have a 3hr wait. I'd gladly come back!",True,1,0,1,Nivi R.,en,"{'neg': 0.042, 'neu': 0.845, 'pos': 0.113, 'compound': 0.9079}",0.9079,0.113,0.042,0.845,positive
495,2021-07-28 04:42:58+00:00,3,"Much like the sister Bar Pisellino across the street, I think Via Carota is quintessential west village in that it's cute, it's expensive, and it's overblown. Hard to get in, easy to get out. We put our names down for a walk in around 5:30 and we were seated around 8:30. Not terrible. We had a cute little private room secluded in the back. Service was fast and attentive. The Negroni I started the night with was good albeit a little weak. 

We began splitting a salad, the arancini, and the grilled artichoke. Salad was boring, bitter, and unidimensional. Arancini and grilled artichoke were both great.

For mains, we had the Cacio e Pepe, the risotto, and the svizzerina. Cacio e Pepe was good. Risotto was missable and again, too unidimensional. It didn't go far beyond risotto, cream, and lemon. Svizzerina was possibly my favorite dish of the night but at the end of the day it's a glorified burger patty.

Desserts (olive oil cake and tiramisu) were forgettable. Tiramisu was fine, olive oil cake was notably bad. 

There were a couple things they were out of through the night which was disappointing. 

It was a nice dinner and I'm glad I went but can't imagine I would return.",True,5,1,4,Hannah M.,en,"{'neg': 0.15, 'neu': 0.715, 'pos': 0.135, 'compound': -0.8892}",-0.8892,0.135,0.15,0.715,negative
494,2021-08-05 22:33:33+00:00,3,"Disappointed. Very very salty. I had the Mixed Fried Seafood and it came with no sauce. In addition, the fried shrimp
was served with the shell on. I have never had shells on fried shrimp. Not a fan. My husband had the peppardelle which was salty but tastier.",False,0,0,0,Donna F.,en,"{'neg': 0.24, 'neu': 0.76, 'pos': 0.0, 'compound': -0.8922}",-0.8922,0.0,0.24,0.76,negative
493,2021-08-08 14:57:06+00:00,5,"Everything about Via Carota was amazing! We dined on the outdoor terrace which was beautiful. There was a chance of rain and though it didn't end up raining, it was nice to see that the outdoor seating was still covered enough that we would have been able to continue sitting outside! To start, we ordered the insalata verde (delicious) and bread with burrata that came with zucchini and eggplant. Everything was so flavorful! For pastas we ordered the pesto and the cacio e pepe. Both were fantastic and the pesto was so fresh. We skipped dessert but I already can't wait to come back here to try it! Definitely worth the reservation I had made weeks in advance!",True,1,1,1,Myra H.,en,"{'neg': 0.0, 'neu': 0.788, 'pos': 0.212, 'compound': 0.9777}",0.9777,0.212,0.0,0.788,positive
492,2021-08-09 05:37:20+00:00,5,Theres a reason you'll always spot A-List celebs here. The food is possibly top 3 best italian in the city. If you're a cacio e pepe fan you MUST order it!!!!,False,0,0,0,Jennifer H.,en,"{'neg': 0.0, 'neu': 0.717, 'pos': 0.283, 'compound': 0.858}",0.858,0.283,0.0,0.717,positive
491,2021-08-09 22:40:51+00:00,5,"I've heard from multiple sources that Via Carota has some of the best Italian in the city. I have to say, I was NOT mad about it. The ambiance felt comfortably upscale. We sat at the bar and asked the very kind, very vibrant bartender which wine he would recommend, under $70 per bottle. I was a little nervous that we would get scoffed at for our budget, but he excitedly recommended a beautiful red wine for us. I really appreciated his attitude and his service. Everything we ordered was per the bartender's recommendation, and those recommendations did not disappoint. We ordered the heirloom tomatoes as an appetizer. It was the kind of dish that makes you close your eyes as you chew, so that you can fully soak in all of the amazing flavors happening in your mouth. It was quite a big portion as well, definitely could be split among 4-5 people. My friend, who is vegetarian, ordered a special for his main dish. It was a dish full of grilled vegetables and it was marvelous, and very filling. There are a ton of great vegetarian options! I ordered the Orata Alla Griglia, a fish dish of grilled sea bream and charred escarole. It was very filling as well, and perfectly seasoned. Yum!! I highly recommend Via Carota.",False,1,0,1,Madeline M.,en,"{'neg': 0.032, 'neu': 0.672, 'pos': 0.296, 'compound': 0.9972}",0.9972,0.296,0.032,0.672,positive
490,2021-08-10 01:56:22+00:00,3,"This was  our best meal in NYC in terms of food quality but also the absolute worst in terms of service.

We had a reservation here tonight and were excited for some good food after a long and tiring day. We started (and stayed) with the Cynar Spritzes: love! We need to make those at home. We got the zucchini fritti, and were expecting fritters, but out came a tower of zucchini shoestring fries. They were delicious and well-executed, but there should have been some kind of dipping sauce to go with them because they got dry and boring quickly. The bread is great, but it's kind of lame that they're charging you $2 for it when everything else is so expensive.

For dinner, we shared the grilled octopus, tagliatelle, and a side of the carrots. The pasta was wonderful: such a creamy and delicious sauce paired perfectly with the prosciutto and peas. It was delicate and decadent at the same time and was our favorite dish of the night. The carrots with the spiced yogurt and pistachios were very good though they seemed(?) overcooked. But we liked them. The octopus was super tender and heavenly with the olive pesto, a combination that we had never tried before and are big fans of now.

Dessert was the semifreddo and tiramisu. The latter was fine--certainly no better or more impressive than you can find at any upscale Italian joint worth its salt. Also cannot believe that they were calling their chocolate mousse a semifreddo! LOLZ. It was BARELY even cold. Such a joke. Very lame.

OK, buckle up for the atrocious service portion of the review. We were dining outside and must have sat down in between shifts because we were basically only helped by the runner with the water before the server appeared 20 minutes later to take the rest of our order and he had such a disgusting attitude that it almost felt like we were being punked. Rude beyond belief for no reason! Uuuuuunnnntil we saw that we magically had a new woman server after a couple dishes came out who never bothered to introduce herself. Ah OK, so the guy was a total jerk because he knew he'd have to transfer the table over, not get any tip, and could thereby be a totally obnoxious wretch of a human being. The woman was fine, but her section was MASSIVE and she could not accommodate each table well enough to do a good job. It's clear that this place lost their A-team during Covid. 

So, service: 1-2 stars. Food 4-5 stars. Bummer that we had to land on three stars for such wonderful food, but so be it. 

Also, we feel like we need to mention that our daughter's lemonade cost $7 here. Oh, NYC, you're not a cheap date.",False,1,0,0,W C.,en,"{'neg': 0.212, 'neu': 0.601, 'pos': 0.187, 'compound': -0.9842}",-0.9842,0.187,0.212,0.601,negative
489,2021-08-11 03:38:54+00:00,2,"This review is for service only. Poor; Period. I think restaurants have basically given up even bothering to educate and train staff. They hire any warm body they can find, throw them on the floor and call them staff.  It's so sad, so lazy and so disappointing. No finesse, no hospitality. Runner serves my frito misto.  Spills 2 shrimp on the floor, picks them up and walks away. Doesn't replace them. Doesn't apologize. Nothing! And then when you are signing the check and tipping the waiter is hovering over you, breathing down you neck watching your every move. It's disgraceful. I was thinking, man I'm so overtipping you w/18% I should have my head examined. Again, no thank you. Just snatched the gadget and walks off.
Foods not that good, won't be returning.",False,0,0,1,David P.,en,"{'neg': 0.208, 'neu': 0.764, 'pos': 0.029, 'compound': -0.9807}",-0.9807,0.029,0.208,0.764,negative
488,2021-08-11 15:08:39+00:00,5,"Via Carota is one of my favorite go to Italian/pasta spots in Manhattan. Their menu consists of a variety of classic Italian dishes done well, including a large vegetables section. 

Recently, I was able to make a reservation on Resy for three for dinner on a Sunday to take out visiting friends and had another great meal.

We ordered a bottle of wine, the carote, insalata verde, cacio e Pepe tonnarelli, and tagliatelle with peas and prosciutto (on the side to accommodate a friend). 

For a light but still fulfilling dinner, I think what we ordered was perfect for three. The carrots with the spiced yogurt and pistachios make for an interesting combo and the salad was crisp and light. Both tasted great and can't go wrong as starters. For the pastas, the cacio e Pepe and peas and prosciutto tagliatelle are also can't go wrong options I think. Cacio e Pepe had a little al dente bight to it which was nice. Both are great hearty cheesy pasta options and the tagliatelle comes with a nice portion of prosciutto. 

Whenever the next visit is, I'd like to try the coniglio fritto (fried rabbit) or the fritto misto (fried shrimp, calamari, cod). I tried the via carota svizzerina a previous time and it was cool to try and split amongst others, but slightly underwhelming as it is essentially a fancy version of a burger patty.",True,2,0,0,Eric F.,en,"{'neg': 0.026, 'neu': 0.786, 'pos': 0.189, 'compound': 0.991}",0.991,0.189,0.026,0.786,positive
487,2021-08-12 17:43:12+00:00,4,"Stracci with pesto Genovese - large sheets of pasta with homemade pesto and LOTS of pine nuts, which I appreciated (they're expensive haha). I don't usually like pesto but I like pasta sheets (one of my favorite shapes) and this was the dish recommended by the waiter. Although I don't usually enjoy pesto, this pesto was pretty good. I would recommend this dish if you haven't tried it, but I would also like to try something new next time so wouldn't order again. 

Carciofi alla griglia (grilled artichokes) - included grilled artichoke hearts, grilled lemon (always love!) and grilled onion. Didn't eat the aioli bc I'm not usually a fan of aioli. Loved the artichokes and the smoky/lemony flavor. Would order again.",False,0,0,0,Anna S.,en,"{'neg': 0.123, 'neu': 0.698, 'pos': 0.179, 'compound': 0.8995}",0.8995,0.179,0.123,0.698,positive
486,2021-08-15 21:55:34+00:00,1,"This place is a shadow of what it used to be pre Covid. 

One of the worst service experiences we have had recently. I think we showed up in between shift changes and for half an hour plus they didn't even know who our server was. 

Cacio Pepe, a dish we used to love, was just over salty pasta. 

Bruschetta was hastily put together. 

Carrots looked unappetizing. 

Just not worth the hassle at all. Go elsewhere. BTW we love pasta at Scarpetta.",False,5,0,0,Dinesh G.,en,"{'neg': 0.16, 'neu': 0.755, 'pos': 0.086, 'compound': -0.8506}",-0.8506,0.086,0.16,0.755,negative
485,2021-08-16 00:40:40+00:00,3,Totally not worth the hype! As a New Yorker very versed in Italian food this is a not worth the hype place for the amount of money. Save your money and take it elsewhere. The risotto was mediocre and I felt like it look like a diy project. Bro what I was expecting at all.,False,0,0,0,Gigi V.,en,"{'neg': 0.131, 'neu': 0.729, 'pos': 0.141, 'compound': 0.1539}",0.1539,0.141,0.131,0.729,positive
484,2021-08-30 15:02:58+00:00,4,"Great meal for a special occasion or for a business dinner. I've been a few times and found I enjoyed it the most when we can share a bunch of the vegetable plates and pastas. The salad is one of the best I've had and I've tried my best to replicate the dressing several times and can't seem to get it right. However, overall it is pricey if you're going with just 1 or 2 other people and there are other places in the neighborhood worth trying.",False,0,0,0,Michelle F.,en,"{'neg': 0.041, 'neu': 0.73, 'pos': 0.229, 'compound': 0.9559}",0.9559,0.229,0.041,0.73,positive
483,2021-08-31 16:58:25+00:00,4,"Piselli salad is BOMB get it. 
If you can't get a resy and want to skip the wait, come between 3-4:30pm and they basically seat you right away. 

I'd say pass on the arancini but I know they're famous for it so up to you! 

Very cute space, but be ready for small tables which is pretty typical of nyc.",False,2,0,1,Kexin Y.,en,"{'neg': 0.136, 'neu': 0.684, 'pos': 0.18, 'compound': 0.5048}",0.5048,0.18,0.136,0.684,positive
482,2021-08-31 19:28:29+00:00,5,"Pretty fantastic!  Everything is fresh and delicious.  Great staff.  Pasta, pesto, insalata... oh my!  We ere looking for brunch on our last day in NYC and were in the the neighborhood were looking for a place with a fresh menu.  This place was ""perfect"".  The staff was smart, effiecent in a relax dinning way, attentive, and so comely.   The food was generous, tasty to perfection, and met a farm-to-table ideal rarely achieved.  

Go here for a relaxed meal with good service and good drinks to take the time to enjoy youself.  You deserve it.",True,0,0,0,Eric B.,en,"{'neg': 0.0, 'neu': 0.524, 'pos': 0.476, 'compound': 0.9968}",0.9968,0.476,0.0,0.524,positive
481,2021-09-01 23:41:42+00:00,4,"Rating: 8.5/10 

My cousin recommended this Italian place to me. I didn't know it was well known spot in the city. I should've known after waiting 30 minutes for a table. The restaurant itself is pretty small so I wouldn't come here with a large group or when you're hangry.

 I ordered the cacio peppe while my friend ordered the risotto. I thought the pasta was good, needed more salt and pepper in my opinion. For 25 dollars, I don't think I would come back. I mean look at the portion size (relatively small in my opinion) and a high price for no protein or vegetables either! Not sure why this place is popular on TikTok/Yelp/ etc because I feel there there are better places in the city!

I don't really think this place is worth the hype.",False,2,0,1,Diana L.,en,"{'neg': 0.083, 'neu': 0.771, 'pos': 0.146, 'compound': 0.8032}",0.8032,0.146,0.083,0.771,positive
480,2021-09-02 16:14:56+00:00,5,"Unbelievable spot. Perfect cynar spritz. My bf and I split the octopus (perfectly cooked, bunless burger (best burger I've had in my life) and heirloom tomato salad (though I think the soled bread was missing). Sat and the bar, fast service and fresh food - will come back.",False,1,0,1,Gabby S.,en,"{'neg': 0.0, 'neu': 0.816, 'pos': 0.184, 'compound': 0.8591}",0.8591,0.184,0.0,0.816,positive
479,2021-09-06 01:38:59+00:00,2,"THIS WAS MY ABSOLUTE FAVE NYC RESTAURANT PRE-COVID  

This is for service only. The food is great but at those prices I want a nice overall experience. Was there tonight to celebrate a birthday.  We had the piselli and artichokes, chicken and Swizzerina. All of it excellent. However the service was atrocious. We did not know who our server was, drinks came late and no-one stopped by to see how we're doing or ask if we wanted more drinks. Finally we flagged someone down to order a second glass of wine. It never came. We finished eating and I flagged down a server to cancel the wine since we were done eating. No reaction. No apology. Nothing. The service has lost its soul. 

I know things are hard after Covid but Rita and Jody should spend time here and see how things have changed for the worse and figure out how to get some experienced servers back. 

Please fix it. I want you to be great again!!",False,0,0,0,Debra S.,en,"{'neg': 0.126, 'neu': 0.713, 'pos': 0.161, 'compound': 0.7228}",0.7228,0.161,0.126,0.713,positive
478,2021-09-07 16:39:41+00:00,2,"I'd been waiting to check out Via Carota for years. I was really disappointed despite really wanting to love it. A couple of observations.
- we were sat at the bar after waiting two hours, which is fine, but the service we we received was phoned in. It felt like we were an afterthought when in fact it was my fiance's birthday and it was supposed to be a special evening.
- I make the Via Carota insalata verde at home, and frankly I feel like I put more care into the dish than the one we received. I'd read that stacking the greens was a big part of the presentation that it's part of why the dish feels so special. Our greens were just thrown in a bowl and didn't taste salted properly.
- We were encouraged to try the Heirloom Tomatoes and the presentation and taste profile just felt sloppy and not thought through. 
- The pastas were good, but overall unmemorable. I've been to lots of less prestigious restaurants that had better homemade pastas than what we had at Via Carota.

I'm hoping it was an off night, but based on other Yelp reviews, it doesn't seem like it. I believe there was magic at Via Carota once, but it doesn't seem to be there anymore. I hope they refocus their kitchen to put the same amount of care into their food as they used to. I look forward to coming back and trying more food someday, but I'll be avoiding Via Carota until I hear otherwise.",False,0,0,0,Anna F.,en,"{'neg': 0.057, 'neu': 0.779, 'pos': 0.163, 'compound': 0.9846}",0.9846,0.163,0.057,0.779,positive
477,2021-09-08 14:18:33+00:00,4,"This place was great. Pasta was clearly homemade and tasted amazing. I had the Cacio e pepe and I'm looking forward to going back for that and trying their other pasta dishes. Service was good, quite quick actually. Would give this 5 stars if my appetizer was better. We had the zucchini fritta. It was not good at all. There is a certain type of traditional Italian elegance that this place portrays and I think they really dropped the ball with this specific appetizer. The portion was way too large and besides that, it was just tasteless and odd to eat because there was just so much. It was like something you would order out at a pizzeria.
Nevertheless, I am looking forward to going back because the pasta was so good but in my opinion, it's best to not waste your time with the zucchini fritta",False,2,0,0,Sam S.,en,"{'neg': 0.029, 'neu': 0.79, 'pos': 0.18, 'compound': 0.9643}",0.9643,0.18,0.029,0.79,positive
476,2021-09-09 21:14:47+00:00,5,"We ended up in New York for our 3 year anniversary and were advised to try and go at about 5 o clock and try to get a seat as reservations are pretty impossible 
We knew this may be the case so we did not mind .They found us a table of 5(the host was so kind) at 7:30 and we had the best time .Our table had liver,piselli salad that we shared and then the tagliatelle ,the pork belly ,the fish ,the rabbit and lots of wine 
The highlight for me was the Piselli salad and even though I enjoyed my pasta I have to say my husband's pork belly was really amazing. We are happy we came here and I will definitely make it there again on our next New York trip :)",False,1,0,0,Doria R.,en,"{'neg': 0.0, 'neu': 0.803, 'pos': 0.197, 'compound': 0.9817}",0.9817,0.197,0.0,0.803,positive
475,2021-09-19 04:43:37+00:00,5,"It's an Italian places, but the Piselli salad steals the show. It's a green goddess dressing that pairs well with all the flavors and textures. Get it! The boar bolognese has nice tangyness and tonnarelli was a sleeper pasta. Just butter, cheese and pepper but done perfectly.",False,0,0,0,Joe S.,en,"{'neg': 0.077, 'neu': 0.708, 'pos': 0.215, 'compound': 0.8398}",0.8398,0.215,0.077,0.708,positive
474,2021-09-20 01:16:07+00:00,5,"This remains one of our favorites. Latest visit, we got arancini, panzanella, carrots, broccoli rabe, stracci with pesto, and the chopped steak. The carrots, arancini, and chopped steak are just perfect, and it's hard to come here and not order those. The stracci with pesto was good, but -- as I wrote last time -- a little too basil-heavy for my wife's preferences. The panzanella was great but not a must re-order, given the stiff competition. The broccoli rabe was really excellent (if not the most exciting thing), and definitely a re-order candidate.

One thing I'll say is that I'm more and more convinced that you can't really get the best possible experience here with a party of two -- the portions are big, so if you want to get a bunch of different things, it's better to do so with four.",True,0,0,0,Shawn H.,en,"{'neg': 0.065, 'neu': 0.701, 'pos': 0.234, 'compound': 0.9839}",0.9839,0.234,0.065,0.701,positive
473,2021-09-20 03:21:13+00:00,4,"Cacio pepe lives up to the hype!

A few cocktails, the insalata verde with its bewitching dressing, an over salted fritto misto and 3 pastas.  Cacio Pepe was easily the star, as expected.  An off-menu garlic and olive oil pasta was surprisingly satisfying, even though it was somehow even simpler. The pappardelle was a surprising disappointment, as the ragu was also too salty.  A few strange miscues but a very solid meal overall.",True,1,1,1,Andy C.,en,"{'neg': 0.096, 'neu': 0.78, 'pos': 0.123, 'compound': -0.1287}",-0.1287,0.123,0.096,0.78,negative
472,2021-09-25 19:50:47+00:00,5,What a delicious lunch spot! The pastas were all amazing and so yummy. Great portions and great service. Can't wait to go back to try more things!!,False,0,0,0,Gina L.,en,"{'neg': 0.0, 'neu': 0.406, 'pos': 0.594, 'compound': 0.9864}",0.9864,0.594,0.0,0.406,positive
471,2021-09-27 19:08:55+00:00,3,"Just okay, completely overhyped Italian.  Service was extremely slow, which probably explains the consistently long wait times.",False,1,0,0,Tadd L.,en,"{'neg': 0.531, 'neu': 0.469, 'pos': 0.0, 'compound': -0.9402}",-0.9402,0.0,0.531,0.469,negative
470,2021-09-29 17:20:50+00:00,1,"Lives aren't worth the amazing food. Yelp actually deleted the below review claiming I was at another location or the experience wasn't first-hand. This is wrong. Yelp is sadly just protecting its ad business that is based on prolonging COVID-19 and killing people. To be clear the food is really great - the seasonal peach dessert was literally the best peach dessert I've ever had.

COVID-19 is now the United States' deadliest pandemic having killed almost SEVEN HUNDRED THOUSAND people and with the extremely contagious delta variant still killing hundreds of people everyday these business owners think it is ok to have people tightly packed inside literally next to each other with NO mask on eating, drinking, talking and spreading COVID-19 everywhere so they can increase their profit - truly terrible. More absurd is for some reason they require people to wear a mask walking from the front door to their indoor seat where they promptly take the mask off - this obviously does nothing to save lives.",False,1,1,0,J D.,en,"{'neg': 0.195, 'neu': 0.697, 'pos': 0.108, 'compound': -0.958}",-0.958,0.108,0.195,0.697,negative
469,2021-09-29 21:34:52+00:00,1,"Worst experience in our 2 weeks stay in NYC. Arrived at 16:55. The place was busy so we waited patiently for the waiter to come get our order but he didn't come. So after 20min we told him we are waiting. He said he will get our order ""soon"". We left the place after another 10min.",False,3,0,0,Kotonoha T.,en,"{'neg': 0.085, 'neu': 0.915, 'pos': 0.0, 'compound': -0.7184}",-0.7184,0.0,0.085,0.915,negative
468,2021-10-01 04:43:44+00:00,5,"My first time at Via Carota!

We were lucky enough to snag a reservation at 5:30pm on a Wednesday. The vast majority of people who come here don't have a reservation and just wait, which I would've been fine doing. We sat outside in their major outdoor dining area - it was nice!

We started with the zucchini fritti, grilled artichokes with aioli, and insalata verde. Of course, we had to try the cacio w Pepe and the via carota chopped steak. Everything was delicious, and there's nothing I would've order again! The cacio e Pepe was great, the pasta had a really nice texture, and it was made the traditional and Simple way. The chopped steak was really more like a seared tar tar which was vey delicious. 

Don't visit without ordering the panna cotta!",True,10,6,7,Katey G.,en,"{'neg': 0.042, 'neu': 0.759, 'pos': 0.199, 'compound': 0.9805}",0.9805,0.199,0.042,0.759,positive
467,2021-10-11 00:20:49+00:00,2,"It's one of those standard Manhattan restaurants where they barely offer  reservations and it's nearly impossible to get a table quickly unless you come during lunch on a weekday. Upon arrival, the staff was cold and standoffish. They seated my friend and I at a table outside where my chair was over a sidewalk grate, and they wouldn't let me change the position of my chair around the table even after I told them I was uncomfortable sitting over the grate. There were other available tables as well and they would not move us. 

The food was just alright. Everything we tried was very overpriced for small portions that were not too flavorful or unique. Nothing we tried was so stellar that it was worth the cost, especially the Svizzerina. The staff told us it was like a steak tartare but it was not. You're paying $29 for a burger patty. 

We tried:
*'Nduja Arancini - rice and spicy pork fritters $15
*Acciughe E Burro - cultured butter and salted anchovies $15
*Tonnarelli - cacio pepe $25
*Via Carota Svizzerina - hand-chopped grassfed steak $29",True,1,0,0,Ann S.,en,"{'neg': 0.075, 'neu': 0.879, 'pos': 0.046, 'compound': -0.813}",-0.813,0.046,0.075,0.879,negative
466,2021-10-11 16:52:38+00:00,4,This place is close to my mani pedi spot in the village. I went here for a quick small bite before my appointment and I had the dish with sausage and beans (pictured) below. I forgot the name but it was perfect - it's on the starters and was quite filling. It was so tasty I was thinking about it the next day. Highly recommend.,False,0,1,0,Kerri B.,en,"{'neg': 0.032, 'neu': 0.713, 'pos': 0.255, 'compound': 0.9689}",0.9689,0.255,0.032,0.713,positive
465,2021-10-13 10:59:39+00:00,2,"I love the ambiance however the food is marginal at best. This restaurant is way over hyped.  The truffle pasta dinner special was over cooked and a very small portion served on a very small plate  for a $40 price tag.  The Brussel sprout salad was drenched in sauce.  Sat at the bar, the bartender was very professional but very unfriendly.",False,1,0,0,Brooks L.,en,"{'neg': 0.18, 'neu': 0.721, 'pos': 0.1, 'compound': -0.8263}",-0.8263,0.1,0.18,0.721,negative
464,2021-10-16 04:14:20+00:00,4,"We have wanted to try this place for a while after hearing our friend raving about the wild boar ragu. Finally made the wait (~45 min) on a lightly rainy Monday evening. On weekends, it's almost impossible to get a table without reservations.

We started with Nduja arancini, which had a surprising kick of spice in it. For the Pappardelle with wild boar ragu, the sauce was beautifully rendered and hearty, even though I couldn't taste the difference between pork and the wild boar. Would come back for it. Tagliatelle prosciutto was less than perfect for me, as I'm not a big fan of prosciutto in general. Though to be fair, the sauce itself was so refreshing and I could taste some sweetness that is rare in other restaurants.

This is not just another Italian place, the cooking has heart in it; however, considering the abundant options of Italian foods in NYC, you can find better and cheaper options that doesn't have a long wait.",False,2,0,0,Victoria T.,en,"{'neg': 0.072, 'neu': 0.792, 'pos': 0.136, 'compound': 0.9139}",0.9139,0.136,0.072,0.792,positive
463,2021-10-16 13:02:34+00:00,4,"I've always wanted to come here but it's almost impossible to get a reservation! We arrived around 10:30pm which is the one of the few times I think you can sit right down. I loved the ambiance inside but there's plenty of outdoor seating outside. I am celiac but this Italian restaurant had plenty of gluten free options when it comes to vegetables, fish, and meat (no GF pasta but there is GF risotto). The brussel sprouts with apples and walnuts was a great appetizer. The octopus was cooked perfectly but had a very strong olive taste that wasn't my thing and the pork belly with plum sauce was phenomenal, and quite filling. The Chianti I ordered wasn't my favorite but I got the negroni terra and wow I've been thinking about that drink all day! It had such a nice vanilla taste that I wasn't expecting. Lastly the service was not the best. I don't know how many different waiters came to our table throughout the night but it may have been 4 or 5. Both our table and the two next to us were being sent the wrong items. I understand the staffing issues in these covid times though so can't get too frustrated!",False,0,0,0,Megan B.,en,"{'neg': 0.051, 'neu': 0.779, 'pos': 0.17, 'compound': 0.9857}",0.9857,0.17,0.051,0.779,positive
462,2021-10-16 15:10:36+00:00,4,"Excellent food! We had the walnuts and pear bruschetta and the fungi with cheese followed by the crispy pork belly with plums and it was all extremely delicious. The desserts -- the olive oil cake and the raspberry turnover -- were less interesting. 

The place is extremely crowded all the time so reservations are probably the way to go. We waited an hour and fifteen minutes to be seated. Also, the black metal chairs on the sidewalk are not comfortable or stable so try to get the wooden chairs. 

On the service front, we felt it was a little inconsistent and we had to wait for long intervals before we could spot our server to come around and help us. 

Overall, amazing!",False,0,0,0,Vishnu S.,en,"{'neg': 0.093, 'neu': 0.743, 'pos': 0.164, 'compound': 0.9106}",0.9106,0.164,0.093,0.743,positive
461,2021-10-16 17:29:47+00:00,4,"Ok...so you're probably wondering ""why is this place soooo hard to get into?""   Cuz it's a great mix of small size, personal friendly service, and smack-down flavorful food.  I have sat at the bar, inside table and outside.  Matters not...the smells lure you in, and the service and food keep me coming back",False,0,0,0,R A F.,en,"{'neg': 0.084, 'neu': 0.697, 'pos': 0.22, 'compound': 0.8689}",0.8689,0.22,0.084,0.697,positive
460,2021-10-17 18:32:29+00:00,4,"Via Carota is a West Village staple. The line is starting to get long again. Around 530 pm, it's 20 deep or so. I went a few times during the pandemic and was lucky enough to not have a wait. The pastas are all very good. Decent portions and very fresh ingredients. I like the tortellini and pappardelle. The salad... it's so simple, but just completely magical. I've tried to recreate the vinaigrette at home, to no avail. Yes, it is $20 for a pile of leaves. Yes, you should order it every single time. The octopus was kind of meh. It was pretty salty and the texture was chewier than I'm used to. I'm not a big dessert person after dinner, but their affogato is perfection. Service is always good. Nothing great, nothing bad to note. The servers kind of stay in the background. They've never been pushy and foster a lazy dinner to be savored. 

All in all, Via Carota is lovely. An absolute killer date spot if you can get a reservation, otherwise you'll be waiting in line for quite some time.",False,0,0,0,Rebecca B.,en,"{'neg': 0.153, 'neu': 0.679, 'pos': 0.168, 'compound': -0.1513}",-0.1513,0.168,0.153,0.679,negative
459,2021-10-17 22:06:36+00:00,5,"Simply put, some of the best food I have ever had.  I went here with my wife 4 times over the course of a week while we were in town.   Everything was just amazing. Well worth the wait.",False,0,0,0,Jon K.,en,"{'neg': 0.077, 'neu': 0.653, 'pos': 0.27, 'compound': 0.8225}",0.8225,0.27,0.077,0.653,positive
458,2021-10-19 00:25:41+00:00,3,"While the venue is cute, and the staff nice and friendly, I was very disappointed with the food.
Paying $27 dollars for a plate of pasta that was not fresh is not right. Pieces of pasta were stuck to each other which tipically happens with pre-cooked pasta. 
My husband had the rabbit and while the flavors were right, it was unfortunately very salty.
The arancini saved the meal, perfectly cooked and right texture.
It's just very disappointing to visit from another state with so much excitement and not have the best experience in such a highly rated place.",False,0,0,0,Ivelise G.,en,"{'neg': 0.208, 'neu': 0.635, 'pos': 0.157, 'compound': -0.8219}",-0.8219,0.157,0.208,0.635,negative
457,2021-10-19 02:42:03+00:00,4,"The line nowadays does get quite long so would recommend going early in the day to get seated and enjoy a leisurely lunch/brunch. Felt that the apps and the cacio e pepe were the highlights, so definitely do not miss the pear bruschetta! As for drinks, they have a pretty extensive wine list and a great list of Negronis to choose from. Also, service was fantastic and even though the line was getting longer when we were getting seated, we did not feel rushed at all!  I'm not sure this warrants a wait longer than 30 minutes, but nevertheless, a great dining experience.",False,0,0,0,Marian A.,en,"{'neg': 0.059, 'neu': 0.739, 'pos': 0.201, 'compound': 0.9359}",0.9359,0.201,0.059,0.739,positive
456,2021-10-21 13:30:08+00:00,5,"I'm writing this post because everyone is sleeping on the fried rabbit! I know rabbit isn't a favorite protein in the US, but it is fried to absolute perfection, and comes with a giant piece of FRIED BREAD, plus two cloves of roasted garlic to slather on it. It is somehow both one of the most decadent and minimalist things I've ever had. I've been here twice and gotten this both times--I really want to try the Svizzerina, but I can't resist the rabbit and bread.

We've also had the cacio e pepe on a previous visit; it is absolutely delicious. But last night we had the tagliatelle with prosciutto and parmigiano and it was ridiculously good--they add nutmeg to great effect, and I'm glad we ordered it because that's another classic italian combo that you don't see enough here. Sides included leeks (got those the first time and needed to get them again) and the cabbage/farro/parm/speck salad, which was also very tasty and I think one of the heartier veg dishes. As others have said reservations are few and far between; we showed up at 7:30 on a wednesday and weren't seated until almost 9:30 (though they do now text when your table is ready and you have 10 minutes to claim it, so you can easily grab at drink at a nearby bar while you wait).",False,0,0,0,Kaytie N.,en,"{'neg': 0.019, 'neu': 0.814, 'pos': 0.167, 'compound': 0.9928}",0.9928,0.167,0.019,0.814,positive
455,2021-10-24 02:31:18+00:00,1,"My ill feeling is it is mostly walk in with very few reservations but it appeared everyone walking in had a reservation. The fried zucchini had very little zucchini. The pastas don't compare to those of sistina, Caravaggio, and other top Italian spots in NYC. The service was mediocre at best. My opinion is if one is going to spend $120 a person, go to sistina or Caravaggio. I won't return here",False,2,0,0,Alex A.,en,"{'neg': 0.092, 'neu': 0.794, 'pos': 0.115, 'compound': 0.2144}",0.2144,0.115,0.092,0.794,positive
454,2021-10-31 01:37:25+00:00,5,"I highly recommend this restaurant! The food is delicious and the ambiance is lovey. We got the grilled artichokes, burrata, cacio e pepe, tagliatelle, and cannolis. The artichokes were amazing--they were soaked in a buttery sauce. (They came with an aioli but we didn't use anything of it). The burrata was a highlight. It came with garlic greens that were packed with flavor! The two pastas were cooked perfectly and absolutely phenomenal. The pasta is worth the hype. And last but not least--the cannoli dessert came with 4 mini cannolis. Great way to finish off the meal. Only complaint was one cannoli had a piece of pistachio shell that was really hard and unpleasant.

We had a reservation on a Saturday at 6:30 pm. Definitely recommend getting a reservation for a weekend otherwise the wait is insane",True,1,0,0,Amy S.,en,"{'neg': 0.124, 'neu': 0.691, 'pos': 0.186, 'compound': 0.8816}",0.8816,0.186,0.124,0.691,positive
453,2021-10-31 13:41:11+00:00,1,"We were excited to get a table and be seated right away. We were celebrating 24 years of marriage and this was our night out. Our waiter was the worst. He put in the wrong order for my entree. So I had to send it back because I am GF and couldn't even eat what they brought me. So I watched my husband eat and waited 20 minutes for my meal. The waiter didnt check on us once or even offer to bring me something to nosh on or drink while we waited. I was so upset when my meal came I took it to go. The waiter charged us for the entree and never offered a dessert or coffee. Also, the risotto I ordered came out soupy and gross. Honestly I would have made it better myself My husbands dinner was disappointing as well.. BLAND. UGH. I am still upset by this experience. Our waiter really just didn't care at all.",False,3,1,0,Leorah H.,en,"{'neg': 0.213, 'neu': 0.724, 'pos': 0.063, 'compound': -0.9855}",-0.9855,0.063,0.213,0.724,negative
452,2021-10-31 20:07:20+00:00,3,"food was tasty, but it is overpriced , and I also don't recommend sitting outside, service was pretty slow.",False,0,0,0,Bruna L.,en,"{'neg': 0.434, 'neu': 0.343, 'pos': 0.223, 'compound': -0.8543}",-0.8543,0.223,0.434,0.343,negative
451,2021-11-01 05:07:14+00:00,5,"Cacio e pepe is a winner!! 

Reservations: Super hard to get; I've been checking Resy for weeks trying to get one to no avail. I was walking past the area Friday night around 7pm and scored a walk-in for two at the bar. We took the last 2 bar seats and felt very lucky. Tip for those not glued to Resy: Come before 7pm and sit at the bar.

Food: Cacio e pepe is a must. Very hyped up and this exceeded my expectations. Came out piping hot and was soo delicious. Close your eyes and slurp the buttery fat carbs without looking at the giant mound of butter/oil at the bottom of the pasta... ignorance is bliss!! Also got the boar pasta. It was just okay. Cacio e pepe is def the winner here.

Vibes: Dark and romantic and old-fashioned decor. Great first few dates spot. Not like this is relevant but I did notice the entire restaurant seemed to be filled with only white people.",True,1,0,0,Kendy Z.,en,"{'neg': 0.057, 'neu': 0.816, 'pos': 0.127, 'compound': 0.9356}",0.9356,0.127,0.057,0.816,positive
450,2021-11-04 18:59:41+00:00,2,"I walked in for lunch in the middle of the day which happened to be quite busy. I opted to sit at the bar instead of a table since I was a lone diner. Normally bartenders are chatty and friendly but unfortunately mine could not be bothered with even minimal conversation (isnt that half the fun with sitting at the bar?) Anyway, I was really excited to try the fried rabbit since my grandma makes rabbit and it is one of my favorite dishes. Upon receiving my order, I was super disappointed before even having a bite. I was under the impression that the rabbit would have been pan fried but it was deep fried (looked like fried chicken from KFC). It tasted NOTHING like rabbit (honestly they could be feeding people chicken and first time eaters would not know the difference). Very greasy and just overall disappointing. Topped off my meal with dessert which was good. I feel like I need to give this place another try and have something else on the menu but this just was not it.",False,1,0,0,Elle L.,en,"{'neg': 0.12, 'neu': 0.705, 'pos': 0.175, 'compound': 0.8459}",0.8459,0.175,0.12,0.705,positive
449,2021-11-09 15:26:11+00:00,3,"I wanted to love it, but it is just not worth the hype. You can find better Italian in the city for a lower price and with a bit less drama over getting a table. 

However, it certainly fits the West Village vibe; very trendy, bustling, hip, etc. if that's what you are looking for, you won't be disappointed.

If you are looking for outstanding Italian food, you won't find it here. The Arancini were good, but the pasta and fish dishes we just serviceable.",False,0,0,0,Elizabeth S.,en,"{'neg': 0.047, 'neu': 0.715, 'pos': 0.238, 'compound': 0.9703}",0.9703,0.238,0.047,0.715,positive
448,2021-11-16 13:31:44+00:00,5,"We got lucky and found a Sunday lunch reservation for 2 people that opened up the night before. We booked that as fast as we could and showed up promptly (and very hungry) at Via Carota the next day.

Despite having a reservation we still needed to wait in the walk-in for about 15 minutes until we could be seated. But given how busy this restaurant gets it was understandable.

Food, service and ambiance once we sat down were 10/10. We were seated outside in their gorgeous, greenery lined outdoor seating area in the West Village. Our waitress arrived quickly and we ordered the Cacio e Pepe and the Wild Boar Ragu. Needless to say the Cacio e Pepe lived up to the hype, it was the best version of this dish I've ever had outside of Italy. The handmade pasta is cooked perfectly al dente and the sauce is pepper forward (which I love). The Wild Boar Ragu was fantastic as well, the meat was so juicy and flavorful tossed with such a good quality handmade pasta. Definitely coming back here again despite the long wait times. 100% worth all the hype!",False,3,0,1,Jaya N.,en,"{'neg': 0.029, 'neu': 0.725, 'pos': 0.246, 'compound': 0.9957}",0.9957,0.246,0.029,0.725,positive
447,2021-11-24 02:13:00+00:00,3,"The restaurant apparently doesn't have heat as the servers were all wearing thick jackets and hats to combat the cold, and indoor diners had to wear jackets as well. It ended up being colder in the restaurant than outside (it was 45 degrees and windy). The hostess was quite rude and tried to scoot us out of the restaurant for diners that didn't yet arrive to the restaurant. Classic NYC Italian spot that thinks that they're better than their patrons. 

As we were leaving, I noticed that one server had toppled some of the insalata verde (1/3 of the salad) while bringing it over to a table and casually caught the greens with his bare hands and just pushed it onto the plate. I thought that to be pretty gross and unforgivable considering the ongoing pandemic.

Ordered: 
acciughe e burro - delicious and would order again
insalata verde - simple but what every salad should aspire to be
pappardelle (wild boar ragu) - salty, devastatingly small portion size, uninspired, would not recommend
coniglio fritto - under seasoned, unexceptional, would not recommend
tiramisu - worst i've ever had 0/10

TLDR: No heat, not worth the wait. It was fine.",False,0,1,0,Anna H.,en,"{'neg': 0.173, 'neu': 0.723, 'pos': 0.104, 'compound': -0.9445}",-0.9445,0.104,0.173,0.723,negative
446,2021-11-24 04:34:51+00:00,5,"Anytime I meet someone from nyc or who's lived here for awhile, I ask the same question every time - "" what restaurant has wowed you?"" And boy oh boy did via carota wow me. 

Amazing service, amazing food - I'm still thinking about the artichokes as I write this. The pork belly, the pappardelle, the cacio e pepe, even the dang olive oil that comes with the bread is exquisite. I absolutely cannot wait to come back - this is so worth trekking over for at 4pm to snag a reservation. 

GET the grilled artichokes, get the olive oil cake, and get so many bottles of wine - you will not regret it.",False,0,0,0,Anna M.,en,"{'neg': 0.0, 'neu': 0.778, 'pos': 0.222, 'compound': 0.9826}",0.9826,0.222,0.0,0.778,positive
445,2021-11-25 17:59:29+00:00,4,"What a charming West Village spot! I've been a long time fan of Buvette and have been meaning to check out Via Carota for the longest. My friend was visiting town and so we decided to come here for an early dinner. Because it was early we were able to get seated quickly without reservations. I ordered the tagliatelle with ragu, a glass of wine, and some arancini to share. Everything was delicious!",True,2,0,2,Ryna D.,en,"{'neg': 0.057, 'neu': 0.714, 'pos': 0.23, 'compound': 0.9458}",0.9458,0.23,0.057,0.714,positive
444,2021-11-27 21:28:30+00:00,2,"I've been truly disappointed by every dinner I've had there so am done believing all the rave reviews. Food was just okay. There is far better to be had in the neighborhood. We tried many things, including desserts and didn't go nuts over anything. The selections could be better also. I preferred I Sodi, their other restaurant. That they don't take reservations also makes this a pain. People are willing to wait several hours for a table. I truly don't get it. My other review (which said the same thing) was removed.",False,0,0,0,Sybil S.,en,"{'neg': 0.143, 'neu': 0.73, 'pos': 0.127, 'compound': -0.5737}",-0.5737,0.127,0.143,0.73,negative
443,2021-11-28 01:57:44+00:00,5,This restaurant will speak for itself. If does not disappoint! It's very hard to get a reservation they mostly do walk ins so we went at 10 am on a Saturday. If you want pasta for breakfast or lunch or dinner this place is fabulous! You cannot go wrong with any of the pasta dishes but there's also so many hidden gems like the carrots or ricotta truffle bruschetta. If you haven't been here it is a must!!,False,1,0,1,Tory C.,en,"{'neg': 0.017, 'neu': 0.846, 'pos': 0.137, 'compound': 0.8328}",0.8328,0.137,0.017,0.846,positive
442,2021-11-28 07:29:22+00:00,5,Extensive Negroni list. Wild board ragu is delicious. Lemony creamy risotto. Crunchy brussel sprout salad. The best tiramisu ever.,False,0,0,0,Paris S.,en,"{'neg': 0.0, 'neu': 0.603, 'pos': 0.397, 'compound': 0.9217}",0.9217,0.397,0.0,0.603,positive
441,2021-12-04 01:33:17+00:00,5,"honestly the food here  is pretty amazing. I'm kind of cranky and I don't like to stand in line but one of my friends decided that she wanted to eat here badly enough that she would do it for us. So she stood in line and we got to sit at the table pretty quickly. Be warned that there definitely is a wait and you definitely have to physically be present with your entire party present in order to be seated.

they have some outdoor seating available which we sat at because of the lack of space. They don't have too much space inside maybe only 6 to 8 tables inside the restaurant, but they have a lot more seating outside. Best to come when the weather is a little bit warmer. 

The wait staff was friendly and approachable and was able to give us good recommendations with our order as well as our preferences. We had a baby with us and they accommodated us really well 

we tried the brussels sprouts, the carrots and the kale salad, the Apple and gruyère toast ( which the baby loved) and we got the pork Ragu, the octopus, and the cacio y pépé. we also tried the roasted pear for dessert. One of my friends had wine which he enjoyed and I got the cocktails which I definitely recommend. The food was completely amazing. All the ingredients were well thought out, very fresh and flavorful, thoughtfully combined and presented. I would probably recommend trying everything on the menu honestly I don't think you could go wrong. Some dishes are simpler with fewer ingredients but everything tastes absolutely delicious with complex flavors no matter what dish it is.",True,4,0,3,Rits M.,en,"{'neg': 0.074, 'neu': 0.637, 'pos': 0.29, 'compound': 0.998}",0.998,0.29,0.074,0.637,positive
440,2021-12-05 02:11:04+00:00,5,"Worth the hype. The star of the show was definitely the cacio e pepe. The pasta was the perfect size and the sauce didn't feel overly heavy despite it being a cheese-based dish. I would also recommend the olive oil cake with a side of the berries and mascarpone for dessert. Honestly, everything was fantastic. I know I will be coming back soon!",False,0,0,0,Jennifer A.,en,"{'neg': 0.0, 'neu': 0.742, 'pos': 0.258, 'compound': 0.9493}",0.9493,0.258,0.0,0.742,positive
439,2021-12-05 22:18:21+00:00,5,Was recommended to come here by a local. Cacio e Pepe is one of the best I've ever made. They hand make all their pasta. Would love to come back,False,0,0,0,Kathryn C.,en,"{'neg': 0.0, 'neu': 0.642, 'pos': 0.358, 'compound': 0.9246}",0.9246,0.358,0.0,0.642,positive
438,2021-12-06 14:19:35+00:00,4,"The cacio e Pepe was exactly what I wanted from it. Noodles cooked to the exact texture I like, and the sauce cut through perfectly so that the simplicity of the dish did not feel as if it lacked anything.",False,0,0,0,Pheby L.,en,"{'neg': 0.144, 'neu': 0.711, 'pos': 0.144, 'compound': 0.0}",0.0,0.144,0.144,0.711,neutral
437,2021-12-09 03:45:39+00:00,4,"The food here is good! I came with friends and there were so many good items that we had.

Insalata verde: Mix of leafy greens and the dressing was pretty good. The only thing is the oil at the bottom of the bowl was super salty. 

Cardi fritti: These are fried cardons which reminded me of artichoke. The cardons were crunchy and slightly lemony. 

Pappardelle: The pasta was almost like lasagna noodles and were a little soft for my liking. The wild boar ragu was pretty good and tomatoy.

Tonnarelli/Cacio pepe: Pretty good and creamy but when it arrives, eat it first before it starts to congeal!

Coniglio fritto/rabbit: The rabbit was kind of like a game-y chicken but was delicious. The order was 3 pieces and came with a side of cheese bread and garlic. Although it was good, the bread was my favorite.",True,2,0,1,Mike L.,en,"{'neg': 0.018, 'neu': 0.718, 'pos': 0.264, 'compound': 0.99}",0.99,0.264,0.018,0.718,positive
436,2021-12-13 17:00:40+00:00,3,"This restaurant has a great heated outdoor seating option, which kept us nice and warm and out of the wind. The bruschetta with anchovies was pretty good, and the burrata was just OK. We ordered three of the pasta dishes, and all were just mediocre, nothing spectacular at all. The service was good. Generally I would not recommend this restaurant, especially given how many good restaurants there are to choose from.",False,0,0,0,Kim P.,en,"{'neg': 0.129, 'neu': 0.645, 'pos': 0.226, 'compound': 0.7819}",0.7819,0.226,0.129,0.645,positive
435,2021-12-13 22:27:01+00:00,4,"The food here is very good. Highly recommended the Pappardelle, Cacio Pepe, and Acciughe E Burro. Skip the Polipo (octopus) looks amazing but was very mushy. Make sure to make reservation in advance to avoid the long wait (I waited for 3 hours)",False,1,1,1,Julie L.,en,"{'neg': 0.299, 'neu': 0.547, 'pos': 0.153, 'compound': -0.9335}",-0.9335,0.153,0.299,0.547,negative
434,2021-12-17 13:44:07+00:00,3,The ambiance is awesome and the staff is great but the food was underwhelming. Very ok Italian food that you can find in any average place in NYC. Tough to justify the hype and the price.,False,0,0,0,YelpReviewer B.,en,"{'neg': 0.42, 'neu': 0.496, 'pos': 0.084, 'compound': -0.9784}",-0.9784,0.084,0.42,0.496,negative
433,2021-12-17 16:32:41+00:00,5,Had the pleasure of dining during artichoke season. As a Californian I have a deep love for this awkward and time consuming ingredient. They were cooked then tenderly grilled to perfection served with a delightful aioli and drizzled with olive oil. And to gild the lily I also ordered the omelette with baby artichokes. Sigh!,False,0,0,0,Kristin B.,en,"{'neg': 0.087, 'neu': 0.627, 'pos': 0.286, 'compound': 0.9117}",0.9117,0.286,0.087,0.627,positive
432,2021-12-19 20:27:03+00:00,3,"After perusing many positive recommendations and finally snagging a reservation after 2 months, I came to Via Carota on a Friday night at 5:00pm. This dinner was disappointing due to service, food quality, and ambiance. Our server did not approach our table until 15 minutes after we were seated and we had to flag down wait staff to put in appetizer and entree orders. We ordered ricotta toast, bruschetta, burrata, mushrooms, and 3 different types of pastas. Everything was fine...I can name 10 better places in the area that I would personally prefer. Additionally, during our meal, we had 3 homeless people approach us crying, weeping, and lingering around our table with no intervention from the restaurant. I would try Don Angie, I Sodi, Malatesta, St. Tropez, and others in the area instead.",False,2,0,0,Gabriela B.,en,"{'neg': 0.118, 'neu': 0.835, 'pos': 0.046, 'compound': -0.8779}",-0.8779,0.046,0.118,0.835,negative
431,2022-01-05 19:12:49+00:00,4,"I checked a week beforehand and no reservations online for Saturday lunch. But when I arrived for a late lunch everyone in line without a reservation got a table. Indoors they decorated the tables with pomegranates which was pretty. I sat at the bar and the floor as covered with  saw dust. 

The Cacio e pepe is served in a soup bowl. I didn't get any bread even though I saw others were. The pasta was made with thick spaghetti noodles in a good sauce that was very rich and peppery. 

Note it's cold inside the restaurant, they don't put the heat on. The bathroom is served regularly and has Aesop soap.",False,2,2,2,Lemon C.,en,"{'neg': 0.049, 'neu': 0.833, 'pos': 0.118, 'compound': 0.8717}",0.8717,0.118,0.049,0.833,positive
430,2022-01-06 03:20:38+00:00,5,"***Delivery order review***

I highly recommend ordering from this place if you're craving a healthy Italian meal. The artichoke and mushroom was cooked to perfection, but more iconic was the branzino. I'm already planning a future order. Delivery came well packaged!",True,1,0,0,Liz C.,en,"{'neg': 0.0, 'neu': 0.79, 'pos': 0.21, 'compound': 0.7928}",0.7928,0.21,0.0,0.79,positive
429,2022-01-07 17:17:17+00:00,4,"I really do like this place! I just feel like there's limited pasta options but the veggies are phenomenal and the pasta is really delicious too! It's a long wait, but definitely worth it. The cacio e Pepe is delicious.",False,1,0,0,Kylie R.,en,"{'neg': 0.183, 'neu': 0.379, 'pos': 0.437, 'compound': 0.9686}",0.9686,0.437,0.183,0.379,positive
428,2022-01-18 20:53:47+00:00,5,"Was delish, came for my anniversary with my bf, we got a bottle of wine, a truffle bruschetta, burrata, and broccoli rabe to share, we each got the cacio pepe for ours mains, and got tiramisu to share for dessert. Our waiter was very attentive and very nice. If you can get a table, definitely go!",False,0,0,0,Charlotte A.,en,"{'neg': 0.0, 'neu': 0.757, 'pos': 0.243, 'compound': 0.9369}",0.9369,0.243,0.0,0.757,positive
427,2022-01-19 01:09:01+00:00,5,"We booked way in advance and I finally know what the hype is all about. Not only was the ambiance great, but the food was also amazing. The portions aren't too big which is perfect for the four of us. We really enjoyed the Insalata Verde because of the light and fresh dressing and the Cacio Pepe. Would definitely be back!",False,0,0,0,Gene T.,en,"{'neg': 0.0, 'neu': 0.666, 'pos': 0.334, 'compound': 0.9835}",0.9835,0.334,0.0,0.666,positive
426,2022-01-24 00:26:20+00:00,4,"Have heard so much about this place and wanted to give it a try! Super cute spot in the west village for something casual or something a bit nicer as well. 

Reservations are definitely hard to come by - we booked pretty far in advance for lunch. 

We got the truffle bruschetta, insalata verde, cacio Pepe, and tagliatelle. The bruschetta was amazing - lots of truffle, no flavors were too overpowering. Would come back just to eat this again. The salad was surprisingly good as well. It was simple leafy greens with dressing but it paired well together. The pastas were al dente, creamy, and flavorful. Lots of cheese (which I don't eat) but other than that was really good. The prosciutto on the tagliatelle went perfectly with the pasta. 

The waitress looked quite disappointed when we didn't order more. She mentioned that we should probably order 1-2 more dishes given we were 4 people but we decided to play it by ear and found that the dishes we ordered were actually enough.",True,2,0,1,Vivian L.,en,"{'neg': 0.051, 'neu': 0.734, 'pos': 0.216, 'compound': 0.9822}",0.9822,0.216,0.051,0.734,positive
425,2022-01-24 01:18:58+00:00,1,Via Carota was recommended by so many people. I was beyond disappointed with the food. It was very underwhelming. The couple next to us also got in a fight and really killed our vibe.,False,1,3,0,Erin S.,en,"{'neg': 0.38, 'neu': 0.581, 'pos': 0.039, 'compound': -0.9577}",-0.9577,0.039,0.38,0.581,negative
424,2022-01-31 14:59:25+00:00,5,"4.5stars | This is a pretty trendy restaurant, and a great place to bring a foodie friend visiting from out of town (you'll seem so cool.) Can be hard to get a reservation so plan far in advance. It's popular for a reason - the food is really good. It's apparently quite popular among chefs. I had the octopus and the papardelle and both were very good.",False,0,0,0,Justine Z.,en,"{'neg': 0.019, 'neu': 0.681, 'pos': 0.3, 'compound': 0.9686}",0.9686,0.3,0.019,0.681,positive
423,2022-02-04 17:42:27+00:00,4,"My friends and I had Via Carota on our restaurant bucket list for quite some time thanks to an Instagram account that frequently posts celebrity sightings at this place. Also, the pasta looked really good. I made a reservation for us about two months in advance for an outside table at 9:30 pm (that was the only thing available). On the day of our reservation, I decided to pop by earlier (around 7:30) to see if they had any tables inside at an earlier time, and the super nice host said yes. That was awesome and we felt lucky. 

The service: Amazing. Really attentive and lovely servers, hosts, etc.

The drinks: *Pretty* good, but pricey for what they are. We started with a round of aperol spritzes which tasted decent but were extremely expensive at $17. 

The food: We started with the arancini (4 rice balls), the burrata, and bread & olive oil. Between four people, these three apps felt sufficient. Still, we all agreed that each dish tasted pretty mediocre. For our main dishes, we ordered the Cacio Pepe (seen on many a TikTok), Tagliatelle, Pappardelle, & the Risotto. I LOVED the cacio pepe was but was surprised at the portion size -- it was really like a small bowl. The risotto was good but very lemon-y if you like that. My friend loved her pappardelle and felt the size was perfect and my other friend enjoyed the tagliatelle but felt it was too small. Overall, while the dishes were definitely tasty, we all agreed we'd had better pasta for cheaper prices. 

With the addition of a $67 bottle of Chianti (the cheapest red on their menu), our bill came out to about $100 a person. We were glad we checked Via Carota off our bucket list, but agreed we would not go back probably.",False,0,0,0,Hilary S.,en,"{'neg': 0.087, 'neu': 0.653, 'pos': 0.26, 'compound': 0.9963}",0.9963,0.26,0.087,0.653,positive
422,2022-02-06 22:34:47+00:00,5,"You must, I repeat must, order the insalata verde. Yes, I am talking about a salad, but oh, this isn't just ANY salad. The salad dressing was just right, the combo of bibb lettuce and endive divine. We couldn't finish (in anticipation of many dishes to come) and I gladly took the leftovers home with me.

As for the mains, we sampled the cacio e pepe, the wild boar ragu papardelle and the fried rabbit. Of the three, I would say the cacio e pepe is out of this world amazing, and the fried rabbit was crispy perfection. And how could I forget the dessert? It was a custard on top of fresh raspberries and it's so good, you'll wish it was appropriate to lick a plate when you're dining out of your own home, lol.

All in all, this restaurant is wonderful. Great service, great wine, incredible food and a cozy atmosphere. I can't wait to return again, and perhaps order 2 salads, one to eat there, and a second to take home, lol.",True,0,0,0,Shu Jin S.,en,"{'neg': 0.017, 'neu': 0.642, 'pos': 0.34, 'compound': 0.9977}",0.9977,0.34,0.017,0.642,positive
421,2022-02-13 03:46:57+00:00,4,"The reception staff were a bit rude when my partner and I came in. However, when we sat down the waiters were fantastic and quick. The food was delicious! We had the risotto, insalata verde and branzino al sale. Will possibly return, hopefully I will have a much nicer welcome.",False,0,0,0,Zoe V.,en,"{'neg': 0.092, 'neu': 0.611, 'pos': 0.298, 'compound': 0.9259}",0.9259,0.298,0.092,0.611,positive
420,2022-02-20 07:23:52+00:00,1,"I have never had such a disappointing dining experience as I have at this establishment. We were sat outside in the freezing cold and the heaters were not working or barely even on. We could see our breath just to give some context. The food was also subpar, within 5 minutes of the food being brought out it was cold. There were so many items that weren't available that we wanted. Myself and party were so cold that we almost got frostbite and hypothermia. Our waitress barely came out to take our order or ask us if we were ok because she was so cold as well. The treatment was honestly inhumane and the fact that this establishment thought it was acceptable to go seat parties outside without proper heating and insulation on one of the coldest days in NYC is honestly unacceptable.",False,8,4,1,Kristina J.,en,"{'neg': 0.176, 'neu': 0.722, 'pos': 0.102, 'compound': -0.9401}",-0.9401,0.102,0.176,0.722,negative
419,2022-02-28 00:00:56+00:00,5,"The grilled octopus here is soooo good!! The best in town. Yes I said it, it's the best. Not many restaurants In Nyc can do it so perfectly. Their spicy pork arancini is dangerously addicting. Pasta is something you have to order here but it's their risotto that took me to cloud 9.",False,0,0,0,ChilliChaCha N.,en,"{'neg': 0.033, 'neu': 0.757, 'pos': 0.21, 'compound': 0.8679}",0.8679,0.21,0.033,0.757,positive
418,2022-03-09 12:16:11+00:00,5,"Finally figured out how to land a reservation at Via Carota! Although available on resy, I was never able to secure a reservation or make it off of the waitlist, so I walked in and inquired about dinner availability. I was kindly placed on a wait list for a perfect 8pm indoor dinner slot.. walk in seems like the way to do it and it's totally worth the wait! 

Food was delicious! For starters we enjoyed the arancini, bruschetta with butter and sardines (never had anything like it.. amazing!), and the wildly refreshing & massive insalata verde. Would do all those appetizers all over again next time! The verdure section on the menu is by far the largest, so next time I'd explore more options there. For pastas, we loved both the pappardelle in wild boar ragu and the tortelli with smoked ricotta, but the tortelli was the standout for me.. had a unique smokey and oniony flavor that I couldn't get enough of! We also ordered the Sicilian meatballs which were good but not the best.. the raisins made them a bit sweet and not my favorite flavor profile for meatballs. 

All in all, Via Carota exceeded my expectations between the heavenly Italian dinner, excellent service, and cozy ambiance. Excited to be back!",False,3,0,1,Biana G.,en,"{'neg': 0.038, 'neu': 0.769, 'pos': 0.193, 'compound': 0.99}",0.99,0.193,0.038,0.769,positive
417,2022-03-10 03:26:33+00:00,5,"Hands down one of my top 5 favorite restaurants in the city. Amazing food, great ambiance and lovely service. 

We always get some veggie options (which rotate seasonally) along with a few pastas. Also don't forget to try their cocktails!",False,0,0,0,Priya K.,en,"{'neg': 0.0, 'neu': 0.634, 'pos': 0.366, 'compound': 0.9549}",0.9549,0.366,0.0,0.634,positive
416,2022-03-10 04:35:48+00:00,1,The manager Sharissa was the rudest person I've ever met. The hospitality was terrible. I had a reservation at 9:30. We were kicked out and hour and a half after because she needed to clean up the restaurant.  We told her we were waiting for our Uber. We were forced to wait outside in the cold. I've never experienced such disrespect and poor hospitality. This restaurant treats their patrons like they are a burden to them. Don't go here unless you want to be kicked out early.,False,2,2,0,Jordan M.,en,"{'neg': 0.247, 'neu': 0.66, 'pos': 0.093, 'compound': -0.963}",-0.963,0.093,0.247,0.66,negative
415,2022-03-19 13:02:19+00:00,4,"Very popular spot for Italian dining in the West Village. My boyfriend and I came here for dinner on a Friday night and all tables were filled with a long line of standbys - I highly recommend having a reservation. We were seated swiftly by the staff who were very quick and efficient at turning over tables. 

We had the grilled anchovies special and some bread and olive oil to start. The anchovies were fresh and delicious however the bread was a bit stale and the crust was tough. For our mains, we had the wild boar pappardelle and cacio e pepe. Both were delicious but I personally like the flavor of the pappardelle more. We finished with the olive oil panna cotta which was my favorite item of the evening. It was simple yet well balanced in sweetness and texture. 

As for drinks, my boyfriend had some red wine recommended by our server and I was surprised to find out that they didn't have any soda or diet beverages. They only had house made orange or ginger soda which I opted for the ginger hoping it would be similar to ginger ale. It was quite spicy and I found it difficult to drink due to it resembling more of a medicine taste. Not the best selection here for non-alcoholic beverages, stick to water.",True,2,0,2,Amanda L.,en,"{'neg': 0.067, 'neu': 0.763, 'pos': 0.169, 'compound': 0.9704}",0.9704,0.169,0.067,0.763,positive
414,2022-04-04 04:03:14+00:00,5,Food is fabulous and shout out to the sweetest host! I asked to move tables because we were near the restroom and I was hoping to grab a window seat. She totally accommodated once a table opened and I am very appreciative!,False,0,0,0,K. Michelle R.,en,"{'neg': 0.0, 'neu': 0.761, 'pos': 0.239, 'compound': 0.8928}",0.8928,0.239,0.0,0.761,positive
413,2022-04-12 01:54:36+00:00,3,"Be warned if you're going with kids -- no matter their age. 

We ate at Via Carota with our two boys, aged 15 & 12. They have great manners and are adventurous eaters who were really excited about Via Carota. When our server saw that we were dining as a family, he asked my wife and I what we wanted to drink, and completely ignored our boys. He only returned to our table again an hour later after our entire meal was finished to ask my wife and I if we wanted another drink (we had finished our cocktails 30 minutes before, wanted wine with dinner, but couldn't order any due to the lack of attention). We were the only table with kids in the restaurant, and perhaps that's uncommon, but we did not feel welcome. There were no pleasantries at the end of the meal -- he just gave us a payment terminal with a pre-selected 20% gratuity.  

Now, the food was very good. The tortelli and grilled artichoke were even excellent (we also ordered a white asparagus special, the fava & escarole salad, orecchiette special, and cacio e pepe pasta ... all delicious). Zero issues on this front. 

We're encouraging our kids to be thoughtful eaters. Via Carota did not encourage us to bring them back. After a month of anticipation, this was a disappointment.",False,1,0,0,Scott B.,en,"{'neg': 0.095, 'neu': 0.764, 'pos': 0.141, 'compound': 0.8926}",0.8926,0.141,0.095,0.764,positive
412,2022-04-21 19:53:55+00:00,3,"Expensive Italian food, high end restaurant and a good location, but not for me. Went here for the second time after being unimpressed the first.

I just don't understand the popularity of this kind of restaurant in NYC, it brings nothing new to the table. I guess maybe designer cocktails to go with their uninspired Italian food.

I'd go to Rubirosa or Parm the next ten times I'd like Italian food before I go back to Via Carota. I know that these places are more red sauce Italian american, but VC isn't really helping me to explore a new region.

Also, still checking vaccines at the door. I'm happy to know that the restaurant is run by epidemiologists who know better than the CDC.",False,1,1,0,Dan S.,en,"{'neg': 0.124, 'neu': 0.777, 'pos': 0.1, 'compound': -0.6584}",-0.6584,0.1,0.124,0.777,negative
411,2022-04-23 22:46:23+00:00,1,"Not going to comment on the food, but the woman seating patrons was condescending. There were 2 separate lines: one for those with reservations (like me) and one for walk-ins. She seated the group of 4 in front of us. She came back out and then started taking names from the walk-in line. Another couple came with reservations and stood behind us. She proceeded to check them in and seat them. When she came out again, I clarified that we were actually waiting for 5 min. In a very rude tone, she asked me how she was supposed to know (it's her job). When I calmly stated that we were standing behind the group of 4 she seated with reservations, she condescending said, ""Are you good? Are you calm?"" A simple apology would have been nice, but she couldnt admit that she was wrong. It ruined the dinner for me. This was on 4/23/22 around 6 PM.",False,8,3,0,Joseph R.,en,"{'neg': 0.196, 'neu': 0.741, 'pos': 0.063, 'compound': -0.9857}",-0.9857,0.063,0.196,0.741,negative
410,2022-04-24 03:09:40+00:00,5,"The wild boar ragu and the cacio e pepe were perfection! This place is totally worth the hype. The atmosphere is cool, but not too cool, like not intimidating. The service is good as well. Will try to order some dessert next time. Keep up the good work!",False,0,0,0,Kira P.,en,"{'neg': 0.042, 'neu': 0.601, 'pos': 0.357, 'compound': 0.9579}",0.9579,0.357,0.042,0.601,positive
409,2022-05-01 16:43:19+00:00,4,"The food is ridiculously good but the waiter was suuuuuper rude. I think his name was Michael. I am never rude to waiters, I worked as one for a while and I know how hard it is to put a smile on your face constantly but there is an element of making the experience nice for the diners especially as it was a special occasion and this guy made us feel like we were unwelcome/lucky to be there/rushed out. Might have just got unlucky with the waiter tbh",False,1,0,0,Gaby C.,en,"{'neg': 0.188, 'neu': 0.667, 'pos': 0.145, 'compound': -0.8225}",-0.8225,0.145,0.188,0.667,negative
408,2022-05-02 20:51:05+00:00,5,"I returned at an atypical dining time, so there was no wait for a table. 

Service as always is top notch. They're friendly and attentive without being intrusive. 

Finally tried the cacio e pepe pasta and my mind is blown. I'll caveat with saying that I'm normally not a fan of Cacio e pepe because it's usually too rich and creamy for my palate, but holy moly. This is divine! It's creamy and rich, but in an incredible way. And I can tell the cheese is great quality. It's so luscious and they added the perfect about of pepper. Sublime. Perfection. Al dente. Happiness in one little bowl. I guess that's my only ""criticism""...give me more pasta pleaseeeeee! You can't make pasta that delicious and not expect me to want a whole vat of it. 

I could not recommend this pasta enough. It shall forever be in my daydreams.",True,1,0,2,Valerie N.,en,"{'neg': 0.044, 'neu': 0.676, 'pos': 0.28, 'compound': 0.9941}",0.9941,0.28,0.044,0.676,positive
407,2022-05-04 20:17:16+00:00,5,"Best food of the trip. We did a full meal from desserts, salads, pastas, and drinks. Such authentic Italian with every course. We managed to sneak into the restaurant for a 3pm lunch. Glad we tried despite not getting reservations for normal dining hours. So worth eating at the off hour.",False,3,0,3,Carissa B.,en,"{'neg': 0.0, 'neu': 0.83, 'pos': 0.17, 'compound': 0.8553}",0.8553,0.17,0.0,0.83,positive
406,2022-05-10 02:36:50+00:00,5,"Via Carota was an extraordinary experience! Booked a reservation a few weeks ago (one hot ticket) and had a wonderful time. The host checked us in at the door and walked us to our table. The menus were folded into the chair which I found very nice. Once we sat, we decided to order the 'Nduja Arancini and Burrata as the starters. Both were mouth watering and filled us with anticipation for the main dishes. Once ready, we ordered the Tonnarelli, the Rigatina and a Caves de Donnas to go along the meal. This was easily one of my best meals in NYC. Everything was incredibly delicious and had me wondering about the other dishes I need to try on my next visit (because I am definitely visiting again soon). To top it off, we had the Tiramisu as the closer for the evening. Next time someone asks me for a recommendation on where to go for delicious culinary experience, I will be directing them to Via Carota.",False,2,1,2,Jhanio D.,en,"{'neg': 0.0, 'neu': 0.802, 'pos': 0.198, 'compound': 0.9896}",0.9896,0.198,0.0,0.802,positive
405,2022-05-19 02:08:34+00:00,3,"i was really looking forward to going to this popular restaurant in my neighborhood. The food was good, but be sure to ask about price if you order a ""special."" Our waiter convinced us to get the ribeye special, along with our other choices. The steak was fully one-third to one-half fat. Fully. He didn't offer the price and, our fault, we didn't ask. It was $79, ala carte, plus tax and tip made it $100 for only a few bites. That's outrageous and left us feeling a bit taken advantage of. Again, our fault for not asking, but that price for a small, fatty steak is outside of the norm.",False,0,0,0,collette s.,en,"{'neg': 0.128, 'neu': 0.731, 'pos': 0.141, 'compound': -0.3016}",-0.3016,0.141,0.128,0.731,negative
404,2022-05-27 02:07:16+00:00,2,Very limited menu. $28 for three meatballs with nothing - I mean not even 3 oz of pasta with them . The meatballs were good but come on three meatballs and nothing - that is bs.  You want some bread well thats $3 - really.  Keep your freaking bread.  And keep your freaking restaurant for that matter.,False,0,0,0,Tom H.,en,"{'neg': 0.16, 'neu': 0.721, 'pos': 0.118, 'compound': -0.6796}",-0.6796,0.118,0.16,0.721,negative
403,2022-05-28 12:49:16+00:00,5,"Here visiting my kid who lives in the West Village.  Popped in for dinner without a rezi but scored two seats at the bar.  The food was incredible!!!!!!!!
Tons of options for vegetarians like myself.  
Good people watching. 
High energy.
Can be loud but who cares?
YUMMMMM!",False,1,0,0,Cassie P.,en,"{'neg': 0.0, 'neu': 0.738, 'pos': 0.262, 'compound': 0.9425}",0.9425,0.262,0.0,0.738,positive
402,2022-05-29 05:35:59+00:00,4,It's our favorite Italian place! My 8 year old daughter and I always walk over some days after school when she's in the mood for Italian. We have our staples but we need to venture out of them to taste other things here. They would never have their fresh off-menu specials but things on the menu is always available. I love the fungi (different types of grilled mushrooms over cheese) and insalata Verde (5 types of greens with sherry vinaigrette) and tonarelli . My daughter always get the calamari and tagliatelle. We get different desserts because most of them are all great. I'm very partial to the panna cotta and berries with zabaione. It's a pricey place but it's a great place to treat yourself once in a while.,False,0,0,0,Sheryl A.,en,"{'neg': 0.067, 'neu': 0.778, 'pos': 0.155, 'compound': 0.9338}",0.9338,0.155,0.067,0.778,positive
401,2022-05-30 16:29:55+00:00,5,"Absolutely incredible pasta, vibe, and my favorite- the spicy arancini!! Delicious :)",False,0,0,0,Devin G.,en,"{'neg': 0.0, 'neu': 0.399, 'pos': 0.601, 'compound': 0.9391}",0.9391,0.601,0.0,0.399,positive
400,2022-05-30 23:39:21+00:00,5,Authentic and yummy! Ordered the sardines and prosciutto as a bar snack and the Manhattan drink. Super cute place,False,0,0,0,Kristine K.,en,"{'neg': 0.0, 'neu': 0.532, 'pos': 0.468, 'compound': 0.9348}",0.9348,0.468,0.0,0.532,positive
399,2022-05-31 00:47:56+00:00,2,"My daughter chose this place after seeing it recommended by David Leibovitz, so we tried it on a Saturday night.  
I'm not sure if it was not as good as hyped, or if we had a bad service experience, or maybe we just didn't have the right expectations, but it was no more thank ""meh/Ok"".
We came by around 7:30-8 without a reservation, gave our number, and were told it would be about 1-1.5 hrs. Fine, no problem - we walked around, got a drink, had a nice time waiting and soaking up the neighborhood feel. We get the text around 9ish, sit down, and we peruse the menu.  All good.  Waiter shows up with a thick italian accent, runs thru an incomprehensible spiel about the specials, and when I say ""we'll probably start with..."" he responds with ""the kitchen's closing soon, so you better hurry up and order"".   This would've been a great heads up, except the place closes at 11, and when we left at a little after 10, people were being seated and ordering food - so clearly, the kitchen was not ""closing soon"".
It's not a big deal, but it threw us off our rhythm, made us feel rushed, and that was about the extent of our interaction with the waiter - he made no attempt to explain the dishes, the format, nothing - he took our orders and that's it.
As for our dishes, they were a mixed bag - we had the chicken liver bruschetta, which was a lot of liver - so that was good (in the sense that you get what you pay for), but it was kind of dumped on the bread like a can of dog food, so it wasn't the best presentation, and it was pretty much all liver with not a lot else going for it.  I don't know that I can fault that - I mean, it's a liver bruschetta, so... 
but it was so much, that we ended up ordering the plain ""bread and olive oil"" just to have something to chew on.
Our other ""non-main course"" was the ""carciofi alla romana"", which was ok, but there plenty of leaves that were very ""toothsome""/inedible, which detracted from the dish - but i'm not sure if we're just not clued in on what restaurant artichokes are supposed to be, or they were prepared poorly.  Regardless, our waiter when clearing both partially eaten bruschetta and partially eaten artichokes, never asked our thoughts on either.  
For the mains, my daughter had the taglietelle and I had the polpette - they were both fine.  The pasta was clearly fresh, and while I didn't particularly care for the peas (I thought they were tough), my daughter liked the dish.  The polpette were good as well, but then again, it's hard to mess up meatballs, and it was *just* meatballs.

Overall, Via Catora was ok - I think a 2 star review is about right - I wanted to like it, but it just wasn't all that great, and I feel like after paying almost $200 (food, plus 2 25cl things of wine, plus a 25% tip (I feel guilty not tipping a bunch nowadays, although that was a reflexive tip and I don't think our waiter deserved it).  I think with a better waiter, and a more relaxed experience, and trying more vegetables, it could be pretty good - but what we had was ""meh"", and I wouldn't go back - I don't know if it's actually ""not good"", or maybe we just ""don't get it"", but either way, I think you can find a better meal somewhere else.",False,4,0,1,Dave M.,en,"{'neg': 0.14, 'neu': 0.742, 'pos': 0.118, 'compound': -0.9373}",-0.9373,0.118,0.14,0.742,negative
398,2022-06-07 01:27:06+00:00,5,"Been here numerous times and it has always been fantastic. Very authentic Italian. Fantastic ambiance, great food (especially the cacio e pepe). Never disappoints!",False,0,0,0,Pat G.,en,"{'neg': 0.0, 'neu': 0.575, 'pos': 0.425, 'compound': 0.933}",0.933,0.425,0.0,0.575,positive
397,2022-06-07 03:50:54+00:00,5,"The restaurant is popular for a reason. Everything is delicious and the service is good. We were surprised by how good the grilled mushrooms were, the svizzerina, and even the ricotta cheesecake. There's lots of outdoor seating as well, so it's a great spot for warm weather. Note that they do accept walk-ins, so my party put our names down and they said it would be about an hour and we went to a nearby bar, but got a text the table was almost ready in just 30min.",True,0,0,0,Amanda W.,en,"{'neg': 0.0, 'neu': 0.756, 'pos': 0.244, 'compound': 0.9555}",0.9555,0.244,0.0,0.756,positive
396,2022-06-09 20:35:43+00:00,5,Can't recommend this place enough. Took my parents here and we loved everything. The salad was top 5 salads I've ever had and it was so simple and so flavorful and delicious. The apps were all so good. Loved the cacio e pepe. Love the environment. Can't wait to go back!,False,0,0,0,Sarah S.,en,"{'neg': 0.028, 'neu': 0.522, 'pos': 0.45, 'compound': 0.9886}",0.9886,0.45,0.028,0.522,positive
395,2022-06-12 00:51:01+00:00,4,"Cute little Italian place conveniently placed right off of Christopher St. Came here for lunch with a friend and was impressed with their Negroni menu and the appetizing food menu. I ordered the Negroni 1937 and was told it would be bitter. Unfortunately it was relatively sweet. The Negroni Terra made up for this though. I love cynar in my Negronis.. 

I ordered the pork belly which was a generous fatty slab of meat. My friend ordered the wild boar pappardelle. The ragu needed a bit of salt but the pasta itself was good.  Very small for the price, but this is Manhattan. The biggest issue was the food took at least 45 minutes to come out and the drinks were only about 10-15 minutes ahead of that. We weren't in a rush and it was nice day outside, but it was very slow. Overall, a good experience and I would likely return.",False,2,0,0,Joseph S.,en,"{'neg': 0.081, 'neu': 0.748, 'pos': 0.171, 'compound': 0.9085}",0.9085,0.171,0.081,0.748,positive
394,2022-06-15 14:36:22+00:00,2,"While we have had some excellent dinners at Via Carota, their team is highly deficient in their ability/interest to follow up with their patrons. My partner loves it here, so my family decided to send him a gift card last November. It became a months-long process to try to track down the gift card - it never arrived despite Via Carota's claims that they would send another.

A couple of weeks ago, I attempted to make a reservation for a group of friends to dine here to celebrate my partner's birthday. I left two separate voicemails and sent an email each on separate days - I received no response and we went elsewhere.

The food IS good, but is the poor service and follow-through for their guests worth it? Not for me at this point.",False,1,0,0,Aidan D.,en,"{'neg': 0.042, 'neu': 0.833, 'pos': 0.125, 'compound': 0.8201}",0.8201,0.125,0.042,0.833,positive
393,2022-06-18 18:30:25+00:00,3,"Honestly pretty disappointed with my experience here all around.  After all the hype, I was so excited to come with some friends the other night.  It started out with horrible service, our waitress was so unhelpful and just seemed irritated by our entire presence. She hardly checked on us, and the tables next to us that were seated after us were getting their drinks/apps while we just sat there waiting for her to come back to take our order.  The food was okay? No gluten free pasta option which is kinda surprising honestly, and when I asked if they had any, she simply said no and offered no other solutions or options. The portions were decent, and flavors were good but can't say I'm dying to go back. Would recommend some other Italian spots near by before trying to go here again.",False,0,0,1,Sophia B.,en,"{'neg': 0.099, 'neu': 0.774, 'pos': 0.127, 'compound': 0.334}",0.334,0.127,0.099,0.774,positive
392,2022-06-25 08:53:36+00:00,5,"Theres nothing I love more than a restaurant that seems so simple but is so much more! This restaurant is awarded by the James beard foundation for both food & love! Before I even read their press site, I can tell you the food here is not only broken down by a science... but it's made with love & with history! Not one dish failed. Every single dish was a wow factor! We also ordered 4 more dishes that aren't pictures including desserts! Wishing a Michelin star for via carota!",True,0,0,0,Emely M.,en,"{'neg': 0.11, 'neu': 0.703, 'pos': 0.187, 'compound': 0.8344}",0.8344,0.187,0.11,0.703,positive
391,2022-06-25 12:59:49+00:00,5,"W-O-R-T-H I-T ! We've been wanting to go to Via Carota for a long time now. Definitely not the easiest of NYC restaurants to get into, but given time and room...shoot your shot!  We'd highly recommend eating inside as the ambiance is amazing. 

We started with the Insalata Verde which is a staple. Very simple & satisfying. The Arancini parlayed great with the greens. 

For the pasta, the Cacio e Pepe seems to be the go to. We went with the Tagliatelle which was great. Very flavorful and a healthy portion of prosciutto.

Living in NYC, it's not always easy to find a restaurant you know you'll be back at...But this is one!

Bon Appétit",False,0,0,0,Michael G.,en,"{'neg': 0.054, 'neu': 0.676, 'pos': 0.27, 'compound': 0.989}",0.989,0.27,0.054,0.676,positive
390,2022-07-07 19:42:22+00:00,5,"How does anyone not love Via Carota? Impossible prime time dinner reservations and we hadn't had much luck with weekend walk ins but finally on a summer Thursday at 5:30 we Ubered over and were immediately seated to enjoy the really, really great meal we had anticipated. 

The prosciutto burrata was dreamy. Melt in your mouth tender prosciutto and luscious, creamy burrata. Regretted not ordering a second. 

The artichoke was also greatness. All the fibrous parts hacked away to leave flavorful seasoned bites for us to enjoy. 

Strangely the cacio e pepe wasnt our fav, good but completely outshined by the tortelli. Gooey, delicious caramelized onions over ricotta stuffed pasta was exceptional! 

The server explained that everything there is just simple, good food - and he was right, simple, really good ingredients are the magic of this place.",False,4,0,0,Michelle L.,en,"{'neg': 0.149, 'neu': 0.638, 'pos': 0.213, 'compound': 0.9715}",0.9715,0.213,0.149,0.638,positive
389,2022-07-09 05:31:35+00:00,2,"Foods food not Great. U cud get Italian just as good and must as hearty at plenty more places in the city. I came here tonight 7/8/22 wait was 1.5 hours long which is the shortest it's been in my 5x trying to get in here. Host was rude n not accommodating she didn't take my name down , when I told her my number she seemed to brush me off. I came back 1.5 hours later to check in on table n she sed o it's ready. Mind u this lady never texted me as she sed and wud and was probably surprised to c me still waiting. Margarita our server was very helpful n pleasant n if I cud I wud give 5 stars just for her. Good is good but not worth the wait or the rude attitude from host n or
Other staff. The host originally sat us outside along glass n that server seemed to be fed up with me asking if anything else was available. I mean listen I get it place is busy n by the time they sat us I guess the servers were miserable but wen I Sed I wanted to sit I side margarita
Was very hospitable. Foods good but idk if it's worth the trouble but margerita almost saved the night. 2 stars for good food n good service from margerita the rest is for bad service from host n original waitress outside along with the wait.",False,1,2,1,M S.,en,"{'neg': 0.198, 'neu': 0.685, 'pos': 0.117, 'compound': -0.9845}",-0.9845,0.117,0.198,0.685,negative
388,2022-07-11 11:43:21+00:00,3,"Food varies in quality. Our shared starter was really good. However, our pastas were no better than your average  Italian restaurant.

Wine list very pricey & not well selected.

Issues - we asked for some grated parm to be sprinkled on our pastas. They did that, but it was poor quality cheese - AND they actually charged extra for it!!!!  Unheard of. You also had to pay extra if you wanted a slice of bread!!

At their  prices , this nickel & diming is absurd. 

No way we will return.",False,0,0,0,Milton B.,en,"{'neg': 0.2, 'neu': 0.741, 'pos': 0.058, 'compound': -0.9179}",-0.9179,0.058,0.2,0.741,negative
387,2022-07-12 02:08:49+00:00,3,I know this place is good when you eat there but don't do takeout you'll just be disappointed. My prosciutto pasta was soggy.,False,0,0,0,Lindsey D.,en,"{'neg': 0.242, 'neu': 0.691, 'pos': 0.067, 'compound': -0.7935}",-0.7935,0.067,0.242,0.691,negative
386,2022-07-14 22:05:12+00:00,5,"Delicious food and lovely place! The green salad is perfection. It's enough for 2-3 people. The pasta is amazing. You should definitely go! If you go on a week day for lunch, it's not difficult to get a table.",False,0,0,0,Kristin A.,en,"{'neg': 0.0, 'neu': 0.567, 'pos': 0.433, 'compound': 0.9769}",0.9769,0.433,0.0,0.567,positive
385,2022-07-15 02:32:39+00:00,3,"Via Carota has been on my list for a long time and I was finally able to snag a table for two on a Sunday afternoon. The staff was attentive and helpful from the moment we were seated.

We started with the Arancini, followed by the carrots, cacio e Pepe, the square pasta with pesto special and tiramisu. My favorite dish were the carrots, extremely flavorful and cooked to perfection. Unfortunately, despite the reviews I've read, the pasta was disappointing. It was fresh but lacked flavor. 

The tiramisu was also a winner with the perfect touch of espresso in every bite. I will probably go back at some point to try a different set of pastas.",False,0,0,0,Harkiran S.,en,"{'neg': 0.103, 'neu': 0.696, 'pos': 0.201, 'compound': 0.9061}",0.9061,0.201,0.103,0.696,positive
384,2022-07-20 03:49:53+00:00,1,"It started off badly when the person taking names and giving wait times is sarcastic & rude, but we decided to wait it out & walked over to iSoldi to check them out for a future meal! When we returned and were finally seated, the waiter was nice, but didn't want to accommodate a simple request that the ricotta cheesecake be taken out of the refrigerator to get to room temp by the time we finished our meal!  He said it couldn't be done!  REALLY!  When r food arrived 1 in r party got the wrong dish, pasta with pesto instead of the pork belly!  They took it away & the pork belly arrived when the other 3 in the party had finished their meals!  The pork belly was inedible, we sent it back, they obviously took it off the check, but really? These owners lived in Italy?",False,0,0,0,Valerie D.,en,"{'neg': 0.181, 'neu': 0.745, 'pos': 0.073, 'compound': -0.9655}",-0.9655,0.073,0.181,0.745,negative
383,2022-07-22 20:56:28+00:00,3,"I don't really understand the hype over this place, it was good but not exceptional. Had the tomatoes with bread and oil to start, then the cacio e pepe and a lobster pasta special for mains. I'd go back but I definitely wouldn't call this one of the best Italian spots in the city",False,0,0,0,Camillia T.,en,"{'neg': 0.0, 'neu': 0.756, 'pos': 0.244, 'compound': 0.9418}",0.9418,0.244,0.0,0.756,positive
382,2022-07-24 00:03:56+00:00,5,"Via Carota is the most beautiful restaurant--- food, service, atmosphere, location is all exquisite. . I never miss it when visiting NYC.",False,0,0,0,Rachel H.,en,"{'neg': 0.0, 'neu': 0.762, 'pos': 0.238, 'compound': 0.6845}",0.6845,0.238,0.0,0.762,positive
381,2022-07-25 01:11:18+00:00,1,Was recommended because we couldn't get to I Sodi.( rude doorman) on a Sunday afternoon. Ordered caccio e Pepe. Pasta was soggy  and had too much kraft ? Parmesan. It felt like it was a warmed up leftover with some garlic oil. My partner said her pasta tasted like a salty chef boy r dee. Service was slow and the appetizer tasted like a rice ball from a deli. Skipped dessert for obvious reasons.,False,2,0,0,Luis R.,en,"{'neg': 0.17, 'neu': 0.692, 'pos': 0.138, 'compound': -0.765}",-0.765,0.138,0.17,0.692,negative
380,2022-07-27 19:13:08+00:00,5,"Via Carota is the best restaurant in the West Village. The Leafy Green Salad and Artichokes w/ Aioli are an absolute must. 

While it may seem extravagant to spend $21 on a salad. Each leaf feels like it was hand picked for your bowl and carries the perfect amount of dressing. NOTE: It can be a bit challenging to eat--the leaves are piled sky high, well-oiled, and plentiful--so if you're with someone with whom you'd like to think you are graceful (dates, employers, etc), I recommend something less challenging like the Cacio E Pepe (also fantastic) 

Ambiance is wonderful--the bar is particularly beautiful and the pew-style chairs with menu cubbies give Italian catholic school. 

The staff is very friendly (even when they tell you the wait is 3+ hours, which can be hard to pull off!). 

Getting seated is objectively impressive and the lack of reservation enhances the experience. After all, patience is a virtue.",False,0,0,0,Margaretta R.,en,"{'neg': 0.039, 'neu': 0.73, 'pos': 0.231, 'compound': 0.9873}",0.9873,0.231,0.039,0.73,positive
379,2022-08-01 20:54:14+00:00,2,"I've been here 4 times. Once was ok, all other visits were just bad. The service lacks warmth and hospitality. Its also slow and inattentive.  The food is really sub-par. Occasionally I've had a dish like, for example on my one good visit I really enjoyed the watermelon salad  (Cocomero) and I had a nice grilled Sea Bream. But those are the only two items I recall liking in particular and I wouldn't say either are worth running back for.  And of course its all very expensive! Poor service, food that mostly misses, and expensive - big thumbs down. I think the food is the most important part but if the service and general experiance of eating here was better I'd have given it 3 stars.",False,1,0,0,Luke L.,en,"{'neg': 0.197, 'neu': 0.656, 'pos': 0.146, 'compound': -0.93}",-0.93,0.146,0.197,0.656,negative
378,2022-08-02 02:22:55+00:00,4,"We finally freakin made it. After a couple attempts we finally got a table outside around 5pm on a very very hot Tuesday. Service got better as the evening went on since we really liked this one guy who ended up taking the table from another waitress? She seemed very cranky and suggested we ordered things on the menu that were expensive options only, which comes off kinda insincere. 

Ok onto food- we ordered cocktails to start and waiter immediately ordered Zucchini Fritti for us- yum! Great to share with cocktails! We then ordered Burrata (very small sadly) and the Carciofi alla Griglia (grilled artichokes with aioli)- this was delish! They are known for artichoke dishes so I would recommend you try one! Yum. We then shared the Tagliatelle (with prosciutto/peas) - pasta was good! We liked the meal.. not sure it's worth waiting over an hour though? Glad to finally check this off the list!!",True,6,1,1,T. G.,en,"{'neg': 0.108, 'neu': 0.74, 'pos': 0.152, 'compound': 0.7984}",0.7984,0.152,0.108,0.74,positive
377,2022-08-02 17:29:05+00:00,3,"Don't get me wrong this place was good. However, I felt like it is overrated for the cost. I got the pasta with prosciutto. It was good, but it was expensive and the portion was small.",False,0,0,0,Shelly S.,en,"{'neg': 0.296, 'neu': 0.552, 'pos': 0.152, 'compound': -0.9016}",-0.9016,0.152,0.296,0.552,negative
376,2022-08-06 14:58:16+00:00,5,"Everything was DELICIOUS!! Best pasta we had in NY. Everyone was so nice, they seated us right away, and the atmosphere was great. I would go back here in a heart beat and definitely recommend going to everyone I know!",False,0,0,0,Ramena A.,en,"{'neg': 0.0, 'neu': 0.546, 'pos': 0.454, 'compound': 0.9813}",0.9813,0.454,0.0,0.546,positive
375,2022-08-07 00:09:09+00:00,5,"I LOVE THIS PLACE SO MUCH!!!

Read many 5-star reviews of this restaurant and they did not disappoint.
We visited Via Carota on a weekday for my birthday brunch. We were worried we would not be able to get a table since all reservations were booked so we arrived right when they opened at 11 AM and we were seated immediately.

The food was amazing! We ordered the Tonnarelli, Pappardelle, Tagliatelle, Pesto, and Polpette. The Tonnarelli (cacio pepe) was our favorite but all the dishes were just as delicious.
The service was great too. Everyone was so kind. We even brought our cat in a stroller and they gave us a private room.

The hype is well-deserved and I will 100% return the next time I am in New York. You need to visit this restaurant!!!!!!!",False,2,0,0,Berenice L.,en,"{'neg': 0.01, 'neu': 0.783, 'pos': 0.206, 'compound': 0.9875}",0.9875,0.206,0.01,0.783,positive
374,2022-08-07 02:15:37+00:00,5,"Got an outside table for 5 of us on a hot Saturday afternoon.  The food was delicious, the wait staff was professional and courteous.  Dishes were a bit small. Homemade pasta was delicious. Started with the shrimp and calamari appetizer.  Delicious! Dinner we ordered, seafood salad, parpadelle, lobster spaghetti, tagatelli, just enough for one person. Check this place out delicious and yummy!",True,1,0,0,Sandra C.,en,"{'neg': 0.076, 'neu': 0.523, 'pos': 0.402, 'compound': 0.9904}",0.9904,0.402,0.076,0.523,positive
373,2022-08-09 22:40:23+00:00,5,"I have been wanting to try this place for a while and it didn't disappoint!

We started with the octopus as an appetizer. It was cooked well but I wasn't blown away, and I probably would not order it again. The pastas were the star of the show. Such fresh al dente pasta. The cacio pepe felt decadent but somehow not too heavy with just the right amount of peppery in my opinion. Some of the best cacio pepe I've had. The wild boar ragu was very flavorful and the meat was tender. We got the chocolate mousse dessert which was just okay. 5 star purely for the pastas and I would come back to try some of the other pasta dishes.

Tip- It can be a struggle to get a reservation here, so if you have the flexibility I recommend coming early, putting your name down, and getting pre dinner drinks at any of the many cute bars in the area.",False,0,0,0,Surabhi M.,en,"{'neg': 0.037, 'neu': 0.753, 'pos': 0.21, 'compound': 0.9888}",0.9888,0.21,0.037,0.753,positive
372,2022-08-15 22:43:20+00:00,5,"This place is a super tough table to get - and for good reason. 

Walking in, you definitely feel the old-school Italian vibes with the decor and simple cocktails list. 

We ordered Carciofi Alla Griglia (grilled artichokes and aioli) to start. The flavours were great, but there were portions of the artichoke that were super tough and not chewable. The dish might honestly still be worth it if you love artichokes, but just a heads up. 

We also ordered the Tonnarelli (cacio pepe) and Svizzerina (hand-chopped grass fed steak). We thought both these mains were amazing. We're not normally fans of cacio e pepe, but this was the best we'd had so far (and we've tried a lot of the other Italian heavy hitters in Manhattan and beyond). I also really enjoyed the Svizzerina: it had a great texture, and spreading the roasted garlic on top was amazing. 

For dessert, we finished with an olive oil panna cotta. Light and delicious, with some biscotti on the side. 

Overall, I would highly recommend visiting and I totally understand why it has such a good reputation! I'd love to come back and try some of the other appetizers.",True,1,0,1,Sabrina Y.,en,"{'neg': 0.039, 'neu': 0.651, 'pos': 0.309, 'compound': 0.9973}",0.9973,0.309,0.039,0.651,positive
371,2022-08-16 03:21:16+00:00,5,"First off, staff was so friendly and extremely accommodating helping me store my luggage while I ate.  As for the food: it was great!! The carbonara, Negroni, and shot of espresso were perfect.  This place really made my afternoon something to remember!",False,0,0,0,Michael H.,en,"{'neg': 0.0, 'neu': 0.695, 'pos': 0.305, 'compound': 0.9536}",0.9536,0.305,0.0,0.695,positive
370,2022-08-17 16:43:34+00:00,5,"I typically post food from off the beaten path type restaurants. People ask me if I ever go to regular restaurants.  

Well last night (right after work) I was at Via Carota NYC. 

The dinner was 

Panzanella (salad)
Fava Escarole (salad)
Coniglio Fritto (Rabbit)
Meyer Lemon Risotto

Place was picked by my daughter (close enough to her office) and so were the dishes we ordered. Needless to say, how can you not love the food at a place that everyone loves.",True,1,2,1,Imtiaz S.,en,"{'neg': 0.073, 'neu': 0.859, 'pos': 0.068, 'compound': -0.0946}",-0.0946,0.068,0.073,0.859,negative
369,2022-08-18 12:26:05+00:00,5,"Overall great experience! The staff were really kind and friendly, and my waiter took the time to share his favorite dishes from the menu! Food was delicious! We had to wait an hour without a reservation on a fairly busy weeknight which I've heard isn't too bad. I'd return again!",False,0,0,0,Christina J.,en,"{'neg': 0.047, 'neu': 0.55, 'pos': 0.404, 'compound': 0.9817}",0.9817,0.404,0.047,0.55,positive
368,2022-08-23 23:17:14+00:00,4,This is a tough reservation to get. There is usually a long line of people waiting for a table. We managed to snag a reservation and sat in the outdoor dining shack. Despite it being winter it was comfortable. The pastas are good but I loved the Fried Rabbit,True,0,0,0,david l.,en,"{'neg': 0.109, 'neu': 0.708, 'pos': 0.183, 'compound': 0.6249}",0.6249,0.183,0.109,0.708,positive
367,2022-08-25 13:06:58+00:00,5,"I've been to Via Carota twice and I think it's the best Italian spot in the city that I've been to. Both times I didn't have a reservation but got there early on a week night (5:30-6:00ish) and sat without having to wait. 

Everything we ate was phenomenal but my favorite dish is the Tortelli w/ Ricotta pasta. It has so much flavor and melts in your mouth! I definitely recommend giving Via Carota a try.",False,2,0,1,Adrienne J.,en,"{'neg': 0.0, 'neu': 0.758, 'pos': 0.242, 'compound': 0.9659}",0.9659,0.242,0.0,0.758,positive
366,2022-08-27 18:54:17+00:00,5,"Via Carota in the West Village has indisputably the best Cacio e Pepe in the city. Beyond the Cacio e Pepe, the wild boar ragu pappardelle was perfectly tender, and I cannot praise the perfect al dente texture of the fresh pasta. The nduja arancini was perfectly crisp and filled with spicy pork sausage and cheese. We ended the meal with a the silky tiramisu. A special place to go for a date if you can manage to snag a reservation.",True,0,0,0,Alex H.,en,"{'neg': 0.062, 'neu': 0.686, 'pos': 0.253, 'compound': 0.9656}",0.9656,0.253,0.062,0.686,positive
365,2022-09-05 21:33:29+00:00,4,This is a great Italian spot in NYC and the west village. The cacio r Pepe is excellent and so is the wild boar ragu pasta. They take a limited amount of resos each day so it's good to put an alert on Resy so you can snatch up the reservation.,False,0,0,0,Jennifer D.,en,"{'neg': 0.033, 'neu': 0.74, 'pos': 0.227, 'compound': 0.9058}",0.9058,0.227,0.033,0.74,positive
364,2022-09-06 03:40:26+00:00,4,"The food is def worth the hype. The issue is the wait lol but hey that's nyc. Now to get into it... we came Sunday of Labor Day weekend, stood in line ~20 min to put our name down around 7:30, got our seat around 9, which honestly, for this spot, isn't too bad! In the meantime grabbed some drinks near by.

For food def do the green salad, very fresh! We also got the carrots which were cooked deliciously, came on a spread of Greek yogurt and tons of parsley. I will say these are slightly sweet, different than sides I've gotten at other places, but I def enjoyed! For main got the cacio pepe, def cannot go wrong here. We got tiramisu for desert which was delicious, I wouldn't recommend skipping out on dessert after all the hype lol. 

I def enjoyed this experience, the food was all great, I just don't know if it's worth the long wait. Overall a must experience for New Yorkers to get off the list, but hey  there's a lot of amazing Italian in nyc... Nevertheless these guys know what they're doing!",True,2,0,1,Sonja K.,en,"{'neg': 0.067, 'neu': 0.663, 'pos': 0.27, 'compound': 0.9951}",0.9951,0.27,0.067,0.663,positive
363,2022-09-06 06:12:18+00:00,4,Outstanding food and service- arrived after theatre so despite other reviews we had no wait. Great waiter who explained the menu and made some great suggestions. Will certainly return.,False,0,0,0,Caleb D.,en,"{'neg': 0.13, 'neu': 0.532, 'pos': 0.338, 'compound': 0.875}",0.875,0.338,0.13,0.532,positive
362,2022-09-07 06:44:16+00:00,5,Cacio y pepe. Mushrooms. Anchovie burrata with thick butter. Very decadent and worth every calorie!,False,0,0,0,Kiki L.,en,"{'neg': 0.0, 'neu': 0.841, 'pos': 0.159, 'compound': 0.3518}",0.3518,0.159,0.0,0.841,positive
361,2022-09-21 18:26:20+00:00,2,"I have not visited the restaurant for sometimes, it used to be the place where I would go when I felt homesick. I was extremely disappointed. I have found Via Carota tired and neglected. I sent back a embarrassing pasta dish that looked  as if it was already been digested only to be told that is the consistency of 'homemade pasta'.
As an Italian I can tell you, it is NOT true.
After a very disappointed lunch I hoped I could regain some confident with a good coffee at Pisellino, (same owner) next door coffe/cocktail place.
First of all Pisellino is just filthy and coffee was so bad I could not drink it.
Overall, very very very disappointed.",False,1,0,0,Agnese R.,en,"{'neg': 0.262, 'neu': 0.673, 'pos': 0.065, 'compound': -0.9839}",-0.9839,0.065,0.262,0.673,negative
360,2022-09-22 18:00:18+00:00,4,"Delicious every time, good service, and it's nice to be able to walk in and grab a seat at the bar on the earlier side",False,0,0,0,H M.,en,"{'neg': 0.0, 'neu': 0.623, 'pos': 0.377, 'compound': 0.9287}",0.9287,0.377,0.0,0.623,positive
359,2022-10-02 17:16:57+00:00,5,"Our absolute favorite Italian in the city, so happy they could seat our large party (6) on a Thursday night! People are not exaggerating when they say the cacio pepe is the best. We also had some excellent starters: mushrooms were a highlight! Also the gorgonzola bruschetta was *chef's kiss*",True,0,0,1,Bailey D.,en,"{'neg': 0.0, 'neu': 0.642, 'pos': 0.358, 'compound': 0.9714}",0.9714,0.358,0.0,0.642,positive
358,2022-10-02 18:47:13+00:00,3,"This place is average at best. The amount of peas in our meal from our salad to our pasta was insane--truly incredible. Didn't know we produced that many peas to be honest. The flavor was incredibly bland as well. We ate everything the waiter recommended. This is also a group opinion and not just my own. I think herd mentality is getting everyone here because it's just a hard pass at the price point. So many other fantastic restaurants in the city. Besos, John",False,1,0,0,John K.,en,"{'neg': 0.095, 'neu': 0.746, 'pos': 0.159, 'compound': 0.7379}",0.7379,0.159,0.095,0.746,positive
357,2022-10-05 22:13:45+00:00,4,"10am Sunday morning brunch: The absolute perfect time to come and enjoy a quiet, attentive meal before the place gets LOUD by ~11:30am.

First off, Via Carota isn't a pasta restaurant. Expecting pasta at every Italian restaurant is like expecting sushi at every Japanese restaurant. Don't come here expecting to be wowed by pasta. This isn't what VC specializes in. It's all about the secondi here, so while there are a few pasta options, you really want to save your appetite for the entrees.

We got the Porri alla Cenere to start: charred leeks with sheep's curd. They were tasty but not easy to eat with a butterknife--I really wish we'd been given a sharper knife to cut through the stringy leeks. 

The pasta options were all super basic and uninspired, but we felt the need to try one to assess the quality of the noodles. The Tagiatelle with prosciutto and parmesan was a bit overcooked but obviously homemade. I liked the addition of lemon to make the cream sauce less rich. Still, this was meh, and I wouldn't bother with any of the pastas next time.

The standout of the meal was the Coniglio Fritto, fried rabbit, rosemary and garlic. It's so rare to find rabbit in an Italian restaurant, so when you do find one, please don't shy away from ordering it. In this case, the rabbit was perfectly crisp yet juicy and tender on the inside. The fried rosemary needles were the perfect accompaniment, and the fried bread piece that accompanied the rabbit was just carb icing.

Service was pretty quick and friendly during our first hour, then noticeably less attentive when things picked up. Still, we were able to pay and leave without waiting too long, which is bette r than many other hot spots I've been to.",True,7,0,4,Josephine L.,en,"{'neg': 0.051, 'neu': 0.708, 'pos': 0.241, 'compound': 0.9974}",0.9974,0.241,0.051,0.708,positive
356,2022-10-08 06:09:29+00:00,5,"We were tempted to order the famous cacio e pepe but decided to try something different. The pappardelle and tagliatelle were not bad, the arancini had to be my favorite and the salad was hefty.",False,1,0,1,Weijie L.,en,"{'neg': 0.0, 'neu': 0.772, 'pos': 0.228, 'compound': 0.887}",0.887,0.228,0.0,0.772,positive
355,2022-10-09 11:29:04+00:00,5,"Worth the hype. Any dish with prosciutto or artichoke in it, get it. The salad with peas and prosciutto--I don't know how they do it or what the dressing is, but it's one of the best salad dishes I've ever had. All the pastas are delicious, you really can't go wrong.",False,0,0,0,Elizabeth K.,en,"{'neg': 0.0, 'neu': 0.691, 'pos': 0.309, 'compound': 0.975}",0.975,0.309,0.0,0.691,positive
354,2022-10-09 18:49:26+00:00,5,Every dish impressed! The aesthetic is gorgeous. The service is solid. Can't wait to return!,False,0,0,1,Audrey T.,en,"{'neg': 0.0, 'neu': 0.477, 'pos': 0.523, 'compound': 0.9013}",0.9013,0.523,0.0,0.477,positive
353,2022-10-10 19:14:55+00:00,5,We came here right when they opened before our two show day to have a leisurely lunch and it was amazing. Every menu item was cooked to perfection and we were able to relax and enjoy our meal. We ordered too much food because it all was so good. We will be back.,False,0,0,0,Teresa J.,en,"{'neg': 0.0, 'neu': 0.73, 'pos': 0.27, 'compound': 0.9541}",0.9541,0.27,0.0,0.73,positive
352,2022-10-16 16:46:40+00:00,4,"Make a reservation! Amazing pasta and wine list! I love this place because not 'heavy' pasta feeling, but light and delicious.",False,1,0,1,Brooke A.,en,"{'neg': 0.037, 'neu': 0.472, 'pos': 0.491, 'compound': 0.9545}",0.9545,0.491,0.037,0.472,positive
351,2022-10-22 21:42:48+00:00,4,"The worser one of its sister restaurant, I Sodi, but I give this place 3.5 starts rounded up to 4. Mostly because of our waiter, who was really moody in general. He also gave us the wrong pasta and tried to persuade us to keep it when we immediately acknowledged we had ordered a different pasta in addition to the pasta we were supposed to receive. The fried rabbit was good (like a tender fried chicken) and the artichokes were alright. The wild boar ragu consisted of good fresh pasta but the meat was a little salty and oversauced. They also really take advantage of the outdoor seating. Wait on a Saturday afternoon was 30-45 mins for an outdoor table for two.",False,0,0,0,Emilé Y.,en,"{'neg': 0.139, 'neu': 0.693, 'pos': 0.169, 'compound': 0.6826}",0.6826,0.169,0.139,0.693,positive
350,2022-10-31 14:06:29+00:00,1,"Horrible attitutde from host and manager, seems to be an ongoing problem looking at other reviews.  We walked out after waiting an hour and terrible communciation skills from host/mgr.  Food has been dissapointing as of late but still a loyal customer for almost 10 years, no more...there are better places with nicer staff.",False,3,0,0,Rk J.,en,"{'neg': 0.153, 'neu': 0.67, 'pos': 0.176, 'compound': 0.5492}",0.5492,0.176,0.153,0.67,positive
349,2022-10-31 19:35:26+00:00,5,"We were on a quick weekend trip to NYC and Via Carota was the main restaurant on my list. We arrived without a reservation just before 8pm on a Friday night and were pretty quickly seated at an ""unheated"" sidewalk table, but it wasn't too cold (in late October) and I liked being able to see in the restaurant and be part of the city walking by. 

Dinner was efficient and completely delicious, start to finish. I had just heard an interview of the chefs on KCRW's Good Food and they spoke about the vegetables, so that was my main focus, though we were just two people, so we only ordered one: butter beans and spinach which is incredibly simple and oh so good. The other items were the 'njuda arancini, tender meatballs, the daily special pasta with truffles (my god), and zabaglione with fresh berries for dessert. My wine was perfect. 

We were out of there by 9:10pm in time to zip over to the Whitney for the pay-what-you-want Friday night!",True,0,0,0,Mac M.,en,"{'neg': 0.0, 'neu': 0.745, 'pos': 0.255, 'compound': 0.9959}",0.9959,0.255,0.0,0.745,positive
348,2022-11-05 20:44:56+00:00,4,"I wish I got to try more food but I only got the fried rabbit dish and the cacio e Pepe. I was really torn between the cacio and the tagliatelle, but since they're famous for the cacio, I ultimately went with that. 

The cacio e pepe gives an Al dente bite, is peppery without being too peppery (very important for me), and is very butter forward. The Al dente chew was a touch too much for me and it isn't my favorite cacio e pepe in the city, but it's good. I would not have it again. 

The fried rabbit (coniglio fritto) was super good. The meat was juicy and flavorful BUT the fried bread it came with, spread with garlic confit, was amazing! This dish was memorable. 

Overall I recommend Via Carota but I feel it is overhyped. The line that started to form as I was leaving was really wild, and I've heard people wait 4 hours to get a table.. I'd like to try more of the menu in the future to see if that changes my mind, but for now, this isn't a ""wait for 4 hours"" restaurant. But it is good!",False,1,1,0,Yari C.,en,"{'neg': 0.067, 'neu': 0.725, 'pos': 0.208, 'compound': 0.9881}",0.9881,0.208,0.067,0.725,positive
347,2022-11-08 01:46:41+00:00,1,"To be quite honest, the waitress was awful. She was so rude an inattentive and it was my boyfriends birthday so it made it extra unpleasant to deal with someone as deeply negative as her. Will not be returning. I spend plenty of money on food and wine but the condescending and deeply unfriendly tone of the female waiter waiting the outdoor tables tonight... simply unacceptable. I hope she gets a wake up call soon because no high quality service industry professional should treat people that way.",False,1,0,0,Sophia G.,en,"{'neg': 0.363, 'neu': 0.562, 'pos': 0.075, 'compound': -0.993}",-0.993,0.075,0.363,0.562,negative
346,2022-11-08 15:16:06+00:00,4,"Stopped by here on a whim for an early dinner and drinks before catching a show. The food did not disappoint, I had the wild boar pappardelle and we were promptly seated  at a table for two outdoors, as we had asked. Our server was kind, but a little bit overstretched, so it took him a while to stop by our table between drinks and dinner, and settling up. All in all, a good experience, great people watching, and delicious food.",False,0,0,0,Ross C.,en,"{'neg': 0.045, 'neu': 0.708, 'pos': 0.247, 'compound': 0.9722}",0.9722,0.247,0.045,0.708,positive
345,2022-11-08 18:44:43+00:00,3,"difficult to make a reservation. Hotel tried phoning but only a voicemail which said they take walking. went as a walk in and got a cold reception from the hostess, not very inviting. got a table 2 hours later and they brought the wrong salad from what we ordered as a starter.
Food was generally good,  it li it's menu, would not go back",False,0,0,0,Maggie M.,en,"{'neg': 0.207, 'neu': 0.739, 'pos': 0.055, 'compound': -0.8935}",-0.8935,0.055,0.207,0.739,negative
344,2022-11-12 19:43:36+00:00,4,I think via Carota is a little over hyped. There are better easier to get into Italian restaurants in nyc. I ordered the salad which was plain and the cacio e Pepe. The cacio e Pepe was cooked perfectly but still a little plain. I don't remember the wine I had but their wine was so good!,False,1,0,0,Arielle B.,en,"{'neg': 0.0, 'neu': 0.792, 'pos': 0.208, 'compound': 0.8969}",0.8969,0.208,0.0,0.792,positive
343,2022-11-13 22:46:51+00:00,1,"The hostess last night, Josie was rude. You can be polite and simply tell people a restaurant is full. No reason for the attitude.",False,0,0,0,Tom H.,en,"{'neg': 0.359, 'neu': 0.516, 'pos': 0.125, 'compound': -0.8625}",-0.8625,0.125,0.359,0.516,negative
342,2022-11-14 05:49:27+00:00,5,"Great food, atmosphere, and customer service. I recommend the cacio pepe and wild boar ragu.",False,0,0,0,Julia P.,en,"{'neg': 0.0, 'neu': 0.645, 'pos': 0.355, 'compound': 0.765}",0.765,0.355,0.0,0.645,positive
341,2022-11-21 20:45:18+00:00,3,"This was hard to get a reservation so I waked in for lunch and got sat immediately at the bar. The place was rusty and cozy, and the service was ok. I got cibreo toscani (chicken liver w bread) for appetizer and the dish was warm and nice, but can be a little bit overwhelming. I also got Tagliatelle which was disappointing and a tad salty. Overall, the place was ok, but I was not impressed with the experience.",False,1,0,0,Felicity L.,en,"{'neg': 0.344, 'neu': 0.598, 'pos': 0.057, 'compound': -0.9885}",-0.9885,0.057,0.344,0.598,negative
340,2022-11-22 01:37:12+00:00,4,"It's good..... not wait for hours good though. I know they probably like the long lines infamy but it would be so easy to just say no walk ins and open up actual reservations that people can realistically get (I believe they only have reservations in name only, typically almost all will be gone even weeks ahead and your best bet is to waitlist). 

The cacio e pepe is good of course, I personally love the dish sizes but a lot of people might find the lack of sides and small potions wanting. Aka my guest with me!",False,1,0,0,Sydney M.,en,"{'neg': 0.115, 'neu': 0.671, 'pos': 0.214, 'compound': 0.9215}",0.9215,0.214,0.115,0.671,positive
339,2022-11-22 20:27:53+00:00,5,"Cacio Pepe - stellar as was the risotto! Service excellent on all fronts, got help with the wine pairing, menu suggestions (even though we were there for the cacio de pepe )

I'd go back in a heart beat",False,0,0,0,Chitra J.,en,"{'neg': 0.0, 'neu': 0.836, 'pos': 0.164, 'compound': 0.7712}",0.7712,0.164,0.0,0.836,positive
338,2022-11-23 18:35:14+00:00,5,We arrived with a party of 6 and were seated in a private dining room. Unbelievable experience with the highest of service! Excellent drinks and food was unbelievable. We f we I'll certainly come back and recommend this place to all of our friends.,False,0,0,0,Terry M.,en,"{'neg': 0.0, 'neu': 0.643, 'pos': 0.357, 'compound': 0.9459}",0.9459,0.357,0.0,0.643,positive
337,2022-12-01 06:12:39+00:00,4,"Before I talk about the food, I have to give props to Vincenzo our server -- we had a reservation for 8:30 pm on a Wednesday and had to wait nearly 40 min for our table. I think we managed to stay pleasant and polite but were clearly a bit at the end of our rope once we sat down. Vincenzo very quietly had a complimentary appetizer sent to us, as well as refilling my husband's (very good) wine twice without charge. All of which was much appreciated and we thought reflected very well on Via Carota's hospitality. 

That really made our dinner -- so it was truly a bonus that the food was of course very good as well. We had the grilled artichoke, arancini, papardelle w boar ragu, tagliatelle w prosciutto and svizzerina (which was quite accurately described by Vincenzo as ""like a seared steak tartare"") -- the tagliatelle is definitely on the richer/cheesier than expected side (and wish it had a little more prosciutto to balance out said cheesy pasta). Otherwise, highly recommend all.  And aside from the wait, we found the overall atmosphere warm and friendly.",True,2,0,1,Rebecca M.,en,"{'neg': 0.03, 'neu': 0.702, 'pos': 0.268, 'compound': 0.9951}",0.9951,0.268,0.03,0.702,positive
336,2022-12-02 12:34:05+00:00,3,"Food amazing. Salads huge, pastas normal sized. Reasonably priced. Nice feel to inside of the restaurant. Lot of authentic touches. 

Service professional, but brusque (ok, it's been a few years since I've been in NY...) Lots of butter and olive oil, which is part of why it is so good. Bread mediocre... cold (as if out of refrigerator) and on the dry side. 

Oh, lastly, when I asked to see a display copy of their cookbook (which they display for sale all over the restaurant, the server said, ""we don't have a desk copy for you to look at,"" then pretty much left. Too bad, mighta bought a cookbook if I could've looked at it.",False,2,2,1,Peter B.,en,"{'neg': 0.124, 'neu': 0.76, 'pos': 0.116, 'compound': -0.6295}",-0.6295,0.116,0.124,0.76,negative
335,2022-12-05 00:12:37+00:00,4,"Radiaccio grilled salad is delicous. The pasta is also delicious and perfectly al dente.

I ordered Pomodoro (not on the menu) it was ok but lacked a bit of flavor.

Also I asked for a but of parmesan and they charged it like a side which is pretty bizzare to me.

I would come back for sure.

Be prepared to wait or come early and leave your name.",False,0,0,0,Mariana G.,en,"{'neg': 0.199, 'neu': 0.58, 'pos': 0.221, 'compound': 0.2382}",0.2382,0.221,0.199,0.58,positive
334,2022-12-11 00:55:47+00:00,4,"I never wait in line for a restaurant, however a friend suggested this place and we waited about 45 min at 5pm and were seated by 5:45. To start, the service was great and everything we ordered was delicious. I highly recommend sharing plates here, the cacio e Pepe and steak were so damn good, probably the best I ever had. We were so hungry so we had the fritters and bruschetta of the day as appetizers as well. I would Highly recommend this place if you have the patience to wait.",True,2,1,2,Bina P.,en,"{'neg': 0.03, 'neu': 0.638, 'pos': 0.332, 'compound': 0.9877}",0.9877,0.332,0.03,0.638,positive
333,2022-12-17 03:29:43+00:00,5,Impeccable service and delicious food. Chicken Liver on toast was great. Their bread with olive oil was good too. The salad was fresh and just perfect. Pasta (pappardelle with wild boar ragu) was cooked to perfection. For dessert we had their chocolate mousse and panna cotta which came with a biscotti on the side. It was packed and we were told the wait time would be approximately 30 mins but they called us within 10-15 mins. Highly recommend this restaurant for great Italian food. The only thing I would avoid would be adding a tiny bit of extra virgin olive oil over the panna cotta it's a little too overpowering.,False,2,0,1,Saroasha E.,en,"{'neg': 0.109, 'neu': 0.705, 'pos': 0.186, 'compound': 0.8095}",0.8095,0.186,0.109,0.705,positive
332,2022-12-20 03:18:27+00:00,5,One of the best Italian meals I have had in the city. There was a long line at 5 pm on a week day so we sat at the bar (it was a shorter wait) and were waited on by a very helpful bar tender. Outstanding food and reasonably priced wine. We'll be back soon.,False,0,0,0,Asghar A.,en,"{'neg': 0.075, 'neu': 0.659, 'pos': 0.266, 'compound': 0.9294}",0.9294,0.266,0.075,0.659,positive
331,2022-12-21 00:36:51+00:00,3,"Apparently, this is the place to be if you want to people watch as my wife said that various local celebrities frequent this place.   Not sure if it was the time we went as it was early for dinner and most people there at around 5pm are just getting drinks or a late lunch.  For us on the other hand, i guess you could say we were having and early bird dinner since we didnt make any reservations and were just walk ins.  Overall the food was decent but to be honest nothing to rave about and the prices were a little steep.  I dont know if its because i was comparing this place to Don Angie but man was i blown away with their dishes last year.",True,1,0,0,Wellington C.,en,"{'neg': 0.012, 'neu': 0.928, 'pos': 0.061, 'compound': 0.7367}",0.7367,0.061,0.012,0.928,positive
330,2022-12-22 03:33:18+00:00,3,"Disappointed. Went after a long day at work and wanted to walk in for a solo meal of wine and pasta. Was seated right away at the bar which was good. Ordered a glass of red wine, sad pour for what you are paying, got the parpadelle ragu, fine but nothing special, tiny portion. Dont need to go, there is plenty better, glad i crossed that off the list, wont be returning. 
Side note, cocktails that i didnt get looked good and guy next to me's cacio e pepe smelled bomb. :)",False,3,1,0,C B.,en,"{'neg': 0.159, 'neu': 0.648, 'pos': 0.193, 'compound': 0.6997}",0.6997,0.193,0.159,0.648,positive
329,2022-12-22 12:15:50+00:00,5,"It helps to have a friend who eats here often and can recommend exactly what to order!  We started with the grilled artichoke and insalat verde, then moved to the broccolini and cacio Pepe, then I had the grilled fish. Paired with a Negroni terra. And finished with a cannoli. Service was excellent!",True,1,0,1,Tricia B.,en,"{'neg': 0.0, 'neu': 0.781, 'pos': 0.219, 'compound': 0.9115}",0.9115,0.219,0.0,0.781,positive
328,2022-12-22 20:50:49+00:00,5,"Fantastic meal! Long wait for a weekday evening (1.5 hr wait at 6pm on a Wednesday), but well worth it. We had the bread and olive oil, the insalata verde, the Fagioli All'Uccelletto (cannelli beans and sausage), the wild boar ragu pappardelle, and grilled pork belly. Everything was beautifully plated, seasoned perfectly, and left an impression. This was the perfect amount of food for two pretty hungry people. Wine list was great as well and service friendly and responsive.",False,0,0,0,Melinda S.,en,"{'neg': 0.063, 'neu': 0.532, 'pos': 0.405, 'compound': 0.9922}",0.9922,0.405,0.063,0.532,positive
327,2022-12-31 17:33:21+00:00,5,"My second favorite Italian restaurant in New York, right after the sister restaurant of I Sodi! Hard to grab a table via resy, but what I definitely recommend is going on a week day and putting your name down with a friend and bar hopping in the area. Feels like the wait isn't too long then. Loved their lemon risotto in particular but I'll be going back again and again as a regular. Go ASAP!",False,1,0,0,Shail S.,en,"{'neg': 0.062, 'neu': 0.642, 'pos': 0.296, 'compound': 0.9748}",0.9748,0.296,0.062,0.642,positive
326,2023-01-03 03:49:47+00:00,4,"This place is almost impossible to get a reservation, I tried a few times and eventually opted for walk in. We waited for about 20 mins on a Friday afternoon, so it wasn't too bad. When I tried for dinner walk in during summer time, I was told that the restaurant was fully booked for the night TWICE. So, I wouldn't try for peak dinner time walk in. 

We got seated in the party room, it's large enough to fit 12 people and we were seated at one end of the large table while there's another family sitting at the other end of the table. For food, we ordered funghi, cacio e pepe and the boar tagliatelle. The mushroom was lacking a bit of flavor but great when mixed with the tagliatelle pasta sauce. Cacio e pepe was amazing! The pasta tasted really fresh, the texture and flavor were on point, portion size was also  generous. 

Food came out quickly, service was good, I'd love to come back another time!",True,1,0,1,ChingWa C.,en,"{'neg': 0.0, 'neu': 0.801, 'pos': 0.199, 'compound': 0.9909}",0.9909,0.199,0.0,0.801,positive
325,2023-01-07 16:39:08+00:00,4,"Via Carota has been on my list for forever, but it's impossible to get reservations. We luckily got off the waitlist on Resy and were able to get a table for 2 at 5:45.

Ambiance is great - a cute, bustling Italian restaurant with both indoor and outdoor seating. 

Food was amazing 10/10. We loved our grilled artichokes and cacio e pepe, but the star of the show were the meatballs with pine nuts and raisins. Pretty pricy for 3 meatballs for $28 (feels more like an appetizer to me), but the sauce was phenomenal.

Service on the other hand was a bit strange and left a lot to be desired. We didn't order drinks and felt judged for not doing so. We were mostly ignored and rushed. We were in and out of there in around an hour. It felt like they didn't think we were going to get much, so didn't treat us like paying customers. V disappointed, otherwise would have given this place 5/5 stars.",False,0,0,0,Helena W.,en,"{'neg': 0.141, 'neu': 0.644, 'pos': 0.215, 'compound': 0.9521}",0.9521,0.215,0.141,0.644,positive
324,2023-01-07 17:58:23+00:00,4,4.5 stars! Loved it here!! The ambience was so nice and so fun. I got to catch you a Pepe and we got the fried macaroni and cheese and wine. It was just so delicious. I would highly recommend and come back.,False,1,0,1,Izzy O.,en,"{'neg': 0.0, 'neu': 0.59, 'pos': 0.41, 'compound': 0.9791}",0.9791,0.41,0.0,0.59,positive
323,2023-01-08 04:41:24+00:00,4,"lovely atmosphere, food very good.  unfortunately we had a waiter who rushed through descriptions and was very unhelpful, difficult when it came to the bill   manager had to fix it. would definitely go back for the food, vibe but hope this waiter is working elsewhere",False,0,0,0,carol s.,en,"{'neg': 0.125, 'neu': 0.686, 'pos': 0.189, 'compound': 0.5374}",0.5374,0.189,0.125,0.686,positive
322,2023-01-08 20:10:09+00:00,5,"The best and most consistent Italian spot in the city.

The grilled artichokes are a must! My favorite pasta dish is the Tagliatelle.",False,1,0,0,Trey N.,en,"{'neg': 0.0, 'neu': 0.727, 'pos': 0.273, 'compound': 0.8172}",0.8172,0.273,0.0,0.727,positive
321,2023-01-08 21:50:08+00:00,4,"My first experience at Via Carota felt so special. It was a warm early summer day and a close friend was in town visiting. A group of 6 of us arrived when they first opened and were immediately seated. Everything tasted good! I wasn't the biggest liver fan, but the liver mousse on toast was good to try. To this day, I don't know if it was the friend group or what, but that meal always stuck out to me as one of my favorite meals in NYC.

Fast forward to the post-pandemic world where I've learned forget about trying to score a reservation on Resy. Instead, just get to the restaurant any time between when they open and 30 minutes after they open and you can usually get a seat. 

Via Carota is best with a group of 3+ and 6 is perfect because there's not much space in the restaurant for large groups, but 6 allows you to try a little bit of everything.

The green salad always is a nice opener. Pastas are great and the fried rabbit is not bad. At the same time, all of the food is delicious. 

Would I wait 30 minutes for this place? Nope. 

However, it's a great meal if you're able to score a table right away.",True,1,0,1,Rebecca H.,en,"{'neg': 0.037, 'neu': 0.716, 'pos': 0.247, 'compound': 0.9957}",0.9957,0.247,0.037,0.716,positive
320,2023-01-10 21:21:28+00:00,4,"We sat outside but it was heated and warm enough. Didn't need jackets but kept my sweater on. Got a peak of the inside which was cozy and warm feeling and very busy .
Ok so for the food- I felt it was pretty average Italian food. Maybe because it's so hard to get reservation and it's on everyone's list to try, so I had high expectations? I had the tonnarelli and it was just okay. My friend had the tagliatelle pasta and she also felt it was just okay. For starter we had the salad, castelfranco - the hazelnut honey dressing was delicious. Best part was the chocolate mouse dessert, I don't know the name for it as it was a verbal dessert menu.
Service was great! Friendly and fast.",False,0,0,0,Afnan T.,en,"{'neg': 0.122, 'neu': 0.608, 'pos': 0.269, 'compound': 0.9835}",0.9835,0.269,0.122,0.608,positive
319,2023-01-11 19:15:53+00:00,5,"I went to via Carota on a nice warm summer day and sat by the bar with my friends. We were able to be seated immediately. We ordered as an appetizer the baguette, with a dollop of butter and anchovies. We ordered a cheesy pasta and some cocktails. The bartenders were very pleasant, and we even had some side conversations with the other patrons. Although the restaurant was extremely busy, the service remained impeccable.",False,0,0,0,Vivi T.,en,"{'neg': 0.0, 'neu': 0.845, 'pos': 0.155, 'compound': 0.902}",0.902,0.155,0.0,0.845,positive
318,2023-01-12 23:41:50+00:00,4,"Been dying to try it for a really long time and it didn't exactly disappoint. We ordered the classics - salad and the cacio pepe- they were both great, the salad is a bit much for two people but very well dressed. Of course it was expensive",False,0,0,0,Niloufer M.,en,"{'neg': 0.18, 'neu': 0.691, 'pos': 0.129, 'compound': -0.7076}",-0.7076,0.129,0.18,0.691,negative
317,2023-01-15 19:30:21+00:00,4,"Stopped here for bite to eat, was seated immediately and the wait staff was attentive. The food was delious and savory. Definitely recommending it to family and friends. Great place to eat before Eddie Izzard's GREAT EXPECTATIONS premiere!!!!",False,0,0,0,Elaine C.,en,"{'neg': 0.087, 'neu': 0.493, 'pos': 0.419, 'compound': 0.9726}",0.9726,0.419,0.087,0.493,positive
316,2023-01-16 05:01:30+00:00,5,"We were lucky enough to pick up a canceled reservation on Resy and had no choice but to bring our dog, who they accommodated beautifully! The food was unreal, service was solid and people watching was fun! Can't wait to return.",False,0,0,0,Lindsey K.,en,"{'neg': 0.03, 'neu': 0.64, 'pos': 0.33, 'compound': 0.9513}",0.9513,0.33,0.03,0.64,positive
315,2023-01-24 22:03:14+00:00,3,"I heard a lot about Via Carota, it is a bit overrated. The food is good but nothing worth going crazy about especially for the price! We had 2 different servers that night, which one of them was extremely rude. It's cute and intimate but a bit loud. 
The mushroom was everyone's favorite dish. I definitely would not get the tiramisu again. It was pretty bad. I dont know that I will be going back.",False,1,0,0,Tiffany W.,en,"{'neg': 0.192, 'neu': 0.539, 'pos': 0.27, 'compound': 0.7966}",0.7966,0.27,0.192,0.539,positive
314,2023-01-28 03:15:49+00:00,3,"Great causal neighborhood vibe, good food, really rushed service.  The entrees came on top of the appetizers, and by the time we finished saying the word ""tiramisu"", it was at our table. Maybe it was a Saturday night thing, but it felt like they wanted to turn our table over the second we sat down. Loved the atmosphere, but can you please just let us have a bit of a breather between courses?",False,0,0,0,Danny S.,en,"{'neg': 0.038, 'neu': 0.754, 'pos': 0.209, 'compound': 0.9232}",0.9232,0.209,0.038,0.754,positive
313,2023-02-01 13:27:48+00:00,2,"Food- 9 out of 10
Price-7 out of 10
Service- ZERO OUT OF TEN

Of the 8 visits, I had ONE waiter that understood service. The rest are INCREDIBLY RUDE, disconnected and give off the ""I'd rather be any place but here"" attitude. ESPECIALLY the ones behind the bar",False,2,0,0,Michael M.,en,"{'neg': 0.276, 'neu': 0.724, 'pos': 0.0, 'compound': -0.9605}",-0.9605,0.0,0.276,0.724,negative
312,2023-02-01 14:40:53+00:00,1,"in one word 
""pretentious "" I every aspect 

Keep in mind some of the most popular hard to reserve ( intentionally) restaurants are no longer in business.",False,2,0,0,J. T.,en,"{'neg': 0.278, 'neu': 0.626, 'pos': 0.097, 'compound': -0.699}",-0.699,0.097,0.278,0.626,negative
311,2023-02-02 20:11:44+00:00,5,"Never disappointed at Via Carota. The atmosphere gives Tuscan home in the countryside and the food is out of this world. Their menu always amazes me with the perfect blend of both pastas and heavy mains with delicious shareable veggie dishes. 

I bring all of my visitors in the city to Via Carota and they are always in awe.

Need to know: walk in for lunch on a week day or be willing to eat outside under their heaters on a cool night,

Must order: Cacio e Pepe, wild boar ragu, Pere e Gorgonzola bruschetta, a Negroni :)",False,0,0,0,Kate W.,en,"{'neg': 0.0, 'neu': 0.788, 'pos': 0.212, 'compound': 0.9755}",0.9755,0.212,0.0,0.788,positive
310,2023-02-03 04:06:15+00:00,5,"Best italian food in town.
Absolutely loved it. 
The cacio.peppe was amazing.
Highly recommend.",False,0,0,0,Nadav R.,en,"{'neg': 0.0, 'neu': 0.4, 'pos': 0.6, 'compound': 0.9431}",0.9431,0.6,0.0,0.4,positive
309,2023-02-03 20:02:54+00:00,5,Worth the wait. Amazing food & drinks and the line moved faster than we were anticipating. Definitely worth a visit!,False,0,0,0,Kristen L.,en,"{'neg': 0.126, 'neu': 0.482, 'pos': 0.392, 'compound': 0.7345}",0.7345,0.392,0.126,0.482,positive
308,2023-02-04 03:05:07+00:00,1,"My friend and I hadn't seen each other for a month and decided to meet here on a freezing evening to catch up over some food and drinks. There were no tables available on Fri eve but we got a place at the bar and we ordered a bottle of wine, appetizers, entree, dessert, plus wine by glass and after 3 hours and after spending over $250 were rudely shoved a check in our face and asked to leave by their assistant general manager - Andrew.

Having lived in NYC for over ten years, I know that there is never ever a time limit to sit at a bar, at a dinner table, yes. Also, if that was a rule, we should have been informed at the door before we sat down. After talking to both the general managers - we were told rudely by Mr. Andrew that he is pals with the management and doesn't care about a customers feedback.

My friend and I left. Never going back there again. Even if the food was great, the staff and their treatment of their customers was off putting. Ruined our night. Went there excited to try a place with great reviews about food, but left with a bitter taste.",False,3,1,0,Maitri M.,en,"{'neg': 0.106, 'neu': 0.785, 'pos': 0.108, 'compound': 0.52}",0.52,0.108,0.106,0.785,positive
307,2023-02-12 13:46:53+00:00,3,"Disappointing food. I was SO excited to try the infamous Via Carota- known for their cacio e Pepe and star-studded regulars- as it's been on my list to try in NYC for years. It's also owned by the same chef as I Sodi, its equally as well-known sister restaurant.

We were able to walk-in and get seated with only a 30 min wait for Saturday at lunchtime. Reservations are almost impossible to get, but they're one of the few ""top restaurants"" that accepts walk-ins.

Overall, the food was fine. Not great, not bad, just fine. I truly don't understand the hype? We started with the Gorgonzola, pear, and walnut bruschetta, and that was honestly the best part of the meal.

Then, my sister and I split the cacio e Pepe and one of their specials of the day, a ricotta tortellini with mushrooms. The special pasta had a lot of flavor, and it got better with every bite, but it wasn't my favorite pasta flavor.

Now, for the ever disappointing cacio e Pepe...when it came out it was very clear that there's almost no cheese on the dish- just some grossly torched mozzarella on the top. The pasta itself was homemade (you can tell), but there was ZERO flavor, so all you could taste were little pepper chunks. It felt like I was eating straight pepper...

The tables are close together, so we ended up talking with the couple next to us, and they agreed everything was simply fine. They also didn't get the hype.

We didn't get the salad, but it seemed like every other table in the restaurant did. When I tell you that it's straight lettuce (not even cut up) with no dressing- what are these people thinking?! It looked like they grabbed a bag of lettuce and put it in a plate and served it for $22.

Overall, would not come back as there are 17937161 better Italian places in the city. Also, this restaurant group is known for their rude service.

Although something neat is that they don't have any sodas because they make their own. My sister got the pomegranate soda, but it tasted like pure juice with no carbonation.

Oh...and the Trader Joe's cacio e Pepe is better than Via Carota's. I said what I said!!!",True,3,0,1,Elizabeth F.,en,"{'neg': 0.124, 'neu': 0.726, 'pos': 0.149, 'compound': 0.852}",0.852,0.149,0.124,0.726,positive
306,2023-02-12 20:58:05+00:00,5,LOVED their green salad and bruschetta. The mushroom pasta and carrots were both good but not special in my opinion (also the carrots are served cold and not hot which was not what I expected). My friend got their gnocchi with Gorgonzola sauce and said it was one of the best gnocchis she had ever had.,True,0,0,0,Becca S.,en,"{'neg': 0.097, 'neu': 0.693, 'pos': 0.21, 'compound': 0.8393}",0.8393,0.21,0.097,0.693,positive
305,2023-02-14 15:56:13+00:00,5,"This place has been on my radar for the longest time, and considering it is hard to book, I was ready for the challenge to get a reservation. I managed to finally get one, and my friend and I were excited to go since it seemed so popular. We entered the restaurant and were met by a cozy and cute interior, with white table cloths covering every single table. Except ours. Which was a little strange, but my friend and I are not particularly picky, so we didn't ask to switch tables. We were seated and given some time to look over the menus (which are very cutely situated in the back of your seat), and since we looked at other people's reviews beforehand, we were ready to order right away:

Drinks:
Cynar Spritz and Old Fashioned - the cocktails that I and my friend got, respectively. Both were very solid; I particularly liked mine since I feel it was sweeter than a normal spritz, but if you have ever had an Old Fashioned and like spirit-forward drinks, the Old Fashioned here was very solid.

Food:
'Nduja Arancini - came first with the other appetizer we ordered (which I will talk about next). Very, very solid arancini. The outside was really nice and crispy with a soft and very savory interior (because of the 'nduja) which I liked quite a bit. A very good start to the meal, though I wouldn't say it broke barriers as far as arancini goes.

Carciofi alla griglia (grilled artichokes) - the other appetizer we ordered because it was mentioned time after time after time in other people's reviews, and goodness me, these people were RIGHT. Def some of the best artichokes (if not the best) I've ever had, with a nice citrus and smoky flavor paired with such a smooth, light, but creamy aioli. Absolutely delicious, would definitely get these again if I were to come back!

Funghi (mushrooms) - we actually ordered this at the end since we wanted one more savory dish before dessert, but I'll include it here before the entrees since it gives more appetizer vibes. Pretty solid mushrooms, but it really came together once you took a bite with the scarmoza cheese included at the bottom of the dish. Quite tasty, but I wish they included more cheese since it only came with three pieces for so many mushrooms.

Tonnarelli (cacio e pepe) - one of three entrees we ordered, and one of their most famous dishes according to other restaurant goers. It was definitely a very good cacio e pepe; really nice sauce with that nice peppery flavor, just what I was expecting. However, that's just the problem imo; it was just as I expected. It was for sure yummy, but I really don't think it blew me away like how I expected it to based on the rave reviews. I would def try it though if you go here and if you like cacio e pepe.

Pappardelle (wild boar ragu) - one of the other entrees we ordered and the other pasta of the night, both my friend and I liked this a lot since we both love pappardelle and ragu. Super flavorful with the meaty goodness of a good ragu, and the pasta was cooked perfectly (which I forgot to mention about for the cacio e pepe, since that was perfect too in terms of texture). Probably our personal favorite over the cacio e pepe, but I think we prefer more acidic, meatier sauces anyway.

Via Carota Svizzerina - the last of the three entrees we ordered, and probably one of the most unique dishes we have had at an Italian restaurant. It's funny because we both though it looked like a Salisbury steak, but once we took a bite, we both fell in love. The crust from the searing was absolutely AMAZING, while the interior was nice and smooth, characteristic of high quality meat. Honestly one of our favorite dishes of the night; so unique, and probably something I wouldn't be able to get anywhere else (at least from what I've seen).

Dessert:
Zabaione - one of the desserts we got, and this was super surprising because it was so simple yet SO good. The custard paired so so well with the fresh tartness of the raspberries (which were so good btw). I know it looks and sounds simple, but you won't regret getting it because it was just that good!

Semifredo - the other dessert we got; basically a Ferrero Rocher in dessert form! So chocolately and hazelnutty, and packed with real hazelnuts. Def super yummy, but nothing super groundbreaking.

Overall: I think it was a very solid meal. Didn't dislike anything, service was pretty good, and interior was very cute. However, for the amount of effort I had to put in to get this reservation, I think it falls just short of me wanting to try again in the near future. If someone were to invite me to go though, I would def consider!",False,1,0,0,Eric W.,en,"{'neg': 0.006, 'neu': 0.677, 'pos': 0.317, 'compound': 0.9999}",0.9999,0.317,0.006,0.677,positive
304,2023-02-17 04:12:38+00:00,5,"We went there on a Wednesday afternoon. They start taking names for walk-ins at 5 pm, which is a plus, and the wait was immediate. The ambiance is comparable to Il Buco, cozy and not packed, unlike Balthazar: decent-looking servers and a comfortable atmosphere. Perfect for singles, couples, or even group dine-in. 

Steven was a charm when he brought up Chef's special menu, which includes the following. I forgot the names, but I only remember how delicious and mouth-watering it was and is worth the price. Okay, less the Negroni Rosa. 

YOU WILL NEVER REGRET DINING IN! I am telling you!",False,0,0,0,Ciela C.,en,"{'neg': 0.05, 'neu': 0.668, 'pos': 0.282, 'compound': 0.9859}",0.9859,0.282,0.05,0.668,positive
303,2023-02-19 14:38:15+00:00,1,"I got violently ill from last nights dinner. The chickpea appetizer and cacio e pepe were the only good things. The tagliatelle was mush and insalata verde was tasteless. Do yourself a favor and go to L'Artusi, significantly better.",False,2,0,0,Jonathan F.,en,"{'neg': 0.232, 'neu': 0.599, 'pos': 0.17, 'compound': -0.6249}",-0.6249,0.17,0.232,0.599,negative
302,2023-02-19 19:01:39+00:00,5,"It's worth the hype. A Negroni that beats out Dante's finest, every dish and drink we had left us impressed. The Negroni bianco is smooth, goes down so easily. How lucky I was to go in a larger group-- we did family style, which gave us the opportunity to sample en masse. Who knew salad, the insalate verde specifically, could be this decadent? The tagliatelle was fantastic, as was the cacio pepe. Same with the svizzeruina! I wasn't as keen on the pappardelle., though, and felt like you can probably get a better espresso martini elsewhere. Still, Via Carota delivers.",False,1,0,1,Melissa A.,en,"{'neg': 0.019, 'neu': 0.772, 'pos': 0.209, 'compound': 0.9646}",0.9646,0.209,0.019,0.772,positive
301,2023-02-20 14:48:25+00:00,3,"Appetizers were okay - the main star of the night was the cacio e Pepe. However, you can get the same cacio e Pepe at Vic's restaurant where there are better apps and it's less of a hassle to snag a resy.",False,0,0,0,Swathi A.,en,"{'neg': 0.073, 'neu': 0.856, 'pos': 0.071, 'compound': -0.0258}",-0.0258,0.071,0.073,0.856,neutral
300,2023-02-27 03:44:35+00:00,3,"Not worth the wait or the hype; disappointing; please think twice! 
1.) the service was not good -- long waits for attention or food, as well as 3 different servers asking the same questions repeatedly (it's oddly annoying to tell 2 different people you've ordered drinks.) Plus, the servers won't explain to you that the menu is made to share family-style. This has happened twice now and is truly unprofessional. It's helpful to know something like this in advance. 
2.) The food was cozy, but nothing worth the long wait. This was my second time eating here and it was exactly the same as the first -- bad service and mediocre food.  Go elsewhere if there's a wait! Please!! 
3.) The food preparation was well-intentioned but not quite right. Namely, too much overly rich pasta sauces (think olive garden.. i'm sorry to say)
4.) some recs instead: Lilia or Rucola in Brooklyn. Max in Tribeca.",False,0,0,0,David P.,en,"{'neg': 0.142, 'neu': 0.656, 'pos': 0.202, 'compound': 0.8648}",0.8648,0.202,0.142,0.656,positive
299,2023-02-28 05:57:29+00:00,2,"We come to New York 2 to 3 times a year and on each trip we make a point to dine here.  We ventured out on Super Bowl Sunday knowing the restaurants in New York would be quiet.  Our party of 3 was able to get in without a wait.  Our server was very pleasant however she forgot to tell us the specials and we only realized at the end of our meal when we heard another server explain it to their guests.  Our trips to Via Carota were always for the pastas.  On this visit, we had the Tonnarelli Cacio Pepe and the Pappardelle Wild Boar Ragu.  The Tonnarelli lacked flavor and had no pepper taste, just a plate of cheese pasta.  The Boar Ragu was tough and bland.  We left the ragu on the plate and ate the pasta.  Both pasta portions were smaller than usual. The Panissa - fried chickpea was delicious.  A very pleasant surprise as we had no idea what to expect.  Very disappointing trip after so many wonderful visits.  Sadly this will not be our go to restaurant in New York anymore. A lot of money to spend for below average pastas.",False,0,0,0,Ben S.,en,"{'neg': 0.127, 'neu': 0.738, 'pos': 0.134, 'compound': 0.387}",0.387,0.134,0.127,0.738,positive
298,2023-03-04 03:44:22+00:00,5,"Very cozy yet vibrant vibe. The staff is really nice, helpful, and service is quick and attentive. Highly recommend their salads and vegetable-based dishes. The pasta and risotto were good too.",False,0,0,0,Sylvia R.,en,"{'neg': 0.0, 'neu': 0.484, 'pos': 0.516, 'compound': 0.979}",0.979,0.516,0.0,0.484,positive
297,2023-03-05 20:08:56+00:00,1,The most overrated restaurant in NYC. Small portions and not good food. Not worth the wait or reservation.,False,2,0,0,Kerry L.,en,"{'neg': 0.419, 'neu': 0.479, 'pos': 0.102, 'compound': -0.8219}",-0.8219,0.102,0.419,0.479,negative
296,2023-03-05 22:38:40+00:00,5,"Food, ambience, and service were perfection. Went on a Monday and waited about an hour and a half at the cute bar across the street. Worth the wait.",False,0,0,0,Lauren R.,en,"{'neg': 0.1, 'neu': 0.647, 'pos': 0.253, 'compound': 0.6369}",0.6369,0.253,0.1,0.647,positive
295,2023-03-06 03:32:23+00:00,4,"This place was very solid all around.  I went with a buddy and grabbed a reservation a month in advance through Resy, and given how notoriously difficult it is to get a reservation, I had high expectations coming in.  The staff was great and prompt, and the ambiance was very nice inside and a little posh which gives it a cool vibe. The food was good - I got a few dishes with some corresponding pictures below:

Arancini: not pictured below, but these were really really good. Light and crispy with chili oil inside gave it a very nice kick to the creaminess of the filling.

Cacio e Pepe: I've seen so many reviews claiming the best in the city, but this was so so and not worth getting again imo. The noodles were very very firm, and there was too much butter. Not for me unfortunately.

Tagliatelle: this was a very unique take on a tagliatelle inspired dish and I honestly was impressed, even tho it was heavy again on the butter.  The dish itself was like a butter cream sauce with prosciutto on top (the prosciutto was definitely imported btw because it basically melted in your mouth), with parmesan sprinkled on top. What made this unique was the use of nutmeg in the sauce which gave it an aromatic bite that reminded me of like a fall dish - very cool, and I would probably get it again.

Pappardelle: another classic, this was the best dish imo. This came with a boar ragu that tasted very similar to an osso buco like dish - with the Parmesan balancing it out the dish was very well rounded and the noodles were great (you can tell they're homemade too based on the texture, delicious!).

All in all, it came out to about $120 after tip with no drinks, so it's right in the price range of the nice Italian restaurants in the city (arguably with a bigger portion size than rezdora for example).  I think this gets in between a 4 and a 5 on yelp only because of the cacio e pepe, which again as usual is overhyped in nyc. Still very solid Italian food and if I could somehow score a res again I would def come back.",False,1,0,0,Francesco G.,en,"{'neg': 0.033, 'neu': 0.757, 'pos': 0.21, 'compound': 0.9973}",0.9973,0.21,0.033,0.757,positive
294,2023-03-07 16:08:57+00:00,5,"I've tried several popular Italian restaurants in the city, and Via Carota was the best recently (my second favorite was Misi in Brooklyn). Via Carota not only makes fantastic pastas, but also it has lots of other choices for balance, like meats and vegetables. My favorite non-pasta dish was the Radicchio Treviso - which is grilled radicchio, with some soft goat cheese on the bottom and pine nuts on the top. It was super delicious!! Many restaurants have great salad, but barely has great cooked veggies.

Speaking of pasta, I ordered gorgonzola gnocchi and my friend ordered mushroom ragu stracci - the latter one was not on the regular menu, it was a special dish. Both of them were super nice!! I was going to order cacio e pepe, but had a craving for gorgonzola so I decided to try how it goes with gnocchi, and it turned out to be a delightful surprise! And mushroom stracci was also nice! The only thing that was not perfect was the stracci pasta sticked together a little bit - it didn't affect the overall experience, but could've been done better.

The fried green olives with pork was also great! Never tried this kind of combination and I liked it!

Last but not least - the dessert! They have too many dessert choices and I wanted to try them all - too bad I only have one stomach lol. Finally we ordered zabaione and coffee affogato. I liked them both! They were not super heavy or sweet, so they were perfectly balanced.

Finally I want to mention the services. Before I came here, I saw some reviews saying they were famous for rude services, but my experience was great. Our waitress and other staff were far away from ""rude"". They were super nice and considerate. When we ordered, we were too hungry so we ordered much more than we could eat, so in the middle of the meal, we asked our waiter if we could cancel the rest dishes that had not been served yet, and she very kindly did it for us.

Overall all, I loved Via Carota and will definitely come back soon.",False,0,0,0,Swan G.,en,"{'neg': 0.057, 'neu': 0.641, 'pos': 0.302, 'compound': 0.999}",0.999,0.302,0.057,0.641,positive
293,2023-03-08 16:34:10+00:00,5,"My girlfriend and I made our third visit to New York this year (yay Southwest Companion Pass!) and I signed up for the waitlist on Resy a couple days before our arrival. We were fortunate to get a notice for a 2pm outside patio table as we were taking the bus shuttle from LaGuardia. Upon arrival we were further excited to have our outside patio table upgraded to an inside table which made the experience so much better. The service was friendly and efficient and the food (carpaccio, cacio de pepe) was excellent. Sitting two tables away from an actor we both greatly admire made the experience even more wonderful. NY!!!",False,0,0,0,John L.,en,"{'neg': 0.0, 'neu': 0.781, 'pos': 0.219, 'compound': 0.9809}",0.9809,0.219,0.0,0.781,positive
292,2023-03-11 17:05:38+00:00,3,"Very average... left disappointed.

Server was very unfriendly.

No need to revisit this restaurant.",False,0,0,0,Jimmy J.,en,"{'neg': 0.542, 'neu': 0.458, 'pos': 0.0, 'compound': -0.9329}",-0.9329,0.0,0.542,0.458,negative
291,2023-03-13 03:15:53+00:00,3,"Not worth the hype. Waited 30 minutes for an 8:45PM reservation with no apologies from the rude hostess and when asked about it, she said you came at 8:50PM which is besides the point. 

The grilled artichoke and Cacio e Pepe were decent but the food overall was underwhelming. The portions were small and expensive. Will not be coming back.",False,0,0,0,Angela T.,en,"{'neg': 0.329, 'neu': 0.671, 'pos': 0.0, 'compound': -0.9816}",-0.9816,0.0,0.329,0.671,negative
290,2023-03-17 17:23:43+00:00,5,"We walked in for a weekday lunch and was able to get seated immediately on the ""communal table' (a long table that can fit 12 but it didn't feel packed). The restaurant was busy for a weekday! The servers were attentive and checked in with us but not to the point that it was over bearing. As for the food

Salad was delicious and tasted super fresh! I would say it is overpriced for what it is though and I don't need to order it again.

Cacio pepe was the star of our meal! It was al dente and buttery. Perfect in every way and had the right amount of pepper. Even though the dish appeared small it was filling. 

Wild boar ragu pappardelle was a bit on the dry side. Wish it had more sauce.

Affogato was delicious! Expresso was very fresh and the gelato was delicious!

Will definitely be back to try other stuff!",False,0,0,0,Vivian W.,en,"{'neg': 0.099, 'neu': 0.601, 'pos': 0.3, 'compound': 0.9949}",0.9949,0.3,0.099,0.601,positive
289,2023-03-21 20:47:14+00:00,5,"Really enjoyed the outside dining with heating and space. Our server Janice and her support Alejandro were so caring and attentive. They were there at the right moments and so professional yet put you at ease at the same time. 

The food was a star as well with the Cacio Pepe and the grilled sea bream cooked to perfection. I want to take the insalata verde salad dressing home with me. 

Also the Negroni terra was my favorite of the variations on the menu.",False,0,0,0,Nick N.,en,"{'neg': 0.0, 'neu': 0.724, 'pos': 0.276, 'compound': 0.9796}",0.9796,0.276,0.0,0.724,positive
288,2023-03-25 18:57:16+00:00,2,"Just okay.  Mediocre food.  Tagliatelle pasta should've been more al dente and lacked flavor.  The Brussels sprout salad needed acid. 

On top of it, we had a really condescending and inattentive waiter.

We visited on Saturday for lunch.  Perhaps we got the B team or maybe it was a off day for Via Carota but I won't be back to find out.  There are better, more consistent restaurants in the city.",True,3,1,0,David M.,en,"{'neg': 0.142, 'neu': 0.79, 'pos': 0.068, 'compound': -0.6904}",-0.6904,0.068,0.142,0.79,negative
287,2023-03-27 02:51:45+00:00,3,"Pretty disappointing. Took a lot of effort to get a reservation (practiced refreshing Resy right at 10am) and can definitively say it wasn't worth it.

We had mixed reviews on the food. We enjoyed the fried olives and the fried rabbit, but the cacio e pepe was very average, and the carrots were cold and bland, bad enough to be difficult to finish. 

Service was also a bit lacking. They were running about 10-15min late on reservations, and service felt rushed. It was hard to get a hold of the server, and we had items forgotten from our order.",False,0,0,1,Qiqi R.,en,"{'neg': 0.319, 'neu': 0.648, 'pos': 0.034, 'compound': -0.9906}",-0.9906,0.034,0.319,0.648,negative
286,2023-03-27 14:31:59+00:00,4,"This place usually has a long wait for a table or during dinner always booked with reservations. My friend and k luckily got here at a great time (1:15pm on a Sunday) and were able to get a table right away. 

Service was a bit slow but the team is very nice 

It's a cute spot, of course nyc scaffolding really sucks and takes away from their cute outdoor aesthetic but inside is adorable. 

Food is decent. Not the best Italian, my noodles were a little too soft but flavor was good. Cacio e pepe was cooked perfectly. Artichokes were SO good. 

Pasta run about $25+, and medium sized portions.",True,0,0,1,Shawn G.,en,"{'neg': 0.112, 'neu': 0.616, 'pos': 0.272, 'compound': 0.9753}",0.9753,0.272,0.112,0.616,positive
285,2023-04-03 12:55:27+00:00,5,Went for brunch on Saturday. All food was spectacular. My only criticism was things felt very rushed and servers added to that f,False,0,0,0,Henry D.,en,"{'neg': 0.291, 'neu': 0.709, 'pos': 0.0, 'compound': -0.8479}",-0.8479,0.0,0.291,0.709,negative
284,2023-04-05 12:30:11+00:00,4,"Food was great - risotto was not too creamy and had a big portion size for the table. Salad was fresh. Cacio e pepe was great!! It was creamy and a surprisingly big portion. Risotto balls had an interesting spiced pork/mixture inside which was great. 

Service was ok! It was super busy so didn't get too much attention from the waiter after our food came",False,0,0,0,Divya R.,en,"{'neg': 0.06, 'neu': 0.631, 'pos': 0.309, 'compound': 0.9681}",0.9681,0.309,0.06,0.631,positive
283,2023-04-05 22:33:36+00:00,3,Not impressed. Food not memorable. Service adequate. Will not return. Sad because we were excited about it. There is no reason this is such a tough reservation.,False,1,0,1,John B.,en,"{'neg': 0.302, 'neu': 0.529, 'pos': 0.168, 'compound': -0.6199}",-0.6199,0.168,0.302,0.529,negative
282,2023-04-07 23:36:04+00:00,4,"This has been one of my favorite restaurants in the city for years.  Delicious food, and a lively yet cozy atmosphere.  

I was on my way home late on a weeknight and decided to try to make a quick stop for dinner at the bar.  My cacio e pepe was as delicious as ever, and the service very attentive.  

But I was just a bit let down by what felt like a lack of polish/upkeep - maybe needs a little TLC or revamp to keep it fresh.  And some more seasonal menu changes.  That being said, I was surrounded at the bar by regulars, and there is a reason for that - the food is great.",False,1,0,1,Pinky N.,en,"{'neg': 0.035, 'neu': 0.717, 'pos': 0.248, 'compound': 0.9822}",0.9822,0.248,0.035,0.717,positive
281,2023-04-08 11:49:10+00:00,4,"Finally got to mark this one off my list! 

Amongst a party of three, we split the 'Nduja Arancini and got our own cocktails (Spagliato, Gran Spritz, Aperitivo Blanco) and pasta dishes (Tagliatelle, Pappardelle, Tonnarelli). I'd love to go again and try their other dishes to share for the table and order the Tagliatelle.

The interior vibes were intimate but still bustling, and there's two outdoor sections - a few tables that face the street (for a more Parisian effect) and right across are some heated tables.",True,1,0,1,Yuna C.,en,"{'neg': 0.0, 'neu': 0.894, 'pos': 0.106, 'compound': 0.8096}",0.8096,0.106,0.0,0.894,positive
280,2023-04-09 23:40:46+00:00,5,"Via Carota exceeded our expectations! Every dish we got was so delicious. My favorites were the grilled artichokes and the tagliatelle pasta with prosciutto. The service was delightful and the vibes were unbeatable! Not to mention the fantastic cocktails and wine. The negronis are top tier.

Can't recommend Via Carota enough and will 100% be returning!",False,0,0,0,Nikki S.,en,"{'neg': 0.028, 'neu': 0.675, 'pos': 0.297, 'compound': 0.9716}",0.9716,0.297,0.028,0.675,positive
279,2023-04-10 12:59:55+00:00,2,"Highly overrated, somehow I have had much better Italian at many other places around town that don't require you to book out weeks before. Would not recommend.",False,1,0,1,Chase B.,en,"{'neg': 0.173, 'neu': 0.735, 'pos': 0.093, 'compound': -0.3618}",-0.3618,0.093,0.173,0.735,negative
278,2023-04-11 03:39:58+00:00,5,"We tried almost every vegetable on our most recent trip with a big group, and WOW everything was just so perfectly done. The charred leeks in vinaigrette w/ sheeps curd was mind blowing.

I also loved the cacio pepe and the risotto w/ meyer lemon was SO bright and rich and yummy for a few bites. Actually - we just really loved all the pastas too.",False,0,0,0,K. D.,en,"{'neg': 0.0, 'neu': 0.631, 'pos': 0.369, 'compound': 0.9883}",0.9883,0.369,0.0,0.631,positive
277,2023-04-25 15:35:03+00:00,5,"We sat outside in their dining shed, and had a lovely experience at Via Carota. We managed to get a last minute reservation, by checking Resy week of, and when we arrived at 6:30 we were seated right away.

The service was excellent, and our server was able to help answer questions around dietary restrictions. They don't have gluten free bread or pasta, but the risotto and most of the vegetable, meat, and fish dishes were able to be made gluten free.

The risotto was delicious and the pasta was a hit, but the surprise favorite of our table was the Piselli salad. Highly recommend trying one or more of the salad/vegetable options.

Is it worth the hype and waiting in line for a chance walk in? Hard to say. It isn't the best Italian that I've had in NYC but it was certainly a fun experience trying it out and people watching!",False,0,0,0,Ally H.,en,"{'neg': 0.063, 'neu': 0.722, 'pos': 0.215, 'compound': 0.9835}",0.9835,0.215,0.063,0.722,positive
276,2023-04-28 17:16:12+00:00,1,"Haven't eaten yet, because the gatekeeper keeps seating people ahead of us. We put our name in 45 minutes ago and she's told us 5-19-15 minutes for 45 now. Two different tables have been available the entire time. What a troll",False,2,1,0,Kerry H.,en,"{'neg': 0.133, 'neu': 0.867, 'pos': 0.0, 'compound': -0.7906}",-0.7906,0.0,0.133,0.867,negative
275,2023-04-29 22:43:34+00:00,5,"This was an amazing experience! The service was excellent and so was the food. Definitely worth the wait, you won't regret it!",False,0,0,0,J B.,en,"{'neg': 0.087, 'neu': 0.41, 'pos': 0.503, 'compound': 0.9532}",0.9532,0.503,0.087,0.41,positive
274,2023-05-02 11:13:40+00:00,4,"I've been trying to come here the past month or so, but I know their price went up after Taylor Swift was here a few weeks back. We got here at 11:45am on a Friday and decided to try our luck. I took the day off don't judge me. 
Still a 45-minute wait. I know this feeling all too well (10 minute version).
We opted to wait and grab a coffee across the street at Bar Pisellino as I think everyone does while waiting for their res. Get their hot chocolate, it's elite. 
After about an hour and 2 americanos to the dome the text came through. Our table was ready. BABY WE DONE IT!
I order an Aperol Spritz before my butt even hits the seat. This may be controversial, but I just much prefer a Spritz in a wine glass. If I wanted this type of glassware I would have ordered a Negroni. My glassware issue aside, the spritz was delicious and refreshing.
For food, we ordered prosciutto (ODE!), Insalata Verde (a must get), Wild Boar Ragu (disappointing), and the Arancini (Good).
To be quite honest, I was underwhelmed by the whole experience. I understand that expectations are the root of all heartache, but all the hype mixed with the wait time built a certain amount of anticipation I couldn't help but feel. Maybe it's a me problem. It's me. Hi...
To be honest, I have absolutely had better Italian food in the city. Also they charge $3 for bread and olive oil which is just annoying. 
The crown is heavy.",True,0,0,0,Johnny N.,en,"{'neg': 0.122, 'neu': 0.736, 'pos': 0.142, 'compound': 0.5991}",0.5991,0.142,0.122,0.736,positive
273,2023-05-05 17:33:06+00:00,5,"Didn't want to leave and - just like in Italy - no one rushed us out. Been dying to go here so walked in at 2 pm on a Tuesday. We had to wait about 1/2 hour. Had the arincini, artichokes, escarole and beans, pappardelle and chicken. Ended with an espresso. Yum is all I can say. Love the more casual, rustic feel. Service was excellent. Can't wait to go back.",False,1,0,0,Marie A.,en,"{'neg': 0.174, 'neu': 0.628, 'pos': 0.198, 'compound': 0.2726}",0.2726,0.198,0.174,0.628,positive
272,2023-05-05 21:24:41+00:00,4,"Last minute Resy for lunch. Seated promptly outside which we didn't mind on a nice day. Ordered a bottle of Gavi, cacio e pepe, fried rabbit and chopped beef.  All were excellent and served promptly. Portions were a bit on the smaller side but quality was excellent. We definitely enjoyed Al fresco lunch and I could have easily ordered more especially salads that screamed fresh and alive.",True,0,0,0,Alex R.,en,"{'neg': 0.059, 'neu': 0.621, 'pos': 0.321, 'compound': 0.9761}",0.9761,0.321,0.059,0.621,positive
271,2023-05-09 19:06:26+00:00,4,"Dropped into NY recently to catch sole shows and I had a list of restaurants to try, Via Carota being at the top of the list.

I got out of my Broadway show a little after 9:30 and took the train down to the  Christopher St station. I have to stay I was quite surprised they sat me but there were plenty of seats available. What happened to the city that never sleeps? This places closed at 11pm! People in NY used to go to dinner at 9:30 and 10pm.

The bar was full so they gave me a seat at a communal table which I thought was a great idea. I liked that as an option and more restaurants in LA should that. I think  République does this.

I ordered a lot. A cocktail, the bread, the cacio e pepe, the skate and the cannolis for dessert. The pasta is one thing everyone raves about and while it was good, I still thought it was on par with a lot of other restaurants with the same dish. The cannolis were pretty bland and the bread was good. The skate was the real star. Wish I hadn't filled up on pasta. That fish drenched in butter and lemon literally melted in your mouth. Amazing! So I amazing dish out of 3.

All in all, this does seem like a place you just go to be seen. I mean Dakota Johnson was sitting at the table next to me. It's just a tiny bit overhyped. Still good! The service was impeccable and they sat me immediately with no reservation. So thumbs up on all that! For the food, just don't expected too much and enjoy yourself. I'll be back.",True,2,0,0,Pepper B.,en,"{'neg': 0.047, 'neu': 0.79, 'pos': 0.163, 'compound': 0.9896}",0.9896,0.163,0.047,0.79,positive
270,2023-05-16 21:32:10+00:00,5,Stopped to see if a friend and I could walk in and were lucky enough to get a table around lunch time. We sat out on the patio and ordered Arnold palmers which were refreshing for a warm may afternoon. I ordered the prosciutto pasta without peas and my friend ordered the prosciutto salad vegan style. The service was quick and the food was delicious. They were very accommodating to dietary restrictions. Would totally recommend this little spot.,True,1,1,1,rachel n.,en,"{'neg': 0.021, 'neu': 0.743, 'pos': 0.235, 'compound': 0.9638}",0.9638,0.235,0.021,0.743,positive
269,2023-05-17 20:25:04+00:00,5,"Ate here for lunch today at the bar.  Michael was my server.  He noticed I was sweating and filled my water glass like 5 times.  Great service.  

Had the famous salad.  Best salad i can remember ever having.  Only greens and light dressing.  Flavors of the bitter greens, sundive and butter lettuce are just amazing.  I'm not even a salad person.   I ordered a Manhattan which did not go well with the salad at all.  It didn't matter, the salad brought my palate back every time.  I know this sounds pretentious as fuck but I don't care.  

Salad is huge and I couldn't finish it.  Brought the leftovers to my mom, she agreed one of the best salads she ever had.

I got my mom the pasta with prosciutto.  She said it's much better than Olive Garden.  She usually likes Olive Garden.  We will be back this weekend.",False,0,0,0,Andy C.,en,"{'neg': 0.079, 'neu': 0.749, 'pos': 0.172, 'compound': 0.9532}",0.9532,0.172,0.079,0.749,positive
268,2023-05-20 03:20:17+00:00,5,"this was worth the hype! your best bet for avoiding the long wait is to go around 3pm on monday-wednesday; I was able to walk right in and got a nice table on the patio! the cacio e pepe and insalata verde are a a 10/10, I did not know pasta could taste like this !",True,0,0,0,Rachel N.,en,"{'neg': 0.166, 'neu': 0.645, 'pos': 0.189, 'compound': -0.3129}",-0.3129,0.189,0.166,0.645,negative
267,2023-05-29 22:15:33+00:00,3,"The food and cocktails were excellent. The service was awkward. We were seated a couple of minutes late, even though we arrived right on time for our reservation -- nbd. But despite ordering quickly and generally working through things at a reasonable pace, it felt like we were being rushed out the door as soon we were served dessert. 

This feeling of being rushed put kind of a damper on the meal.

I also suspect that they're watering down their 20-year Pappy. My pour was noticeably less viscous and lighter in color and flavor than pours I've had elsewhere. Maybe they just got a bad bottle?",False,0,0,0,Charles P.,en,"{'neg': 0.208, 'neu': 0.693, 'pos': 0.099, 'compound': -0.9652}",-0.9652,0.099,0.208,0.693,negative
266,2023-05-29 23:23:04+00:00,4,Apps were great & the cacio e pepe was the highlight! Wouldn't order the tagliatelle again but prosciutto was a nice touch. Sitting outside on a nice day is the best especially for people watching! Service was great & very helpful with what to order.,True,0,0,0,Maddy A.,en,"{'neg': 0.0, 'neu': 0.527, 'pos': 0.473, 'compound': 0.9857}",0.9857,0.473,0.0,0.527,positive
265,2023-05-30 21:09:02+00:00,4,"Excellent food and not the usual Italian and yet it is Italian!  I love the anchovy with butter in Bread.  You have to order it because it's just that surprisingly good!  The sardines is freshly grilled served with good amount of vegetables.  Also delicious!  The desserts are a must.  We had 3 kinds from their panacotta,  Chocolate semifredo,  to the berries with zabaglioni sauce - they were all equally great!  The meat balls were also very good and the seafood with beans.",True,1,0,0,Bing R.,en,"{'neg': 0.0, 'neu': 0.693, 'pos': 0.307, 'compound': 0.9862}",0.9862,0.307,0.0,0.693,positive
264,2023-05-31 22:24:00+00:00,4,"Enjoyed my Aperol spritz but was not served in the usual large wine glass. I didn't like it in a short glass. 

We were 3 guests. We ordered appetizers and mains.  

The sardines, bread with butter and and spicy meatballs were delish. The cuttle fish was not very flavorful. We were thinking the pork belly would have a crispy top but it was not served that way. The marinade was good though. All three desserts were not overly sweet and tasted fresh and creamy. 

The staff at the start didn't look very peppy or happy. They were coming from a 3 day holiday. As the 2nd hour approached they became more attentive and friendlier. First impressions.  

Would recommend it since it's also located a stones throw away from the number 1 subway train.",False,0,0,0,Rosie E.,en,"{'neg': 0.069, 'neu': 0.654, 'pos': 0.276, 'compound': 0.9889}",0.9889,0.276,0.069,0.654,positive
263,2023-05-31 23:50:41+00:00,4,"Overall loved my lunch experience here! The key is to show up early if you don't have a reservation. We got the famous salad, 2 orders of tagliatelle, and the lemon risotto and shared it all. The double tagliatelle order was a recommendation from my friend who had been before and I'm glad she suggested it. Pastas we're delicious! The salad was also very good, but I want to give a disclaimer to readers that it's truly just greens piled high with a light vinaigrette dressing. It's VERY light and greens forward, so if you are someone who likes a dressed salad this may not be for you. That being said, my favorite part of the salad was the bottom that had extra dressing as a result of gravity (lol). They had one non alcoholic (non soda) beverage which was a house made ginger-ale that was good but VERY gingery. Cute interior, with a nice outdoor seating as well, service was quick, although at times it did feel as though they were trying rush us a bit. Again, if you can get a reservation great, but if not just go for lunch and show up at 10:45!",True,1,0,1,Yara F.,en,"{'neg': 0.0, 'neu': 0.771, 'pos': 0.229, 'compound': 0.9941}",0.9941,0.229,0.0,0.771,positive
262,2023-06-01 16:37:50+00:00,5,Came here from out of town with a local friend who's a regular. Imaginative menu. They have a cookbook also.,False,0,0,0,Paul A.,en,"{'neg': 0.0, 'neu': 0.833, 'pos': 0.167, 'compound': 0.4939}",0.4939,0.167,0.0,0.833,positive
261,2023-06-04 14:52:53+00:00,4,"I've been wanting to try Via Carota ever since Taylor Swift dined here back in April!

My friend and I walked-in around 6:00 pm on a Thursday evening and were seated right away. Between the two of us, we shared nduja arancini, funghi and the famous tonnarelli. The portion size of each dish was great, we even had some leftovers. Out of the 3, my favorite was the arancini, which had a spicy and flavorful filling. I liked the savory cheese in the funghi entree but overall found the dish to be too bitter. The cacio e pepe was a bit of a letdown compared to all the hype surrounding it. I thought it was pretty bland and similar to all the other cacio e pepe dishes I've had.

Overall, the food at Via Carota is decent. I wouldn't recommend going out of your way to secure a reservation here or wait in a long line but if you happen to be in the area, it might be worth a try!",False,1,0,1,Shreya K.,en,"{'neg': 0.172, 'neu': 0.693, 'pos': 0.135, 'compound': -0.9555}",-0.9555,0.135,0.172,0.693,negative
260,2023-06-10 12:39:59+00:00,3,"Very refined Italian dishes but portion sizes were quite small and prices were at a premium. Service was excellent and very attentive. Overall experience was ok, may have to give it a try again.",False,0,0,0,William L.,en,"{'neg': 0.245, 'neu': 0.53, 'pos': 0.225, 'compound': -0.2617}",-0.2617,0.225,0.245,0.53,negative
259,2023-06-10 17:25:01+00:00,4,"We loved Via Carota. Such a fun atmosphere and experience. We are on their patio and had a nice time. We order the Carciofi Alla Griglia as an appetizer. It was amazing. The artichokes had great flavor. For our main courses we had Pappardelle and the Tagliatelle. The food was great and we enjoyed the bread service as well. 
The only down side would be the service was very slow. 

We joined the walk up list around 6 pm and sat right away! The wait line looks more intimidating than it actually was. Great spot!",False,1,0,1,Corey E.,en,"{'neg': 0.081, 'neu': 0.656, 'pos': 0.263, 'compound': 0.9726}",0.9726,0.263,0.081,0.656,positive
258,2023-06-10 20:08:49+00:00,1,"I was so excited we actually got seating even though it was outside with homeless people walking by every few minutes. I guess that's the service we were gonna get for just walking in and getting lucky enough to eat at the place New Yorks elite and celebs like Taylor swift and Dakota Johnson frequent.

I was so disappointed in the food. What I thought was supposed to be the city's number one trending Italian restaurant, the best thing they served us was the olive oil that came with the bread.

The Cacio Pepe was disgusting and tasted like barf food. Like when you taste the back of your throat when throwing up, I was like wow this is so bad. Yet this was the number one trending thing at this place.

The broccoli rabe was extremely bitter like they couldn't figure out how to cook it right.

The special of the day was some raw ish vegetarian pasta which green shmutz that might as well have been rabbit food. 

I think Pizza Hut makes better Italian food than here. 

I would never return and I'm shocked how positive the ratings are, makes me think they might be sponsoring them. 

Also a homeless person walking by dipped his finger in our water and the staff did nothing to stop it or change the water after. I was like ok we're done here and then left",False,0,0,0,Robin L.,en,"{'neg': 0.111, 'neu': 0.723, 'pos': 0.165, 'compound': 0.6066}",0.6066,0.165,0.111,0.723,positive
257,2023-06-11 22:01:05+00:00,1,Unfortunately had a very unpleasant experience at via carota. Not only was the service extremely underwhelming (our waiter never came back to check how our meal was) but the food was glorified butter noodles and extremely dry bread. They didn't have either very common wines we requested or any sodas for our non alcoholic drinkers. Cannot understand the hype or why there is a line out the door. Must be tourists.,False,0,0,0,Katie L.,en,"{'neg': 0.169, 'neu': 0.777, 'pos': 0.054, 'compound': -0.8585}",-0.8585,0.054,0.169,0.777,negative
256,2023-06-11 23:26:59+00:00,2,"Wanted to love this place so much!  Service was terrible and the server was so rude!  We were sat relatively quickly for not having a reservation and looking forward to a cocktail before our meal. Tables to the left and right of us were sat after us and received their cocktails before we even were asked for our order. Then we ordered our food and asked the waitperson to bring our drinks and bruschetta before our other food (as we were still ordering, we asked this question!), but we were told they had already submitted our vegetables, so they would come first, then our bruschetta and then our mains.  Asked for a glass of wine with the mains, and waiter said they would bring over the bottle to taste first, but then proceeded to clear tables and other things before even bringing a taste of wine (which was their offer, not my request), so mains arrived with no wine. At the end of the meal, I asked for an ice cube to refresh my half finished spritz.  Never came.  Asked ten minutes later, and after a while they came back to discuss the dessert menu, still without the ice cube, and were told that it would be ten more minutes for the ice!  Just rude, condescending attitude throughout the meal.  Never an ""I'm sorry"" or a ""Let me check on that for you"" or any kind words- just annoyance that we actually asked for anything!  Let me also mention - we were not in a hurry what so ever- it was just inordinately poor service, while the tables next to us were moving through their meals and receiving their requests in a timely manner, so it was very apparent that we were being intentionally treated poorly. The food was good to very good, but don't think we will be back.",False,1,0,0,Mary L.,en,"{'neg': 0.147, 'neu': 0.798, 'pos': 0.055, 'compound': -0.9916}",-0.9916,0.055,0.147,0.798,negative
255,2023-06-13 19:16:29+00:00,5,The ambiance is great! The staff is good. The food is FABULOUS!! I would recommend trying this spot.,False,0,0,0,Angie S.,en,"{'neg': 0.0, 'neu': 0.473, 'pos': 0.527, 'compound': 0.9383}",0.9383,0.527,0.0,0.473,positive
254,2023-06-15 12:35:40+00:00,3,"Food was good but service was terrible. Waiter took our order but never came back, which was very dissapoint if",False,0,0,0,Alexa H.,en,"{'neg': 0.172, 'neu': 0.747, 'pos': 0.081, 'compound': -0.4939}",-0.4939,0.081,0.172,0.747,negative
253,2023-06-16 04:51:59+00:00,5,Great pasta spot in NYC (even without celeb sightings). Get there at 5 to avoid a massive line. Solid portions for a place of this quality. Nice ambience and outdoor seating too. Fast service,True,0,0,0,Josh W.,en,"{'neg': 0.123, 'neu': 0.667, 'pos': 0.21, 'compound': 0.3612}",0.3612,0.21,0.123,0.667,positive
252,2023-06-21 12:42:03+00:00,4,"My partner and I wanted to have an impromptu date night, and we were fortunate enough to get two seats at the bar at Via Carota (was around 8:30pm on a Sunday, place was packed). This Italian restaurant has been on our radar for quite some time and we were excited to be able to finally try it. 

We ordered a couple drinks to start (the house Italian martini and a glass of rose); I would probably do one of their nigronis next time instead. The rose was delicious though!

The service was friendly -ish, attentive, and spaced out dishes at a very appropriate manner, which we greatly appreciated!

Now on to the food... We ordered a total of four dishes between the two of us (and yes it was a lot of food). But I do recommend 3-4 dishes if sharing with another (5 would've been perfect for 3 people). We started with the bruschetta with cultured butter and anchovies (little pricy, but one of my favs for the night), then got a generous portion of Frito misto (which tasted fresh and was delicious), then we got the famed tagliatelle pasta with prosciutto and peas (I recommend either this one OR the cacio y pepe - as quite similar in sauce), and last we ended with the char pork and onion dish (forget official name, but this was a surprise sleeper too!)

Overall, happy we were able to finally try Via Corota and happy with the dishes we ordered!",True,1,0,0,Alex M.,en,"{'neg': 0.02, 'neu': 0.78, 'pos': 0.2, 'compound': 0.9942}",0.9942,0.2,0.02,0.78,positive
251,2023-06-22 23:43:15+00:00,5,"I am not a huge sit-down for Italian meal type guy. Usually it's heavy food, and I cancel my plans after I am full of tomato sauce and cheese. But Via Carota is somewhere I would return to over and over. Girfriend and I got fresh pasta dishes and dessert. The ragu was great - but rich. The taglietelle prosciutto was FIRE. Suble flavors but rich sauce. Amazing.",True,0,0,0,Quinn G.,en,"{'neg': 0.083, 'neu': 0.614, 'pos': 0.303, 'compound': 0.9749}",0.9749,0.303,0.083,0.614,positive
250,2023-06-24 19:34:44+00:00,1,"The hostess/host team is consistently the most disagreeable group of individuals you could EVER encounter. Add rude add indifferent layer in nasty & you got it. Food is delicious. Service staff is wonderful. The host team is nasty nasty nasty. Hospitality is not a brand code at VC. 
P.S. the verde salad is delicious btw!",False,0,0,0,Bruce W.,en,"{'neg': 0.321, 'neu': 0.481, 'pos': 0.198, 'compound': -0.8746}",-0.8746,0.198,0.321,0.481,negative
249,2023-06-25 18:21:01+00:00,5,"So glad I finally got to try this place! We came on a Tuesday around 5pm and had to wait 45min for a table inside..  which wasn't so bad. It was pretty busy already. We could've gotten seated outside right away, but our party wasn't complete, so we decided to get on the waitlist for indoors. 
The menu is pretty big, good for sharing. We started with the beets, fennel salad, and fried calamari & shrimp. It was all delicious and refreshing. The fried seafood was perfectly done. Then, we had the cacio pepe, tagliatelle, and fried rabbit. The pasta dishes were well-executed, they didn't feel too heavy. The fried rabbit was a highlight, flavorful and crispy. For dessert, we had tiramisu and panna cotta. This was the right amount of food for our group of 3. 

Service was friendly and attentive at all times. I'd definitely recommend coming here for classic Italian fare in a lively atmosphere.",True,1,0,0,Angie T.,en,"{'neg': 0.01, 'neu': 0.629, 'pos': 0.361, 'compound': 0.9978}",0.9978,0.361,0.01,0.629,positive
248,2023-06-27 18:42:23+00:00,5,"Stopped by around 4:15p on a Saturday and was able to be seated for two at the bar, serving full menu! The food and cocktails were amazing and the service at the bar was quick. The Meyer lemon risotto was perfection as was the grilled octopus, which was perfectly tender. I highly recommend both and will come back next time I'm in town. Also learned there is a cookbook published from the restaurant so will be creating the dishes at home too.",False,0,0,0,Kyla K.,en,"{'neg': 0.02, 'neu': 0.749, 'pos': 0.231, 'compound': 0.9696}",0.9696,0.231,0.02,0.749,positive
247,2023-06-30 20:05:55+00:00,5,"In my Top 3 restaurants of all-time. When people ask for NYC eat recommendations, I point them to Via Carota. This quaint little restaurant transports you to Italy, with decor that reminds me of travels through Europe. The food is always a hit. Not only are the dishes tasty, but the drinks are also delicious as well. The Bicicletta is a great take on an aperol spritz. Although the dishes are smaller in size and pretty pricey, it is a nice place to splurge once in a while, I definitely think it's worth it to try at least once. Will be back many many times!!",True,0,0,0,Vivienne Q.,en,"{'neg': 0.071, 'neu': 0.648, 'pos': 0.281, 'compound': 0.9837}",0.9837,0.281,0.071,0.648,positive
246,2023-07-02 19:07:14+00:00,5,"The best pasta I tried while in NY. We stopped by and were told they had no open reservations but could wait. We waited and 3 minutes later had a nice table outside!

I got the side of mushroom and cacio e pepe. It was simple but perfect.",True,0,0,0,Kelly P.,en,"{'neg': 0.136, 'neu': 0.657, 'pos': 0.207, 'compound': 0.7177}",0.7177,0.207,0.136,0.657,positive
245,2023-07-03 18:03:52+00:00,1,"Awful. Now I remember why I haven't been back in 2 years. Condescending staff, fake Italian food and cockroaches in the bathroom. Further they never promote minorities. You only get promoted if you are white. Fact. Do not believe the hype. They treat patrons like garbage and get away with it. No more. Go to Il Buco instead if you want the real deal.",False,1,0,0,A S.,en,"{'neg': 0.241, 'neu': 0.644, 'pos': 0.115, 'compound': -0.9214}",-0.9214,0.115,0.241,0.644,negative
244,2023-07-04 03:43:32+00:00,4,"The artichokes were AMAZING - lemony, tangy, fresh. We opted for the mushroom special and it was really wonderful, not too heavy like all the other pasta options. The aperol spritz was SO tasty. 

The only downside was the service, the server was somewhat curt and to add to that she put in the incorrect order so it took a bit longer for our food to come out. 

Otherwise a lovely food experience.",False,0,0,0,Yasamin Y.,en,"{'neg': 0.092, 'neu': 0.636, 'pos': 0.272, 'compound': 0.9649}",0.9649,0.272,0.092,0.636,positive
243,2023-07-05 23:59:06+00:00,5,"I read about this place on Pete Well's top 100 list. Number 4. It did not disappoint. There were so many things we wanted to try, that we'll have to go back. I took Pete's recommendation and ordered the fried olives stuffed with sausage and followed Char's recommendation of the razza as my main. She kept the whole experience chill as she managed the chaos behind the bar. My wife had the Caio Pepe and the artichokes. We finished it off with the best cannoli I've ever tasted.",False,0,0,0,David B.,en,"{'neg': 0.039, 'neu': 0.859, 'pos': 0.101, 'compound': 0.5938}",0.5938,0.101,0.039,0.859,positive
242,2023-07-07 13:51:50+00:00,4,"The food at Via has always been top rate. Even the seemingly simplest things are exquisite, and I also appreciate an extensive Negroni menu.

However, I've noticed with the increasing popularity a tendency to rush diners through a meal. Especially weekend lunch. Like, trying to clear plates while we're still eating. I was really shocked. It's so not done at this level of restaurant. 

So....diners beware. Or try to go for dinner versus lunch on a weekend.",False,0,0,0,Renata J.,en,"{'neg': 0.032, 'neu': 0.809, 'pos': 0.159, 'compound': 0.8545}",0.8545,0.159,0.032,0.809,positive
241,2023-07-07 21:09:43+00:00,1,Our food was incredibly salty. I couldn't believe we were at the famous Via Carota. The chef should taste the food before he sends it out.,False,0,0,0,F G.,en,"{'neg': 0.181, 'neu': 0.819, 'pos': 0.0, 'compound': -0.7425}",-0.7425,0.0,0.181,0.819,negative
240,2023-07-08 18:22:38+00:00,4,"I walked in for Saturday lunch and we got a seat at the bar. Our server was very nice and had to recite the specials. We had the Cynar Spritz, burrata with zucchini and eggplant, wild boar Ragu, chicken, and affogato. The burrata was tasty and balanced with the side veggies. I wasn't a big fan of flavor of the Ragu. The affogato was the best part. That espresso was amazing.",True,2,0,2,Michelle L.,en,"{'neg': 0.024, 'neu': 0.765, 'pos': 0.211, 'compound': 0.9526}",0.9526,0.211,0.024,0.765,positive
239,2023-07-09 01:28:47+00:00,4,"I'd give Via Carota a strong 3.5 stars. Fortunately, I was able to walk in and get a table for one while it was incredibly busy. My waiter was kind, patient and was eager to share the specials of the day. My appetizer -- the insalata verde was delicious. It was fresh, light and a large portion. For my entree, I got the risotto special, which was fine. However, my dessert was the best part. Berries and mascarpone! For all the hype this restaurant receives, I did expect more. I would definitely return but only for dessert and or salad.",True,0,0,0,Nia A.,en,"{'neg': 0.019, 'neu': 0.784, 'pos': 0.198, 'compound': 0.9426}",0.9426,0.198,0.019,0.784,positive
238,2023-07-09 16:25:17+00:00,5,"We stopped in last night and took our chances on finding a walk-in table. We were hoping that the gloomy weather would discourage a long line of people, but it didn't! If we weren't so lucky enough to get a table for 2 right away, the wait would have been minimum of an hour. 

We were seated outside at a small table. We started with the Cynar and Gran Spritz, which if you haven't already had one before, is an acquired taste. We got the fried rabbit as an appetizer to share. It was so juicy and delicious, and came with some fried bread. 

For mains, we shared a cacio e pepe and a wild boar ragu. Both were so fresh and flavorful! I think my friend liked the cacio e pepe better, but I was a huge fan of the wild boar ragu. 

For dessert, we shared an affogato and semifreddo. The affogato is usually hard to mess up, and was delicious as always. The semifreddo was SO tasty! I think it's a hazelnut mousse, and it's absolute perfection! 

The service was pretty good. Our waiter was attentive without being overbearing, and friendly.

I definitely see the hype about this place. It seems like as the night goes on, the line gets shorter, so maybe try your luck later in the evening for a better chance to score a table.

I'll definitely return to Via Carota!",False,1,0,1,Emily P.,en,"{'neg': 0.078, 'neu': 0.538, 'pos': 0.384, 'compound': 0.999}",0.999,0.384,0.078,0.538,positive
237,2023-07-09 20:59:02+00:00,5,"One of the most amazing meals ever ! Good thing we went with people who had previously bee there to guide us thru amazing menu choices & try new things. Food and service is impeccable. Beautiful ambiance , a bit noisy. They have outdoor street seating. You have to stand in line @ 5 to be eligible for a reserved table that night. No advance reservations. Walk ins for lunch are probably best chance of getting in , no waiting in line for mid day table",True,0,0,0,Suzanne R.,en,"{'neg': 0.076, 'neu': 0.705, 'pos': 0.219, 'compound': 0.944}",0.944,0.219,0.076,0.705,positive
236,2023-07-11 18:32:31+00:00,3,"The restaurant has a nice ambiance. However, the service was a bit slow. 

Skip the bread and olive oil.

Wild Boar ragu was tasty but not game changing.",False,0,0,0,Daniel B.,en,"{'neg': 0.066, 'neu': 0.757, 'pos': 0.178, 'compound': 0.5267}",0.5267,0.178,0.066,0.757,positive
235,2023-07-12 16:53:09+00:00,5,"Tldr: the long wait was definitely worth it!!

We've been wanting to go to Via Carota for a while now, and decided to stop in on a random Thursday. We were a group of three and got there at 5:30, but the earliest they could seat us was 9:30pm.... needless to say, we went home, took a nap, and came back for our time slot

We sat in the little side room past the indoor dining area with the bar. The door to outside was open so it was nice being a little more secluded but with a breeze. The little room had a large communal table, and lots of cute old Italian general goods store decor. 

We ordered the arancini and a daily special bruschetta to start, pea pesto pasta with ricotta, boar ragu, and cacio pepe for pasta, and the zabaione for dessert. 

It was such a delightful meal, I would definitely come back! The arancini were surprisingly huge and the bruschetta was really well balanced in terms of flavors and textures. The only thing that was good but not great was the pea pesto dish, as the sauce was really chunky (odd texture) and tasted quite mild. Everything else was perfectly cooked with lovely classic Italian flavors. The pasta was also really filling and the three of us could barely finish them. Most places' desserts fall flat but the zabaione here was so creamy and delicious I'd come back just for that. Overall, I'd rate this a 4.5/5. Via Carota is a good value for money, and I can't wait to come back!",False,0,0,0,Mai T.,en,"{'neg': 0.073, 'neu': 0.722, 'pos': 0.206, 'compound': 0.993}",0.993,0.206,0.073,0.722,positive
234,2023-07-15 22:18:00+00:00,5,"Excellent excellent, amazing Italian food. I have never been to Italy, so I'm not an expert, but the dishes that we ordered were delicious.
Tiramisu was not too sweet.
Wine was delicious as well.  We didn't order a bottle, instead we opted for glasses of different wines and each one did not disappoint.
Service was very nice and attentive.

Only thing is that this place is sooo popular that the wait time is crazy.",False,0,0,0,Robert K.,en,"{'neg': 0.093, 'neu': 0.503, 'pos': 0.403, 'compound': 0.9914}",0.9914,0.403,0.093,0.503,positive
233,2023-07-16 20:24:59+00:00,5,"I stopped by Via Carota a few weeks ago looking for ONE bar seat and was told the wait would be an hour. I left and decided to take my chances another day. That day was today - a rainy, muggy, nasty July day; I got a bar seat in 5 minutes!! The service was incredibly friendly and helpful, from the hostess to the servers and bartenders. I got what I think may be the best aperol sprtiz I have ever had, the arancini (which was insanely creamy and flavorful), the charred artichokes (I'm not normally a veggie fan but they looked good in photos and the lemon sauce was INSANE), and the tonnarelli cacio e pepe. This dish was UNREAL! The pasta came out nice and hot, and it was perfectly chewy, cheesy, and peppery. My only regret is that I did not have room for dessert. I will 100% be back here and plan on bringing family and friends!!",False,0,0,0,Amanda G.,en,"{'neg': 0.159, 'neu': 0.699, 'pos': 0.143, 'compound': -0.7159}",-0.7159,0.143,0.159,0.699,negative
232,2023-07-20 20:35:29+00:00,5,"Got here for a quick lunch, surprised I didn't have to wait for long. I arrived when the restaurant just opened on a weekday (11am) and got seated within minutes at the bar table.

I ordered their Piselli salad

The salad was perfect. It was refreshing, creamy and flavourful. The greens were fresh, the prosciutto was high quality, perfect with green peas and robiola cheese and oregano. The favlour combination was so well thought out with their ingredients selection. Definitely one of my go to spots if the wait isn't long.",False,0,0,0,Pasinee J.,en,"{'neg': 0.091, 'neu': 0.689, 'pos': 0.22, 'compound': 0.9061}",0.9061,0.22,0.091,0.689,positive
231,2023-07-24 22:07:41+00:00,3,"Food was great , Green Salad  , Cacio E Pepe , and special Risotto amazing . Our server however a little snotty.  Sort of ruined our lunch . I understand everyone has a bad day every once in a while but you shouldn't let the customers see this and definitely not take it out on them",True,1,1,1,Laurence K.,en,"{'neg': 0.091, 'neu': 0.722, 'pos': 0.187, 'compound': 0.6486}",0.6486,0.187,0.091,0.722,positive
230,2023-07-30 19:27:21+00:00,5,"A lovely meal from start to finish, in a beautiful, homey setting in the heart of the West Village. (Heads up that the salads are huge, so order accordingly.) The pasta dish pictured below was amazing -- the pasta alone would have been enough, it had so much flavor and was silky smooth. The extensive cocktail menu is great, including inventive aperol options. And the tiramisu was perfect (and generous). Enjoy!",False,0,0,0,Julie M.,en,"{'neg': 0.023, 'neu': 0.692, 'pos': 0.285, 'compound': 0.9753}",0.9753,0.285,0.023,0.692,positive
229,2023-07-31 11:56:01+00:00,3,"We had heard great things from friends, but the service, and food was just okay. We were seated inside at the end of a long table, shared with a larger group. It appeared to be a retail area within the restaurant. It felt like we were tucked away and at times forgotten about. 

Overall the pasta was just okay, nothing extraordinary...have had better. The bread was dry. Heirloom salad was okay, but again, nothing spectacular. Maybe our expectations were too high.",False,0,0,0,K H.,en,"{'neg': 0.278, 'neu': 0.621, 'pos': 0.101, 'compound': -0.972}",-0.972,0.101,0.278,0.621,negative
228,2023-07-31 16:12:06+00:00,2,"Am i the only one who did not like this place? I've been to lots of Italian restaurants in nyc and been to all the 'hard to get into' Italian restaurants and this falls at the bottom of the list. We got the arancini,  insalanta verde, cacio e pepe, and tagliatelle and I don't think we liked any dish. The arancini was whatever. The salad only had light dressing on the top few pieces so the rest just tasted like straight up grass. And for $21?! I could've bought a whole box of spring mix at costco for $5. What a scam. The cacio e pepe started off okay but as we got down to the bottom half, the rest of the pasta was just sitting in a pool of oil. The tagliatelle was one of the blandest pastas we've ever had. The prosciutto gave it a little saltiness but overall, the pasta itself was tasteless. We didn't finish either pasta. Only giving two stars bc the service was friendly, ambiance was nice, and portions were huge",False,0,0,0,Eva Z.,en,"{'neg': 0.091, 'neu': 0.811, 'pos': 0.098, 'compound': 0.5308}",0.5308,0.098,0.091,0.811,positive
227,2023-08-05 16:51:03+00:00,4,"I think this 4 is based more so on it not living up to hype than a fully objective view. On a Thursday it had a 4 hour wait (5:30 entered; seated at 9:30), which if you live closeby, is stomachable. Just put your name down!

The environment is cute, especially to be seated in a small back room with a longer table; feels like I'm in a wine cellar in Bologna, ya know?

The starter was what stood out to me; a whipped ricotta toast with sundried tomatoes?? So beautiful to look at, and even more tasty. Don't miss out on it, as those tomatoes were just perfection. My entree fell a bit flat (one of the daily specials: a pea pesto pasta with ricotta (the green one). The sauce was pretty chunky (nuts from the pesto), making for a strange texture; flavorwise, it was a bit lacking, dominated by oil + butter rather than spice. However, my favorite at the table was the Cacio e Pepe, if you're looking for a suggestion

Got a Zabaione for dessert which was good (especially the sweetened strawberries), but a bit more cream than I could muster to eat. Overall, I appreciated the service in the end, but I don't know if this meal is worthy of the #4 NYT restaurant in NYC. Would still say people should go and see if the hype is real!",True,0,0,1,Hari K.,en,"{'neg': 0.026, 'neu': 0.849, 'pos': 0.125, 'compound': 0.9685}",0.9685,0.125,0.026,0.849,positive
226,2023-08-07 16:50:11+00:00,5,"This restaurant is worth the hype. Walked by on a Monday around noon, and got lucky with an open table for a party of 4. The bread and olive oil were amazing, and the cacio e pepe, pappardelle with wild boar ragu, and piselli salad were my absolute favorite. Love the classic Italian decor inside too. Excellent service. Will definitely come back!",False,0,0,0,Jen L.,en,"{'neg': 0.0, 'neu': 0.67, 'pos': 0.33, 'compound': 0.9753}",0.9753,0.33,0.0,0.67,positive
225,2023-08-10 20:44:59+00:00,4,"I feel Via Carota may be resting on its laurels at this point -  the risotto is quite delicious, but it is never updated to reflect the seasons. Shortly in the heat of summer, the risotto could incorporate seasonal flavors.  Keep the classic, of course, but please update to reflect seasonal changes in ingredient availability, as they always do in my beloved Italy.",False,0,0,0,Jonathan H.,en,"{'neg': 0.0, 'neu': 0.834, 'pos': 0.166, 'compound': 0.9108}",0.9108,0.166,0.0,0.834,positive
224,2023-08-13 20:10:41+00:00,5,"The best Italian restaurant in Manhattan, without a doubt. I've eaten here an uncountable amount of times and it is always mind blowing. They also do amazing Negronis. The interior has such a lovely NYC, fall-like vibe. Eat here!",False,0,0,1,Shawna B.,en,"{'neg': 0.0, 'neu': 0.699, 'pos': 0.301, 'compound': 0.9349}",0.9349,0.301,0.0,0.699,positive
223,2023-08-16 16:54:23+00:00,5,The food here is SO good. The Caccio Pepe was truly some of the best I've ever had. The Calamari & Meatballs were also delicious. The service was a bit weird and confusing but the amazing made up for it.,False,0,0,0,Shweta A.,en,"{'neg': 0.086, 'neu': 0.6, 'pos': 0.314, 'compound': 0.9146}",0.9146,0.314,0.086,0.6,positive
222,2023-08-17 23:13:15+00:00,4,"Solid Italian dining in the west village without being stuffy or pretentious. The service was on point and the space felt authentic. We got the pesto stracci and the daily pasta special which was a tortellini with caramelized onions. The artichoke bruschetta was so unique and flavorful - highly recommend! The svizzerina which was basically a beef patty/steak tartare was okay. The mushroom (funghi) with scamorza (baked cheese) was memorable though and unlike anything I've had. For dessert, we had the olive oil panna cotta and hazelnut chocolate semifreddo.",True,0,0,0,Zehra M.,en,"{'neg': 0.078, 'neu': 0.768, 'pos': 0.154, 'compound': 0.7826}",0.7826,0.154,0.078,0.768,positive
221,2023-08-20 00:36:04+00:00,5,"Okay Via Carota really is that girl. Taylor Swift loves it for a reason. The Pappardelle was very tasty, the tiramisu tried and true, and the Tagliatelle w prosciutto & peas was WHERE IT WAS AT! Great balance of richness with the sweet peas and nutmeg for balance and sharpness. That said my absolute favorite bite was the Zabaglione with berries, especially delicious during the hot summer with ripe summer berries. I could eat that ALL day long, and even made a version of it at home. Via Carota really is a little crown jewel, with reasonable portion sizes for the price and deliciousness I have to say I will certainly be back.",True,0,0,0,Citlali A.,en,"{'neg': 0.056, 'neu': 0.625, 'pos': 0.319, 'compound': 0.9898}",0.9898,0.319,0.056,0.625,positive
220,2023-08-20 20:14:45+00:00,4,"We sat at 4pm on a Friday and we were glad we came early because the line was really long when we were done at 5pm. We enjoyed the lemon skate fish, Cacio e Pepe, and boar ragu tagliatelle. My favorite was the Cacio e Pepe since it was creamy and had the right amount of pepper. We finished with tiramisu for dessert! The service was good and the place is a cute restaurant. Remember to go early to skip the line!",True,0,0,0,Andrea S.,en,"{'neg': 0.057, 'neu': 0.774, 'pos': 0.17, 'compound': 0.8588}",0.8588,0.17,0.057,0.774,positive
219,2023-08-21 22:04:49+00:00,4,"Wandered in for lunch on a Friday. Only learned after I dined here that it's one of the most hyped restaurants in the neighborhood. As an expensive whimsical lunch, a nice surprise. As a dinner planned two months in advance, a bit iterative.",True,1,0,0,Tim O.,en,"{'neg': 0.111, 'neu': 0.752, 'pos': 0.137, 'compound': -0.2023}",-0.2023,0.137,0.111,0.752,negative
218,2023-08-26 06:03:15+00:00,4,"It was tasty, not life changingly so, but good nonetheless. Everything was made w a high level of precision. The octopus and heirloom tomatoes were great, cacio e pepe definitely the star. Tiramisus pretty yum and not too sweet (!!!), heavy on the cream filling. 
I think there are probably a lot of nice italian restaurants around the city u could get the same quality of meal without the difficulty of getting a spot, and for me it was just missing that special flair to draw me back for another visit. But it was a good meal fs",True,0,0,0,Jessica S.,en,"{'neg': 0.05, 'neu': 0.652, 'pos': 0.299, 'compound': 0.9863}",0.9863,0.299,0.05,0.652,positive
217,2023-08-27 15:15:30+00:00,5,"I absolutely love this restaurant. I think I've been there 10 times in the last 3 months and I don't even live in NYC. I can't eat gluten but there's still a ton for me to eat. It's very vegetable forward and they do change the menu to reflect the best of the season. I've had the prosciutto over melon, the insalata e accchiuge ( a must if you love anchovies), the piselli salad, the lemon risotto, the charred leeks, the grilled artichokes. The other day I had the vitello tunatto as an appetizer and that was a standout. Get it if it's on special. I only ever sit at the bar and the service is very attentive. 

My only criticism is the uncomfortable bar stools. All bar stools should have backs on them. If they changed that out this place would be an 11/10.",False,0,0,0,Lisa H.,en,"{'neg': 0.075, 'neu': 0.77, 'pos': 0.155, 'compound': 0.9435}",0.9435,0.155,0.075,0.77,positive
216,2023-08-27 20:35:22+00:00,5,"Amazing meal. Perfectly portioned pasta, amazing appetizers.... Superb salads and sides.... It's really quite exquisite.",False,0,0,0,Scott G.,en,"{'neg': 0.0, 'neu': 0.409, 'pos': 0.591, 'compound': 0.9509}",0.9509,0.591,0.0,0.409,positive
215,2023-08-28 19:41:29+00:00,4,"I was so excited that I was able to get a reservation. My reservation was at 10:30 pm on a Friday. My friend and I were wandering around West Village and decided to see if we could be seated earlier than 10:30 pm. We were able to be seated at 10 pm. 

The restaurant has a very cozy and homey vibe. There is seating outside too. We were seated inside. Paper menus are on the back of the chairs. 

There are 3 single stall bathrooms in the back. 

We weren't that hungry so we split:
- Grilled artichokes - Super yummy 

- Pappardelle - Beef was tender and melted in your mouth  

The food came out fast and was delicious! I prefer Via Carota to L'Artusi for the food and the vibes.",True,0,0,0,Alexa T.,en,"{'neg': 0.012, 'neu': 0.766, 'pos': 0.221, 'compound': 0.9878}",0.9878,0.221,0.012,0.766,positive
214,2023-08-29 16:45:29+00:00,3,"For how much hype this place gets, it was just ok. There is definitely better italian places in the city. We came here for an early dinner on a Friday. We got there around 5:15pm and were seated immediately outside which we were super excited about! Shortly after we saw a line start forming so definitely get there earlier! Here's what we got: 

Cacio e Pepe - this is usually my favorite thing to get at any italian place. I heard a lot of great things about this dish here so I was really excited! Unfortunately, it didn't hit the mark for me. There was not enough sauce and there was just no creaminess that you expect with a cacio e pepe. It also didn't have enough pepper. Overall, this was not it in my opinion. 

Lemon Risotto - this was also ok, really lemony so if that's not your vibe steer clear but it was like very runny. Usually risotto has a bit of a bite to it but this was very soupy in my opinion

Papardelle Ragu - my friend got this and he thought it was good but again nothing super out of this world

Overall, this place is very expensive and overly hyped in my opinion. I've heard their apps are pretty good so maybe I'll give those a try next time but I don't think I'd come back for a full meal.",True,1,0,1,Chandni D.,en,"{'neg': 0.065, 'neu': 0.769, 'pos': 0.167, 'compound': 0.9743}",0.9743,0.167,0.065,0.769,positive
213,2023-09-03 18:30:23+00:00,5,"Close your eyes and get transported to Italy! fun decor, cool vibes, knowledgeable servers and staff. olives w sausage different and yummy. had seafood platter fried zucchini etc",False,0,0,0,Hope P.,en,"{'neg': 0.0, 'neu': 0.669, 'pos': 0.331, 'compound': 0.9168}",0.9168,0.331,0.0,0.669,positive
212,2023-09-05 13:39:13+00:00,5,"Insanely good. We've eaten out all over NY for 10 days and Via Carota was stand out excellent. Italian made the way it should be. Perfectly cooked dishes the traditional way. Hands down the best  meal we've had in NY. The Cacio e Pepe was as good as any we've had in the best eateries in Italy. The service and setting were as good as the good - attentive, knowledgable and friendly in a traditional setting both inside and outside. Simply glorious all round.",False,0,0,0,Rob M.,en,"{'neg': 0.0, 'neu': 0.632, 'pos': 0.368, 'compound': 0.9916}",0.9916,0.368,0.0,0.632,positive
211,2023-09-06 00:53:48+00:00,5,"Great place, service and food!
If you write down your name you'd probably get a table in 30-40 mins, and it's worth it!

Great friendly and kind service. The food was great! We got artichoke, zucchini, salad and leeks. Artichoke was beyond and second best east the leeks!

We've tried 3 pasta; cacio Pepe, Ragu tagliatelle and peas and prosciutto tagliatelle. I love love love yhe ragu, and if you like a lighter taste the peas was a great touch on tagliatelle!

Not a fan of tiramisu and the green salad but otherwise everything was beautifully made and tasted delicious!",False,1,1,1,Yagmur E.,en,"{'neg': 0.012, 'neu': 0.631, 'pos': 0.357, 'compound': 0.9919}",0.9919,0.357,0.012,0.631,positive
210,2023-09-06 01:41:46+00:00,3,Good portion sizes on the food but I was slightly underwhelmed by the flavor. Servers were great and attentive. We went right at opening without a reservation and were sat right away.,False,1,0,0,Michelle R.,en,"{'neg': 0.141, 'neu': 0.558, 'pos': 0.301, 'compound': 0.8146}",0.8146,0.301,0.141,0.558,positive
209,2023-09-07 14:40:11+00:00,5,it was the first time I had been to via carota and I was impressed! make sure you get a reservation or prepare to wait  since it's so popular!piselli [$23]: this salad  was life changing and I still think about it to this day. it's so meticulously made; the prosciutto  spaced evenly between layers of lettuce  along with the peas  & perfect hint of dressing made it a stand out. the proportion and freshness of the ingredients was unmatchedzucchini fritti [$23]: this appetizer was a satisfyingly crunchy and salty snack. it's lightly  fried but comes in a huge mound so I highly recommend sharing. pollo alla griglia [$29]: the chicken  was amazing as well. it's flavored perfectly and came out at a great temperature  as well! the chicken  was succulent and juicy as well!,False,0,0,0,Rachel L.,en,"{'neg': 0.03, 'neu': 0.618, 'pos': 0.352, 'compound': 0.9959}",0.9959,0.352,0.03,0.618,positive
208,2023-09-10 14:13:28+00:00,5,"I think 95% of restaurants in NYC have overpriced and overrated food, BUT Via Carota is NOT one. This is the kind of restaurant you write home about. The Acciughe E Burro (cultured butter and salted anchovies bruschetta) was one of the top dishes of my life. 

Thank you Via Carota for making me believe in good great food again.

My only recommendation is the Martini needs a bit more of a bite-- too watered down/lite.",False,0,0,0,Kelli D.,en,"{'neg': 0.064, 'neu': 0.763, 'pos': 0.173, 'compound': 0.8873}",0.8873,0.173,0.064,0.763,positive
207,2023-09-10 21:29:55+00:00,3,"I went back to Via carota on my trip to New york, it's one of the places that I keep going back on every trip. But this time around I was very disappointed, definitely looks like the chef may have changed, as the food wasn't up to the mark. The servers were less helpful than before as well.",False,0,0,0,Yagyesh S.,en,"{'neg': 0.103, 'neu': 0.691, 'pos': 0.206, 'compound': 0.7571}",0.7571,0.206,0.103,0.691,positive
206,2023-09-13 22:10:47+00:00,4,"Ordered all their classics, standouts, and the food is authentic and delicious, but don't come here unless the ambiance further justifies the price. 

There's better Italian food in the city for even cheaper if taste is your only criteria. But for example, Via Carota is noticeably better than Carbone. I'm not the first to propose it, but claim the crown Via Carota. 

Standout Italian food and very cute. So an unparalleled date spot if pasta and Resy are a few of your favorite things. But worth all the hype?",False,1,0,0,James P.,en,"{'neg': 0.037, 'neu': 0.754, 'pos': 0.209, 'compound': 0.9612}",0.9612,0.209,0.037,0.754,positive
205,2023-09-15 18:33:33+00:00,5,"4.9 or just about as close to a perfect meal one could have.
On my bucket list for a while, and on a whim, I made a Resy reservation about a month in advance.
What I noticed is that the time slots for dinner  were either very early or very late. I snagged a 4:45/5 PM slot and we were sat outside. A line started to form around that time with most people being accommodated, including indoors! Go figure.

Browsing the September/current menu, we ordered the Gran Spritz cocktail  which was a refreshing twist comparable to the Aperol only a different liquor and color (yellow). It was very delicious and kind of strong.

Our server was helpful and offered feedback on ordering since portions were  on the generous side.
The selected appetizers were Fritto Misto (calamari and shrimp) and Tonno with beans.
They both arrived to the table around the same time. 
The Fried Calamari were piled high and included  just 2 jumbo shrimp and the tentacles (of the squid). It was served on its own without side Marinara sauce but oh so delicious. Cooked just right. The seafood was tender while the batter was crispy. Not oily or overly seasoned, this pick was a winner.

When we got to the Tonno with Beans, it was unlike anything I ever tried. Pieces of cubed raw tuna mixed with cannellini beans tossed with grape tomatoes and parsley in a delicious dressing.. A must order selection.

For main, we shared 2--- the Skate and Risotto (with Meyer Lemon). Risotto came out first---creamy and lemony. Excellent choice.
The Skate, which was perfect for sharing, was pan fried and sprinkled with capers. Another delicious selection.

Our meal ended with the Italian Zabaione  served with berries. If you aren't familiar, this is a must try. In a nutshell, it's an Italian custard and very good. 

A few things to note:
Both the Skate and Risotto were a little too salty for my liking.  I wish they weren't as over seasoned . I wouldn't say it was a negative to the experience but some people such as myself aren't a fan of dishes being prepared with too much salt.
Another observation--the Skate was pan fried (although it could almost pass as deep fried) and had I known, I would have selected another main.
Having ordered the Fried Calamari, it lent to too much fried like selections. I wish it was described as such on the menu.
When our original server ended his shift, service went downhill at times.
Glasses and plates remained on the table just a little too long. I get it. Via Carota is a happening restaurant and rightfully so but there were a few lulls when it came to service.

The overall experience was phenomenal and we agreed that dinner at Via Carota was one of the best meals we've had.
Highly recommend and would absolutely return again (if I can get past  the headache of the reservation process).",True,37,19,33,Johanna B.,en,"{'neg': 0.047, 'neu': 0.753, 'pos': 0.2, 'compound': 0.9983}",0.9983,0.2,0.047,0.753,positive
204,2023-09-17 15:50:19+00:00,1,"Service was awful from the start. With a 9:30 reservation the hostess told us to wait in the corner while she sat 3 parties of the same size ahead of us and sat us in a noisy street corner outside. The waiter was rude and it seemed like the restaurant was very understaffed. The cacio e Pepe was under-flavored and the broccoli was completely inedible. When we sent it back, very politely, the waiter was very sassy and then sent some other employee to bring the check and still included the dish on the bill. We asked to remove it and it took 20 minutes for them to return the bill. Overall not a great experience.",False,0,0,0,Hannah T.,en,"{'neg': 0.211, 'neu': 0.751, 'pos': 0.038, 'compound': -0.9814}",-0.9814,0.038,0.211,0.751,negative
203,2023-09-19 14:02:39+00:00,5,"This and I Sodi are probably my favorite restaurants in the West Village and definitely among top 10 in New York City. The food is absolutely phenomenal. Their insalata verde is much talked about and with good reason - never would I have thought that a simple green salad of lettuce, watercress and endives would have such complexity of flavor. It is truly the holy grail of green salads. The pastas here are also must orders. The cacio e pepe has got to be one of the best in the city. I've also had the rigatoni with bolognese (a special the last time I was here) which was equally delicious. Both pastas are cooked to a perfect al dente and enjoy a just right ratio of sauce to noodle. This is truly one of those places where it's hard to find anything wrong with the food or the dining experience. A well-deserved 5 stars.",True,3,0,2,Honghui Y.,en,"{'neg': 0.026, 'neu': 0.759, 'pos': 0.214, 'compound': 0.9867}",0.9867,0.214,0.026,0.759,positive
202,2023-09-19 23:09:12+00:00,5,"after wanting to try this place for years, decided to walk in w my friend @ 11am on a sun... restaurant was empty, breezed right in!

didn't order much but both the prosciutto salad and cacio e pepe were truly to die for... did not disappoint and was def still riding off the high of getting seated right away

had heard reviews of the cacio being salty or slimy but did not experience that at all !! paralleled the ones I have had in italy with such good black pepp flavor",True,0,0,0,Sarah X.,en,"{'neg': 0.193, 'neu': 0.694, 'pos': 0.113, 'compound': -0.9176}",-0.9176,0.113,0.193,0.694,negative
201,2023-09-20 19:52:04+00:00,1,"On line experience with Resy is super annoying. No phone number to call the restaurant. Tried for lunch and dinner to no success. Called at exactly 9:00 AM one month in advance for 3 days. Not going to ""walk-in"" and take a chance when there are a lot of other good Italian restaurants. We only have 3 days/nights in NYC. Disappointing!",False,0,0,0,Susan B.,en,"{'neg': 0.192, 'neu': 0.628, 'pos': 0.18, 'compound': -0.4389}",-0.4389,0.18,0.192,0.628,negative
200,2023-09-23 22:20:32+00:00,5,"So good I seriously considered coming right back the next day. The atmosphere and service was that sweet spot of sophistication without stuffiness. Started with a fabulous negroni, the brussels, and carpaccio (a special). Both apps were so elegant and full of flavor. Next we got the clams and a pesto pasta dish (also a special) - both so good, with perfect portions that gave us enough room to have dessert and coffee. 

Also, there was a big line, but as clueless out of towners we just walked up to a server and were seated right away. Not sure what was going on with the line!",False,0,0,0,Mercy H.,en,"{'neg': 0.064, 'neu': 0.802, 'pos': 0.134, 'compound': 0.7856}",0.7856,0.134,0.064,0.802,positive
199,2023-09-29 13:57:14+00:00,5,"Via Carota definitely lives up to the hype. The butterhead lettuce is absolutely delightful, and the pastas melt in your mouth. It may be difficult to get a reservation, but the wait time is manageable if you walk in!",True,0,0,0,Sahana K.,en,"{'neg': 0.147, 'neu': 0.755, 'pos': 0.098, 'compound': -0.5016}",-0.5016,0.098,0.147,0.755,negative
198,2023-10-01 21:14:16+00:00,2,"The grilled artichokes were lovely and the lemon risotto was perfection. However....

The skate was overcooked and quite dry. Worse yet, it tasted very strongly of ammonia at the very first bite and never relented...it was impossible to finish it. I really wanted to send it back but to be honest, I felt intimidated by the restaurant's reputation to do that. 

The fried rabbit was overcooked and void of any charcater. While the breading was not greasy which is appreciated, the protein was akin to dry bland chicken, lacking the gamey notes one expects from Rabbit.

I've been wanting get into this reataurant for ages and was so excited to score a table on a lovely sunday afternoon. Despite the wonderful artichokes and lemon risotto as well as a negroni my partner loved, I couldn't have been more disappointed. Definitely not worth the $264 we spent.

We will come back, but for cocktails, vegetables and pasta/risotto ONLY...we'll be avoiding the pesce/carne like the plague.",False,0,0,0,Honor D.,en,"{'neg': 0.213, 'neu': 0.589, 'pos': 0.198, 'compound': -0.7455}",-0.7455,0.198,0.213,0.589,negative
197,2023-10-02 19:01:27+00:00,1,"Forty five minutes to get two bowls of pasta is a bit much, but even setting that aside both dishes were way, way too salty to even eat. Pasta and sauce quality was good, but more saltier than a bag of chips.",False,0,0,0,Ron H.,en,"{'neg': 0.143, 'neu': 0.778, 'pos': 0.079, 'compound': -0.631}",-0.631,0.079,0.143,0.778,negative
196,2023-10-07 08:20:06+00:00,5,We arrived at 11am on a Monday so no reservation needed and sat outside. Service is great and the food is phenomenal. Every bite is delicious!,False,0,0,1,Camille M.,en,"{'neg': 0.079, 'neu': 0.607, 'pos': 0.314, 'compound': 0.8892}",0.8892,0.314,0.079,0.607,positive
195,2023-10-10 16:37:58+00:00,2,"Would've been a ""great"" meal if it weren't for the last dish that we ended up getting because none of the $30 dishes were filling enough: the bruschetta with the chicken liver (see photo). It has WAYYYYY TOO MUCH CHICKEN LIVER which was ""chopped"" into such erratic pieces that it only ended up looking like a pile of POOP  (see picture). The chicken liver was also too salty and just extremely heavy. No idea who thought it was a good idea to have this dish on the menu. Like, there's literally nothing aesthetic or enjoyable about this dish. Salty mushy poo liver for $18? Nah. Showed the picture to our friends afterwords and they literally gagged and then burst out laughing hahah. Sorry to be savage but there are no excuses for that dish at an establishment such as this one. 

The highlight of the meal was the bruschetta special, with gorgonzola pear and walnuts. Nothing bad to say about that it was delicious.

Still, I think this restaurant is severely overpriced for the quality, and saltiness. Considering how many people complain about the saltiness I'm surprised that it tastes like nothing has been done to address it. Also the green salad for $21? That was a very simple vinaigrette with a bunch of uncut fresh leaves. Yummy, refreshing, but I don't go out to eat things I can make at home. Not sure what was so special about that.",False,1,1,0,Rika I.,en,"{'neg': 0.123, 'neu': 0.691, 'pos': 0.186, 'compound': 0.977}",0.977,0.186,0.123,0.691,positive
194,2023-10-14 04:33:05+00:00,2,"Dined here twice now and sorry I simply cannot get the hype. I love love love their sister I Sodi but I simply cannot fall in love with Via Carota. None of the dishes I had convinced me, I even forgot their names (the pasta with peas and prociutto, the cacio pepe). I am the greatest pasta lover but yeah those are not for me. And the salad with prosciutto, way to much dressing. 

But other people love it so give it a try if you make it in and make up your own mind. You'll find me at I Sodi (if I make it in there ;))",False,1,0,0,Jana H.,en,"{'neg': 0.009, 'neu': 0.667, 'pos': 0.324, 'compound': 0.9928}",0.9928,0.324,0.009,0.667,positive
193,2023-10-15 23:46:48+00:00,3,"Came for a late lunch/early dinner on a Sunday. We sat outside under the heaters which are toasty enough. The menu is simple and has the cocktail/wine list on the back. Cocktails are not described and basic: martini with grappa instead of vermouth, manhattan, old fashioned. I asked for a cosmopolitan.. I know. How Y2K.. server said ""we don't make them""... I asked what was similar. He referenced the above martini. I said OK how about a Diet Coke.. they don't serve those either. I get it- you want a vibe. But also- hospitality, no? Assuming these two requests come often enough.. wouldn't you have alternative recommendations at the ready? Instead they'd rather forgo an additional $50-80 in bar tab? Odd. Finally asked the waiter to speak with the bartender to see what they would recommend.  Their answer? Grapefruit juice & vodka. The grapefruit juice was fresh pressed..but that's the best cocktail you can make? Yikes.  Still. Our table had 5... so... a plus to them otherwise they would have missed out on the $. 
Onto the food: had the chicken liver bruschetta. Taste good- but literally just chopped chicken liver. No fruit. No jam. No arugula.. nothing more. Grilled artichokes were sublime. Great charred flavor & excellent texture. The cacio e Pepe.. eh.. could have had more Pepe.. and the portions are teeny. The tagliatelle with prosciutto was better and seemed like a larger portion. Server never came to see if we wanted pepper or cheese. Weird. 
Dessert was the tiramisu- best I ever had and I typically hate it. The panacotta had a weird bitter citrus jam on top that tasted as if it was made of rind and pith. No thanks. All in all. I have eaten better Italian at my local pizza place.",False,0,0,0,Dina Z.,en,"{'neg': 0.129, 'neu': 0.71, 'pos': 0.161, 'compound': 0.9245}",0.9245,0.161,0.129,0.71,positive
192,2023-10-22 22:01:02+00:00,5,"Awesome spot! Every single dish was amazing. We didn't necessarily order everything I wanted, since the girl I was with eats much healthier than I do, but we got the Brussels sprouts, artichoke, pappardelle, and branzino. Everything was great. There are lot of great Italian restaurants in the city but this spot stands out as 1) girls really want to come here because Taylor Swift once ate here and 2) the ambiance, really cool setting",True,1,1,1,Jordan W.,en,"{'neg': 0.0, 'neu': 0.73, 'pos': 0.27, 'compound': 0.9751}",0.9751,0.27,0.0,0.73,positive
191,2023-10-25 02:03:35+00:00,1,Very very bad service and rude manager. Once I want to tell manager my complaints. He responded as he didn't care. Would never recommend this place. Manager name is Timothy if I got it correct.,False,0,0,0,Ahmet E.,en,"{'neg': 0.402, 'neu': 0.571, 'pos': 0.027, 'compound': -0.9623}",-0.9623,0.027,0.402,0.571,negative
190,2023-10-26 17:27:03+00:00,3,"Definitely overhyped and overpriced, but pretty solid cooking. The best dish was definitely the seasonal truffle pasta, followed by the zabaione. Wasn't super impressed by the cocktails. Service was friendly and it was pretty lively even on a weeknight.",False,0,0,0,Priscilla D.,en,"{'neg': 0.16, 'neu': 0.391, 'pos': 0.449, 'compound': 0.9682}",0.9682,0.449,0.16,0.391,positive
189,2023-10-26 18:47:40+00:00,3,"This place has gone downhill, and I'm assuming it's from the massive extension to exterior dining in the wake of Covid, and beyond.  Perhaps quality control is not what it used to be.  Stopped by after a screening to have a late dinner (9P) and drink with a friend.  We were seated in the dining room and looked forward to a delicious meal.  We ordered our tiny $19 glasses of wine and waited with anticipation.   The Tagliatelle with Boar Ragu arrived and the meat was tough, dry and tasteless, altho the 4 strips of pasta were fresh and delicious.  We inquired and the waitress sent it back to the kitchen and asked if we preferred anything else.  We ordered the truffle special pasta - which was delicious-  but a scant 3 strips of pasta, cream sauce with a nice helping of shaved truffle.   When we asked for bread, we got 4 pieces of stale tough, ends and decided we didn't want to order more for fear of the same.   What happened, Jody - this place used to have spectacular food, service and I don't recall these minuscule portions?  Very unsatisfying to be starving after spending over a hundred dollars.   Back to Morandi for decent sized portions and excellent service!",False,0,0,0,Chiemi K.,en,"{'neg': 0.176, 'neu': 0.7, 'pos': 0.125, 'compound': -0.9496}",-0.9496,0.125,0.176,0.7,negative
188,2023-11-02 20:54:29+00:00,5,This was the dining experience I've been craving from NYC for a long time. Located in Greenwich in a super cute neighborhood where the street side seating offers the best people watching.  The food was to die for.  The highlight for me was the tagliatelle with prosciutto and the bold wine list filled with Italian specialties.  The service was outstanding and we will definitely be back next visit!,True,0,0,0,Kelly T.,en,"{'neg': 0.1, 'neu': 0.641, 'pos': 0.259, 'compound': 0.9215}",0.9215,0.259,0.1,0.641,positive
187,2023-11-03 01:22:25+00:00,5,The pork belly was amazing. The service was excellent. Plates are small so you will want to order more than 1.,False,0,0,0,Jen K.,en,"{'neg': 0.133, 'neu': 0.565, 'pos': 0.301, 'compound': 0.6204}",0.6204,0.301,0.133,0.565,positive
186,2023-11-09 16:32:18+00:00,5,"I'm going straight to the reservation portion. It's hard and the key is to just walk in right when they open. Was there Sunday, sat at the bar because the place was already packed at 11am! Bartender said Sundays are their slowest day. Lol. I can only imagine this spot on a weekend night. Thank Taylor for the free advertisement! Had the CAVOLETTI SALAD (shaved Brussels sprout salad) & the cacio, guys you can't go wrong with their cacio very simple dish but absolutely delicious! Will definitely come back and hopefully for dinner next time.",True,0,0,2,Karen G.,en,"{'neg': 0.011, 'neu': 0.741, 'pos': 0.248, 'compound': 0.9811}",0.9811,0.248,0.011,0.741,positive
185,2023-11-09 19:51:38+00:00,5,"I have wanted to try this place and it lived up to the hype! My favorite part of this place is the walk-in availability. The hardest part of NYC is getting reservations at certain restaurants and the restaurants not accepting a lot of walk-ins. Via Carota changes that. I recommend going around 5pm and you can put your name down for a certain time and they will text you on when to come back! My sister requested 6:30pm so we could have a little Happy Hour before dinner.

My sister and I loved our dinner here. You must order the frito misto, it was not heavy and the perfect appetizer. I am a sucker for calamari and fried shrimp so this dish was just perfect. We are about balance so we ordered a salad and a restaurant salad, they are so good. Now on to the pasta, we were so happy with our Tagilatell order. The taste and the texture, all of it was so good! Of course we had to order a bottle of wine to go with this meal and they have affordable bottles between $50-$60. 

We will definitely return because not only is the food is good, but the experience of being able to put your name down for a certain time and grab a nearby HH before, perfection.",True,0,0,0,Lauren S.,en,"{'neg': 0.016, 'neu': 0.817, 'pos': 0.167, 'compound': 0.9839}",0.9839,0.167,0.016,0.817,positive
184,2023-11-11 20:05:55+00:00,4,"Overall pretty good, would come back to try more dishes!

It's a little tricky to get a reservation, so what my friend and I did was go around 5:30pm, stand in the line to get onto the waitlist (~30m), wait on the waitlist for about an hour while window shopping in the neighborhood, and come back at 7pm for a perfectly reasonable dinner time. We got seated outside, which was pretty fun as we got to people watch during our meal and try to spot famous people walking by us.

Service was quick and ambiance was fine. Now for the food - 
- Burrata e Verdure: 7.5/10. My friend LOVED it, i thought it was pretty good. Everything tasted fresh and very well flavored.
- Pappardelle and Tonnarelli: 8/10. Solid bowls of pasta. Nothing terribly incredible, but definitely expertly cooked pasta with well-seasoned sauces and good consistency.
- Dessert (panna cotta and crostata): 9/10. This was the highlight of the meal for me. I had the panna cotta and thought it was the perfect balance of sweet and sour with the marmalade on top. This was a must-have.",True,0,0,0,Claire H.,en,"{'neg': 0.025, 'neu': 0.72, 'pos': 0.255, 'compound': 0.992}",0.992,0.255,0.025,0.72,positive
183,2023-11-12 05:34:39+00:00,1,"Our aggressive hostess, Josie, made the experience less than amazing. Overall, the food was above average, but probably won't come back, because of how we were treated.",False,0,0,0,Ash H.,en,"{'neg': 0.112, 'neu': 0.812, 'pos': 0.076, 'compound': -0.0101}",-0.0101,0.076,0.112,0.812,neutral
182,2023-11-12 06:33:41+00:00,1,"Food was great, but the service leaves a lot to be desired. Our hostess Josie was rude and did not make us feel welcome. We had to wait for 45 minutes post our reservation time, and she was annoyed and irritated by us asking when we will get seated.",False,0,0,0,Wan Wan L.,en,"{'neg': 0.29, 'neu': 0.58, 'pos': 0.13, 'compound': -0.936}",-0.936,0.13,0.29,0.58,negative
181,2023-11-13 02:43:46+00:00,5,"NYC has many Italian pasta spots... The reason you come to Via Carota for its Cacio e Pepe and this review is for that pasta dish only. I've had their pappardelle and it's forgettable. The pepe is where it's AT. The hand made noodles are cooked to utter perfection, perfectly al dente and have a satisfying chewiness mouth feel to them. I've heard some batches of pasta don't have enough pepper in it, but fortunately every time I've gotten cacio e pepe, the black pepper is the hero. A delicious saltiness comes through from the cheese which just brings the whole pasta dish together. 

We get our food as take out every time because the line is just too long, and the pasta is still so delicious even after it sits in a takeout container for a while. Only downside is there will be a small pool of butter if your takeout gets cold. But honestly don't care because it's so worth it. 

For those who aren't impressed by Via Carotas cacio e pepe, please DM me your recs for better spots. Until then Via reigns supreme.",True,0,0,0,Jennie A.,en,"{'neg': 0.13, 'neu': 0.653, 'pos': 0.217, 'compound': 0.9753}",0.9753,0.217,0.13,0.653,positive
180,2023-11-17 02:41:48+00:00,5,"There was this server who looked like a tik toker so I kept staring at him and I know he could tell I was staring at him because when he would approach our table he would look down at me in like a dominatrix kind of way (maybe he should do that on the side?) but anyways he was very accommodating for our time restraint and made sure to ask when we were trying to leave by -- to catch our flight -- and made sure to have all the food out in time so that was nice. 

Food was good, someone else paid tho so can't rate the price to quality ratio",False,0,0,0,Jacob J.,en,"{'neg': 0.021, 'neu': 0.834, 'pos': 0.145, 'compound': 0.9413}",0.9413,0.145,0.021,0.834,positive
179,2023-11-18 12:21:52+00:00,5,"The line at Buvette was very long so we decided to try Via Carota for lunch and man were we thrilled. Felt like we were at a decades old neighborhood favorite in Florence. Ate at the bar and had the most sublime torn pasta sheets, a cloud like salad of tender leaves showered in a veil of cheese and delicious Italian wine, service was impeccable and the atmosphere? Perfectly curated antiques with modern touches. Loved the stemmed glasses so much, ordered a couple cases for our thanksgiving dinner. Ciao Via Carota, we will be back often!",False,0,0,0,Abby J.,en,"{'neg': 0.061, 'neu': 0.657, 'pos': 0.281, 'compound': 0.982}",0.982,0.281,0.061,0.657,positive
178,2023-11-21 01:55:59+00:00,3,"Stopped by for lunch on a weekend - we had a res (that I made ages ago) and were able to be seated immediately. I do think that they must keep a lot of their tables available for walk-ins, because even though reservations are not the easiest to come by, there were always a few empty tables while we were eating. Also, turnover seemed to be pretty quick, so I don't think there was much of queue at all.

We started with the 'nduja arancini. I loved the risotto; risotto dishes are a dime a dozen at Italian restaurants, but good risotto - not too heavy, not overcooked - can be hard to come by. The pork was a bit lacking though; we didn't really think it had any of the usual smoky/fiery flavours of 'nduja (it even felt closer to buffalo chicken wing sauce,,,). Each piece wasn't too heavily breaded or fried, though, so it was a very nice, lighter choice to start with.

For pastas we got the tonnarelli (cacio pepe) and the pappardelle (boar ragu).

The cacio e pepe is their speciality, I'm told, so of course we had to try it - and honestly I was really quite pleasantly surprised. I often find there to be too much *cacio* in cacio e pepe - I even had to do a cheese pull of sorts at a different restaurant once - and thankfully that wasn't the case here. Each bite was really well-balanced between the oil and cheese and the perfectly-cooked pasta - chewy but not too much.

Well, until the second half of the dish. By the time we got to the bottom, the pasta was sitting in a really-too-thick puddle of oil, which made eating the remainder a bit unenjoyable. Obviously every bite felt really heavy, and the pasta was getting soggier by the minute. (idk were we just eating too slowly? i feel like that can't be the case)

The pappardelle was nice, but really nothing special. The ground pork was really delicious - rich, savoury, flavourful - but the pasta was meh. It tasted a bit overcooked / soft (not at all al dente), and it didn't seem to have much flavour at all. It kind of felt like the pasta and the sauce were separate dishes thrown together at the end.

Overall, a decent meal, but not amazing. (if you could just order the top half of a bowl of pasta it would be much better lol)

I think for this type of higher-end restaurant, the price point was pretty reasonable. I'm not sure if I'd order the same things if I were to come back, but the menu is decently large, and I think some of the meat entrees did look promising. (Not to mention some of their rotating specials that sounded yummy too...)",True,0,0,0,Matthew H.,en,"{'neg': 0.056, 'neu': 0.77, 'pos': 0.174, 'compound': 0.9971}",0.9971,0.174,0.056,0.77,positive
177,2023-11-25 22:23:21+00:00,2,"Such a hyped up spot in the West Village and so had to try. We walked in at around 2pm on a Weds and there was still a 15min wait for indoor tables so we decided to sit outdoors. Service was extremely slow and we waited at least 10-15min before someone took our order. Service in general was quite subpar (1 out of 5 stars).

I tried the cacio e pepe which everyone seems to rave about and their insalata verde. Tldr; is that the food is decent but really not worth the price. The pasta tasted fresh and pretty bouncy but the sauce was so plain. Maybe that's what I should have expected but for it's price tag, I expected something more. It came in a plain plate and no fancy decorations or cheese or anything to jazz up the boring dish. The insalata verde was a few fresh veggies with a very basic dressing. I almost felt like I was eating the mixed greens assortment from the Union Square market with some olive oil. For $21, I expected more.. I'd probably give the food a 3-4 out of 5. Perhaps their other pasta dishes are more worth it.

For the given price, I feel like there are much better spots you can go to for an exciting meal.",True,3,2,0,Stephanie Y.,en,"{'neg': 0.085, 'neu': 0.794, 'pos': 0.121, 'compound': 0.8918}",0.8918,0.121,0.085,0.794,positive
176,2023-11-28 22:24:40+00:00,5,"The hype is real. Came here at 4:50pm and waited in  line outside in the dark and cold to be let in at 5pm- so worth it. The appetizers were very average, but the wine, pastas and dessert were so good that it deserves a 5 star rating. 

We started with Cardi fritti (tastes like fried zucchini and very average), olive all'ascolana (fried olives with pork sausage- decent appetizer and would get again) and the grilled artichokes, which were good not great. 

Pastas were incredible- tagliatelle with prosciutto might be my new favorite pasta.  Wild boar pappardelle was incredible and meaty. The dessert- BEST tiramisu I've ever had EVER.  Will be back ASAP!",False,0,0,0,Erica W.,en,"{'neg': 0.077, 'neu': 0.732, 'pos': 0.191, 'compound': 0.9629}",0.9629,0.191,0.077,0.732,positive
175,2023-12-02 16:52:25+00:00,5,"DROOOOOOOL. 

CACIO PEPE. best dish hands down. Most amazing dish. Craving it. Craving it now while I'm writing this. 

Not sure how to encapsulate my sentiment about the food here so I will have to stick to describing this all in one word : phenomenal. 

Get here when the place opens and get on the list. I like the bar area best. If you order the Cacio Pepe to share, be prepared to order another one. Ya. It's that good y'all. 

Service was fast and friendly. Negroni is a must. Classic Negroni. Good price point for the quality and quantity of foods you get. 

Top it off with the affogato. You HAVE to. The tiramisu was really good but pales in comparison tot he affogato. 

Do yourselves a favor and make the time and effort to visit this place. See for yourself. You will not be disappointed.",False,0,0,0,Alan T.,en,"{'neg': 0.009, 'neu': 0.796, 'pos': 0.195, 'compound': 0.9772}",0.9772,0.195,0.009,0.796,positive
174,2023-12-02 18:26:18+00:00,3,"So many people love this place. Meh. The fried zucchini looks so impressive but is SOOO greasy, with oil pooling on the one sheet of paper that comes under the mound. The rest of the food we ordered was good - meatballs (not a fan of the raisins, tho), clams (yum!) and stracci with pesto. We sat at a table outside next to some very loud conversation so that made the experience not so great. We probably would've enjoyed sitting inside better. Service was slow and not the friendliest.",True,0,0,0,Florence A.,en,"{'neg': 0.193, 'neu': 0.634, 'pos': 0.173, 'compound': -0.6634}",-0.6634,0.173,0.193,0.634,negative
173,2023-12-09 13:59:51+00:00,5,"*THIS* is amazing authentic Italian food. 
Pricey yes, worth is absolutely.
Cacio pepe is definitely a must. The arancini was a bit rich for me but everyone enjoyed. We got a bunch of the specials, which were just incredible, best rib eye ever. The waiter was so helpful with recommendations, he was exactly right. We ate outside which was really fun, but a bit cold even with the heaters. The bread and oil is essential, very inexpensive and delicious oil. I think my favorite was the grilled artichoke, I'll be dreaming of that for weeks to come.",True,0,0,0,Laura M.,en,"{'neg': 0.049, 'neu': 0.598, 'pos': 0.353, 'compound': 0.9923}",0.9923,0.353,0.049,0.598,positive
172,2023-12-09 16:11:50+00:00,4,"Delicious food, good service and cool ambience. A great first visit and although we arrived without a reservation( highly recommend booking in advance), the hostess was able to accommodate our 2-person party.",False,0,0,0,Zoe W.,en,"{'neg': 0.051, 'neu': 0.529, 'pos': 0.419, 'compound': 0.9563}",0.9563,0.419,0.051,0.529,positive
171,2023-12-09 23:48:44+00:00,5,"I have nothing but laudatory praise for Via Carota's cacio e pepe. It firmly places itself in the top three pastas I've had in the city.

More than 90% of the time, I'm been disappointed by cacio e pepe...often times, it's too salty or there's too much pepper or the cheese is overpowering. I walked into Via Carota with high hopes and it delivered. The tagliatelle with boar ragu was great as well -- very generous on the boar, which made for a thicker sauce. Portion sizes for pastas are perfect; anything more and I can see how the flavors would become repetitive and too heavy.",True,0,0,0,Jess W.,en,"{'neg': 0.152, 'neu': 0.669, 'pos': 0.179, 'compound': 0.4124}",0.4124,0.179,0.152,0.669,positive
170,2023-12-10 20:31:12+00:00,5,"Probably one of the best Italian places in NYC and the best Italian food I have had outside of Italy.  While it can be a long wait sometimes, it really is worth it.  All the appetizers were good - especially the leeks.  We got a spread of pastas - all of which were amazing.  The meatballs and ragu were the highlights. We also got the fried rabbit - which was quite good and definitely a must try if you haven't had rabbit before! The wine selection is PHENOMENAL and wine fans should def check it out.  Desserts and coffee were also super tasty.  Overall, cant go wrong with anything on the menu and definitely a must try for italian food and wine fans!",True,0,0,0,Brit S.,en,"{'neg': 0.056, 'neu': 0.682, 'pos': 0.262, 'compound': 0.9845}",0.9845,0.262,0.056,0.682,positive
169,2023-12-11 20:02:36+00:00,4,"We went here for lunch on a Monday. We had reservations but they do take walk ins. By 12 pm, bar seating was full and there was a wait. We had a really great experience. Servers were attentive and dishes were coursed out appropriately. Great atmosphere as well. 

Insalata verde: a hefty serving of greens dressed perfectly in a sherry vinaigrette. This was very light and fresh. 

'Nduja arancini: perfectly crisp on the outside and pillowy soft on the inside. Great flavor from the 'nduja and the cheese sprinkled on top.

Cacio Pepe: fresh pasta with just the right amount of cheesiness and pepperiness. I would've preferred the noodles to be a little more al dente but regardless, this was the standout dish for me. 

Meyer lemon risotto: very rich and creamy risotto; not too lemony; a little olive oil drizzled on top and couple basil leaves as well to garnish. 

Semifreddo: perfect dessert - the chocolate and hazelnut mousse provided just the right amount of sweetness and the chocolate dipped gooseberries balanced out the sweetness from the mousse. The whipped cream also cuts into the sweetness a little bit and adds to the creaminess. Comes with 2 biscotti as well.",True,1,0,0,Jaimee L.,en,"{'neg': 0.028, 'neu': 0.653, 'pos': 0.318, 'compound': 0.9979}",0.9979,0.318,0.028,0.653,positive
168,2023-12-12 01:41:41+00:00,5,"Cozy Italian restaurant with rustic charm, great service and absolutely delicious. Can't wait to go back.",False,0,0,0,Karen F.,en,"{'neg': 0.0, 'neu': 0.29, 'pos': 0.71, 'compound': 0.9789}",0.9789,0.71,0.0,0.29,positive
167,2023-12-13 16:59:11+00:00,2,"Sadly, the experience was very mediocre.  Gruff and indifferent service.  Pastas that were overcooked, and slathered with cream, with no finesse.  Very average desserts.  Some very good dishes - salads, pork loin - but overall a shockingly pedestrian experience for a restaurant with this reputation.  Hope it was just an off night...",False,0,0,0,Daniel S.,en,"{'neg': 0.264, 'neu': 0.638, 'pos': 0.097, 'compound': -0.8018}",-0.8018,0.097,0.264,0.638,negative
166,2023-12-13 23:56:03+00:00,3,"After waiting an hour to get our table we were greeted with a friendly staff. The service was above and beyond consistently filling my water which I appreciated. We ordered the Carote which was delicious with the yogurt sauce. 
Pappardelle Al Cinghiale was excellent with great flavors. Lastly, we had the Pork Belly with a reduction sauce. The pro belly could have been charred longer and the reduction sauce was overly sweet which made it unappetizing. I was disappointed with the dish but still ate it without dipping!

Overall, I would recommend this restaurant. I have this review 3 stars because of the reduction sauce.",False,0,0,0,Maisun T.,en,"{'neg': 0.027, 'neu': 0.79, 'pos': 0.183, 'compound': 0.9397}",0.9397,0.183,0.027,0.79,positive
165,2023-12-22 18:28:20+00:00,4,"Taylor Swift came here after ending her six-year relationship with Joe Alwyn. I can see why. Via Carota is a comforting yet sophisticated restaurant in the lively West Village. I had dinner here with friends before a comedy show one night. The Coniglio Fritto was my favorite dish that I tried-- the rabbit was perfectly fried. The Tonnarelli and Pappardelle were also tasty and cooked perfectly. The tiramisu was a delicious ending to the meal, as to be expected. However, I was disappointed with the Broccoletti-- it was overcooked, and I wasn't a fan of the plating. I'm interested in going back to try the other verdure options.",True,0,0,0,Justin N.,en,"{'neg': 0.083, 'neu': 0.603, 'pos': 0.314, 'compound': 0.9863}",0.9863,0.314,0.083,0.603,positive
164,2023-12-24 02:30:51+00:00,3,"This is an overpriced and overhyped restaurant. My friends and I came here because we were curious (and excited) to find out why so many celebrities frequented it -- I was not left with an answer. From the start, the hostess who took our name down on the waitlist was extremely rude and overall condescending. Not a good look. After we were seated, our waiter was also snobby and not personable at all. He went through the specials quickly in a disinterested manner. I asked him to explain what was on the dessert menu, and he just listed the items. Like how am I supposed to know what is contained in each dish??

Onto the food--I ordered the tagliatelle with prosciutto and the semifreddo for dessert, which is a hazelnut chocolate mousse. My friends both ordered the cacio e pepe. My tagliatelle was pretty bland, and no seasoning was offered. The only flavor came from the butter and oil, and the salt from the prosciutto. My friends agreed that it was good, but that messing up a butter and cheese pasta was basically impossible. 

The plates are small, though it's still a decent amount of pasta for a five foot girl. If you're larger than that, you'll probably need two dishes.

The star of the meal was definitely my semifreddo--it tasted like a Ferrero Rocher in mousse form. It was rich while being light, and beautifully presented. The vanilla ice cream tasted very fresh, and my friends enjoyed the cannolis.

The interior was nice and dimly lit, so perhaps good for a first date or something. But pasta was mediocre, and I expected more.",False,0,0,0,Amanda L.,en,"{'neg': 0.109, 'neu': 0.738, 'pos': 0.153, 'compound': 0.9342}",0.9342,0.153,0.109,0.738,positive
163,2023-12-30 02:15:55+00:00,3,"personally, I think it's very mediocre. We started with Arancini which was very good, but not amazing. I could probably re-create it very similar. and then I had a bruschetta which was just OK. pasta had good flavor but nothing crazy. i was expecting a lot more as well as drinks were good I think that drinks were the best thing out of everything. Personally, I don't think I ever come back. I think it's a little overhyped and overrated.",False,0,0,0,Julia T.,en,"{'neg': 0.185, 'neu': 0.593, 'pos': 0.222, 'compound': 0.3896}",0.3896,0.222,0.185,0.593,positive
162,2024-01-09 16:53:12+00:00,1,food was so mid. not a single dish was good. even the tiramisu was a miss. definitely did not live up to its hype:/ the tagliatelle was alright but it honestly just tasted like a fancier version of fettuccine alfredo,True,0,0,0,Emily H.,en,"{'neg': 0.029, 'neu': 0.691, 'pos': 0.28, 'compound': 0.882}",0.882,0.28,0.029,0.691,positive
161,2024-01-11 21:05:44+00:00,4,Food was delicious. I had the wild boar and we all shared the Brussels sprouts. Both were very good. Service was great. Only downside was sitting outside but since we didn't have a reservation expect to be outside.,False,0,0,0,Katie V.,en,"{'neg': 0.035, 'neu': 0.724, 'pos': 0.241, 'compound': 0.8337}",0.8337,0.241,0.035,0.724,positive
160,2024-01-12 23:19:21+00:00,5,"I wanted to eat there for years- for the same reason as everyone: the salad. Was it Nirvana? No. It's a really good salad. And there's a great Negroni menu. 
We didn't have reservations. We were told there was no room, so we wandered around the village. But we took a chance on the way back and squeezed into a tiny table in the back. Cold, cramped. Still happy to be there. Our server was fine.  But please tell the Aryan kid running the door to just crack a smile- be gracious. 
Would I go back? Yes. More strategically next time.",False,0,0,0,Cara F.,en,"{'neg': 0.19, 'neu': 0.604, 'pos': 0.205, 'compound': -0.1812}",-0.1812,0.205,0.19,0.604,negative
159,2024-01-20 18:45:31+00:00,5,"We recently had the privilege of eating at Via Carota in Grove Street in NYC's West Village - we hosted a celebratory firm dinner for 8 in the beautifully appointed side room. 

The food and service were phenomenal! Cocktails are deliciously prepared and beautifully presented - Rita and Jody have mastered the Negroni with multiple variations (and you can even ordered bottled versions for when you entertain!)

Best menu items include:
Cacio e Pepe
Lemon Risotto
Sicilian Meatballs
Grilled Artichokes
Carrots
Branzino

And then the desserts! Cannolis, Tiramisu, Olive Oil Cake - elegant and delectable!

If you are up for an after dinner drink, enjoy an Espresso Martini or an Aperol Spritz (yes,even after dinner!)
 
Molte grazie! Non vedo l'ora di tornare!",False,0,0,0,Ariana T.,en,"{'neg': 0.0, 'neu': 0.755, 'pos': 0.245, 'compound': 0.9888}",0.9888,0.245,0.0,0.755,positive
158,2024-01-20 21:44:59+00:00,5,Amazing!!! I have been waiting to visit for a long time but always worried about the wait... There is always a wait but it's definitely worth it. TRUST me...,False,0,0,0,Daphna K.,en,"{'neg': 0.236, 'neu': 0.431, 'pos': 0.334, 'compound': 0.6514}",0.6514,0.334,0.236,0.431,positive
157,2024-01-21 05:21:59+00:00,4,"Gotta know what to order here. Dishes were either very lackluster or blow your socks off! I might regret sharing this but the octopus was the best in the city that I've tried thus far. And I always judge a place by its octopus. The mushroom dish is what I'd want Every mushroom dish to be, a bit rich and supremely flavorful with different textures and notes. The egg with artichoke special was on point, the chef really has his French omelette skills down. The cappuccino was amazing- flavorful, mild in acidity and perfect foam. I had 2 :D. The sardines were just pretty good, maybe some flaked sea salt might improve it and a lemon wedge. Things to skip: raspberry pie was a disappointment as it was a tough crust with jam, tiramisu was lacking in coffee and liquor, the fennel salad did not stand out, the roasted carrots with yogurt were cold (would have been better warm to contrast the chilled yogurt). I would like to go back and try the rest of their dishes, as a few left me quite impressed and I have to wonder what else does this unassuming place have in store.",False,0,0,0,Ana S.,en,"{'neg': 0.099, 'neu': 0.623, 'pos': 0.278, 'compound': 0.994}",0.994,0.278,0.099,0.623,positive
156,2024-01-21 16:13:23+00:00,5,"Not my first time but definitely one of my favorite restaurants to return to in NYC. The food never disappoints! For starters, they make one of the best espresso martinis. Started with the insalata verde, cavoletti, and arancini ...delicious! Every time I come here I get the cacio Pepe but the Tagliatelle was even better! I remove the prosciutto because I'm pescatarian but I'm sure it tastes even better the original way. The staff is always super friendly and attentive. We had to sit outside because it was the best option and they offered us blankets to keep warm. Overall, it's worth the wait (no reservations) and you won't be disappointed. Make sure you go early and put your name down because people do fight about skipping lines! Don't forget the tiramisu!",True,0,0,0,Jennifer G.,en,"{'neg': 0.043, 'neu': 0.588, 'pos': 0.369, 'compound': 0.9965}",0.9965,0.369,0.043,0.588,positive
155,2024-01-23 20:33:14+00:00,5,The Cacio e pepe is worth they hype. It is definitely one of my favorites in the city. The sauce was just thick enough,False,0,0,0,Jane W.,en,"{'neg': 0.0, 'neu': 0.73, 'pos': 0.27, 'compound': 0.7506}",0.7506,0.27,0.0,0.73,positive
154,2024-01-29 03:28:23+00:00,2,"Went in with high expectations, seeing as every time I pass this place there's a line around the block. I figured there must be a reason why people are willing to degrade themselves by waiting an hour in line to eat dinner at 4:45 PM. 

Can confidently say that this was the most disappointing meal I've had in NYC. The cacio e pepe was bland, heavy, and tasted like a butter/cream/cheese soup. The wild boar ragu was meh. Bread costs $3? Lame. 

Service was bad. I think we had about 5 different servers throughout the hour that we were there. Did not enjoy the wall of windows looking out onto that god awful outdoor seating area. All around it was a miss! 

Will wrap things up by saying the tiramisu was great, I at least have to give them that.",True,1,0,0,Nicole K.,en,"{'neg': 0.225, 'neu': 0.704, 'pos': 0.072, 'compound': -0.9803}",-0.9803,0.072,0.225,0.704,negative
153,2024-01-30 15:03:52+00:00,3,"My coworker texted me that this restaurant is Taylor Swift's go-to in NYC... so of course we booked the first reservation we could find! We had gotten an 11:30am lunch reservation, but the timing worked out for the better. The restaurant is a bit smaller than I expected. There are a lot of small tables and communal tables where everyone can sit. My friend and I got a pretty small table and it was a little hard to fit everything we got on there, and we only got 2 entrees, an appetizer, and 2 drinks. I was looking at the menu and saw two vegetarian entree options - the cacio e pepe and the meyer lemon risotto. We ordered drinks and went with their appetizer special of the day, the pear and gorgonzola toast.  I went with the meyer lemon risotto as I've never had risotto before, and my friend got the potato tortellini with bolognese sauce. We waited a really long time for our drinks to come out, and I felt like the service was a bit slow considering the restaurant was pretty empty when we went. Once we got the appetizer, we dug into it because it looked so good. Personally, I think the gorgonzola pear toast was the star of the show. I loved how the sweetness of the pear balanced out the salty, earthy flavor of the cheese. The roasted walnuts also helped with the texture and taste. It was a solid 8/10 for me. Next was the entree - the risotto. I thought it was good, very lemony which is right up my alley. I felt like the taste got a bit bland though once I kept taking bites of it. I think I started to lose the taste, not sure why that happened. Considering that it is a little pricey to eat here, I was disappointed with the lack of vegetarian options. I hope they expand their menu so vegetarian or vegan folks don't have to settle for a salad. I think Via Carota is a great restaurant for a one time experience, and maybe I'd come back if their menu changes!",True,0,0,0,Saniya S.,en,"{'neg': 0.142, 'neu': 0.697, 'pos': 0.162, 'compound': 0.7621}",0.7621,0.162,0.142,0.697,positive
152,2024-01-30 19:15:32+00:00,5,"Had a great time here! The food was absolutely delicious, and I had high hopes because of all the hype. The Cacio e Pepe was one of the best I've had in Manhattan, and the broccoli rabe was delicious. The prosciutto pasta could have definitely been more flavorful, but was creamy and yummy. 

The service was good - nothing notable in the positive or negative. The place itself had cute old school Italian vibes. Luckily we were seated at a standalone table, but there was a large section of couple's tables that were extremely close and I was glad we weren't seated there. Overall: Yum!!",True,0,0,0,Cate T.,en,"{'neg': 0.079, 'neu': 0.574, 'pos': 0.348, 'compound': 0.9902}",0.9902,0.348,0.079,0.574,positive
151,2024-01-31 01:16:52+00:00,5,"No reservations, no problem because we will definitely wait for the amazing food here. Our wait was about 40mins on a Saturday bite which wasn't too bad. We were seated outside in the heated outdoor seating and they even provided blankets which was perfect. This definitely made it a cozy vibe for our girls dinner. 

Our waiter was excellent, very informative about the menu and asked us about our likes and dislikes. We started off with drinks of course , I had the espresso martini which was so good ! 

Next we started with a few appetizers, the Carciofi Alla Griglia- Grilled artichokes & aioli , 'Nduja Arancini -
Rice & spicy pork fritters & the Insalata Verde -
Leafy greens in sherry vinaigrette. Let me just say all of this is a must , so full of flavor and the quality of the food was just incredible and prepared perfectly. 

For dinner we opted for the Tonnarelli pasta , which was very light and the pasta was cooked perfectly. The simplicity of this dish left you satisfied with every bite. 

To end our dinner we had the tiramisu which was the perfect ending to all the delicious food we had. This place is truly lovely and if I could give it 10 stars I would, it's a place everyone should experience.",False,2,1,2,Vanessa J.,en,"{'neg': 0.064, 'neu': 0.698, 'pos': 0.239, 'compound': 0.9937}",0.9937,0.239,0.064,0.698,positive
150,2024-02-02 17:33:58+00:00,5,"Came here for lunch, nice casual environment. Overall staff was great and service was attentive.

We started the meal with the brussells salad and arancini. Brussels salad was amazing and would have again, arancini was cooked nicely but the nduja was only ok. Pretty disappointing that the bread and oil was an additional charge and not just given to us, but $3 from every table adds to the profit!

Pastas we did the tagliatelle and pappardelle. First dish was pretty delicious, but the 2nd was disappointing in terms of portion and it seemed old, almost like its been sitting out a while. Taste was still good though! Doesnt warrant losing a star.

Tiramisu at the end was very very good, perfectly paired with a latte!

Will come back :)",False,0,0,0,Vinny B.,en,"{'neg': 0.112, 'neu': 0.568, 'pos': 0.32, 'compound': 0.9893}",0.9893,0.32,0.112,0.568,positive
149,2024-02-04 17:57:30+00:00,2,Average food and average service. It's not worth the hype. I think it's fantasized by Hollywood,False,0,0,0,Divyanshu K.,en,"{'neg': 0.39, 'neu': 0.61, 'pos': 0.0, 'compound': -0.7695}",-0.7695,0.0,0.39,0.61,negative
148,2024-02-05 00:25:49+00:00,2,"Sadly this place has gone downhill massively. The green salad and wild boar pappardelle were good tonight, but the truffle pasta, wine, and service were pretty awful. The pasta was so overcooked it was mushy and lacked any flavor - it was like cafeteria butter noodles with truffles on it. Really substandard compared to several years ago.",False,0,0,0,A M.,en,"{'neg': 0.3, 'neu': 0.586, 'pos': 0.114, 'compound': -0.9666}",-0.9666,0.114,0.3,0.586,negative
147,2024-02-07 05:29:04+00:00,5,"Well, everything was so lovely that I forgot to take pictures of anything. Great service, amazing food I would definitely suggest the Castel Franco. A magical salad to say the least. Also had a special of the day of sardines and they were done so beautifully and perfect. Can't wait to go back another time when I can actually be in the restaurant because I was out on the deck, and it was a little breezy for me even with the heaters.",False,0,0,0,Angelina D.,en,"{'neg': 0.0, 'neu': 0.675, 'pos': 0.325, 'compound': 0.9858}",0.9858,0.325,0.0,0.675,positive
146,2024-02-07 21:28:51+00:00,5,"Great food and service.  Probably one of the best restaurants in the west village.   Il soti, buvette by the same duo are just as good and nearby.",False,0,0,0,Raymond P.,en,"{'neg': 0.0, 'neu': 0.682, 'pos': 0.318, 'compound': 0.9042}",0.9042,0.318,0.0,0.682,positive
145,2024-02-10 03:55:23+00:00,2,"What a bummer!  I stopped in around 12:30 this afternoon and asked if by chance they had a single.  They did! - at the bar.  I thought I was the luckiest guy on earth.

To start, I had the ribollita.  It was certainly a gusty stew of pulse and greens but completely lacking in taste.  Yummy ain't the word for it.  (The well-meaning but limited bus boy voluntarily packed up the unfinished bowl for me in a cardboard container that ruined my carry-all.)

Next came the papardelle in ragù.  The pasta was legendarily thin and tender and the ragù was meaty, but the ragù had very little liquid and was inadequate to sauce the pasta.  It was tiresome to eat and I brought half of it home, to which I will add some much needed sauce.

If only I had gone to Cowgirl Hall of Fame (as I originally intended) and had their wonderful chili!",False,0,0,0,Frank C.,en,"{'neg': 0.076, 'neu': 0.746, 'pos': 0.178, 'compound': 0.9706}",0.9706,0.178,0.076,0.746,positive
144,2024-02-11 01:08:48+00:00,5,"Does Taylor Swift have good taste in food? The answer is a resounding yes. Every aspect of the experience was amazing. 

The restaurant staff was so kind in making sure I would have a table that fit my accessibility needs. Nicole went out of her way to be helpful and everyone else I encountered went above and beyond in making it an exceptional experience. 

The food is totally worth the hype, especially the tonnarelli pasta (cacio e pepe)! We also got the Brussels sprouts salad on recommendation of our waiter and absolutely loved it, as well as the roasted carrots. We got the mushrooms to go with our pasta and they were good but my least favorite veg. The tiramisu is also a must! 

Wheelchair access: no steps to get inside, there is a great wheelchair accessible bathroom at the end of the bathroom hall. The outdoor patio is flat with the street and has heaters. The are street tables too.",True,1,0,1,Anna P.,en,"{'neg': 0.034, 'neu': 0.794, 'pos': 0.172, 'compound': 0.9589}",0.9589,0.172,0.034,0.794,positive
143,2024-02-12 03:28:26+00:00,1,"They charge $3 for extra Parmesan. I honestly can't imagine anything tackier than that. Charging THREE DOLLARS for a sprinkle Parmesan on a $25 plate of pasta. This place used to be a wonderful. The salads used to be amazing, the veggies were excellent. Now, everything seems to have faded. The service is lackluster, the server seem mildly annoyed that you're there and the food is just mediocre. But the $3 surcharge for a spoonful of Parmesan just sent me over the edge.",False,0,0,0,Sasha A.,en,"{'neg': 0.084, 'neu': 0.812, 'pos': 0.104, 'compound': 0.2023}",0.2023,0.104,0.084,0.812,positive
142,2024-02-12 12:50:07+00:00,5,This place most times has amazing dishes. It's one of our favorite restaurants. We have been multiple times and almost never disappointed. Ambiance and service are great too.,False,0,0,0,Angelos K.,en,"{'neg': 0.0, 'neu': 0.618, 'pos': 0.382, 'compound': 0.9418}",0.9418,0.382,0.0,0.618,positive
141,2024-02-12 20:53:49+00:00,5,"Stopped in here and grabbed two seats at the bar with no problem.  As usual the food and wine were outstanding.  We enjoyed the huge salad which is so perfectly dressed and vibrantly green.  The chicken livers, cacio pepe and the pasta special were A+.  There are so many great sounding menu items that we will continue to come back and work our way through the menu.  We really enjoyed our Sunday afternoon here.",True,0,0,0,Trae F.,en,"{'neg': 0.071, 'neu': 0.666, 'pos': 0.264, 'compound': 0.9663}",0.9663,0.264,0.071,0.666,positive
140,2024-02-14 20:21:43+00:00,5,"polipo
grilled octopus & green olive pesto with a glass of white wine 
And 
rigatina
charred pork belly & cippolini agrodolce with a glass of red.
Everything was delicious 

I sat at the bar and the service was 1st class, attention to detail, professional & charming. 
The ambiance was simple, & elegant.",False,0,0,0,Izzy N.,en,"{'neg': 0.0, 'neu': 0.707, 'pos': 0.293, 'compound': 0.9657}",0.9657,0.293,0.0,0.707,positive
139,2024-02-15 16:49:58+00:00,3,"The servers were very polite, so no qualms. The food was somewhat of a miss. The cultured butter and anchovies were my favorite. The bread was fluffy and fresh, butter was delectable and I love salty anchovies. If I had a complaint, it was that the butter on each slice was huge and made me too full for other things, but is that really a complaint? Unfortunately, the arancini filled with spicy pork, although cooked very well and crisp on the outside, had an off smell and flavor. The brussel sprout salad was quite large and fresh. It did not have much flavor other than being fresh. The pastas were extremely salty. Albeit the pasta itself was well-made and soft. The cacio e pepe was so salty I could barely eat it. The pappardelle had good flavor, but the wild boar pieces were dried out. It was also very salty.

Probably will not return.",True,0,0,0,Stacy T.,en,"{'neg': 0.179, 'neu': 0.652, 'pos': 0.169, 'compound': -0.6175}",-0.6175,0.169,0.179,0.652,negative
138,2024-02-16 15:57:51+00:00,3,"Popped in for lunch on a trip to NYC. Vibes were so nice. Service was a bit mixed, with some staff being more pleasant than others. Had high expectations of Via Carota because of all the online hype. While it's a beautiful restaurant, the food fell short. It was a bit bland, portions were smaller than average, and just didn't quite align with the pricing. I was with three other people, we all had different dishes and shared the same sentiment.",True,1,0,0,Natalie L.,en,"{'neg': 0.083, 'neu': 0.762, 'pos': 0.155, 'compound': 0.7656}",0.7656,0.155,0.083,0.762,positive
137,2024-02-19 01:20:09+00:00,4,"No reservations!! So we got there at 4:08pm and I was the 7th pair/group to wait in line the line got crazy at around 430 by 5 there was more than 50 pairs (Saturday)
Cute space nice/simple decoration 
Our waiter was friendly 
The arancini were big and delicious they have some spicy pork inside yum! 
The salad was simple but really good. big perfect for sharing 
We ordered the ragú and pappardelle the pasta was really good a bit on the salty side but yummy 
We ordered a beer and the pomegranate soda very refreshing 
I think is fairly priced for the neighborhood and the hype 
The only thing I don't like it's the no reservations/waiting in line 
So if you want to try it go during the week",False,0,0,0,Fernanda S.,en,"{'neg': 0.11, 'neu': 0.661, 'pos': 0.229, 'compound': 0.9735}",0.9735,0.229,0.11,0.661,positive
136,2024-02-21 12:11:55+00:00,4,"Via Carota offers simple yet great Italian cuisine. My favorite dish on the menu is their Cacio e Pepe, which I highly recommend pairing with a side of broccoli rabe. Everything on their menu is delightful.

I recommend going for lunch especially on the weekends to avoid waiting for a table.  If you need to wait, also check out a nice bar two doors nest to it called Grove Street Social.",True,0,0,0,Clement K.,en,"{'neg': 0.099, 'neu': 0.673, 'pos': 0.228, 'compound': 0.8716}",0.8716,0.228,0.099,0.673,positive
135,2024-02-25 22:50:59+00:00,1,"This is a pretentious dining spot with average food and very inconsistent service.  Plus they were advised it was a birthday in the Resy reservation and this was no acknowledged.
  This was a complete waste of money and time.",False,0,0,0,Linda B.,en,"{'neg': 0.289, 'neu': 0.711, 'pos': 0.0, 'compound': -0.9186}",-0.9186,0.0,0.289,0.711,negative
134,2024-02-25 23:43:18+00:00,5,"One of the best Italian spots in the city! Outstanding food, great service, the vibe is old and cozy. Their Cacio e Pepe is the best I've ever had, the homemade noodles take it over the top and the sauce was perfect. My dad got the special which was a pesto papardelle and it was outstanding. We also got the zucchini frites as an appetizer and they were so delicious (and a huge portion). This place is frequented by celebrities and it's clear why.",False,0,0,0,Anna P.,en,"{'neg': 0.0, 'neu': 0.595, 'pos': 0.405, 'compound': 0.9939}",0.9939,0.405,0.0,0.595,positive
133,2024-02-27 21:24:03+00:00,3,"The food is good but service not so much. The server claimed that tiramisu is plated at the moment and cocoa on top is sprinkled fresh but when I asked if I could have one with no cocoa on top (a very basic request) he said they can't make such modifications. Same for cannoli: he said they are filled with ricotta at the moment of order and then dipped in chocolate drops and I said ""can I have mine not dipped in chocolate"" and again no modifications. Oddly annoying.",False,0,0,0,Chiara D.,en,"{'neg': 0.123, 'neu': 0.761, 'pos': 0.116, 'compound': -0.4118}",-0.4118,0.116,0.123,0.761,negative
132,2024-03-05 04:48:04+00:00,1,"I don't usually leave reviews, but have to call out the terrible service. The waitress was disinterested, inattentive, and would not make eye contact with us when giving the specials. It felt like we were a burden being there. Did not check in on us during our dining and we had to flag another waiter down for another round of drinks. The food was fine, but nothing I would come back for given the vibe.",False,0,0,0,Rachael M.,en,"{'neg': 0.185, 'neu': 0.733, 'pos': 0.082, 'compound': -0.9221}",-0.9221,0.082,0.185,0.733,negative
131,2024-03-09 19:01:20+00:00,1,"I don't get it. For all the fuss, they give you the longest wait times and the servers/waitstaff seem to get a pleasure out of being rude to you. The food isn't extraordinary. They make a good Negroni. I've been a long time patron of Rita's establishments but this makes no sense. Service is everything. Food is so important. But one without the other is no for me.",False,0,0,0,Jennifer C.,en,"{'neg': 0.184, 'neu': 0.721, 'pos': 0.095, 'compound': -0.7876}",-0.7876,0.095,0.184,0.721,negative
130,2024-03-18 00:40:23+00:00,5,"Stopped by Via Carota after a long stroll this afternoon and left very satisfied. At first I thought there'd be a wait time since this restaurant is so popular, but I was immediately seated at the bar -- the best thing about solo dining. The bartenders were nice and displayed the perfect balance of being friendly while minding their business. The service was efficient but not once did I feel rushed. The amount of food you're receiving is rich, abundant, and protein packed -- VC isn't skimping out on the good stuff  Additionally, everything on the menu is unique and this restaurant is the kind where you can try a new dish each time you stop by. Definitely coming back to do that! Restrooms are clean but there's usually a line. Management is very professional when handling mishaps -- diners next to me received a poorly cooked pork chop and they received a new one plus the fee for this dish was taken off their tab! Price per person averages $40-60.",False,0,0,0,Morgan W.,en,"{'neg': 0.113, 'neu': 0.654, 'pos': 0.232, 'compound': 0.982}",0.982,0.232,0.113,0.654,positive
129,2024-03-18 02:08:36+00:00,1,Mediocre. Over cooked fresh pasta. Rude irreverent service. Not rushing back. Don't bother. Don't believe the hype.,False,0,0,0,Rod C.,en,"{'neg': 0.344, 'neu': 0.448, 'pos': 0.208, 'compound': -0.7153}",-0.7153,0.208,0.344,0.448,negative
128,2024-03-18 16:27:37+00:00,4,"I've been wanting to come here for awhile (after finding out it is one of Taylor Swift's favorite restaurants). They promised my friend and I an hour wait, but it was more like an hour and a half. What was annoying was they seated a party of 2 before us even though they arrived after us and put their names down after us. They said we could sit at the bar or sit at the table they prepared for us after they cleaned it, and we chose the table, but there must have been some miscommunication because we waited longer and then they STILL sat us at the bar. Whatever, it's fine, we were hungry. 
I ordered the papardelle and it was sooo delicious. Worth the price. However, the portion size of the pasta was a bit smaller than other places I've been to in NYC. I savored every bite, but I wish we had ordered apps to go with our mains since the portion sizes were small. 
Also, since we were at the bar, the bartender was making drinks right in front of us, and a few times splashed me, which wasn't a pleasant experience...
We ordered dessert, I got a frozen chocolate mousse thing (the menu is in Italian) and I was unpleasantly surprised to find that it had a bunch of nuts in it. My friend got the tiramisu and really enjoyed it. 
They have matchbooks if you want to collect them.
Overall, it was a delicious meal, the ambience is good, but the wait was annoying and the bar seating is less than ideal.",False,0,0,0,Sarah C.,en,"{'neg': 0.114, 'neu': 0.696, 'pos': 0.19, 'compound': 0.9744}",0.9744,0.19,0.114,0.696,positive
127,2024-03-22 04:03:16+00:00,1,"Even after all of the horrible food reviews I have seen about this restaurant I still decided to give it a chance. The food was less than impressive and couldn't have been more average. At the end of dinner after paying the check we decided to stay and chat for a while. We then got accused of not paying our $600 bill, which we did indeed pay. The woman who handled this situation couldn't have been less graceful or kind. She was extremely rude. I highly reccomend avoiding this restaurant. Not worth it.",False,0,0,0,Genevieve H.,en,"{'neg': 0.218, 'neu': 0.685, 'pos': 0.097, 'compound': -0.9399}",-0.9399,0.097,0.218,0.685,negative
126,2024-03-25 16:15:15+00:00,5,"Officially made it to Via Carota and I feel as if I have finally lived. An A++ meal. 

My partner and I didn't have a resy but got in line outside around 5:15pm on a Sunday. There were probably already 15 people ahead of us but within 30 minutes or so we made it to the front to put our name down and had an estimated wait of 45 min. Worth noting that the people ahead of us actually got a spot at the bar. 

Once seated we ordered drinks but had to have our full order (apps, mains, etc) ready before we could order. We ended up going all out because why not, and we got the arancini, acciughe e burro (butter and anchovies bruschetta), the insalata verde, carciofi alla griglia (grilled artichokes), pappardelle, and the Via Carota Svizzerina. The absolute most incredible thing of all was the Svizzerina -- a hand chopped grass fed steak. This was reminiscent of the most perfectly cooked burger you could ever dream of -- crispy outside and PERFECTLY seasoned, with a beautiful cook on the inside. The pappardelle was good but I'd try something else pasta-wise next time. The insalata verde was top notch as well. Perfectly dressed and super fresh and crisp. The acciughe e burro was a top dish for me, sooo delicious and mouthwatering. My only note is there is a TON of butter on these guys, so I scraped a bit off knowing what else was coming after. 

All of that said, every single dish was delicious. We were blown away the entire meal... which was a really nice surprise. Sometimes with popular spots like these you worry they may not live up to the hype, but Via Carota does.

Last important mentions of the night were the Negroni Bianco (SO GOOD) and the Zabaione. The best dessert I've had in a while. A must.",True,0,0,0,Kaley R.,en,"{'neg': 0.021, 'neu': 0.687, 'pos': 0.291, 'compound': 0.999}",0.999,0.291,0.021,0.687,positive
125,2024-03-25 21:26:18+00:00,4,"Via Carota is a place no contrarian wants to love. But the 'nduja arancini, insalata verde, and cavoletti are each in my top 10 NYC dishes, and that was just our first course. While our pastas were a bit salty, the always-excellent negronis (same as at Bar Pisellano and I Sodi), an indulgent affogato and tiramisu (albeit a bit too much cream), and possibly the best spot for people-watching in the city left my contrarian streak shattered on Grove Street.",False,0,0,0,Eric G.,en,"{'neg': 0.137, 'neu': 0.75, 'pos': 0.114, 'compound': -0.4854}",-0.4854,0.114,0.137,0.75,negative
124,2024-04-09 12:43:37+00:00,1,"Unfortunately this place has dropped off majorly. The host staff has always been snooty and standoffish here, but they've gotten much worse since Taylor swift has turned this into a tourist spot. We cane at 5 pm and they tried to sit us at the very small end of a longer group table without saying a word to us that this was an option. We asked to change it and got a dirty look until they did and put us at another table with just a bench and no back. No one came over to our table for 20 minutes. We had to ask and then it was another 10 minutes until someone actually came and there was no apology or mention of it. Just asked what they could get for us. When we ordered drinks, mine had a bug in the bottom of it. I told them and the brought it back out and never apologized at all or mentioned it nor did they offer to comp it or take it off the bill. After all of this I ordered a decaffeinated cappuccino and it absolutely had caffeine in it and kept me up until 4 am. And then they had the nerve to kick us out of our seats after not coming over to wait us on for 30 minutes without any mention of a spot at the bar. This place has completely lost itself if it ever had one. The food is good but it's not worth this. Save yourself a disappointing experience.",False,0,0,0,Dominick C.,en,"{'neg': 0.188, 'neu': 0.77, 'pos': 0.042, 'compound': -0.9939}",-0.9939,0.042,0.188,0.77,negative
123,2024-04-10 22:13:54+00:00,3,"Walked in on a weekday just after noon and were seated outside. We shared the insalate verde and the tagliatelle with parmigiano and prosciutto. Nice selection of wines by the glass in the $16 to $20 range. We skipped on drinks, so the two items came out to about $60 with tax and tip. Service was attentive and the food was ready fairly quickly.",True,0,0,0,Joseph T.,en,"{'neg': 0.0, 'neu': 0.827, 'pos': 0.173, 'compound': 0.9062}",0.9062,0.173,0.0,0.827,positive
122,2024-04-12 21:35:52+00:00,5,"What a fantastic dinner for my 50th birthday!! Thank you, Via Carota! 

This neighborhood spot lived up to the hype, and I am still beaming with joy from our amazing dining experience at Via Carota.

While this is mainly a walk-in only restaurant, our party of 5 had reservations (they have limited reservations that open up 30 days in advance, at 10am daily). But the people before us took a while to leave, so we waited a bit by the bar before being seated. We were seated in the back room at a long table, which was more intimate and quieter than the main dining room. I was very grateful for that. 

The service was impeccable. Our servers were all so friendly, helpful, and knowledgeable when it came to the wine list. They have a fantastic wine list, with some Italian wines that I don't see very often on restaurant menus. We ordered two bottles - a Nebbiolo and a Schioppettino -  that were both fabulous. 

Our meal was lovely. Rustic Italian comfort food with simple ingredients that were allowed to shine in each dish. The pastas were classic pasta dishes that were well executed. We had the tagliatelle, cacio pepe, and papardelle. Delicious. The carrots are phenomenal! Charred just enough to bring out those natural sugars, with thoughtful herbs and seasonings. Definitely order the carrots!

And of course, order the Insalata Verde. Their signature salad is a beautiful pile of layered greens and a light dressing that should be bottled (it might already be?). Two people can easily split one order.

The desserts are delicious as well. We had the cannoli and olive oil cake, which were delightful, fitting desserts to round out the meal. 

I also found the prices to be super reasonable considering the quality of food and wine, and how popular the restaurant is. 

Is it worth the wait? I think so. I've heard that lunch is a good time to go, to avoid long wait times. We all really enjoyed the whole dining experience here -- the entire staff is amazing! -- and I will absolutely be back on future trips to NYC!",True,1,0,0,Marlynn S.,en,"{'neg': 0.07, 'neu': 0.637, 'pos': 0.293, 'compound': 0.9989}",0.9989,0.293,0.07,0.637,positive
121,2024-04-12 22:12:41+00:00,5,"Worth the wait. They don't take reservations, so scoring a table isn't for the faint. I got lucky with a great bar seat at lunch time. Food was amazing as promised. Cacio Pepe was REALLY good. Great staff. Pretty interior. I'd say it's a great date spot.",False,1,0,1,Ulrike W.,en,"{'neg': 0.05, 'neu': 0.487, 'pos': 0.463, 'compound': 0.9818}",0.9818,0.463,0.05,0.487,positive
120,2024-04-16 21:24:23+00:00,1,"Reservations are not accepted. In other words, Via Carota essentially gives a big GFY to people with meal timing  issues (Type 1 diabetic here)  or those with mobility disabilities who need to know when they can expect to be seated.  Restaurants with that attitude should get over themselves.  My experience rating is not based on the food but on the overall customer experience, which has been extremely disappointing because of the uncaring nature of Via Carota for customers with special needs.",False,0,0,0,Brian T.,en,"{'neg': 0.131, 'neu': 0.83, 'pos': 0.039, 'compound': -0.8518}",-0.8518,0.039,0.131,0.83,negative
119,2024-04-21 04:50:18+00:00,5,This place is a gem. Fantastic food and ambience. Great service. Always a must when in New York.,False,0,0,0,Michelle W.,en,"{'neg': 0.0, 'neu': 0.645, 'pos': 0.355, 'compound': 0.8271}",0.8271,0.355,0.0,0.645,positive
118,2024-04-21 09:16:40+00:00,5,"Happily influenced by Taylor Swift because it led us to this gem! There was no wait for a walk-in lunch on a weekday. We opted for their cute patio seating to finally enjoy spring in NY!

The tonnarelli (cacio e peppe) was the best I've had, but the vegetables are the stars of the show. We love a seasonal menu! If you're lucky enough to dine during ramp season, this is a unique dish and a must order. The salad is refreshing and crisp - I'm inspired to shave boiled eggs now too. They're very generous with their broccoletti servings as well. 

The hype is real. I can't wait to dine here again and share even more dishes with friends!",True,3,0,2,Allison V.,en,"{'neg': 0.058, 'neu': 0.666, 'pos': 0.276, 'compound': 0.9859}",0.9859,0.276,0.058,0.666,positive
117,2024-04-21 14:41:31+00:00,5,Love this place for lunch. Sit outside and get an aperol spritz and one of their tasty salads. I sat outside and enjoyed people watching and the sun. Perfect afternoon. Trust,True,16,9,18,Claudine V.,en,"{'neg': 0.0, 'neu': 0.549, 'pos': 0.451, 'compound': 0.9702}",0.9702,0.451,0.0,0.549,positive
116,2024-04-21 21:17:04+00:00,4,"Lovely Sunday lunch at Via Carota...One hour wait at 1pm. Sunday is the best day to go as Traffic and parking are simple.
Service is outstanding.
Seating is tight but not uncomfortable.
The arancini are absolutely outstanding as is the Grilled artichoke with a lemon aioli. 
The cacio e Pepe might be the best I have had while the Parmigiano and prosciutto is slightly less successful. The homemade pasta is wonderful and cooked perfectly. The tiramisu was disappointing as I felt there was too much mascarpone which doesn't have a lot of flavor on its own so in turn the dessert was flat. I have to agree with most diners as charging $3 for bread at their price points is a bit ridiculous. 
Overall a wonderful experience and I would return for the Arancini and Cacio alone.",True,2,0,2,Jonathan R.,en,"{'neg': 0.085, 'neu': 0.643, 'pos': 0.272, 'compound': 0.9889}",0.9889,0.272,0.085,0.643,positive
115,2024-04-24 19:59:33+00:00,5,This place continues to be a 10/10. The food is always consistently good and you know what you're getting. Everyone is always freaking out about the wait but in my opinion I've never had longer than an hour. Come here on a week day at 6ish and you'll get a table in 20/30 minutes. Come here for a weekend brunch and you'll probably have to wait 45 but it goes fast and they text you. That being said If you want to go for a weekend dinner you will have to put your name down at 5.,False,0,0,0,Hayley M.,en,"{'neg': 0.088, 'neu': 0.878, 'pos': 0.034, 'compound': -0.743}",-0.743,0.034,0.088,0.878,negative
114,2024-04-26 15:24:06+00:00,3,"I can back to Via Carota recently and was so disappointed. I expected better when they have been ranked so highly in so many lists for where to eat.

First, it took us 30 minutes to get seated. Next, I shared my allergen then was served bread with my allergen.

It took over an hour for our pasta to come out.

Raw artichokes: 8/10

Pretty good dish but nothing crazy. Took 40 minutes to come out and there's no cooking required.

Pappardelle: 8/10

Pasta was fine. I wanted it to taste more fresh. I didn't like the wild boar in it either. It was dry.",True,2,0,1,Olivia P.,en,"{'neg': 0.153, 'neu': 0.716, 'pos': 0.131, 'compound': -0.6926}",-0.6926,0.131,0.153,0.716,negative
113,2024-04-26 18:27:43+00:00,3,Been wanting to try this place for a while to see the hype. I do think its a bit overrated. The pasta was pretty good but it wasnt a super memorable dish for me.,True,0,0,0,Queenie H.,en,"{'neg': 0.171, 'neu': 0.717, 'pos': 0.112, 'compound': -0.4886}",-0.4886,0.112,0.171,0.717,negative
112,2024-04-29 19:06:15+00:00,3,"It wasn't bad but wasn't worth the hefty wait times some people were quoted. We honestly wanted an app and some outdoor drinks while in the neighborhood. Service was the most off putting- the waitress generally seemed confused and offended we didn't want to order mains. At the end of the meal she kind of lightened up but it was weird to question how much food we did or didn't want to have.

Espresso martini was good, aperol spritz was tiny and OK. Grilled artichokes great but for the price, you barely got anything. Bread was fantastic and so were the arancini.

Trendy looking spot, I'm sure the pasta was decent but seemed too uppity with snooty service to match.",True,1,0,0,Catherine M.,en,"{'neg': 0.215, 'neu': 0.64, 'pos': 0.145, 'compound': -0.9097}",-0.9097,0.145,0.215,0.64,negative
111,2024-04-30 13:42:58+00:00,5,"Absolutely one of the best Italian places I've dined at in NY (and Chicago). The staff was overall friendly. Our first server had a ton of attitude, but his shift ended during our dining experience and the server that replaced him was great. The food is wonderful. It's worth the wait.",False,0,0,0,Joshua C.,en,"{'neg': 0.111, 'neu': 0.625, 'pos': 0.264, 'compound': 0.8898}",0.8898,0.264,0.111,0.625,positive
110,2024-04-30 22:17:07+00:00,3,"Ate here 3 times over the years. For all the hype, all times were just ok. To be clear, not bad but not great.

1 time ordered a chicken. And it was literally just that: a chicken leg. Nothing else. No condiments, garnish, sides, or salad. Nada. Just a piece of meat on a plate. Was quite off-putting.

I wonder how much following it would have if not for their location.",False,0,0,0,Tair A.,en,"{'neg': 0.102, 'neu': 0.808, 'pos': 0.091, 'compound': -0.427}",-0.427,0.091,0.102,0.808,negative
109,2024-05-01 01:19:09+00:00,4,"I really don't understand all the hype on Via Carota. Is it good? Yes. Is it worth waiting two hours in line for? Probably not. 

I came in for lunch on a Friday and it was totally packed by 11:45am. Thankfully I snagged a bar seat. I ordered the ""iconic"" cacio e Pepe - I thought it was good, but not the best I've ever had. If you can easily get a table here, then definitely go, but with so many amazing Italian restaurants in NYC, a long wait just isn't worth it.",True,0,0,0,Sarah L.,en,"{'neg': 0.147, 'neu': 0.635, 'pos': 0.218, 'compound': 0.4452}",0.4452,0.218,0.147,0.635,positive
108,2024-05-01 05:12:15+00:00,3,"I came for lunch on a Friday at open and there was no wait. And honestly, I wouldn't say Via Carota is a place that's worth waiting in line. It's solid but I prefer Don Angie which is nearby(ish). The famed cacio e pepe was quite salty and my friend and I basically had to coerce each other to finish it so that we didn't waste it. The pappardelle was much better but not so good that it's worth waiting in line for.",True,0,0,0,Charles L.,en,"{'neg': 0.155, 'neu': 0.66, 'pos': 0.185, 'compound': -0.0089}",-0.0089,0.185,0.155,0.66,neutral
107,2024-05-01 12:56:00+00:00,5,"Incredible food and warm inviting ambience with neighborhood charm.  Seasoned, courteous service.  This is a special and memorable place which is hard to top!  The only complaint would certainly be that it's very challenging just to get in or obtain a reservation.",False,0,0,0,Shawna R.,en,"{'neg': 0.064, 'neu': 0.537, 'pos': 0.399, 'compound': 0.9564}",0.9564,0.399,0.064,0.537,positive
106,2024-05-03 17:54:13+00:00,3,"You already know about this place. 

The appetizers and the smaller bites are better than the mains. In fact, the pasta was terrible and overcooked. Just get the chicken liver and a few smaller salads and dishes and a bottle of wine and chill for a bit. Portions of the appetizers and are legitimately big so you won't miss the mains.",False,0,0,0,Tae K.,en,"{'neg': 0.116, 'neu': 0.814, 'pos': 0.069, 'compound': -0.6239}",-0.6239,0.069,0.116,0.814,negative
105,2024-05-05 21:53:11+00:00,3,"Came here with a 8pm res on a Tuesday and was really packed! 
Brocollini - was over salted and not very good :( 
Cacio e Pepe - really nice bouncy pasta and tasty, but nothing spectacular 
Meatballs - very solid, but nothing spectacular 

Overall was a bit disappointed given how hyped the restaurant was",False,1,0,0,Connie C.,en,"{'neg': 0.147, 'neu': 0.686, 'pos': 0.167, 'compound': -0.3424}",-0.3424,0.167,0.147,0.686,negative
104,2024-05-09 02:28:11+00:00,3,"Nothing like the reputation it gets. No,  there's nothing to complain about, but I wouldn't go out of my way for this particular restaurant. In other words,  if you're in the neighborhood give it a try.",False,0,0,0,Harel O.,en,"{'neg': 0.088, 'neu': 0.868, 'pos': 0.044, 'compound': -0.1531}",-0.1531,0.044,0.088,0.868,negative
103,2024-05-09 17:32:03+00:00,3,"Expected a lot more from this place based on what I'd read. The peas and fava beans were excellent. The pork belly was an embarrassment and the Baccala was just bland. Service was ok, but our waiter never came to check on us, while positioned  for many minutes next to the bus station across the sidewalk. Location is beautiful but the ownership obviously isn't paying attention. Sad.",False,0,0,0,Barry G.,en,"{'neg': 0.096, 'neu': 0.742, 'pos': 0.162, 'compound': 0.8121}",0.8121,0.162,0.096,0.742,positive
102,2024-05-10 23:00:04+00:00,2,One of the worst Italian meals I have ever had. Order the bruschetta if you want to eat puke on toast. Pappardelle has no flavour at all. I don't know who ever claimed this was a good restaurant because it's not. Only redeeming feature is service is really nice and the ambiance inside/outside is charming.,False,0,0,0,India S.,en,"{'neg': 0.203, 'neu': 0.626, 'pos': 0.171, 'compound': -0.6494}",-0.6494,0.171,0.203,0.626,negative
101,2024-05-14 13:46:51+00:00,5,"We absolutely loved our dinner at Via Carota. To us, it lived up to the hype without ever seeming like it was trying to live up to the hype. That made for a perfect evening.
We started with the fava bean, pecorino, escarole and mint salad. Fantastic, and I think a great example of what makes this place so good. It was a pretty simple thing, but that vinaigrette was just perfect.  Perfectly thick, perfectly salty, perfectly acidic. And the mint. And the favas. And the pecorino. Probably the best salad I've ever eaten.
Then we had the cacio e pepe and the svizzerina. Also simple, but also both just excellent. 
Service was friendly, casual, even funny, but also very knowledgeable. We really appreciated the advice they gave on the menu.
Is it worth standing in line for two hours? We didn't have to, but probably would have. And it's not like you have to literally stand in line. They take your cell phone number, you go have a cocktail somewhere else, and they text you when your table is ready. 
Thanks to everyone at Via Carota for making this meal so enjoyable.",False,0,0,0,Michael M.,en,"{'neg': 0.044, 'neu': 0.641, 'pos': 0.315, 'compound': 0.9971}",0.9971,0.315,0.044,0.641,positive
100,2024-05-19 20:48:27+00:00,3,"Service was great and the ambiance was nice.  The food was not as good as it was 6 months ago in December.  The meatballs were very dry and not seasoned on the inside.  Not good.  Pine nuts inside of them tasted old?  Should have returned it but I felt bad... Boar Parpadelle was ""okay"" but not as delicious or moist as it had been in December.  Something is amiss!",False,0,0,0,Alexis R.,en,"{'neg': 0.175, 'neu': 0.751, 'pos': 0.074, 'compound': -0.8771}",-0.8771,0.074,0.175,0.751,negative
99,2024-05-20 01:08:24+00:00,5,"So good reviewing it a second time. Seriously, such incredible pasta, appetizers and desert. Lovely outdoor seating. Nice selection of wine including some really outstanding desert wines. Great people. Can't think of a better spot for a birthday dinner",False,0,0,0,Scott M.,en,"{'neg': 0.08, 'neu': 0.565, 'pos': 0.355, 'compound': 0.944}",0.944,0.355,0.08,0.565,positive
98,2024-05-25 19:17:40+00:00,4,"Excellent.  This is such a great restaurant. Service is great, atmosphere is filled with high energy and everything we ordered was delicious. I need to come to NY more often just to have food here.",True,0,0,0,Simon D.,en,"{'neg': 0.0, 'neu': 0.571, 'pos': 0.429, 'compound': 0.9719}",0.9719,0.429,0.0,0.571,positive
97,2024-05-25 20:27:11+00:00,5,"Utterly unpretentious and prompt service, surprised we got a table within 15 minutes on a May Thursday night. Super kind server, gave us great suggestions and did not steer us wrong. That toast with butter and anchovies? We should've ordered extra bread for the butter mounds, addictive and simple. Great cacio e Pepe, tasted like Mac and cheese which I suppose is how it should taste. Sexy and smoky Italian ambiance.",True,0,0,0,Brendan D.,en,"{'neg': 0.0, 'neu': 0.658, 'pos': 0.342, 'compound': 0.9836}",0.9836,0.342,0.0,0.658,positive
96,2024-05-29 01:59:38+00:00,3,"It's really too bad I have to say this given all the hype and how much I was looking forward to this but... Via Carota is most definitely OVERRATED. 

Let's start from the beginning...

Because of the popularity and everything I have heard about Via Carota, I have been wanting to try it out for years, but was never able to get a reservation. And so, one day, I decided to just line up with the others outside the restaurant and try to get in via walk-in / waitlist. They start adding people to the waitlist at 5pm, but even before then, a lengthy line had already formed (which I joined). I waited in line for about 45 minutes to get my name on the waitlist. It was a little over 2 hours later that I got a text that my table was ready and I finally entered the restaurant. But at this point, I had expected this given the popularity, so all was still okay.

The first strange thing I noticed was that our waiter never mentioned the daily specials to us, although he did for the tables next to us... so we just ordered from the normal options.

Naturally, I had to order one of their classic pastas, so I got the Tagliatelle ($27). Surely, a nice Italian restaurant like this couldn't mess up their basic pasta, right? Wrong. The tagliatelle was EXTREMELY mediocre. The pasta was kind of mushy and far from the al dente preparation I hoped for. The sauce didn't really add anything to the dish either. Aside from the pasta itself, they just had a clump of parmesan on top with a handful of mediocre peas and a few bits of prosciutto. I am neither Italian nor a particularly great chef, but I am fairly certain I could have made this dish just as well... and probably for 1/5th of the price. 

In addition to the pasta, I also ordered the Orata Alla Griglia ($28), which is grilled sea bream (a fleshy white fish) with charred escarole (a green veggie). The fish was really very ordinary - no special flavor or anything... just tasted like normal white fish. Same for the veggies - they weren't even really seasoned and seemed to have just been thrown onto the pan and then onto the plate.

Throughout our meal, our waiter never checked in on us once. We had to flag him down to ask for the dessert menu, after which he put one single menu on our table for the two of us.

We ended up getting the Tiramisu ($15) for dessert. This was actually the best thing we ordered, as the tiramisu cream was a particularly good creamy consistency and was tasty. The softer ladyfinger parts of the dessert seemed to have been soaked in rum or something in addition to coffee as there was a slight hint of alcohol that actually paired well with the coffee flavor. $15 is a bit steep for this though.

The restaurant's interior has a pretty nice vibe with white tablecloths and wooden chairs to give the vibe of a nice Italian restaurant without being too formal. The space is not that big, but they have also spaced out the tables enough that it feels very comfortable and not crowded at all (perhaps this is why it is so hard to get one of the limited tables).

Overall, I have to say that Via Carota is certainly not worth the effort of trying to get a reservation or waiting for hours to get a table. The food is honestly very mediocre and overpriced. If I was served this at a normal casual restaurant with lower prices, I would probably be fine, but that was not the case here. I think Via Carota might just be one of those places that's popular simply because it's popular and not because it actually deserves it.",True,1,0,1,Stephen L.,en,"{'neg': 0.093, 'neu': 0.775, 'pos': 0.132, 'compound': 0.9799}",0.9799,0.132,0.093,0.775,positive
95,2024-06-07 13:08:45+00:00,5,"Last night we had the pleasure of eating at Via for the first time and boy did it exceed all of our expectations......when we arrived (as expected) it was quite hectic people acting entitled and impatient.....it was clear to us that Evelyn (the GM I believe) handled the whole situation with grace and dignity and patience.......wow, she is super at her job, truly.....and then we had the pleasure of being helped by both Kendall and Jonathan.......she is just fantastic at her job......kind, and helpful and the absolute best recommendations........we LOVED everything she suggested......and she was helped by Jonathan and he too was amazing........they all deserve special recognition and Via Carota is fortunate to have all three on their side....they represent the Via Carota brand well.....thank them for us, it was a really fun evening......",False,0,0,0,Charles S.,en,"{'neg': 0.0, 'neu': 0.715, 'pos': 0.285, 'compound': 0.9932}",0.9932,0.285,0.0,0.715,positive
94,2024-06-10 16:43:52+00:00,4,"Tried to make a reservation here but it was impossible. Walked over and put my name on the list. the hostess was not the most pleasant person but given the crowds at this place I guess she has it rough. I was told I would have a 30 minute wait. I was seated after about 45 minutes. 

The waiter was excellent and the little table outside was perfect on a beautiful day.

Ordered for arancini, the green salad and the pasta with peas. The food was absolutely delicious!! My friend and i shared all three dishes and there was plenty of food.

If they accommodated reservations and the hostess were a bit nicer it would rate a 5 for sure.",True,1,0,1,Leslie C.,en,"{'neg': 0.105, 'neu': 0.631, 'pos': 0.264, 'compound': 0.9814}",0.9814,0.264,0.105,0.631,positive
93,2024-06-20 16:52:34+00:00,5,"Overall: Incredible. I had been wanting to go here for a very long time and finally made it. Absolutely worth all of the hype it gets. The pasta is so fresh and the service was great. 

Reservation: Hard to get a reservation. Put our name down around 7pm and got seated around 9pm. We anticipated a long wait so we didn't go there already hungry and just bounced around the area getting drinks. 

Service: Good service but nothing of note. 

Ambiance: We sat outside and I didn't feel that sitting outside hindered the experience in any way. 

Food: Outstanding. Pasta was so fresh. We got the Tagliatelle ($27), Caccio e Pepe (our favorite $27), octopus ($28), and a Brussel sprout salad that was a special. The salad should absolutely be brought onto the main menu it was a highlight of the meal. Overall the cacio e Pepe was better than the tagliatelle but wroth trying both. The octopus also was a stand out dish, I'd definitely order it again. They brought me cannolis for my birthday that were delicious!",False,0,0,0,Lauren W.,en,"{'neg': 0.046, 'neu': 0.717, 'pos': 0.237, 'compound': 0.993}",0.993,0.237,0.046,0.717,positive
92,2024-06-24 11:29:00+00:00,1,"Please remind me that when a restaurant is called "" trendy"" not to go there. Trendy is code for overpriced inferior product you're supposed to believe is good. We went there after the final performance of Enemy of the State ( which was great!) because my daughter is a huge Michael Imperioli fan and he favors this restaurant. Anyway, we waited two hours for a table ( because it's trendy) and ordered a salad and Burrata. Michael says the salad it amazing. I say it's assorted greens with an unremarkable dressing. Burrata is Burrata. They didn't invent it, so I'm not giving them credit for putting it on a plate. My wild boar ragu was an extremely small portion. I know what you're thinking... well in italy.... I've been to italy. They serve nice portions of in house , made from scratch items. No restaurant starves you in italy.  My son got the risotto, which looked like a bad version of grits. He said he liked it. I tasted it. He was being kind. Tasted sour to me. My daughter got the clams. Clams in a bowl that they call an entree. Whatever. If there's a saving grace it's the excellent service. The staff was quick and knowledgeable. They kept the water glasses full as we ate outside on a blistering hot day. Sadly, I would never return. Please don't be duped by trendy.",True,0,0,0,Marc S.,en,"{'neg': 0.128, 'neu': 0.719, 'pos': 0.152, 'compound': 0.3286}",0.3286,0.152,0.128,0.719,positive
91,2024-06-26 01:54:19+00:00,2,"friendly staff - good cocktails which is why I gave 2 instead of one star - the food was awful. No flavor, the famous salad is just arugula in oil....I question the folks leaving great reviews",False,0,0,0,Susana M.,en,"{'neg': 0.177, 'neu': 0.584, 'pos': 0.238, 'compound': 0.4215}",0.4215,0.238,0.177,0.584,positive
90,2024-06-26 18:47:03+00:00,4,Great location in the West Village of New York City. The restaurant has great indoor and outdoor seating. You must make reservations as this is a popular location in the West Village. The food is very unique and special and my compliments to the chef for all the spectacular dishes that they serve. I highly recommend if you're in the New York area to make a reservation ahead of time and having a great experience with great food and service.,False,0,0,0,David R.,en,"{'neg': 0.0, 'neu': 0.711, 'pos': 0.289, 'compound': 0.9811}",0.9811,0.289,0.0,0.711,positive
89,2024-06-27 03:36:26+00:00,1,"We waited 1 and half hour for our reservation. I ordered martini italiano , I took a small sip and didn't like it. Server Miles S. , I got his attention and I said I really don't like this Martini so I ordered another martini which wasn't any better and didn't it at all. For the food , We ordered prosciutto Menlo which was good , insalata verde which was great. 
We also ordered Pappardelle which was too salty,tonnarelli too salty and risottos which was good. 
The bill comes, they didn't take the Martini Italiano off the bill. I asked Miles why didn't they take the martini off the bill , "" he said since I told you what  it is in that martini and talked to my manager Evelyn you will be charged no matter what"". I told him that is all I need to know. 
Poor guests service and poor management. Never again when you have so many other options.",False,0,0,0,Soraya B.,en,"{'neg': 0.154, 'neu': 0.781, 'pos': 0.066, 'compound': -0.9303}",-0.9303,0.066,0.154,0.781,negative
88,2024-06-27 21:50:56+00:00,1,"The food was disgusting, no flavour at all. I thought it was a Greek restaurant instead of an Italian one. All they seasoned the food with was olive oil and salt. The service was terrible, the server only came to take our orders in the beginning and never returned, possibly because the restaurant only caters to the whites. If you're coloured, I do not recommend this restaurant for you. Spent $180 on food I could have cooked better.",False,0,0,0,Aidan S.,en,"{'neg': 0.176, 'neu': 0.79, 'pos': 0.033, 'compound': -0.9261}",-0.9261,0.033,0.176,0.79,negative
87,2024-06-27 23:00:12+00:00,1,"This restaurant is absolute robbery. This is definitively the worst Italian restaurant I've ever eaten at. The food was nasty, came in small portions, and every single item on the menu costs around 30 dollars or more. The food tastes like it's barely seasoned. The only dish that wasn't was the fish, and the fish was overly salty. I couldn't even eat the fish how disgusting it tasted. The meatballs tasted like frozen ones you could buy from a grocery store. And the meatballs just came with 3 sad looking meatballs with no pasta at all. The chicken tasted like it was boiled and just quickly seared to give it color. The service was atrocious. The waiter just took orders in the beginning and then left and never returned. She only treated the white customers well and treated everyone else like trash. She absolutely did not deserve a tip and over was a horrible waitress. Honestly people like that should look to get a job outside of the food service industry, if you can't treat customers well you shouldn't have a job. This place clearly didn't train their servers properly either. The ambiance was nice but it doesn't make up for the disgusting food and the nasty attitude from the server.",False,0,0,0,Poop F.,en,"{'neg': 0.203, 'neu': 0.726, 'pos': 0.07, 'compound': -0.9924}",-0.9924,0.07,0.203,0.726,negative
86,2024-06-30 16:52:17+00:00,4,"This was a quaint and quintessential west village restaurant. I've heard so much about it and really wanted to give it five stars, but there were some misses. The Fritto Misto was delicious but was very surprised to see that the shrimp were unpeeled. Entrees were delicious (prosciutto pasta and clams), but on the salty side. The tiramisu was excellent. The service was decent but should have been more on point at such an exclusive restaurant. - 4 stars",False,0,0,0,Lauren K.,en,"{'neg': 0.087, 'neu': 0.639, 'pos': 0.274, 'compound': 0.9757}",0.9757,0.274,0.087,0.639,positive
85,2024-06-30 17:26:50+00:00,4,Delicious meal but not necessary the best ever as it's been hyped up to be. Service and atmosphere are great,False,0,0,0,Neha M.,en,"{'neg': 0.146, 'neu': 0.545, 'pos': 0.309, 'compound': 0.7268}",0.7268,0.309,0.146,0.545,positive
84,2024-07-07 17:08:51+00:00,4,"A lot of New York restaurants use Resy for their reservations.  For this NY trip, many of the eateries I tried to book went immediately to ""Notify"" on Resy the instant the designated time to book came up.  Via Carota was one of these places.  Granted, they only release a limited number of reservations for non-VIP's and operate primarily as a walk-in place (or so they say).

 So that is what I did.  I arrived about 15 minutes before their 11 am opening time and was the first in line.  Others gathered quickly in a haphazard way until a repeat diner informed us where the line usually forms, and everyone then queued properly.  The restaurant has indoor and outdoor seating; inside there is table and bar seating.  Needless to say, the place filled up pretty quickly.  Service was pretty attentive at first but became more sparse the busier it got.

Via Carota is one of five West Village restaurants run by Rita  Sodi and Jody Williams.  Three of them, Bar Pisellino, I Sodi and Buvette, can be seen from Via Carota.  Via Carota and I Sodi are the most difficult to get into.  

Here's what I ordered:  
1)  Grilled artichokes with aioli. 
2) the daily special pasta--Stracci pesto genovese
3) fried rabbit
4) raspberry crostata

Everything was tasty, but my faves were the artichokes and pasta.  A lot of surrounding tables ordered the bruschetta with butter and anchovies, the huge insalata verde salad as well as the even larger daily special of grilled vegetables.  

There are many other dishes I would like to try in the future.  I don't know if I could stand an hours-long wait, however.  I would guess early lunch or ""linner"" (4 pm-ish) would be the least crowded times.",True,0,0,0,Stewart L.,en,"{'neg': 0.032, 'neu': 0.857, 'pos': 0.111, 'compound': 0.9731}",0.9731,0.111,0.032,0.857,positive
83,2024-07-08 13:06:50+00:00,4,Very good place to eat. Service is good. A small restaurant usually with a 15-20 minute wait but you can walk across the street and have a drink at the bar Pisolino.,False,0,0,0,Jen K.,en,"{'neg': 0.139, 'neu': 0.738, 'pos': 0.124, 'compound': -0.1298}",-0.1298,0.124,0.139,0.738,negative
82,2024-07-12 18:25:15+00:00,5,"The food was out of this world. Prepare yourself to magnificence!!!
We had Pappardelle with wild boar ragu, roasted chicken that would melt in your mouth, Tagliatelle: parmigiano &prosciutto. Cacio pepe, which is homemade pasta that was excellent!!! Plus insulata that was very refreshing. We had the most amazing combination of burratta cheese over grilled spinach that was perfected w/ rich flavor and the garlic flavor was just perfect and not overpowering. We also had grilled mushrooms and another dish of grilled artichoke w/ delicious aioli sauce that were surprisingly very good. 
We had cannolis that melt in your mouth, not hard at all. We had grilled peaches with crema that was just heavenly. We also had almond cake that was also very, very good.
We had to wait for a while to get seated AND they do not sit you down unless your whole party is there present. 
We sat outside and the atmosphere was amazing, great weather and loved people watching.",False,0,0,0,Reem M.,en,"{'neg': 0.016, 'neu': 0.699, 'pos': 0.285, 'compound': 0.9955}",0.9955,0.285,0.016,0.699,positive
81,2024-07-17 07:07:19+00:00,5,"you've probably heard enough people hype this place up but trust me when i say this is the best italian food i've had in my life AND I'VE BEEN TO ITALY. 12/10 literally broke my scale. the texture of the pasta was incredible and the flavor was honestly chefs kiss. my favorite pasta was the pappardelle and the 'nduja arancini was a MUST GET. if you can somehow get reservations here, DO IT.",True,0,0,0,Carrie L.,en,"{'neg': 0.041, 'neu': 0.717, 'pos': 0.242, 'compound': 0.965}",0.965,0.242,0.041,0.717,positive
80,2024-07-17 15:31:33+00:00,2,"Of the 5 dishes we ordered, the only standout was the charred leeks. While we loved those, the rest of the dishes we didn't enjoy.",False,0,0,0,Anika B.,en,"{'neg': 0.092, 'neu': 0.771, 'pos': 0.137, 'compound': 0.312}",0.312,0.137,0.092,0.771,positive
79,2024-07-26 21:20:40+00:00,3,"Service was okay, we were seated outside in about 10 minutes without a reservation-- Friday afternoon around 3:15.  Waitress never inquired how are food was, if we needed anything.  Restaurant was very busy.
Inside was quite noisy, outside was fine.  Many guests had dogs.
Food -- large green salad was good, much too large for just 2 people.  The main course-- cod with chickpeas and olives was dry and tasteless, no sauce, I only ate several bites of it.   Waitress didn't inquire why.  Boar ragu was good (not great), heavy.
Zabaglione with fresh blueberries and strawberries 
was a large serving for more than 2.  It was good but   didn't taste like zabaglione, no Marsala wine taste.
No bread offered.
Total with tip was a little over $100.
I doubt we'll bother eating here in the future as getting a table usually is a hassle, not worth the effort.",False,0,0,0,Greta S.,en,"{'neg': 0.182, 'neu': 0.766, 'pos': 0.052, 'compound': -0.9591}",-0.9591,0.052,0.182,0.766,negative
78,2024-07-28 15:36:35+00:00,5,"Absolutely outstanding food and vibes! The servers were also really friendly which made the experience really nice. 
For apps we got the Zucchini Fritti which was a huge portion, very tasty and just something to munch on for the table. This one can be skipped though. 
We also got the Funghi/ grill mushrooms which were super tasty. 
For mains I got the cacio e Pepe and it was really good! Would recommend this dish for sure.",True,0,0,0,Janvi G.,en,"{'neg': 0.0, 'neu': 0.616, 'pos': 0.384, 'compound': 0.9914}",0.9914,0.384,0.0,0.616,positive
77,2024-07-28 23:33:39+00:00,3,"Ventured into the city for early dinner today and we came across Via Carota. We were looking for something with a more casual vibe and this place had that so we decided to give it a try. It was cute, food was decent, service was good. The pasta itself was great but the flavors were underwhelming. We enjoyed the arancini as they had good flavor and a nice crispy outside.",False,0,0,0,Brianna G.,en,"{'neg': 0.077, 'neu': 0.641, 'pos': 0.282, 'compound': 0.9481}",0.9481,0.282,0.077,0.641,positive
76,2024-08-04 03:28:04+00:00,5,"Food was so delicious, the service was immaculate and the restaurant was small but very nice and cute.",False,0,0,0,Caitlyn F.,en,"{'neg': 0.083, 'neu': 0.467, 'pos': 0.449, 'compound': 0.918}",0.918,0.449,0.083,0.467,positive
75,2024-08-08 02:14:19+00:00,5,We went for a late lunch and were able to walk right in. Everything was delicious - great food and drinks. We'll be back.,False,0,0,0,Marianne F.,en,"{'neg': 0.0, 'neu': 0.643, 'pos': 0.357, 'compound': 0.9201}",0.9201,0.357,0.0,0.643,positive
74,2024-08-15 03:53:25+00:00,4,"Good cacio e Pepe. The sauce was more on the buttery side than most cacio e Pepe dishes, but the texture of the pasta was great. Awesome vibe",False,0,0,0,Palak S.,en,"{'neg': 0.0, 'neu': 0.634, 'pos': 0.366, 'compound': 0.9354}",0.9354,0.366,0.0,0.634,positive
73,2024-08-16 08:36:31+00:00,3,"Is it worth it? No. Save your time and spend your money elsewhere. The West Village, SoHo,  and even Little Italy have comparable pasta places. Everything we tried was ok to good but definitely not remarkable in any way. It left a lot to be desired. Maybe that's the misfortune of being so highly regarded but good pasta is good pasta at the end of the day, and when so many other restaurants seem to get it right. I will say the salad was simple but delicious.",True,0,0,0,Melany A.,en,"{'neg': 0.076, 'neu': 0.661, 'pos': 0.263, 'compound': 0.9716}",0.9716,0.263,0.076,0.661,positive
72,2024-08-16 14:50:47+00:00,5,Absolutely delicious food! I'm still drooling over these photos. Difficult to get a reservation but highly recommend to continuously check resy because it is worth it!,False,1,0,1,Flora C.,en,"{'neg': 0.052, 'neu': 0.626, 'pos': 0.321, 'compound': 0.8756}",0.8756,0.321,0.052,0.626,positive
71,2024-08-17 09:53:10+00:00,5,"Food was fab, ambiance was lovely, and the service was great. LOVED their salads-- they have so many options, you can't go wrong with any of the (I think 18) salads they offer on their menu.",False,0,0,0,Gilly S.,en,"{'neg': 0.0, 'neu': 0.632, 'pos': 0.368, 'compound': 0.9589}",0.9589,0.368,0.0,0.632,positive
70,2024-08-17 14:36:39+00:00,2,I've lived in city for years and needed to see what the hype was.  The food is mediocre at best. Not sure what I'm missing and certainly not worth the two hour wait that's for sure. Was it good?  It was just okay! The service....get them in and get them out!,False,0,0,0,Marlene A.,en,"{'neg': 0.271, 'neu': 0.592, 'pos': 0.137, 'compound': -0.806}",-0.806,0.137,0.271,0.592,negative
69,2024-08-25 15:00:57+00:00,5,"Came back for fish. 

Nicole was super kind in the front. Not too difficult to walk in on a weekend for lunch as it's bustling during dinner, but loved the outdoor seating in the summer.

Tried the Baccalaureate e Ceci this time for the salt cod, chickpeas, olives, and lemon. 

Extremely delicious! The clams are also spot on - highly recommended.",False,0,0,0,Albert K.,en,"{'neg': 0.0, 'neu': 0.676, 'pos': 0.324, 'compound': 0.9797}",0.9797,0.324,0.0,0.676,positive
68,2024-08-26 19:58:08+00:00,3,"Unable to get a reservation, we waited in line. Line moves pretty slow to put your names down which is annoying but understandable given how popular it is. We missed a table for 2 by just one person and were told to come back in about an hour. We sat in the park for a bit before returning.

We ended up being seated at the bar which was really fun. Major takeaways: the pastas are excellent, the other dishes are not. We ordered the mushroom dish which was extremely acidic/vinegary and the meatballs which had raisins and left us thoroughly confused and unwilling to finish. The pastas, however, are excellent and despite only trying two of them, are enough to get us to come back.

Service was great and food came out in good time, would suggest that they improve the recommendations for guests or ask what we like because we did not enjoy what was recommended.",True,1,0,1,Ashley B.,en,"{'neg': 0.076, 'neu': 0.718, 'pos': 0.206, 'compound': 0.9817}",0.9817,0.206,0.076,0.718,positive
67,2024-08-28 00:50:37+00:00,3,"This place is so popular that it's hard to get seated. I had the fried rabbit which was okay. Tasted like chicken. Pretty tender, came with fried garlic. The cacio e pepe was also just okay. Maybe it's not the dish for me but it wasn't flavorful at all. I could barely taste any cheese!",True,0,0,0,Gloria X.,en,"{'neg': 0.171, 'neu': 0.687, 'pos': 0.143, 'compound': -0.4164}",-0.4164,0.143,0.171,0.687,negative
66,2024-09-01 18:31:44+00:00,5,We stopped by for some coffee snd dessert and loved it! The outdoor seating is very charming and tranquil amongst the NY hustle. Ordered affogatos and tiramisu which came with elegant flare. The affogatos are black spotted vanilla ice cream wells that the server then pours expresso at service. Outstanding! Best affogatos ever and i will be returning to sample more of the menu. Highly recommend!,False,0,0,0,Brian I.,en,"{'neg': 0.022, 'neu': 0.638, 'pos': 0.341, 'compound': 0.9835}",0.9835,0.341,0.022,0.638,positive
65,2024-09-04 03:00:51+00:00,1,"Regrettably, we had a very disappointing experience at the Via Carota in New York on Monday night, 9/2.  I'm sure the food is delicious, but sadly we never got to taste it.  This experience started 2 1/2 months earlier, when in mid-June I emailed the restaurant to request a reservation while  we were in New York for our long-awaited vacation from Seattle.  The restaurant emailed me back and said they were not able to accommodate my request but limited reservations could be made 30 days in advance via RESY.  Otherwise, most all their business was ""walk-in.""  OK, I understood the rules, so I set my calendar for 30 days ahead of our arrival.  

When the appointed ""make a reservation day"" arrived, I went through the RESY system to make my reservation in the early morning exactly 30 days in advance.  To my shock there were no reservations available.  It didn't seem possible, but oh well.  We understood that without that precious reservation, we would have to show up as ""walk-ins"" and likely wait for a table.

That brings us to last night.  We took a 30 minute cab ride to Via Carota and got in the back of a line of about 10 people, all telling us that was the line for check in.  While waiting, we observed multiple couples arriving and being escorted to their seats.  Our line DID NOT move and NO ONE came to get our name on a list or inform us of a wait time.  My wife walked up to the entry to she if she could get on the list.  She was told she had to get back in line to get on the list.  OK, well she also noted there were several empty seats at the bar and she said we would be happy to be seated there if possible.  She was told those were first come, first serve, which made perfect sense, but we still had to wait in the line.  

So, we waited 30 minutes in line until we finally got to the front.  Voila! the bar seats were still open! We told the hostess, or whoever it was managing the line, that we would love to take those two empty bar seats.  Now, after waiting 30 minutes to get to the front of the line, the rules changed.   We were now told they were holding those bar seats for a couple that was late arriving for a reservation.  That was a bit hard to swallow.  So we said ok, life she is not going to allow us to sit at the open bar seats, let's get on the list for first available table   The answer was it was going to be at least 2 hours!  

So, the way this restaurant operates is that some few preferred people magically get reservations while others cannot no matter how hard they try and how early they make the request.  Then this restaurant makes you wait 30 minutes in line just to be told it will be a 2-hour wait.  And although bar seats are supposed to be ""first come-first served"" they will arbitrarily deny you access after you wait so they can hold them for people who are late showing up for their reservations.  

I don't care how good the food is.  I can only be disrespected so much.  My advice?  Go to a place that treats you like you matter.  The Lure Fish Bar a few blocks away was wonderful!",False,0,0,0,Joe H.,en,"{'neg': 0.158, 'neu': 0.784, 'pos': 0.058, 'compound': -0.9966}",-0.9966,0.058,0.158,0.784,negative
64,2024-09-05 00:41:13+00:00,2,"We waited about 30 minutes for an outdoor seat for 2 people. The service was really good and attentive even as we sat outside for dinner on a hot summer night. 

The food here was left a lot to be desired. All of the dishes are meant to share and we had about 4 dishes for 2 people. It was pricey for the type of dish and  amount. We really liked the fried rabbit. The coating was crunchy and the meat was tender on the inside. The cacio pepe and little gem salad was very standard. We did not even realize there was egg in the salad until we reviewed the menu. The chopped chicken liver flavor was good, but was served in a way that was the most unappetizing. The server noted it is more of an Italian pate that was less smooth and sweet than a french pate, but this did not prepare us for what we received. And the bread was not warmed nor toasted. The drinks were good and I enjoy they had their own variations of Negronis.

The vibe in this restaurant is very busy and bustling. The vibe is young and touristy. In addition, this restaurant is in the heart of the west village and was a great restaurant to people watch. We saw a celebrity, run club, etc. I would probably come back here for a drink and people watch only.",True,0,0,0,Jeremy P.,en,"{'neg': 0.019, 'neu': 0.849, 'pos': 0.132, 'compound': 0.9807}",0.9807,0.132,0.019,0.849,positive
63,2024-09-09 21:58:47+00:00,3,"Everyone I know loves and recommended this restaurant. Maybe my expectations were too high but I was underwhelmed.

The Insalata verde is amazing! Plus, the bread is delicious and they have a lovely selection of wine.

I went for a late lunch and sat outside, which was lovely as it was great people watching. As mentioned, I loved the Insalata verde. I also had a pasta with pesto and it was not good. In fact, I did not finish it. 

Given my mother was sick and unable to join me, I returned the following day determined to have a better meal and experience. It was busy so we sat inside, which was fine. The bread and olive oil were great. My mother had the Risotto with Meyer lemon and despite how it looked, it tasted good/lemony and the risotto was cooked perfectly.

I ordered the Carciofi Crudi. I've had a lot of raw artichoke salads, but this one was odd. The artichokes weren't shaved and they were served with a lot of avocado that looked like mush on the plate and had little to no flavor. Another bad dish.

Maybe I ordered the wrong things and should not have listened to the waitress who recommended the pasta with the pesto, but I was disappointed by both meals which was surprising given how beloved the restaurant is.",False,0,0,0,Emily C.,en,"{'neg': 0.145, 'neu': 0.608, 'pos': 0.246, 'compound': 0.9854}",0.9854,0.246,0.145,0.608,positive
62,2024-09-16 15:59:05+00:00,4,Insalata Verde was light and delicious. Tonarelli Cacio e Pepe was pretty good but nothing too special. Great service.,False,0,0,0,Tara O.,en,"{'neg': 0.258, 'neu': 0.458, 'pos': 0.284, 'compound': -0.0716}",-0.0716,0.284,0.258,0.458,negative
61,2024-09-20 00:00:59+00:00,5,"Excellent in every way.  Service , food is amazing.  

The no resy thing is annoying but it is what it used to be.",False,0,0,0,Julio C.,en,"{'neg': 0.168, 'neu': 0.658, 'pos': 0.174, 'compound': 0.0387}",0.0387,0.174,0.168,0.658,neutral
60,2024-09-22 17:11:25+00:00,5,"We went Sept 21st 2024 at 5:30 - the lady who refilled the water for the patio was ON POINT. I've never been so hydrated. Our waiter was amazing. Service fantastic. Top 3 best meal of my life. The artichokes! The risotto! The cacio e pepe! The ribeye! Undeniable, unbelievable, unbeatable. Everything was jaw dropping.

Info for those trying to go but can't make a resy (we couldn't). Show up around 4 - we jumped in a line that was short at th!t time and around 5 they started to add people to the wait list.  We ended up eating at like 5:30 but it was a guarantee. We probably could have let people in front of us to try and target a little bit of a later time.

The only negative....we were approached by lots of kids and adults selling candy....literally at our table. It was uncomfortable",False,0,0,0,Amber F.,en,"{'neg': 0.074, 'neu': 0.817, 'pos': 0.109, 'compound': -0.4438}",-0.4438,0.109,0.074,0.817,negative
59,2024-10-09 15:40:21+00:00,5,"Always a great experience at via carota - the hardest part is getting a reservation there but an early walk in would do the trick! 

The sleeper hits are definitely the pesto pasta, the fried rabbit and the grilled peaches for dessert!",False,0,0,0,Nicole T.,en,"{'neg': 0.03, 'neu': 0.818, 'pos': 0.152, 'compound': 0.7494}",0.7494,0.152,0.03,0.818,positive
58,2024-10-10 14:29:29+00:00,5,"While exploring NYC, we asked our bartender for dinner recommendations in the area. He did not hesitate to recommend Via Carota. We are so glad we asked! We were able to be seated quickly (party of 3), but I would suggest reservations. It was a very popular spot. We chose to dine inside but the patio looked very inviting & popular. Our server brought bread, olives, discussed the menu & wine options & let us take it all in. The food was amazing! Fresh pasta, not drowned in sauce. The perfect wine, some bread...I could picture Italy.",False,0,0,0,Pamela V.,en,"{'neg': 0.013, 'neu': 0.671, 'pos': 0.316, 'compound': 0.9912}",0.9912,0.316,0.013,0.671,positive
57,2024-10-12 02:21:49+00:00,5,"Amazing food and pasta, we ordered a few things and everything was delicious. Service can be a bit more gentle as the plates slightly slams on the table whenever it is put down. Out of all the dishes what stood out the most was the verde salad and the arincini. Probably one of the best salad I have had it is incredibly fresh and dressing was so well balanced. The arancini was so cheesy and had a bit of a kick in the middle.",True,0,0,0,Florence V.,en,"{'neg': 0.0, 'neu': 0.743, 'pos': 0.257, 'compound': 0.9803}",0.9803,0.257,0.0,0.743,positive
56,2024-10-13 00:46:21+00:00,1,"the service is so rude, inattentive, smug and insincere.   for a restaurant so popular, it seems they took kindness and appreciation for granted and are above the rules of basic exchange of services.    yes charming and classic but the hostess couldnt be less interested, the servers dont communicate and even in a shift change they act like they are doing us a favor for dining there.   dissappointing on many levels.  spend your money elsewhere where it is valued.",False,0,0,0,R K.,en,"{'neg': 0.092, 'neu': 0.647, 'pos': 0.261, 'compound': 0.922}",0.922,0.261,0.092,0.647,positive
55,2024-10-14 15:34:38+00:00,5,First off the ambiance here is so amazing and the staff is so friendly and inviting! The food is at a whole level of perfection!,False,0,0,0,Kristie B.,en,"{'neg': 0.0, 'neu': 0.519, 'pos': 0.481, 'compound': 0.9663}",0.9663,0.481,0.0,0.519,positive
54,2024-10-18 15:17:42+00:00,4,"Been here a couple times, and the pasta is always spectacular! The wait time has become pretty egregious recently, but I love coming here for a weekday lunch with a friend- you can almost always be seated. 

As a pasta lover, my favorites are the Tonarelli cacio e pepe and Tagliatelle w/ prosciutto. The pasta has such a nice bite- and the sauces are classics done well. I also like their fish- so tender and flavorful. The drinks are also good- I love their cynar spritz. Service is great, and the vibes both inside and outside are nice. 

Overall this is a great Italian place, but I personally wouldn't wait hours for a table. If the wait is short or you have a reservation it's great, but otherwise you can find equally delicious pasta.",True,1,0,0,Christine L.,en,"{'neg': 0.057, 'neu': 0.505, 'pos': 0.438, 'compound': 0.9981}",0.9981,0.438,0.057,0.505,positive
53,2024-10-20 20:01:40+00:00,3,"I've been to via carota twice now, and both times I wasn't impressed. I think it's average Italian food.  I can eat similar tasting pasta at many other establishments.  This doesn't stand out.  The apps were average too.  Nothing that sets it apart from other Italian restaurants.  People go for the hype and it's game but it doesn't live up to it.  Maybe other people just don't know go Italian food.  I'll give the restaurants props on the aesthetics",False,0,0,0,Anthony B.,en,"{'neg': 0.073, 'neu': 0.927, 'pos': 0.0, 'compound': -0.5827}",-0.5827,0.0,0.073,0.927,negative
52,2024-10-26 23:42:05+00:00,5,Everything was perfect! Gabrielle is the best server and always treats us great. Food was top notch and the vibes were off the charts. Will never stop going back!,False,0,0,0,Lauren S.,en,"{'neg': 0.0, 'neu': 0.596, 'pos': 0.404, 'compound': 0.9457}",0.9457,0.404,0.0,0.596,positive
51,2024-11-02 19:02:24+00:00,4,"Did a walk in one Saturday afternoon and it was excellent. Lived up to the hype in many ways! The basil pesto pasta was incredible. The cacio e Pepe was solid but didn't bring the fan fare it was noted for. The grilled leeks on the other hand, wow! Those will knock your expectations off! Leeks on another level. And hot damn, the mascarpone and grilled peaches were sensational and the perfect ending to our meal. One of my fav desserts in a long time! Wow! Loved this place!",True,1,0,1,Alicia C.,en,"{'neg': 0.107, 'neu': 0.615, 'pos': 0.278, 'compound': 0.9717}",0.9717,0.278,0.107,0.615,positive
50,2024-11-04 00:59:49+00:00,4,Overall we enjoyed our lunch here. We came during the week around 3 pm so we waited a few minutes for a table of 3. Very quaint restaurant with patio seating. It was a really nice and warm day so the patio was pretty busy. They give you a small dish of olives which were quite good. We ordered the grilled artichokes which were very good and had a great flavour. We also ordered the grilled octopus which was excellent as it had great flavours and perfectly cooked. We had the signature tonnarelli (cacio peper) which was cooked perfectly al dente and the creamy cheese and pepper sauce was amazing. It was definitely my favourite dish. The ragu pappardelle was good but wasn't anything special when you compare to the tonnarelli. The grass fed beef was ok. It was grilled on the outside and less cooked on the inside but it was too salty on the outside and lacked flavour on the inside  I would not order that again.,False,0,0,0,Winnie L.,en,"{'neg': 0.129, 'neu': 0.716, 'pos': 0.155, 'compound': -0.6926}",-0.6926,0.155,0.129,0.716,negative
49,2024-11-06 18:51:07+00:00,4,"After hearing all the hype about this place, I was very excited to try it myself! We walked in on a weekday for lunch and got seated immediately with no wait. I thought the pastas were solid, but nothing to write home about. 

I especially liked the lemon risotto -- I thought it was very special and captured the essence of Italy. I definitely want to come back next time and try out some other pastas and some of their greens, which I think they're known for! 

The restaurant itself is quite charming, and the area is super cute to walk around in.

Overall, it was a solid meal, but I'm not sure I would go through the effort of waiting or scrambling to book a reservation!",True,0,0,0,Megan L.,en,"{'neg': 0.043, 'neu': 0.712, 'pos': 0.245, 'compound': 0.9856}",0.9856,0.245,0.043,0.712,positive
48,2024-11-07 17:05:04+00:00,5,"5 emphatic stars for one of the finest Italian dinners I've ever had, in a really cool atmosphere, with staff that went above and beyond.

I was recently in NY and have had Via Carota on my list for a long time. Unfortunately, your girl did not make a reservation in advance (*SHAME*). We arrived and though at first it seemed the wait would be long, we got super lucky and got seated in a private room. If I were planning to have kids, I'd give my first-born to the hostess who made our night!!

Once seated, (again- in a private room!!) we were greeted by our server who was super attentive the whole dinner. He, along with the other staff members who dropped off food along the way, were absolute pleasures!

The Food:
- Fried zucchini: This appetizer was a true mountain of delicately fried strings of zucchini. It was as impressive in flavor as it was in size. Though this could've felt heavy and greasy it was surprisingly light!
- Insalata verde: A gorgeous, bright salad with buttery greens, topped with sherry vinaigrette and welcomed by all at the table!
- Tagliatelle: This pasta dish featured prosciutto and a creamy sauce and topped with parmigiano. The little sweet peas throughout this dish were a nice surprise!
- Meyer lemon risotto: WOW. A risotto can be heavy, this is a given. But pairing it with a creamy meyer lemon sauce added just the right sweet acidity to counter the heavy cream. This is a winner.
- Cacio pepe tonnarelli: Your girl loves a cacio pepe and this may be my favorite version of a cacio pepe of all time. the tonnarelli pasta was perfect for this peppery, creamy sauce. It was really exceptional.


Desserts:
- Tiramisu: Duh. This was fabulous.
- Grilled peach dessert with homemade ice cream: The server told us this was in season and highly recommended it and he was not wrong. The grilled peaches SANG!

Overall a perfect dinner with exceptional food, cocktails, and service. I'll definitely be back! (with a reservation...)",True,13,2,8,Andi P.,en,"{'neg': 0.034, 'neu': 0.757, 'pos': 0.209, 'compound': 0.9961}",0.9961,0.209,0.034,0.757,positive
47,2024-11-07 18:19:14+00:00,3,"It was good but not as amazing as influencers make you believe. The tagliatelle was way too soft, kind of a one note cheese flavor, and the insalata verde was nice but nothing i can't make at home if i used garlic oil and salt. Overall nice atmosphere, nice waiters, not worth the $60 i paid though.",False,0,0,0,Tori S.,en,"{'neg': 0.092, 'neu': 0.71, 'pos': 0.197, 'compound': 0.7872}",0.7872,0.197,0.092,0.71,positive
46,2024-11-11 02:05:02+00:00,3,"We managed to get a prime time reservation here for my wife's birthday, although depending on party size and willingness to eat outside, the walk in wait was less than you might expect given the celebrity hype. Probably the best dish we shared was the roast carrots in yogurt which was delicious. The cacio e pepe and grilled octopus were both more good than great. The portions might not look huge at first but it was enough for us to share and feel satisfied. We liked our drinks which had a good smell and sweet taste without being overly sugary. Service was good and helpful, although they didn't acknowledge my wife's birthday even though I noted it in the reservation. I don't think I've ever seen that before so that was disappointing.

Would recommend if you can get a reservation or there's very little wait. Don't wait two hours though because it's not THAT great.",False,0,0,0,Daniel G.,en,"{'neg': 0.1, 'neu': 0.633, 'pos': 0.267, 'compound': 0.9858}",0.9858,0.267,0.1,0.633,positive
45,2024-11-11 23:31:05+00:00,3,"I had such high expectations given how popular this place was. My husband managed to get reservations at a prime weekend dinner time for my birthday. We were taken right away, I heard other people waiting for 2 hours. Service was great, our waiter was friendly and helpful. Our glasses were constantly filled with water. Food came out quickly given how crowded it was. It was a comfortable ambiance - modern rustic with an Italian flare, nice intimate lighting but not too dark. We started with complementary olives. We ordered the carrots, octopus and Cacio e Pepe and shared everything. We also ordered spritzes which were so delicious. The stand out dish was the carrots- cooked and seasoned to perfection on top of creamy tart yogurt. I am still thinking about it! Next came the Octopus and pasta which were standard dishes, not very memorable or extraordinary. I would have liked the Octopus to be over something other than olives, felt a little redundant with the complementary ones. Felt a little overpriced for what it was. I am also a little disappointed, would have been nice to be wished a happy birthday by the staff, especially since my husband added it to the reservations.",True,0,0,0,Lizzy K.,en,"{'neg': 0.059, 'neu': 0.694, 'pos': 0.246, 'compound': 0.9923}",0.9923,0.246,0.059,0.694,positive
44,2024-11-14 17:21:10+00:00,3,"Given the hype around this restaurant, I was so excited to try it! Unfortunately, it's average at best. The service was friendly and the ambiance is cozy, but the food isn't great. We got a few of the dishes they're known for: the cacio e pepe was okay, the butternut squash tortellini was delicious, and the appetizers were good, but not great. My zero proof Negroni and the pannacotta were amazing though! We had a 6pm reservation on a Wednesday and overheard the wait for a table for 2 to be over an hour and half. Overall, a decent meal, but in my opinion not worth all of the drama of getting a reservation or waiting for a table.",True,0,0,0,Pooja G.,en,"{'neg': 0.157, 'neu': 0.644, 'pos': 0.199, 'compound': 0.8447}",0.8447,0.199,0.157,0.644,positive
43,2024-11-19 00:51:02+00:00,3,"We were able to walk in a little after they opened on a weekday and got seated immediately. This place is obviously very hyped up, so I moderated my expectations. 

We ordered the arancini, cacio e pepe, and the tagliatelle. Arancini was fine - I liked that they had bits of spicy pork in it since the flavor of creamy rice gets monotonous but it still needed something sharp to give it a kick flavor-wise. Cacio e pepe was a let down; I didn't think the noodles were particularly al dente and it was way too salty. I much prefer the cacio e pepe at L'Artusi. The flavors in the tagliatelle were more interesting but it was also way too salty, especially if the bite had prosciutto in it. The proscuitto was also clumped together at the top which made it difficult to eat. 

Servers were very attentive with refilling our water, but I felt like we got forgotten towards the end of the meal and we had to flag someone down for the check. Overall this meal was a sodium bomb - glad I tried this place out but will not be coming back personally.",True,0,0,0,Connie G.,en,"{'neg': 0.12, 'neu': 0.777, 'pos': 0.103, 'compound': -0.6928}",-0.6928,0.103,0.12,0.777,negative
42,2024-11-20 06:04:28+00:00,4,"My friend brought me to Via Carota for some drinks after our dinner on a Saturday night. We could not get a resy for that particular night, but my friend who has been here before, raves about this place so much! Dining area was packed and in full service.

Thankfully we were seated right away to have drinks at the bar-we were seated on the right side, away from the actual bar which was nice as it gave us some privacy and space.

We ordered an espresso martini and the signature martini (yes, we are tini girlies!). The drinks were strong, and made well!

I would love to come back to try their dinner menu next time!",False,0,0,0,Su C.,en,"{'neg': 0.0, 'neu': 0.793, 'pos': 0.207, 'compound': 0.9832}",0.9832,0.207,0.0,0.793,positive
41,2024-11-23 07:48:12+00:00,4,"Sat at the bar late at night, food was pretty decent. The paparadelli had a pretty good texture and the arincini were nicely fried.",False,0,0,0,Taylor Z.,en,"{'neg': 0.0, 'neu': 0.609, 'pos': 0.391, 'compound': 0.9042}",0.9042,0.391,0.0,0.609,positive
40,2024-11-25 14:27:02+00:00,5,Great apps and pasta! Got in line at 4:15pm on a Saturday and waited until 5pm to put our names down for a group of 6 people. We got seated at 6pm! It was a great meal and great ambiance. Worth the wait.,False,0,0,0,Lily F.,en,"{'neg': 0.065, 'neu': 0.652, 'pos': 0.283, 'compound': 0.9078}",0.9078,0.283,0.065,0.652,positive
39,2024-11-25 15:19:36+00:00,5,"Everything you want it to be. I got lucky and only waited 20-30 minutes for a table on the weekend. The service is great. The vibes are immaculate. The pasta is so delicious and fresh. Also, legit the best fried calamari I've ever had in my life.",True,0,0,0,daniela a.,en,"{'neg': 0.0, 'neu': 0.604, 'pos': 0.396, 'compound': 0.9809}",0.9809,0.396,0.0,0.604,positive
38,2024-11-26 16:22:55+00:00,1,"Arrogance defined. 
This used to be an absolute favorite restaurant and so it was a must in visiting New York to come back to. We dealt with their completely completely bizarre and ridiculously arrogant reservation system by showing up at around 4:30 to be first in line and then get an early seating. Is the ambience pretty? Sure is the food still good, not as good as it used to be but OK. The homemade pasta is still pretty good. Served a little lukewarm. I was really looking for somebody to absolutely do any kind of care. . Every single person we interacted with including two different servers and the host could not have cared less. They were rude, dismissive, didn't explain anything on the menu. When asked any sort of question or asked for advice on some wine, they acted like we could have just asked them to recite the periodic table---Exasperated and bored all the way around. Only showed some sense of false courtesy with a fake smile and patronizing comments  with no desire to really make someone feel welcome.. No care or enthusiasm for a beloved city restaurant. Sort of just acted like we should be so lucky to be in their presence. They could take a lesson from Danny Myers, and what it means to serve with care for an establishment that is supposed to be in the hearts of many. Would never recommend anyone going there again. Too many amazing eateries in the city with people who genuinely want to see you enjoy your experience. Absolutely jumped the shark.",False,0,0,0,Shannon D.,en,"{'neg': 0.143, 'neu': 0.652, 'pos': 0.205, 'compound': 0.9596}",0.9596,0.205,0.143,0.652,positive
37,2024-11-27 19:30:42+00:00,4,"Walked in for lunch by myself and got seated right away at the bar. I ordered the cacio e pepe and the portion size is average. Some places get this simple dish wrong, Via Carota's cacio e pepe was great. The employees were friendly and offered very quick service. Inside was cozy, quite busy, with many people eating outside despite it being chilly. I got the tiramisu for dessert - the coffee taste coming through sharply, overall enjoyed my meal here.",True,0,0,0,Jessica A.,en,"{'neg': 0.067, 'neu': 0.765, 'pos': 0.168, 'compound': 0.8834}",0.8834,0.168,0.067,0.765,positive
36,2024-11-27 22:37:42+00:00,3,"This place is.... surprise! Overhyped! Relieved my wait was so short since I'm not sure it would have been worth much longer.

Sunday afternoon - put my name down for indoor dining at 4:26, got texted at 4:38 and sped back to the restaurant. My friend and I sat at the communal table, but thankfully the seats immediately next to us were blocked out.

The restaurant is quite cozy, exposed brick, homey kind of vibe. Most tables appeared to be outfitted for groups of 4+ and were placed a bit close to each other - typical space deficit in West Village. The bar seating looked pretty inviting.

Food was good not great. Cacio e pepe was supposed to blow me away but it was just... fine. Not offensive with the cheese or the pepper, but just quite mild and forgettable. The butternut squash tortelli was doused in a buttery sauce, and it tasted good but felt quite simple. My favorite dish was the tiramisu, which was light and not too sweet (for a tiramisu). There's an extensive negroni menu here and I heard good things about it; the negroni rosa I sipped on was enjoyable but not a standout, and I could go without it next time. The vegetable dishes may be worthwhile here so I would try those; they just seemed quite pricey so we glossed over them.

Service was ok. On occasion we couldn't figure out where our server went. Additionally, there was some mini workstation immediately behind me where small plates temporarily sat, so waiters continuously bumped against the back of my chair while moving through that area.

Total after tax/tip was around $65 for one drink, one pasta, and half a dessert, per person. If I went in not knowing about the hype surrounding this place, I would have concluded that this is yet another Italian restaurant not much better than others in the city. A major part of the experience here is the excitement of just being able to get in. I would consider going back if lines ease up (which they probably won't) but if you haven't been here yet, don't despair - you're not missing out.",True,0,0,0,Margaret L.,en,"{'neg': 0.122, 'neu': 0.727, 'pos': 0.152, 'compound': 0.8753}",0.8753,0.152,0.122,0.727,positive
35,2024-12-01 23:01:27+00:00,5,"Everything about my experience at Via Carota was exceptional--the food, the ambience, the service. My companion and I ordered a slew of vegetable dishes, all of which were outstandingly fresh and delicious; the grilled artichokes were a standout, as were the charred leeks. The meyer lemon risotto was fantastically rich and flavorful. My only regret is that I didn't have room for dessert! Our server was attentive and helpful and the wait to be seated was minimal. Highly recommend.",False,0,0,0,Teresa T.,en,"{'neg': 0.113, 'neu': 0.602, 'pos': 0.285, 'compound': 0.9632}",0.9632,0.285,0.113,0.602,positive
34,2024-12-08 21:50:45+00:00,3,"Based on my experience and that of several friends-this is a hyped up
Place.the pastas are good but not the best in the city!
Not better than any fine Italian such as Marea, Babbo,or misi in Brooklyn.
Here's my Take: They hired a great PR agent who heavily promotes it to Actors and Influencers: Note Gigi Hadid just went there with Bradley cooper on a date!
Do I care that she went ? NO-Do you care that she went? I hope not! Is she paying your bill or mine? Heck no !",False,0,0,0,Emmy D.,en,"{'neg': 0.126, 'neu': 0.656, 'pos': 0.217, 'compound': 0.9081}",0.9081,0.217,0.126,0.656,positive
33,2024-12-11 02:51:16+00:00,5,Perfect food and service in a gorgeous setting. If only every restaurant were this good,False,0,0,0,Natalie B.,en,"{'neg': 0.0, 'neu': 0.498, 'pos': 0.502, 'compound': 0.9017}",0.9017,0.502,0.0,0.498,positive
32,2024-12-11 18:50:29+00:00,4,"We came here as a group of 5 on a Thursday night. Despite my best efforts, I was not able to get us a reservation, but after putting our names on the list we were able to be seated around 7:30. Our table was in a lovely private dining space in the back which made it easy for our group to visit but it lacked the spirit of being in the main dining room. Cocktails and wine arrived promptly and service was attentive throughout the evening. 

For dinner we ordered the insalta verde, carote, faioli all' uccelletto, tonnarelli, pappardelle, truffle pasta special and pork chop special. I had been looking forward to trying Via Carota for a long time and I was honestly underwhelmed. The pasta was good, but not great and the pork chop was so rich that I couldn't take more than a couple of bites. The carrots, in my opinion, were on the overcooked side and lacked pizzaz. Favorite dishes were the cannellini beans with sausage, the green salad and the tiramisu for dessert. Good Italian restaurant but not worth the hassle of trying to get a table.",True,0,0,0,Maggie J.,en,"{'neg': 0.168, 'neu': 0.644, 'pos': 0.188, 'compound': 0.4405}",0.4405,0.188,0.168,0.644,positive
31,2024-12-12 02:53:59+00:00,5,This place was awesome!!! The food was amazing!!! Service was terrific. Was lucky enough to sit outside. Ambiance was like a curbside French theme. I want to go back to NYC just for this place. You should order the endives salad and the tagliatelle and I am in love.,False,0,0,0,Robert H.,en,"{'neg': 0.0, 'neu': 0.629, 'pos': 0.371, 'compound': 0.9718}",0.9718,0.371,0.0,0.629,positive
30,2024-12-14 19:50:47+00:00,4,"My friend and I were super excited to have snagged a reservation here for a graduation dinner celebration! We arrived 5 minutes prior to our reservation time, but had to wait another 15 minutes for our table to be ready and there was no proper place for us to stand that wasn't in the way of everyone passing by. It's a small restaurant, so it's not fully their fault, was just annoying. We were seated at a two top directly behind the bar, though there were several other tables available since it was a pretty late reservation, I wish I asked for one of those. We ordered several different dishes to try as much as we could, so some extra table space would've been helpful haha. We ordered the insalata verde, bread, cacio e Pepe (of course), butternut squash ravioli, and a special pasta they had that night with a butter based sauce and truffle. The pasta special and cacio e Pepe stood out the most to me. Overall, the food was tasty, but unfortunately a bit overrated. There are numerous Italian restaurants with good pasta and in my opinion a better ambiance that are easier to get into. I'd give it a total of 3.5 stars. 

Tip: if you're waiting for a table, bar pisellino across the street is amazing and walk in only!",True,1,0,1,Meera P.,en,"{'neg': 0.097, 'neu': 0.668, 'pos': 0.235, 'compound': 0.9899}",0.9899,0.235,0.097,0.668,positive
29,2024-12-16 04:42:03+00:00,2,"I hope I don't get canceled for this but... Via Carota was genuinely one of the most overhyped and underwhelming restaurants I've ever been to in NYC. It's quite rare that a restaurant disappoints me as much as this one did.

We walked on a Monday at 5 pm and waited around 5 minutes before being seated. 

To start, the complimentary bread that was served was cold, and hard. The crust was so tough that I could barely even bite a piece off. Rough start to the meal...
For our appetizers, we got the Cacioffi alla Griglia (grilled artichokes and aioli) and the Broccoletti (broccoli rabe). The grilled artichokes were not bad-- tasted like standard, good artichokes. But the broccoli rabe was so bitter. I don't understand why it tasted like that. There was very little to enjoy about this dish. I absolutely do not recommend.

For our mains, we got the Polpette (Sicilian meatballs with pine nuts and raisins) and the Pappardelle with wild boar ragu. Once again, both these dishes were extremely average and underwhelming. The red sauce with the meatballs tasted like you could've gotten it from a Ragu can. The meat was also not very moist. 

The pappardelle was very standard, strands of pasta were occasionally stuck together. By no means was this dish bad but it was not worth $30.

Overall, I do not recommend Via Carota. I can't even begin to fathom why this place has so much hype and has people waiting an hour in line to eat here. My advice-- save your money or go elsewhere, there are many other delicious Italian offerings in West Village.",False,0,0,0,Ellie Z.,en,"{'neg': 0.191, 'neu': 0.733, 'pos': 0.076, 'compound': -0.9872}",-0.9872,0.076,0.191,0.733,negative
28,2024-12-20 00:10:44+00:00,5,"In honesty, my first visit to Via Carota was very underwhelming, but I think we just ordered the wrong things. Have come back several times after and it's one of my favorite Italian spots, living up to the hype.

The space is very charming. It's cozy and feels very West Village.

Loved:
- Tonnarelli cacio e pepe
- Tagliatelle parmigiano & prosciutto
- Pesto Pasta (was a special)
- Carciofi Alla Griglia grilled artichokes
- Arancini

Good/Okay:
- Pappardelle wild boar ragu
- Salad with prosciutto and peas
- Charred Leaks
- Tortelli

Dishes I'd skip:
- Fagioli All' Uccelletto
- Fried Candoon

Looking for a table? Walk in around lunchtime on a weekday for no wait, come on the earlier end for dinnertime, or get lucky on Resy.",False,0,0,0,Jason G.,en,"{'neg': 0.101, 'neu': 0.701, 'pos': 0.198, 'compound': 0.953}",0.953,0.198,0.101,0.701,positive
27,2024-12-22 10:57:49+00:00,3,"I've waited so long to try this restaurant and I was shockingly underwhelmed by the food. Incredibly hard to get a table, seating is way too close together, food was mediocre. However, there was great service.",False,0,0,0,Danielle J.,en,"{'neg': 0.369, 'neu': 0.551, 'pos': 0.081, 'compound': -0.9399}",-0.9399,0.081,0.369,0.551,negative
26,2024-12-24 02:33:36+00:00,4,"Good Italian spot. Very hard to get a reservation but on a good day, pretty easy to walk in to get a bar spot with minimal wait.

The Cacio e Pepe is really good. I am not a fan of the noodle choice, but the rich cheesy flavor is there with a nice prominent kick from the black pepper.

They had an amazing special of Iberico pork ribs / chop on our visit. The pork was extraordinarily tender and flavourful (Iberico is the wagyu of pork). The sauce was subtly sweet and rich from the pork fat and prosciutto. A special pork dish indeed!

The burrata was standard, more savory than the other burrata I've had. The bruschetta special was just ok too. The tiramisu was also kind of disappointing. The cream tasted like just cream, it lacked the subtle sweetness and tang that I was expecting with mascarpone.",True,0,0,0,Kai S.,en,"{'neg': 0.132, 'neu': 0.521, 'pos': 0.346, 'compound': 0.994}",0.994,0.346,0.132,0.521,positive
25,2024-12-24 02:35:07+00:00,1,"This restaurant should be shut down. First off we walked in at 7 and the lady said that they would text us when our table is ready max an hour. we did not get a text. we waited at the restaurant next door for an hour and a half and we walked in to ask how much longer it would be or if our table is ready. the ""host"" was surprisingly rude. told me it would be another 40 minutes. we heard good things about this place .sucks. i hope this lady get fired. she pushed my mom out and we were honestly very confused. told us to not come back. DO NOT RECOMMEND AT ALL.keep in mind people came out from the restaurant and were talking to us about how the food was really bad.",False,0,0,0,Steve G.,en,"{'neg': 0.128, 'neu': 0.77, 'pos': 0.102, 'compound': -0.7986}",-0.7986,0.102,0.128,0.77,negative
24,2025-01-06 00:14:31+00:00,5,"Food, service, vibes. The whole deal! I loved it so much (although we had to wait for a table for overs an hour) that we came back the text day. Food is 10/10 and so is the service!",True,0,0,0,Anat S.,en,"{'neg': 0.081, 'neu': 0.812, 'pos': 0.107, 'compound': 0.2695}",0.2695,0.107,0.081,0.812,positive
23,2025-01-08 05:12:45+00:00,1,"The food is very average and bland. Real New Yorkers and people who have traveled know that this is fake Italian. I used to go frequently until I realized they serve farmed fish. The staff are all miserable from the owners to the waiters. The nice ones never seem to fit in and always leave. It must be a requirement to be miserable and ""tough"" to work there. It would be much better to smile for once. They never promote any minorities either.",False,0,0,0,RR R.,en,"{'neg': 0.231, 'neu': 0.688, 'pos': 0.082, 'compound': -0.9319}",-0.9319,0.082,0.231,0.688,negative
22,2025-01-08 20:18:18+00:00,3,"We were excited to try this place but found it overrated. Definitely not worth waiting in line for. We ordered the arancini, anchovy bruschetta, and artichokes for appetizers and they were all very oily and greasy. There was an insane amount of butter on the toasts. The pastas were good but you can get equally good pasta, or better, for a better price. Service was great though.",False,0,0,0,Elaina S.,en,"{'neg': 0.172, 'neu': 0.56, 'pos': 0.268, 'compound': 0.8539}",0.8539,0.268,0.172,0.56,positive
21,2025-01-11 03:59:24+00:00,5,"We love always love coming to Via Carota-it is always a treat. We Always have great service, wonderful food, drinks, and desserts. We had bread and oil, appetizers, salads, wine, rice balls, meatballs, a few pastas, steak, many desserts etc. We Always love coming by when we have a chance and enjoy this wonderful restaurant.
Enjoy!",False,0,0,0,JT R.,en,"{'neg': 0.0, 'neu': 0.548, 'pos': 0.452, 'compound': 0.9887}",0.9887,0.452,0.0,0.548,positive
20,2025-01-18 14:38:50+00:00,5,"Ate dinner here early. Arrived at 5pm without reservations and got right in. It filled up quickly after that.
Was great food and a fun vibe 
I got the special rib eye steak and Gregg ordered the pork chop also a special 
We had the beets as an appetizer and a bottle of red wine 
Everything was delicious and waiter was great",False,0,0,0,Rich M.,en,"{'neg': 0.0, 'neu': 0.685, 'pos': 0.315, 'compound': 0.9774}",0.9774,0.315,0.0,0.685,positive
19,2025-01-20 23:53:53+00:00,4,"Very nice, rustic decor makes the experience cozy. Had the chicken livers and arancini to start. Both excellent. Truffle noodles and Branzino baked in salt were outstanding. Great Italian wine selection. Excellent server. The only drawback was the hostess kept call us 'guys' like we're on a loading dock. ""Wait over here guys."" ""I'm gonna get you a table guys.""",False,0,0,0,Michael G.,en,"{'neg': 0.042, 'neu': 0.604, 'pos': 0.354, 'compound': 0.9785}",0.9785,0.354,0.042,0.604,positive
18,2025-02-01 19:04:07+00:00,5,This place specializes in negori drinks and it did not disappoint. The beet salad on crème fraîche with julienne strips of endive is simply divine!,False,0,0,0,Catt A.,en,"{'neg': 0.0, 'neu': 0.789, 'pos': 0.211, 'compound': 0.7311}",0.7311,0.211,0.0,0.789,positive
17,2025-02-03 20:27:25+00:00,5,"Excellent! I will go again!
Friday night 5pm- 30-40 min wait for a bar seat. No worries it's Friday night . Host was polite and very welcoming. Got a bar seat- bartender very polite- made an excellent whiskey sour. 
I ordered the arancini- yummy!
The Brussels sprouts shaved salad- excellent- I ate every bite, but in hindsight wished I would've saved room for the pasta. Since it was my first time here, I felt obligated to get the caico e pepe which did not disappoint!!!! 
All of it was excellent. I was too full to try dessert but I'll definitely go again. The parpadelle ragu looked amazing, as did some of the other vegetable dishes.",False,0,0,0,P B.,en,"{'neg': 0.042, 'neu': 0.677, 'pos': 0.281, 'compound': 0.9873}",0.9873,0.281,0.042,0.677,positive
16,2025-02-05 03:16:31+00:00,2,"Forget the overprice tag.  Money isn't the issue even though I'm bringing it up.  There was no taste to the truffle pasta!!  It was just oily.  The salad was, meh.  You are paying for the scene....unless I ordered the wrong things?",False,0,0,0,Me M.,en,"{'neg': 0.231, 'neu': 0.769, 'pos': 0.0, 'compound': -0.8684}",-0.8684,0.0,0.231,0.769,negative
15,2025-02-07 21:34:21+00:00,4,"Walked in on a Wednesday during lunch and was immediately seated to my surprise. Friends and I placed an order for a couple of their pastas and their infamous leafy salad. 

Highlights definitely include the salad, the Cacio Pepe is in fact that good and it's a must order, and I was also pleasantly impressed by the arancini which were fantastic. 

If I ever get a chance to come here again I'll definitely be indulging in their Cacio Pepe. Taylor swift was really onto something with this one!",True,1,0,0,Shirin B.,en,"{'neg': 0.0, 'neu': 0.722, 'pos': 0.278, 'compound': 0.9761}",0.9761,0.278,0.0,0.722,positive
14,2025-02-08 03:22:30+00:00,2,"rose: i actually rlly enjoyed the lemon risotto which they made vegan for us

thorn: why did everyone recommend that salad and so we got it and it was a bowl of lettuce and nothing else??? straight up bad. overpriced af too. also 3 diff tables got sat next to us and refused to sit bc we were in the back room so we basically had a private room. is that a rose? maybe but im putting it in thorn. oh also stared at a dead pig head on the wall the whole meal.

bud: you will not see me back at this restaurant.",False,0,0,0,Dev C.,en,"{'neg': 0.176, 'neu': 0.79, 'pos': 0.034, 'compound': -0.9606}",-0.9606,0.034,0.176,0.79,negative
13,2025-02-08 20:39:04+00:00,5,"Solid Italian spot with good food, good service, and cozy vibes.

Stopped by on a cold Saturday at around 5:30 pm to put our names down on the waitlist. It's always a crapshoot on what time you'll get-- I think generally you'll be seated pretty shortly if you arrive around 4 pm, but who wants to eat then? Probably waiting until 4:45 - 5 pm would be what gets you the prime dinner time.

There was a line to put names down which was a little annoying since it was cold. Once we did, we were quoted a seating at the bar around 9 pm.

There's lots of other bars you can kill time at in the area, but my friend and I opted to head to her apartment to wait it out. Got the text that our table was ready around 8:10 pm and arrived back at the restaurant at 8:25 pm. The table wasn't actually ready, but after waiting another 10 minutes we were seated at the bar.

For food we ordered:
- Cacio e Pepe: This was so good! The pasta was the perfect texture and the creaminess+pepper really hit. I would order this pasta again
- Ragu Pappardelle: A solid pasta, great to get a different sauce. Personally I'm not the biggest pappardelle fan so I'd probably skip it again but as the only red sauce on the menu is a very solid and delicious option.
- Castelfranco: So good! Huge salad, a little bit bitter, and a whole lot of complexity. The salads are not to be slept on.
- Polpette: Solid, giant meatballs but honestly nothing that blew my mind. It's well executed and we wanted a carne, but honestly next time I'll probably just order another salad.

It was the perfect amount to share in my opinion and we left very full! We also each got a cocktail that was pretty solid (a select spritz for me, a negroni for my friend). I'd definitely come back if a friend wanted to check this place out.",True,0,0,0,Angela C.,en,"{'neg': 0.078, 'neu': 0.69, 'pos': 0.232, 'compound': 0.996}",0.996,0.232,0.078,0.69,positive
12,2025-02-09 17:20:16+00:00,5,Service ambience and food is great. I love it. Only problem is the wait list. No reservations.,False,0,0,0,Frank M.,en,"{'neg': 0.301, 'neu': 0.399, 'pos': 0.301, 'compound': 0.25}",0.25,0.301,0.301,0.399,positive
11,2025-02-15 15:02:12+00:00,5,"Had dinner for Valentines. Much of the night's splendid experience I will attribute to my date but the food did not disappoint.
Ambiance is superb, a sprinkle of industrial, a splash of rustic, so homey you can smell grandma cooking in the kitchen.
Staff are accomodating. The walk-in experience heightens one's yearning to dine here.

We had the leeks, tagliatelle, pappardelle, and rabbit, entire meal was eaten without hesitation, complaints, or a break. We didn't order much because we find ourselves having bigger eyes a lot of times, the nymber of dishes were perfect to satiate 2 adults with a combined weight of 350.

Couldn't ask for a better Valentine's day dinner experience. Get in line early, before 5pm to grab a dining time that suits your preference.

Happy eatings!",False,0,0,0,Richard L.,en,"{'neg': 0.021, 'neu': 0.756, 'pos': 0.223, 'compound': 0.9844}",0.9844,0.223,0.021,0.756,positive
10,2025-02-15 21:49:30+00:00,2,Cacio eh? Pepe. One of them was missing. Not sure which but the spirit of the place was replaced with a goop TikTok add. Get us out of here please,False,0,0,0,Augusto N.,en,"{'neg': 0.093, 'neu': 0.756, 'pos': 0.151, 'compound': 0.444}",0.444,0.151,0.093,0.756,positive
9,2025-02-21 16:58:53+00:00,5,"Ok this place is TOTALLY worth the hype. Lovely restaurant-- very bright ambiance-- with friendly service. I walked in around noon on a weekday and was able to snag a seat in the bar.

- Arancini: 100/10 (yummmm! Love how there's a spicy kick to it-- really cuts through the grease.)
- Cacio e peppe: 100/10 (I'm usually not a Cacio e peppe fan but ofc I had to get it here because there's so much hype around that dish. This is literally the BEST Cacio e peppe I've ever had!! Soo creamy and flavorful and the pepper gives a nice kick to the dish.)

I'll definitely be back to try out their salads and other pasta/risotto dishes next time!",True,0,0,0,Clara S.,en,"{'neg': 0.046, 'neu': 0.705, 'pos': 0.249, 'compound': 0.9844}",0.9844,0.249,0.046,0.705,positive
8,2025-02-24 23:05:22+00:00,5,"I met a friend at this West Village osteria for lunch. Chris is a foodie, like me. Truth be told, he edited cookbooks for Rizzoli. I knew right away that I liked the place - lovely, airy and very Florentine! We were lucky to get a table without reservations! The food and service was amazing! So delicious! We started with a salad with anchovies and shared the mushrooms and smoked cheese and had the rigatoni with beef. Yummy! He had Nebbiolo and I had a Gran Classico  spritz. We had espresso after so we can continue to work in the afternoon!",False,0,0,0,Sally X.,en,"{'neg': 0.0, 'neu': 0.68, 'pos': 0.32, 'compound': 0.9906}",0.9906,0.32,0.0,0.68,positive
7,2025-02-27 07:52:47+00:00,5,"My favorite Italian restaurant in NYC. Via Carota is the West Village osteria of celebrated chefs Rita Sodi and Jody Williams, serving food inspired by old world Italian culinary traditions. They won a James Beard Award in 2019, but have become even more popular (and a celebrity hotspot) in recent years.

If you are not a celebrity, a reservation is nearly impossible to obtain. Your best bet is to queue up at 4pm, to be added to a wait list. On a Wednesday, I was quoted a 3 hour wait for a party of 3. So, I posted up across the street at their bar, Pisellino, and sipped excellent Negronis until my table was ready. 

I dined here with a vegetarian and a vegan, and was pleasantly surprised at how accommodating they were. Via Carota does vegetables very well. We loved the juicy grilled Funghi with smoked Scamorza, decadent Lemon Risotto, rich Tonnarelli Cacio e Pepe, and perfectly cooked Broccoli Rabe. The tiramisu was good, but the wine poached pear dessert was unforgettable.

Perhaps my favorite part of the meal was our Amari tasting at the end, with dessert. Our server made excellent recommendations, and had a great sense of humor. 

We were seated at what was (by far) the worst table in the restaurant, in a dark corner under the coat racks. We watched the grown man seated next to us throw an actual tantrum about the table lol. I can see how that could ruin a romantic date night, but for my friends and I, it was nothing short of perfect. I can't wait to come back.",False,5,3,5,Janie D.,en,"{'neg': 0.121, 'neu': 0.597, 'pos': 0.282, 'compound': 0.9956}",0.9956,0.282,0.121,0.597,positive
6,2025-02-27 23:33:23+00:00,3,"Regardless of how much hype or exclusivity a restaurant might have, I always try to come with an open mind. Unfortunately I was a bit let down by this place, specifically by the food (and more specifically, by the pasta). With that said, the service was great and there were some delicious dishes I tried. I just think there are sooooo many amazing Italian restaurants in the city that I've had better food at. 

Experience / Ambiance: was able to snag an early dinner weekend reservation. There was a line of ~25 people waiting to put their names down when I got there at 4:30pm and the line just kept getting longer and longer. Based on my food experience, it is not worth waiting in line for. Ambiance is casual, feels intimate and very neighborhoodly. Restaurant isn't big, but larger than I thought. There was a party of 9, so could potentially be good for a large group. 

Food: sadly the pasta dishes were subpar. Noodles were VERY under seasoned. I had to ask for salt & a side of parmesan cheese. I ordered:

-Insalata Verde: to be honest, I'm not sure why this is so famous... it wasn't bad by any means, just very standard. Good to share, simple, fresh, and mild flavored. 

-Polipo (octopus): great to share. Really enjoyed this. Octopus was thick, but perfectly cooked. Very strong olive flavor (which I enjoyed), but if you're not a huge olive fan don't order. 

-Tonnarelli: I was very disappointed by this. But if you go you have to order because it's one of their most well known dishes. Good peppery flavor, but no salt.

-Tagliatelle: similar to the tonnarelli - needed A LOT of salt. 

-Via Carota Svizzerina: highly recommend! Best thing I tried. Thought it was steak - it is not lol. Basically a burger (sans bun) that is charred on both sides. Comes with roasted garlic. It was perfectly seasoned and a big surprise!

-Tiramisu: good size to share!",True,1,1,1,Annalise W.,en,"{'neg': 0.068, 'neu': 0.677, 'pos': 0.255, 'compound': 0.9978}",0.9978,0.255,0.068,0.677,positive
5,2025-03-06 02:31:47+00:00,5,"Tonight, I went to ""Via Carota"" located on 51 Grove Street in New York City, which is a
charming Italian trattoria that captures the essence of rustic Italian dining. The ambiance is warm and inviting with a cozy interior that reflects a blend of both elegance
and casual comfort. The menu features a variety of traditional Italian dishes, showcasing fresh, high-quality ingredients. Standout items often include their pasta, which is handmade daily,and the seasonal vegetable dishes that highlight local produce. The flavors are authentic and well-balanced, making each dish a delightful experience. The wine list offers a carefully curated selection of Italian wines, enhancing the meal perfectly. The staff is knowledgeable and attentive, providing excellent service that
complements the dining experience without being intrusive.While the restaurant can get busy, especially during peak hours, the vibrant atmosphere adds to the overall experience. Reservations are recommended to secure a spot. Also, Tuesdays are a great day to get a reservation.I had Pollo Alla Griglia grilled free-range chicken in salmoriglio. Out of this world.Risotto Meyer Lemon & parmigiano risotto. Fresh spinach ravioli with homemade pesto. Washed it all down with a
coffee.Overall, ""Via Carota"" is a fantastic choice for anyone looking to indulge in delicious Italian cuisine in a beautiful setting, making it a must-visit for locals and tourists alike. #onlyinnyc #viacarota #italianfood",True,0,0,0,Eric H.,en,"{'neg': 0.0, 'neu': 0.694, 'pos': 0.306, 'compound': 0.9977}",0.9977,0.306,0.0,0.694,positive
4,2025-03-08 17:54:12+00:00,3,"It befuddles me that this place remains hard to get in to, as there are so many better Italian restaurants in the city. Our Pappardelle was mushy, the mushroom dish with cheese was greasy and the two ingredients did nothing to complement each other, and the chopped steak was boring and all around not worth eating.  The one saving grace was the Cacio Pepe. They also do one of the best Negronis around.",True,0,0,0,Evelyn H.,en,"{'neg': 0.156, 'neu': 0.731, 'pos': 0.113, 'compound': -0.5977}",-0.5977,0.113,0.156,0.731,negative
3,2025-03-10 20:44:05+00:00,4,"Food: 4.4/5
Service: 4.5/5
Ambiance: 4.4/5
Value: 3.5/5

I had a pleasant lunch on Monday at about 1pm. I was a solo walk in diner and sat at the bar. There were a few spots there. I was impressed with their selection of different amaro liqueurs. I read that you can use amaro in a negroni instead of Campari or vermouth. The Paper Plane cocktail calls for Amaro Nonino Quintessentia, which they had, so I ordered one ($20). It was refreshing and delicious, though small. I finished it in a few sips.

For food I ate the tonnarelli pasta in cacio e pepe form ($27), along with the wild boar ragu pappardelle ($28). Both were delicious, but the portions were small for the price. The pasta is springy and firm. It's very hot. You need to wait a bit before you eat it. 

Sitting at the bar i didn't have a specific server, just whoever happened to be in my area at the time. All of them were prompt and polite. I like the material that the bar is made of. The bar stool is a bit higher than I'd like, and has no back, but is well made and sturdy. The plates are from Hutschenreuther and are nice.",True,0,0,0,James S.,en,"{'neg': 0.067, 'neu': 0.764, 'pos': 0.169, 'compound': 0.9738}",0.9738,0.169,0.067,0.764,positive
2,2025-03-11 22:04:52+00:00,3,"I'm not sure what the hype is about after many tries we got a walk-in reservation to sit at the bar given it's so hard to find anything on resy. The food is OK but not mind blowing, ambience is OK but not mind blowing, Driks are OK but not mind blowing. I'm not sure why getting a reservation at this place is so so hard. I am most likely not returning here, for my Italian cravings I prefer rezdora.",False,0,0,0,Nyc T.,en,"{'neg': 0.283, 'neu': 0.717, 'pos': 0.0, 'compound': -0.9821}",-0.9821,0.0,0.283,0.717,negative
1,2025-03-15 18:49:21+00:00,5,One of the best restaurants in the entire city by far. We always try to go at an off hour to skip the line. But the food and drinks hit perfectly every single time we go.,False,0,0,0,Drew R.,en,"{'neg': 0.0, 'neu': 0.802, 'pos': 0.198, 'compound': 0.8555}",0.8555,0.198,0.0,0.802,positive
0,2025-03-21 14:09:18+00:00,5,"I don't usually leave reviews. But I recently had what was probably my 6th or 7th meal at Via Carota. I had not been back since before the pandemic. It had been my favorite restaurant before that, not for the innovation of any individual dish, but for the perfection of a certain way of dining. A way that I have always associated with my travels to Italy: healthy delicious food based on excellent ingredients and lots of seasonal vegetables. All served up with great informality but perfect expertise and a sense of graciousness. It was a dear old friends 57th birthday. We needed to meet in the village. Let's try to get in. Is it still as good as I recalled? The latest Yelp reviews seemed maybe mixed... We arrived at 5:50, it was packed on a Wednesday afternoon (a very good sign the magic is still being made). A warm welcome from the host, a perfect white Negroni quickly in hand, we were then seated. Charred leeks stuffed w goat cheese and roasted funghi on a thin slab of smoked scamorza to commence, we split a lemon risotto (my date is gluten intolerant), and followed with chunks of sweet bacalao with garbanzos and I think some cherry tomato and black olives. All washed down with a Ligurian white wine. The meal was unrushed, expertly served, and delicious. Via Carota is very much alive and doing as well as ever.",False,0,0,0,John W.,en,"{'neg': 0.009, 'neu': 0.665, 'pos': 0.326, 'compound': 0.9986}",0.9986,0.326,0.009,0.665,positive
